<?xml version="1.0" encoding="UTF-8" standalone="yes" ?>
<fileEntries xmlns="http://schemas.mathworks.com/package/2013/filesystemManifest" createdByEncoding="UTF-8" createdByPlatform="glnxa64" version="2.0">
  <fileEntry content="/fsroot/5g.json" date="2025-05-13T02:40:01Z" name="/5g.json" permissions="0664" type="File"/>
  <fileEntry content="/fsroot/5g_ja_JP.json" date="2025-05-13T07:46:26Z" name="/5g_ja_JP.json" permissions="0664" type="File"/>
  <fileEntry content="/fsroot/5g_ko_KR.json" date="2025-05-13T07:45:07Z" name="/5g_ko_KR.json" permissions="0664" type="File"/>
  <fileEntry content="/fsroot/5g_zh_CN.json" date="2025-05-13T07:33:54Z" name="/5g_zh_CN.json" permissions="0664" type="File"/>
  <fileEntry content="/fsroot/aeroblks.json" date="2025-05-13T07:26:33Z" name="/aeroblks.json" permissions="0664" type="File"/>
  <fileEntry content="/fsroot/aeroblks_ja_JP.json" date="2025-05-13T07:51:16Z" name="/aeroblks_ja_JP.json" permissions="0664" type="File"/>
  <fileEntry content="/fsroot/aerotbx.json" date="2025-05-13T03:57:12Z" name="/aerotbx.json" permissions="0664" type="File"/>
  <fileEntry content="/fsroot/aerotbx_ja_JP.json" date="2025-05-13T07:49:12Z" name="/aerotbx_ja_JP.json" permissions="0664" type="File"/>
  <fileEntry content="/fsroot/antenna.json" date="2025-05-13T02:53:15Z" name="/antenna.json" permissions="0664" type="File"/>
  <fileEntry content="/fsroot/audio.json" date="2025-05-13T03:56:17Z" name="/audio.json" permissions="0664" type="File"/>
  <fileEntry content="/fsroot/audio_ko_KR.json" date="2025-05-13T08:53:32Z" name="/audio_ko_KR.json" permissions="0664" type="File"/>
  <fileEntry content="/fsroot/autoblks.json" date="2025-05-13T04:49:00Z" name="/autoblks.json" permissions="0664" type="File"/>
  <fileEntry content="/fsroot/autosar.json" date="2025-05-13T03:59:20Z" name="/autosar.json" permissions="0664" type="File"/>
  <fileEntry content="/fsroot/autosar_ja_JP.json" date="2025-05-13T07:16:48Z" name="/autosar_ja_JP.json" permissions="0664" type="File"/>
  <fileEntry content="/fsroot/autosar_zh_CN.json" date="2025-05-13T07:12:07Z" name="/autosar_zh_CN.json" permissions="0664" type="File"/>
  <fileEntry content="/fsroot/bioinfo.json" date="2025-05-13T02:35:19Z" name="/bioinfo.json" permissions="0664" type="File"/>
  <fileEntry content="/fsroot/bluetooth.json" date="2025-05-13T02:38:53Z" name="/bluetooth.json" permissions="0664" type="File"/>
  <fileEntry content="/fsroot/bugfinder.json" date="2025-05-13T04:34:55Z" name="/bugfinder.json" permissions="0664" type="File"/>
  <fileEntry content="/fsroot/bugfinder_ja_JP.json" date="2025-05-13T07:41:01Z" name="/bugfinder_ja_JP.json" permissions="0664" type="File"/>
  <fileEntry content="/fsroot/bugfinder_ko_KR.json" date="2025-05-13T06:24:45Z" name="/bugfinder_ko_KR.json" permissions="0664" type="File"/>
  <fileEntry content="/fsroot/bugfinder_zh_CN.json" date="2025-05-13T07:17:42Z" name="/bugfinder_zh_CN.json" permissions="0664" type="File"/>
  <fileEntry content="/fsroot/certkitiec.json" date="2025-05-13T02:40:36Z" name="/certkitiec.json" permissions="0664" type="File"/>
  <fileEntry content="/fsroot/cloudcenter.json" date="2025-05-13T02:27:47Z" name="/cloudcenter.json" permissions="0664" type="File"/>
  <fileEntry content="/fsroot/codeprover.json" date="2025-05-13T04:41:07Z" name="/codeprover.json" permissions="0664" type="File"/>
  <fileEntry content="/fsroot/codeprover_ja_JP.json" date="2025-05-13T07:21:22Z" name="/codeprover_ja_JP.json" permissions="0664" type="File"/>
  <fileEntry content="/fsroot/codeprover_zh_CN.json" date="2025-05-13T07:15:00Z" name="/codeprover_zh_CN.json" permissions="0664" type="File"/>
  <fileEntry content="/fsroot/coder.json" date="2025-05-13T03:54:32Z" name="/coder.json" permissions="0664" type="File"/>
  <fileEntry content="/fsroot/coder_de.json" date="2025-05-13T07:31:17Z" name="/coder_de.json" permissions="0664" type="File"/>
  <fileEntry content="/fsroot/coder_es.json" date="2025-05-13T08:19:58Z" name="/coder_es.json" permissions="0664" type="File"/>
  <fileEntry content="/fsroot/coder_it.json" date="2025-05-13T07:43:31Z" name="/coder_it.json" permissions="0664" type="File"/>
  <fileEntry content="/fsroot/coder_ja_JP.json" date="2025-05-13T09:04:54Z" name="/coder_ja_JP.json" permissions="0664" type="File"/>
  <fileEntry content="/fsroot/coder_ko_KR.json" date="2025-05-13T08:53:00Z" name="/coder_ko_KR.json" permissions="0664" type="File"/>
  <fileEntry content="/fsroot/coder_zh_CN.json" date="2025-05-13T08:52:43Z" name="/coder_zh_CN.json" permissions="0664" type="File"/>
  <fileEntry content="/fsroot/comm.json" date="2025-05-13T04:31:47Z" name="/comm.json" permissions="0664" type="File"/>
  <fileEntry content="/fsroot/comm_de.json" date="2025-05-13T07:31:17Z" name="/comm_de.json" permissions="0664" type="File"/>
  <fileEntry content="/fsroot/comm_fr.json" date="2025-05-13T07:43:29Z" name="/comm_fr.json" permissions="0664" type="File"/>
  <fileEntry content="/fsroot/comm_it.json" date="2025-05-13T07:43:41Z" name="/comm_it.json" permissions="0664" type="File"/>
  <fileEntry content="/fsroot/comm_ja_JP.json" date="2025-05-13T09:15:58Z" name="/comm_ja_JP.json" permissions="0664" type="File"/>
  <fileEntry content="/fsroot/comm_ko_KR.json" date="2025-05-13T08:57:12Z" name="/comm_ko_KR.json" permissions="0664" type="File"/>
  <fileEntry content="/fsroot/compiler.json" date="2025-05-13T03:29:59Z" name="/compiler.json" permissions="0664" type="File"/>
  <fileEntry content="/fsroot/compiler_ja_JP.json" date="2025-05-13T06:25:11Z" name="/compiler_ja_JP.json" permissions="0664" type="File"/>
  <fileEntry content="/fsroot/compiler_ko_KR.json" date="2025-05-13T06:24:01Z" name="/compiler_ko_KR.json" permissions="0664" type="File"/>
  <fileEntry content="/fsroot/compiler_sdk.json" date="2025-05-13T03:55:39Z" name="/compiler_sdk.json" permissions="0664" type="File"/>
  <fileEntry content="/fsroot/compiler_sdk_ja_JP.json" date="2025-05-13T09:02:51Z" name="/compiler_sdk_ja_JP.json" permissions="0664" type="File"/>
  <fileEntry content="/fsroot/compiler_sdk_ko_KR.json" date="2025-05-13T09:04:47Z" name="/compiler_sdk_ko_KR.json" permissions="0664" type="File"/>
  <fileEntry content="/fsroot/compiler_sdk_zh_CN.json" date="2025-05-13T08:40:46Z" name="/compiler_sdk_zh_CN.json" permissions="0664" type="File"/>
  <fileEntry content="/fsroot/compiler_zh_CN.json" date="2025-05-13T06:24:30Z" name="/compiler_zh_CN.json" permissions="0664" type="File"/>
  <fileEntry content="/fsroot/control.json" date="2025-05-13T04:19:44Z" name="/control.json" permissions="0664" type="File"/>
  <fileEntry content="/fsroot/control_de.json" date="2025-05-13T07:55:59Z" name="/control_de.json" permissions="0664" type="File"/>
  <fileEntry content="/fsroot/control_es.json" date="2025-05-13T08:38:09Z" name="/control_es.json" permissions="0664" type="File"/>
  <fileEntry content="/fsroot/control_fr.json" date="2025-05-13T07:48:08Z" name="/control_fr.json" permissions="0664" type="File"/>
  <fileEntry content="/fsroot/control_it.json" date="2025-05-13T07:45:32Z" name="/control_it.json" permissions="0664" type="File"/>
  <fileEntry content="/fsroot/control_ja_JP.json" date="2025-05-13T09:03:59Z" name="/control_ja_JP.json" permissions="0664" type="File"/>
  <fileEntry content="/fsroot/control_ko_KR.json" date="2025-05-13T08:48:35Z" name="/control_ko_KR.json" permissions="0664" type="File"/>
  <fileEntry content="/fsroot/control_zh_CN.json" date="2025-05-13T08:27:26Z" name="/control_zh_CN.json" permissions="0664" type="File"/>
  <fileEntry content="/fsroot/curvefit.json" date="2025-05-13T03:22:09Z" name="/curvefit.json" permissions="0664" type="File"/>
  <fileEntry content="/fsroot/curvefit_es.json" date="2025-05-13T06:59:40Z" name="/curvefit_es.json" permissions="0664" type="File"/>
  <fileEntry content="/fsroot/curvefit_ja_JP.json" date="2025-05-13T07:00:32Z" name="/curvefit_ja_JP.json" permissions="0664" type="File"/>
  <fileEntry content="/fsroot/curvefit_ko_KR.json" date="2025-05-13T06:57:23Z" name="/curvefit_ko_KR.json" permissions="0664" type="File"/>
  <fileEntry content="/fsroot/curvefit_zh_CN.json" date="2025-05-13T06:58:47Z" name="/curvefit_zh_CN.json" permissions="0664" type="File"/>
  <fileEntry content="/fsroot/daq.json" date="2025-05-13T03:02:35Z" name="/daq.json" permissions="0664" type="File"/>
  <fileEntry content="/fsroot/database.json" date="2025-05-13T02:33:54Z" name="/database.json" permissions="0664" type="File"/>
  <fileEntry content="/fsroot/datafeed.json" date="2025-05-13T02:34:37Z" name="/datafeed.json" permissions="0664" type="File"/>
  <fileEntry content="/fsroot/datafeed_zh_CN.json" date="2025-05-13T06:21:09Z" name="/datafeed_zh_CN.json" permissions="0664" type="File"/>
  <fileEntry content="/fsroot/dds.json" date="2025-05-13T02:53:02Z" name="/dds.json" permissions="0664" type="File"/>
  <fileEntry content="/fsroot/deep-learning-hdl.json" date="2025-05-13T03:13:38Z" name="/deep-learning-hdl.json" permissions="0664" type="File"/>
  <fileEntry content="/fsroot/deeplearning.json" date="2025-05-13T04:45:13Z" name="/deeplearning.json" permissions="0664" type="File"/>
  <fileEntry content="/fsroot/deeplearning_de.json" date="2025-05-13T07:56:18Z" name="/deeplearning_de.json" permissions="0664" type="File"/>
  <fileEntry content="/fsroot/deeplearning_es.json" date="2025-05-13T08:43:22Z" name="/deeplearning_es.json" permissions="0664" type="File"/>
  <fileEntry content="/fsroot/deeplearning_fr.json" date="2025-05-13T07:46:07Z" name="/deeplearning_fr.json" permissions="0664" type="File"/>
  <fileEntry content="/fsroot/deeplearning_it.json" date="2025-05-13T07:43:27Z" name="/deeplearning_it.json" permissions="0664" type="File"/>
  <fileEntry content="/fsroot/deeplearning_ja_JP.json" date="2025-05-13T09:03:31Z" name="/deeplearning_ja_JP.json" permissions="0664" type="File"/>
  <fileEntry content="/fsroot/deeplearning_ko_KR.json" date="2025-05-13T09:04:47Z" name="/deeplearning_ko_KR.json" permissions="0664" type="File"/>
  <fileEntry content="/fsroot/deeplearning_zh_CN.json" date="2025-05-13T08:40:00Z" name="/deeplearning_zh_CN.json" permissions="0664" type="File"/>
  <fileEntry content="/fsroot/driving.json" date="2025-05-13T04:19:25Z" name="/driving.json" permissions="0664" type="File"/>
  <fileEntry content="/fsroot/driving_ja_JP.json" date="2025-05-13T07:46:25Z" name="/driving_ja_JP.json" permissions="0664" type="File"/>
  <fileEntry content="/fsroot/driving_ko_KR.json" date="2025-05-13T07:46:09Z" name="/driving_ko_KR.json" permissions="0664" type="File"/>
  <fileEntry content="/fsroot/dsp.json" date="2025-05-13T07:20:09Z" name="/dsp.json" permissions="0664" type="File"/>
  <fileEntry content="/fsroot/dsp_de.json" date="2025-05-13T07:35:09Z" name="/dsp_de.json" permissions="0664" type="File"/>
  <fileEntry content="/fsroot/dsp_fr.json" date="2025-05-13T07:39:09Z" name="/dsp_fr.json" permissions="0664" type="File"/>
  <fileEntry content="/fsroot/dsp_it.json" date="2025-05-13T07:41:28Z" name="/dsp_it.json" permissions="0664" type="File"/>
  <fileEntry content="/fsroot/dsp_ja_JP.json" date="2025-05-13T07:54:49Z" name="/dsp_ja_JP.json" permissions="0664" type="File"/>
  <fileEntry content="/fsroot/dsp_ko_KR.json" date="2025-05-13T07:45:02Z" name="/dsp_ko_KR.json" permissions="0664" type="File"/>
  <fileEntry content="/fsroot/dsp_zh_CN.json" date="2025-05-13T07:25:57Z" name="/dsp_zh_CN.json" permissions="0664" type="File"/>
  <fileEntry content="/fsroot/dsphdl.json" date="2025-05-13T02:43:08Z" name="/dsphdl.json" permissions="0664" type="File"/>
  <fileEntry content="/fsroot/ecoder.json" date="2025-05-13T05:18:16Z" name="/ecoder.json" permissions="0664" type="File"/>
  <fileEntry content="/fsroot/ecoder_ja_JP.json" date="2025-05-13T08:06:34Z" name="/ecoder_ja_JP.json" permissions="0664" type="File"/>
  <fileEntry content="/fsroot/ecoder_zh_CN.json" date="2025-05-13T08:01:08Z" name="/ecoder_zh_CN.json" permissions="0664" type="File"/>
  <fileEntry content="/fsroot/econ.json" date="2025-05-13T03:25:09Z" name="/econ.json" permissions="0664" type="File"/>
  <fileEntry content="/fsroot/exlink.json" date="2025-05-13T02:33:49Z" name="/exlink.json" permissions="0664" type="File"/>
  <fileEntry content="/fsroot/fault-analyzer.json" date="2025-05-13T04:02:38Z" name="/fault-analyzer.json" permissions="0664" type="File"/>
  <fileEntry content="/fsroot/fault-analyzer_ko_KR.json" date="2025-05-13T06:22:09Z" name="/fault-analyzer_ko_KR.json" permissions="0664" type="File"/>
  <fileEntry content="/fsroot/finance.json" date="2025-05-13T02:56:32Z" name="/finance.json" permissions="0664" type="File"/>
  <fileEntry content="/fsroot/finance_zh_CN.json" date="2025-05-13T08:28:07Z" name="/finance_zh_CN.json" permissions="0664" type="File"/>
  <fileEntry content="/fsroot/fininst.json" date="2025-05-13T03:02:01Z" name="/fininst.json" permissions="0664" type="File"/>
  <fileEntry content="/fsroot/fixedpoint.json" date="2025-05-13T06:50:17Z" name="/fixedpoint.json" permissions="0664" type="File"/>
  <fileEntry content="/fsroot/fixedpoint_de.json" date="2025-05-13T07:32:26Z" name="/fixedpoint_de.json" permissions="0664" type="File"/>
  <fileEntry content="/fsroot/fixedpoint_es.json" date="2025-05-13T08:39:41Z" name="/fixedpoint_es.json" permissions="0664" type="File"/>
  <fileEntry content="/fsroot/fixedpoint_fr.json" date="2025-05-13T07:45:35Z" name="/fixedpoint_fr.json" permissions="0664" type="File"/>
  <fileEntry content="/fsroot/fixedpoint_it.json" date="2025-05-13T07:38:39Z" name="/fixedpoint_it.json" permissions="0664" type="File"/>
  <fileEntry content="/fsroot/fixedpoint_ja_JP.json" date="2025-05-13T09:10:03Z" name="/fixedpoint_ja_JP.json" permissions="0664" type="File"/>
  <fileEntry content="/fsroot/fixedpoint_ko_KR.json" date="2025-05-13T09:00:47Z" name="/fixedpoint_ko_KR.json" permissions="0664" type="File"/>
  <fileEntry content="/fsroot/fixedpoint_zh_CN.json" date="2025-05-13T08:58:45Z" name="/fixedpoint_zh_CN.json" permissions="0664" type="File"/>
  <fileEntry content="/fsroot/fusion.json" date="2025-05-13T03:28:51Z" name="/fusion.json" permissions="0664" type="File"/>
  <fileEntry content="/fsroot/fusion_ja_JP.json" date="2025-05-13T09:00:44Z" name="/fusion_ja_JP.json" permissions="0664" type="File"/>
  <fileEntry content="/fsroot/fusion_ko_KR.json" date="2025-05-13T08:47:42Z" name="/fusion_ko_KR.json" permissions="0664" type="File"/>
  <fileEntry content="/fsroot/fuzzy.json" date="2025-05-13T02:50:39Z" name="/fuzzy.json" permissions="0664" type="File"/>
  <fileEntry content="/fsroot/gads.json" date="2025-05-13T04:30:49Z" name="/gads.json" permissions="0664" type="File"/>
  <fileEntry content="/fsroot/gads_de.json" date="2025-05-13T06:14:06Z" name="/gads_de.json" permissions="0664" type="File"/>
  <fileEntry content="/fsroot/gads_es.json" date="2025-05-13T06:17:01Z" name="/gads_es.json" permissions="0664" type="File"/>
  <fileEntry content="/fsroot/gads_fr.json" date="2025-05-13T06:15:14Z" name="/gads_fr.json" permissions="0664" type="File"/>
  <fileEntry content="/fsroot/gads_it.json" date="2025-05-13T06:15:29Z" name="/gads_it.json" permissions="0664" type="File"/>
  <fileEntry content="/fsroot/gads_ja_JP.json" date="2025-05-13T06:25:44Z" name="/gads_ja_JP.json" permissions="0664" type="File"/>
  <fileEntry content="/fsroot/gads_ko_KR.json" date="2025-05-13T06:22:18Z" name="/gads_ko_KR.json" permissions="0664" type="File"/>
  <fileEntry content="/fsroot/gads_zh_CN.json" date="2025-05-13T06:25:15Z" name="/gads_zh_CN.json" permissions="0664" type="File"/>
  <fileEntry content="/fsroot/gpucoder.json" date="2025-05-13T03:26:36Z" name="/gpucoder.json" permissions="0664" type="File"/>
  <fileEntry content="/fsroot/gpucoder_ja_JP.json" date="2025-05-13T08:52:14Z" name="/gpucoder_ja_JP.json" permissions="0664" type="File"/>
  <fileEntry content="/fsroot/gpucoder_ko_KR.json" date="2025-05-13T08:51:43Z" name="/gpucoder_ko_KR.json" permissions="0664" type="File"/>
  <fileEntry content="/fsroot/hdlcoder.json" date="2025-05-13T04:40:17Z" name="/hdlcoder.json" permissions="0664" type="File"/>
  <fileEntry content="/fsroot/hdlcoder_ja_JP.json" date="2025-05-13T08:00:13Z" name="/hdlcoder_ja_JP.json" permissions="0664" type="File"/>
  <fileEntry content="/fsroot/hdlverifier.json" date="2025-05-13T04:27:05Z" name="/hdlverifier.json" permissions="0664" type="File"/>
  <fileEntry content="/fsroot/hdlverifier_ja_JP.json" date="2025-05-13T07:51:29Z" name="/hdlverifier_ja_JP.json" permissions="0664" type="File"/>
  <fileEntry content="/fsroot/hydro.json" date="2025-05-13T04:26:46Z" name="/hydro.json" permissions="0664" type="File"/>
  <fileEntry content="/fsroot/icomm.json" date="2025-05-13T02:46:10Z" name="/icomm.json" permissions="0664" type="File"/>
  <fileEntry content="/fsroot/ident.json" date="2025-05-13T03:42:05Z" name="/ident.json" permissions="0664" type="File"/>
  <fileEntry content="/fsroot/ident_de.json" date="2025-05-13T07:52:03Z" name="/ident_de.json" permissions="0664" type="File"/>
  <fileEntry content="/fsroot/ident_es.json" date="2025-05-13T08:51:01Z" name="/ident_es.json" permissions="0664" type="File"/>
  <fileEntry content="/fsroot/ident_fr.json" date="2025-05-13T07:37:34Z" name="/ident_fr.json" permissions="0664" type="File"/>
  <fileEntry content="/fsroot/ident_it.json" date="2025-05-13T07:40:39Z" name="/ident_it.json" permissions="0664" type="File"/>
  <fileEntry content="/fsroot/ident_ja_JP.json" date="2025-05-13T08:44:09Z" name="/ident_ja_JP.json" permissions="0664" type="File"/>
  <fileEntry content="/fsroot/ident_ko_KR.json" date="2025-05-13T09:01:57Z" name="/ident_ko_KR.json" permissions="0664" type="File"/>
  <fileEntry content="/fsroot/ident_zh_CN.json" date="2025-05-13T08:34:03Z" name="/ident_zh_CN.json" permissions="0664" type="File"/>
  <fileEntry content="/fsroot/images.json" date="2025-05-13T03:09:25Z" name="/images.json" permissions="0664" type="File"/>
  <fileEntry content="/fsroot/images_es.json" date="2025-05-13T08:36:42Z" name="/images_es.json" permissions="0664" type="File"/>
  <fileEntry content="/fsroot/images_ja_JP.json" date="2025-05-13T09:05:51Z" name="/images_ja_JP.json" permissions="0664" type="File"/>
  <fileEntry content="/fsroot/images_ko_KR.json" date="2025-05-13T08:55:15Z" name="/images_ko_KR.json" permissions="0664" type="File"/>
  <fileEntry content="/fsroot/images_zh_CN.json" date="2025-05-13T08:27:44Z" name="/images_zh_CN.json" permissions="0664" type="File"/>
  <fileEntry content="/fsroot/imaq.json" date="2025-05-13T02:55:29Z" name="/imaq.json" permissions="0664" type="File"/>
  <fileEntry content="/fsroot/imaq_ko_KR.json" date="2025-05-13T06:54:36Z" name="/imaq_ko_KR.json" permissions="0664" type="File"/>
  <fileEntry content="/fsroot/install.json" date="2025-05-13T02:31:03Z" name="/install.json" permissions="0664" type="File"/>
  <fileEntry content="/fsroot/install_de.json" date="2025-05-13T06:14:46Z" name="/install_de.json" permissions="0664" type="File"/>
  <fileEntry content="/fsroot/install_es.json" date="2025-05-13T06:15:52Z" name="/install_es.json" permissions="0664" type="File"/>
  <fileEntry content="/fsroot/install_fr.json" date="2025-05-13T06:14:08Z" name="/install_fr.json" permissions="0664" type="File"/>
  <fileEntry content="/fsroot/install_it.json" date="2025-05-13T06:14:38Z" name="/install_it.json" permissions="0664" type="File"/>
  <fileEntry content="/fsroot/install_ja_JP.json" date="2025-05-13T06:22:33Z" name="/install_ja_JP.json" permissions="0664" type="File"/>
  <fileEntry content="/fsroot/install_ko_KR.json" date="2025-05-13T06:21:01Z" name="/install_ko_KR.json" permissions="0664" type="File"/>
  <fileEntry content="/fsroot/install_zh_CN.json" date="2025-05-13T06:22:04Z" name="/install_zh_CN.json" permissions="0664" type="File"/>
  <fileEntry content="/fsroot/instrument.json" date="2025-05-13T04:34:38Z" name="/instrument.json" permissions="0664" type="File"/>
  <fileEntry content="/fsroot/instrument_de.json" date="2025-05-13T07:54:28Z" name="/instrument_de.json" permissions="0664" type="File"/>
  <fileEntry content="/fsroot/instrument_es.json" date="2025-05-13T06:16:01Z" name="/instrument_es.json" permissions="0664" type="File"/>
  <fileEntry content="/fsroot/instrument_fr.json" date="2025-05-13T07:34:11Z" name="/instrument_fr.json" permissions="0664" type="File"/>
  <fileEntry content="/fsroot/instrument_it.json" date="2025-05-13T07:41:37Z" name="/instrument_it.json" permissions="0664" type="File"/>
  <fileEntry content="/fsroot/instrument_ja_JP.json" date="2025-05-13T07:35:21Z" name="/instrument_ja_JP.json" permissions="0664" type="File"/>
  <fileEntry content="/fsroot/instrument_ko_KR.json" date="2025-05-13T07:32:44Z" name="/instrument_ko_KR.json" permissions="0664" type="File"/>
  <fileEntry content="/fsroot/instrument_zh_CN.json" date="2025-05-13T07:24:27Z" name="/instrument_zh_CN.json" permissions="0664" type="File"/>
  <fileEntry content="/fsroot/lidar.json" date="2025-05-13T02:43:14Z" name="/lidar.json" permissions="0664" type="File"/>
  <fileEntry content="/fsroot/lidar_ja_JP.json" date="2025-05-13T06:59:15Z" name="/lidar_ja_JP.json" permissions="0664" type="File"/>
  <fileEntry content="/fsroot/lidar_ko_KR.json" date="2025-05-13T06:59:38Z" name="/lidar_ko_KR.json" permissions="0664" type="File"/>
  <fileEntry content="/fsroot/lte.json" date="2025-05-13T02:36:42Z" name="/lte.json" permissions="0664" type="File"/>
  <fileEntry content="/fsroot/map.json" date="2025-05-13T02:51:02Z" name="/map.json" permissions="0664" type="File"/>
  <fileEntry content="/fsroot/matlab-and-simulink-online-courses.json" date="2025-05-13T02:13:38Z" name="/matlab-and-simulink-online-courses.json" permissions="0664" type="File"/>
  <fileEntry content="/fsroot/matlab-and-simulink-online-courses_ja_JP.json" date="2025-05-13T02:15:51Z" name="/matlab-and-simulink-online-courses_ja_JP.json" permissions="0664" type="File"/>
  <fileEntry content="/fsroot/matlab-and-simulink-online-courses_ko_KR.json" date="2025-05-13T02:15:45Z" name="/matlab-and-simulink-online-courses_ko_KR.json" permissions="0664" type="File"/>
  <fileEntry content="/fsroot/matlab-and-simulink-online-courses_zh_CN.json" date="2025-05-13T02:15:44Z" name="/matlab-and-simulink-online-courses_zh_CN.json" permissions="0664" type="File"/>
  <fileEntry content="/fsroot/matlab-copilot.json" date="2025-05-13T02:31:32Z" name="/matlab-copilot.json" permissions="0664" type="File"/>
  <fileEntry content="/fsroot/matlab-online-server.json" date="2025-05-13T02:26:25Z" name="/matlab-online-server.json" permissions="0664" type="File"/>
  <fileEntry content="/fsroot/matlab-parallel-server.json" date="2025-05-13T02:46:12Z" name="/matlab-parallel-server.json" permissions="0664" type="File"/>
  <fileEntry content="/fsroot/matlab-parallel-server_ja_JP.json" date="2025-05-13T08:27:52Z" name="/matlab-parallel-server_ja_JP.json" permissions="0664" type="File"/>
  <fileEntry content="/fsroot/matlab-parallel-server_ko_KR.json" date="2025-05-13T08:18:22Z" name="/matlab-parallel-server_ko_KR.json" permissions="0664" type="File"/>
  <fileEntry content="/fsroot/matlab-parallel-server_zh_CN.json" date="2025-05-13T09:01:43Z" name="/matlab-parallel-server_zh_CN.json" permissions="0664" type="File"/>
  <fileEntry content="/fsroot/matlab-test.json" date="2025-05-13T03:26:12Z" name="/matlab-test.json" permissions="0664" type="File"/>
  <fileEntry content="/fsroot/matlab.json" date="2025-05-13T06:08:18Z" name="/matlab.json" permissions="0664" type="File"/>
  <fileEntry content="/fsroot/matlab_de.json" date="2025-05-13T07:56:07Z" name="/matlab_de.json" permissions="0664" type="File"/>
  <fileEntry content="/fsroot/matlab_es.json" date="2025-05-13T09:16:12Z" name="/matlab_es.json" permissions="0664" type="File"/>
  <fileEntry content="/fsroot/matlab_fr.json" date="2025-05-13T07:58:33Z" name="/matlab_fr.json" permissions="0664" type="File"/>
  <fileEntry content="/fsroot/matlab_it.json" date="2025-05-13T08:00:44Z" name="/matlab_it.json" permissions="0664" type="File"/>
  <fileEntry content="/fsroot/matlab_ja_JP.json" date="2025-05-13T10:37:08Z" name="/matlab_ja_JP.json" permissions="0664" type="File"/>
  <fileEntry content="/fsroot/matlab_ko_KR.json" date="2025-05-13T10:10:10Z" name="/matlab_ko_KR.json" permissions="0664" type="File"/>
  <fileEntry content="/fsroot/matlab_zh_CN.json" date="2025-05-13T10:20:52Z" name="/matlab_zh_CN.json" permissions="0664" type="File"/>
  <fileEntry content="/fsroot/matlabgrader.json" date="2025-05-13T02:26:35Z" name="/matlabgrader.json" permissions="0664" type="File"/>
  <fileEntry content="/fsroot/matlabgrader_de.json" date="2025-05-13T06:14:31Z" name="/matlabgrader_de.json" permissions="0664" type="File"/>
  <fileEntry content="/fsroot/matlabgrader_es.json" date="2025-05-13T06:15:43Z" name="/matlabgrader_es.json" permissions="0664" type="File"/>
  <fileEntry content="/fsroot/matlabgrader_fr.json" date="2025-05-13T06:13:56Z" name="/matlabgrader_fr.json" permissions="0664" type="File"/>
  <fileEntry content="/fsroot/matlabgrader_it.json" date="2025-05-13T06:14:10Z" name="/matlabgrader_it.json" permissions="0664" type="File"/>
  <fileEntry content="/fsroot/matlabgrader_ja_JP.json" date="2025-05-13T06:23:16Z" name="/matlabgrader_ja_JP.json" permissions="0664" type="File"/>
  <fileEntry content="/fsroot/matlabgrader_ko_KR.json" date="2025-05-13T06:20:35Z" name="/matlabgrader_ko_KR.json" permissions="0664" type="File"/>
  <fileEntry content="/fsroot/matlabgrader_zh_CN.json" date="2025-05-13T06:23:09Z" name="/matlabgrader_zh_CN.json" permissions="0664" type="File"/>
  <fileEntry content="/fsroot/matlabmobile.json" date="2025-05-13T02:22:13Z" name="/matlabmobile.json" permissions="0664" type="File"/>
  <fileEntry content="/fsroot/matlabmobile_es.json" date="2025-05-13T06:15:43Z" name="/matlabmobile_es.json" permissions="0664" type="File"/>
  <fileEntry content="/fsroot/matlabmobile_ja_JP.json" date="2025-05-13T06:22:39Z" name="/matlabmobile_ja_JP.json" permissions="0664" type="File"/>
  <fileEntry content="/fsroot/matlabmobile_ko_KR.json" date="2025-05-13T06:19:16Z" name="/matlabmobile_ko_KR.json" permissions="0664" type="File"/>
  <fileEntry content="/fsroot/matlabmobile_zh_CN.json" date="2025-05-13T06:20:30Z" name="/matlabmobile_zh_CN.json" permissions="0664" type="File"/>
  <fileEntry content="/fsroot/mbc.json" date="2025-05-13T02:41:13Z" name="/mbc.json" permissions="0664" type="File"/>
  <fileEntry content="/fsroot/mcb.json" date="2025-05-13T03:53:43Z" name="/mcb.json" permissions="0664" type="File"/>
  <fileEntry content="/fsroot/mcb_ja_JP.json" date="2025-05-13T07:13:57Z" name="/mcb_ja_JP.json" permissions="0664" type="File"/>
  <fileEntry content="/fsroot/mcb_ko_KR.json" date="2025-05-13T07:01:22Z" name="/mcb_ko_KR.json" permissions="0664" type="File"/>
  <fileEntry content="/fsroot/mcb_zh_CN.json" date="2025-05-13T07:14:54Z" name="/mcb_zh_CN.json" permissions="0664" type="File"/>
  <fileEntry content="/fsroot/medical-imaging.json" date="2025-05-13T02:34:21Z" name="/medical-imaging.json" permissions="0664" type="File"/>
  <fileEntry content="/fsroot/mpc.json" date="2025-05-13T02:52:03Z" name="/mpc.json" permissions="0664" type="File"/>
  <fileEntry content="/fsroot/mps.json" date="2025-05-13T02:50:02Z" name="/mps.json" permissions="0664" type="File"/>
  <fileEntry content="/fsroot/mps_ja_JP.json" date="2025-05-13T08:58:44Z" name="/mps_ja_JP.json" permissions="0664" type="File"/>
  <fileEntry content="/fsroot/mps_ko_KR.json" date="2025-05-13T08:42:57Z" name="/mps_ko_KR.json" permissions="0664" type="File"/>
  <fileEntry content="/fsroot/mps_zh_CN.json" date="2025-05-13T08:56:32Z" name="/mps_zh_CN.json" permissions="0664" type="File"/>
  <fileEntry content="/fsroot/msblks.json" date="2025-05-13T04:14:35Z" name="/msblks.json" permissions="0664" type="File"/>
  <fileEntry content="/fsroot/nav.json" date="2025-05-13T03:12:47Z" name="/nav.json" permissions="0664" type="File"/>
  <fileEntry content="/fsroot/nav_de.json" date="2025-05-13T06:56:22Z" name="/nav_de.json" permissions="0664" type="File"/>
  <fileEntry content="/fsroot/nav_es.json" date="2025-05-13T06:26:03Z" name="/nav_es.json" permissions="0664" type="File"/>
  <fileEntry content="/fsroot/nav_fr.json" date="2025-05-13T07:01:41Z" name="/nav_fr.json" permissions="0664" type="File"/>
  <fileEntry content="/fsroot/nav_it.json" date="2025-05-13T06:56:41Z" name="/nav_it.json" permissions="0664" type="File"/>
  <fileEntry content="/fsroot/nav_ja_JP.json" date="2025-05-13T07:00:36Z" name="/nav_ja_JP.json" permissions="0664" type="File"/>
  <fileEntry content="/fsroot/nav_ko_KR.json" date="2025-05-13T07:01:20Z" name="/nav_ko_KR.json" permissions="0664" type="File"/>
  <fileEntry content="/fsroot/optim.json" date="2025-05-13T03:02:33Z" name="/optim.json" permissions="0664" type="File"/>
  <fileEntry content="/fsroot/optim_es.json" date="2025-05-13T08:20:33Z" name="/optim_es.json" permissions="0664" type="File"/>
  <fileEntry content="/fsroot/optim_ja_JP.json" date="2025-05-13T08:37:30Z" name="/optim_ja_JP.json" permissions="0664" type="File"/>
  <fileEntry content="/fsroot/optim_ko_KR.json" date="2025-05-13T08:31:19Z" name="/optim_ko_KR.json" permissions="0664" type="File"/>
  <fileEntry content="/fsroot/optim_zh_CN.json" date="2025-05-13T08:36:41Z" name="/optim_zh_CN.json" permissions="0664" type="File"/>
  <fileEntry content="/fsroot/parallel-computing.json" date="2025-05-13T03:05:10Z" name="/parallel-computing.json" permissions="0664" type="File"/>
  <fileEntry content="/fsroot/parallel-computing_es.json" date="2025-05-13T08:12:48Z" name="/parallel-computing_es.json" permissions="0664" type="File"/>
  <fileEntry content="/fsroot/parallel-computing_fr.json" date="2025-05-13T06:56:17Z" name="/parallel-computing_fr.json" permissions="0664" type="File"/>
  <fileEntry content="/fsroot/parallel-computing_ja_JP.json" date="2025-05-13T08:36:30Z" name="/parallel-computing_ja_JP.json" permissions="0664" type="File"/>
  <fileEntry content="/fsroot/parallel-computing_ko_KR.json" date="2025-05-13T08:26:04Z" name="/parallel-computing_ko_KR.json" permissions="0664" type="File"/>
  <fileEntry content="/fsroot/parallel-computing_zh_CN.json" date="2025-05-13T08:54:39Z" name="/parallel-computing_zh_CN.json" permissions="0664" type="File"/>
  <fileEntry content="/fsroot/pde.json" date="2025-05-13T02:35:55Z" name="/pde.json" permissions="0664" type="File"/>
  <fileEntry content="/fsroot/phased.json" date="2025-05-13T05:01:48Z" name="/phased.json" permissions="0664" type="File"/>
  <fileEntry content="/fsroot/plccoder.json" date="2025-05-13T04:32:08Z" name="/plccoder.json" permissions="0664" type="File"/>
  <fileEntry content="/fsroot/polyspace_access.json" date="2025-05-13T03:58:45Z" name="/polyspace_access.json" permissions="0664" type="File"/>
  <fileEntry content="/fsroot/polyspace_access_ja_JP.json" date="2025-05-13T06:24:45Z" name="/polyspace_access_ja_JP.json" permissions="0664" type="File"/>
  <fileEntry content="/fsroot/polyspace_access_ko_KR.json" date="2025-05-13T06:20:17Z" name="/polyspace_access_ko_KR.json" permissions="0664" type="File"/>
  <fileEntry content="/fsroot/polyspace_access_zh_CN.json" date="2025-05-13T06:23:30Z" name="/polyspace_access_zh_CN.json" permissions="0664" type="File"/>
  <fileEntry content="/fsroot/polyspace_ada.json" date="2025-05-13T02:41:52Z" name="/polyspace_ada.json" permissions="0664" type="File"/>
  <fileEntry content="/fsroot/polyspace_test.json" date="2025-05-13T02:39:00Z" name="/polyspace_test.json" permissions="0664" type="File"/>
  <fileEntry content="/fsroot/polyspace_test_zh_CN.json" date="2025-05-13T06:22:44Z" name="/polyspace_test_zh_CN.json" permissions="0664" type="File"/>
  <fileEntry content="/fsroot/predmaint.json" date="2025-05-13T02:53:03Z" name="/predmaint.json" permissions="0664" type="File"/>
  <fileEntry content="/fsroot/predmaint_ja_JP.json" date="2025-05-13T09:03:41Z" name="/predmaint_ja_JP.json" permissions="0664" type="File"/>
  <fileEntry content="/fsroot/predmaint_ko_KR.json" date="2025-05-13T08:51:28Z" name="/predmaint_ko_KR.json" permissions="0664" type="File"/>
  <fileEntry content="/fsroot/qualkitdo.json" date="2025-05-13T02:38:42Z" name="/qualkitdo.json" permissions="0664" type="File"/>
  <fileEntry content="/fsroot/radar.json" date="2025-05-13T03:59:23Z" name="/radar.json" permissions="0664" type="File"/>
  <fileEntry content="/fsroot/radar_ko_KR.json" date="2025-05-13T06:59:03Z" name="/radar_ko_KR.json" permissions="0664" type="File"/>
  <fileEntry content="/fsroot/reinforcement-learning.json" date="2025-05-13T03:37:19Z" name="/reinforcement-learning.json" permissions="0664" type="File"/>
  <fileEntry content="/fsroot/reinforcement-learning_ja_JP.json" date="2025-05-13T08:51:38Z" name="/reinforcement-learning_ja_JP.json" permissions="0664" type="File"/>
  <fileEntry content="/fsroot/reinforcement-learning_ko_KR.json" date="2025-05-13T08:26:53Z" name="/reinforcement-learning_ko_KR.json" permissions="0664" type="File"/>
  <fileEntry content="/fsroot/rf.json" date="2025-05-13T04:04:27Z" name="/rf.json" permissions="0664" type="File"/>
  <fileEntry content="/fsroot/rfpcb.json" date="2025-05-13T02:42:42Z" name="/rfpcb.json" permissions="0664" type="File"/>
  <fileEntry content="/fsroot/risk.json" date="2025-05-13T02:45:08Z" name="/risk.json" permissions="0664" type="File"/>
  <fileEntry content="/fsroot/roadrunner-scenario.json" date="2025-05-13T02:32:34Z" name="/roadrunner-scenario.json" permissions="0664" type="File"/>
  <fileEntry content="/fsroot/roadrunner-scenario_ja_JP.json" date="2025-05-13T06:23:41Z" name="/roadrunner-scenario_ja_JP.json" permissions="0664" type="File"/>
  <fileEntry content="/fsroot/roadrunner.json" date="2025-05-16T17:58:43Z" name="/roadrunner.json" permissions="0664" type="File"/>
  <fileEntry content="/fsroot/roadrunner_es.json" date="2025-05-13T02:38:10Z" name="/roadrunner_es.json" permissions="0664" type="File"/>
  <fileEntry content="/fsroot/roadrunner_it.json" date="2025-05-13T02:34:40Z" name="/roadrunner_it.json" permissions="0664" type="File"/>
  <fileEntry content="/fsroot/roadrunner_ja_JP.json" date="2025-05-13T05:26:49Z" name="/roadrunner_ja_JP.json" permissions="0664" type="File"/>
  <fileEntry content="/fsroot/roadrunner_ko_KR.json" date="2025-05-13T04:35:48Z" name="/roadrunner_ko_KR.json" permissions="0664" type="File"/>
  <fileEntry content="/fsroot/roadrunner_zh_CN.json" date="2025-05-13T02:34:40Z" name="/roadrunner_zh_CN.json" permissions="0664" type="File"/>
  <fileEntry content="/fsroot/robotics.json" date="2025-05-13T04:06:43Z" name="/robotics.json" permissions="0664" type="File"/>
  <fileEntry content="/fsroot/robotics_es.json" date="2025-05-13T07:01:16Z" name="/robotics_es.json" permissions="0664" type="File"/>
  <fileEntry content="/fsroot/robotics_ja_JP.json" date="2025-05-13T07:17:04Z" name="/robotics_ja_JP.json" permissions="0664" type="File"/>
  <fileEntry content="/fsroot/robotics_ko_KR.json" date="2025-05-13T07:00:58Z" name="/robotics_ko_KR.json" permissions="0664" type="File"/>
  <fileEntry content="/fsroot/robust.json" date="2025-05-13T04:29:32Z" name="/robust.json" permissions="0664" type="File"/>
  <fileEntry content="/fsroot/ros.json" date="2025-05-13T03:04:27Z" name="/ros.json" permissions="0664" type="File"/>
  <fileEntry content="/fsroot/ros_ja_JP.json" date="2025-05-13T07:15:08Z" name="/ros_ja_JP.json" permissions="0664" type="File"/>
  <fileEntry content="/fsroot/ros_ko_KR.json" date="2025-05-13T06:59:55Z" name="/ros_ko_KR.json" permissions="0664" type="File"/>
  <fileEntry content="/fsroot/rptgen.json" date="2025-05-13T03:58:43Z" name="/rptgen.json" permissions="0664" type="File"/>
  <fileEntry content="/fsroot/rptgen_ja_JP.json" date="2025-05-13T06:26:04Z" name="/rptgen_ja_JP.json" permissions="0664" type="File"/>
  <fileEntry content="/fsroot/rptgen_zh_CN.json" date="2025-05-13T06:27:07Z" name="/rptgen_zh_CN.json" permissions="0664" type="File"/>
  <fileEntry content="/fsroot/rptgenext.json" date="2025-05-13T03:29:32Z" name="/rptgenext.json" permissions="0664" type="File"/>
  <fileEntry content="/fsroot/rptgenext_ja_JP.json" date="2025-05-13T07:14:30Z" name="/rptgenext_ja_JP.json" permissions="0664" type="File"/>
  <fileEntry content="/fsroot/rptgenext_zh_CN.json" date="2025-05-13T07:11:14Z" name="/rptgenext_zh_CN.json" permissions="0664" type="File"/>
  <fileEntry content="/fsroot/rtw.json" date="2025-05-13T07:02:37Z" name="/rtw.json" permissions="0664" type="File"/>
  <fileEntry content="/fsroot/rtw_ja_JP.json" date="2025-05-13T08:02:49Z" name="/rtw_ja_JP.json" permissions="0664" type="File"/>
  <fileEntry content="/fsroot/rtw_zh_CN.json" date="2025-05-13T07:57:26Z" name="/rtw_zh_CN.json" permissions="0664" type="File"/>
  <fileEntry content="/fsroot/satcom.json" date="2025-05-13T03:01:40Z" name="/satcom.json" permissions="0664" type="File"/>
  <fileEntry content="/fsroot/satcom_ja_JP.json" date="2025-05-13T07:34:21Z" name="/satcom_ja_JP.json" permissions="0664" type="File"/>
  <fileEntry content="/fsroot/sdl.json" date="2025-05-13T04:33:07Z" name="/sdl.json" permissions="0664" type="File"/>
  <fileEntry content="/fsroot/serdes.json" date="2025-05-13T02:42:56Z" name="/serdes.json" permissions="0664" type="File"/>
  <fileEntry content="/fsroot/signal-integrity.json" date="2025-05-13T02:42:33Z" name="/signal-integrity.json" permissions="0664" type="File"/>
  <fileEntry content="/fsroot/signal.json" date="2025-05-13T03:22:14Z" name="/signal.json" permissions="0664" type="File"/>
  <fileEntry content="/fsroot/signal_de.json" date="2025-05-13T07:51:55Z" name="/signal_de.json" permissions="0664" type="File"/>
  <fileEntry content="/fsroot/signal_es.json" date="2025-05-13T08:42:19Z" name="/signal_es.json" permissions="0664" type="File"/>
  <fileEntry content="/fsroot/signal_fr.json" date="2025-05-13T07:29:54Z" name="/signal_fr.json" permissions="0664" type="File"/>
  <fileEntry content="/fsroot/signal_it.json" date="2025-05-13T07:30:58Z" name="/signal_it.json" permissions="0664" type="File"/>
  <fileEntry content="/fsroot/signal_ja_JP.json" date="2025-05-13T09:13:05Z" name="/signal_ja_JP.json" permissions="0664" type="File"/>
  <fileEntry content="/fsroot/signal_ko_KR.json" date="2025-05-13T08:30:55Z" name="/signal_ko_KR.json" permissions="0664" type="File"/>
  <fileEntry content="/fsroot/signal_zh_CN.json" date="2025-05-13T08:35:24Z" name="/signal_zh_CN.json" permissions="0664" type="File"/>
  <fileEntry content="/fsroot/simbio.json" date="2025-05-13T02:34:16Z" name="/simbio.json" permissions="0664" type="File"/>
  <fileEntry content="/fsroot/simevents.json" date="2025-05-13T04:09:11Z" name="/simevents.json" permissions="0664" type="File"/>
  <fileEntry content="/fsroot/simrf.json" date="2025-05-13T04:04:16Z" name="/simrf.json" permissions="0664" type="File"/>
  <fileEntry content="/fsroot/simscape-battery.json" date="2025-05-13T04:00:21Z" name="/simscape-battery.json" permissions="0664" type="File"/>
  <fileEntry content="/fsroot/simscape-battery_ko_KR.json" date="2025-05-13T07:00:05Z" name="/simscape-battery_ko_KR.json" permissions="0664" type="File"/>
  <fileEntry content="/fsroot/simscape.json" date="2025-05-13T03:31:58Z" name="/simscape.json" permissions="0664" type="File"/>
  <fileEntry content="/fsroot/simscape_de.json" date="2025-05-13T07:56:09Z" name="/simscape_de.json" permissions="0664" type="File"/>
  <fileEntry content="/fsroot/simscape_es.json" date="2025-05-13T07:02:38Z" name="/simscape_es.json" permissions="0664" type="File"/>
  <fileEntry content="/fsroot/simscape_fr.json" date="2025-05-13T07:36:36Z" name="/simscape_fr.json" permissions="0664" type="File"/>
  <fileEntry content="/fsroot/simscape_it.json" date="2025-05-13T07:32:20Z" name="/simscape_it.json" permissions="0664" type="File"/>
  <fileEntry content="/fsroot/simscape_ja_JP.json" date="2025-05-13T07:40:18Z" name="/simscape_ja_JP.json" permissions="0664" type="File"/>
  <fileEntry content="/fsroot/simscape_ko_KR.json" date="2025-05-13T07:42:36Z" name="/simscape_ko_KR.json" permissions="0664" type="File"/>
  <fileEntry content="/fsroot/simscape_zh_CN.json" date="2025-05-13T07:32:10Z" name="/simscape_zh_CN.json" permissions="0664" type="File"/>
  <fileEntry content="/fsroot/simulink.json" date="2025-05-13T06:08:46Z" name="/simulink.json" permissions="0664" type="File"/>
  <fileEntry content="/fsroot/simulink_de.json" date="2025-05-13T08:03:30Z" name="/simulink_de.json" permissions="0664" type="File"/>
  <fileEntry content="/fsroot/simulink_es.json" date="2025-05-13T09:07:06Z" name="/simulink_es.json" permissions="0664" type="File"/>
  <fileEntry content="/fsroot/simulink_fr.json" date="2025-05-13T07:48:16Z" name="/simulink_fr.json" permissions="0664" type="File"/>
  <fileEntry content="/fsroot/simulink_it.json" date="2025-05-13T07:54:09Z" name="/simulink_it.json" permissions="0664" type="File"/>
  <fileEntry content="/fsroot/simulink_ja_JP.json" date="2025-05-13T10:10:01Z" name="/simulink_ja_JP.json" permissions="0664" type="File"/>
  <fileEntry content="/fsroot/simulink_ko_KR.json" date="2025-05-13T09:19:40Z" name="/simulink_ko_KR.json" permissions="0664" type="File"/>
  <fileEntry content="/fsroot/simulink_zh_CN.json" date="2025-05-13T09:45:35Z" name="/simulink_zh_CN.json" permissions="0664" type="File"/>
  <fileEntry content="/fsroot/sl3d.json" date="2025-05-13T04:09:36Z" name="/sl3d.json" permissions="0664" type="File"/>
  <fileEntry content="/fsroot/slcheck.json" date="2025-05-13T04:38:51Z" name="/slcheck.json" permissions="0664" type="File"/>
  <fileEntry content="/fsroot/slcheck_es.json" date="2025-05-13T06:58:51Z" name="/slcheck_es.json" permissions="0664" type="File"/>
  <fileEntry content="/fsroot/slcheck_ja_JP.json" date="2025-05-13T07:15:34Z" name="/slcheck_ja_JP.json" permissions="0664" type="File"/>
  <fileEntry content="/fsroot/slcheck_ko_KR.json" date="2025-05-13T07:10:11Z" name="/slcheck_ko_KR.json" permissions="0664" type="File"/>
  <fileEntry content="/fsroot/slcheck_zh_CN.json" date="2025-05-13T07:15:10Z" name="/slcheck_zh_CN.json" permissions="0664" type="File"/>
  <fileEntry content="/fsroot/slci.json" date="2025-05-13T04:30:33Z" name="/slci.json" permissions="0664" type="File"/>
  <fileEntry content="/fsroot/slcompiler.json" date="2025-05-13T04:02:25Z" name="/slcompiler.json" permissions="0664" type="File"/>
  <fileEntry content="/fsroot/slcontrol.json" date="2025-05-13T04:06:21Z" name="/slcontrol.json" permissions="0664" type="File"/>
  <fileEntry content="/fsroot/slcontrol_ja_JP.json" date="2025-05-13T07:59:41Z" name="/slcontrol_ja_JP.json" permissions="0664" type="File"/>
  <fileEntry content="/fsroot/slcontrol_ko_KR.json" date="2025-05-13T07:00:59Z" name="/slcontrol_ko_KR.json" permissions="0664" type="File"/>
  <fileEntry content="/fsroot/slcontrol_zh_CN.json" date="2025-05-13T07:00:37Z" name="/slcontrol_zh_CN.json" permissions="0664" type="File"/>
  <fileEntry content="/fsroot/slcoverage.json" date="2025-05-13T03:28:21Z" name="/slcoverage.json" permissions="0664" type="File"/>
  <fileEntry content="/fsroot/slcoverage_ja_JP.json" date="2025-05-13T07:11:13Z" name="/slcoverage_ja_JP.json" permissions="0664" type="File"/>
  <fileEntry content="/fsroot/slcoverage_zh_CN.json" date="2025-05-13T07:14:21Z" name="/slcoverage_zh_CN.json" permissions="0664" type="File"/>
  <fileEntry content="/fsroot/sldo.json" date="2025-05-13T04:09:34Z" name="/sldo.json" permissions="0664" type="File"/>
  <fileEntry content="/fsroot/sldo_ko_KR.json" date="2025-05-13T08:30:55Z" name="/sldo_ko_KR.json" permissions="0664" type="File"/>
  <fileEntry content="/fsroot/sldrt.json" date="2025-05-13T04:13:48Z" name="/sldrt.json" permissions="0664" type="File"/>
  <fileEntry content="/fsroot/sldv.json" date="2025-05-13T04:14:56Z" name="/sldv.json" permissions="0664" type="File"/>
  <fileEntry content="/fsroot/sldv_ja_JP.json" date="2025-05-13T07:16:14Z" name="/sldv_ja_JP.json" permissions="0664" type="File"/>
  <fileEntry content="/fsroot/sldv_zh_CN.json" date="2025-05-13T07:15:08Z" name="/sldv_zh_CN.json" permissions="0664" type="File"/>
  <fileEntry content="/fsroot/slrealtime.json" date="2025-05-13T04:35:46Z" name="/slrealtime.json" permissions="0664" type="File"/>
  <fileEntry content="/fsroot/slrequirements.json" date="2025-05-13T03:42:28Z" name="/slrequirements.json" permissions="0664" type="File"/>
  <fileEntry content="/fsroot/slrequirements_ja_JP.json" date="2025-05-13T07:51:34Z" name="/slrequirements_ja_JP.json" permissions="0664" type="File"/>
  <fileEntry content="/fsroot/slrequirements_zh_CN.json" date="2025-05-13T07:16:11Z" name="/slrequirements_zh_CN.json" permissions="0664" type="File"/>
  <fileEntry content="/fsroot/sltest.json" date="2025-05-13T03:23:16Z" name="/sltest.json" permissions="0664" type="File"/>
  <fileEntry content="/fsroot/sltest_ja_JP.json" date="2025-05-13T07:15:38Z" name="/sltest_ja_JP.json" permissions="0664" type="File"/>
  <fileEntry content="/fsroot/sltest_zh_CN.json" date="2025-05-13T07:15:23Z" name="/sltest_zh_CN.json" permissions="0664" type="File"/>
  <fileEntry content="/fsroot/sm.json" date="2025-05-13T03:37:15Z" name="/sm.json" permissions="0664" type="File"/>
  <fileEntry content="/fsroot/sm_ja_JP.json" date="2025-05-13T06:24:49Z" name="/sm_ja_JP.json" permissions="0664" type="File"/>
  <fileEntry content="/fsroot/smlink.json" date="2025-05-13T03:35:03Z" name="/smlink.json" permissions="0664" type="File"/>
  <fileEntry content="/fsroot/soc.json" date="2025-05-13T04:39:01Z" name="/soc.json" permissions="0664" type="File"/>
  <fileEntry content="/fsroot/sps.json" date="2025-05-13T06:53:37Z" name="/sps.json" permissions="0664" type="File"/>
  <fileEntry content="/fsroot/sps_es.json" date="2025-05-13T08:20:01Z" name="/sps_es.json" permissions="0664" type="File"/>
  <fileEntry content="/fsroot/sps_ja_JP.json" date="2025-05-13T09:02:09Z" name="/sps_ja_JP.json" permissions="0664" type="File"/>
  <fileEntry content="/fsroot/sps_ko_KR.json" date="2025-05-13T08:35:00Z" name="/sps_ko_KR.json" permissions="0664" type="File"/>
  <fileEntry content="/fsroot/sps_zh_CN.json" date="2025-05-13T09:00:34Z" name="/sps_zh_CN.json" permissions="0664" type="File"/>
  <fileEntry content="/fsroot/stateflow.json" date="2025-05-13T03:56:48Z" name="/stateflow.json" permissions="0664" type="File"/>
  <fileEntry content="/fsroot/stateflow_de.json" date="2025-05-13T07:53:14Z" name="/stateflow_de.json" permissions="0664" type="File"/>
  <fileEntry content="/fsroot/stateflow_es.json" date="2025-05-13T07:01:32Z" name="/stateflow_es.json" permissions="0664" type="File"/>
  <fileEntry content="/fsroot/stateflow_fr.json" date="2025-05-13T07:28:25Z" name="/stateflow_fr.json" permissions="0664" type="File"/>
  <fileEntry content="/fsroot/stateflow_it.json" date="2025-05-13T07:31:49Z" name="/stateflow_it.json" permissions="0664" type="File"/>
  <fileEntry content="/fsroot/stateflow_ja_JP.json" date="2025-05-13T07:55:46Z" name="/stateflow_ja_JP.json" permissions="0664" type="File"/>
  <fileEntry content="/fsroot/stateflow_ko_KR.json" date="2025-05-13T07:35:55Z" name="/stateflow_ko_KR.json" permissions="0664" type="File"/>
  <fileEntry content="/fsroot/stateflow_zh_CN.json" date="2025-05-13T07:31:32Z" name="/stateflow_zh_CN.json" permissions="0664" type="File"/>
  <fileEntry content="/fsroot/stats.json" date="2025-05-13T08:07:48Z" name="/stats.json" permissions="0664" type="File"/>
  <fileEntry content="/fsroot/stats_es.json" date="2025-05-13T08:29:00Z" name="/stats_es.json" permissions="0664" type="File"/>
  <fileEntry content="/fsroot/stats_ja_JP.json" date="2025-05-13T09:42:03Z" name="/stats_ja_JP.json" permissions="0664" type="File"/>
  <fileEntry content="/fsroot/stats_ko_KR.json" date="2025-05-13T08:58:16Z" name="/stats_ko_KR.json" permissions="0664" type="File"/>
  <fileEntry content="/fsroot/stats_zh_CN.json" date="2025-05-13T08:34:23Z" name="/stats_zh_CN.json" permissions="0664" type="File"/>
  <fileEntry content="/fsroot/symbolic.json" date="2025-05-13T03:54:05Z" name="/symbolic.json" permissions="0664" type="File"/>
  <fileEntry content="/fsroot/symbolic_ja_JP.json" date="2025-05-13T09:00:24Z" name="/symbolic_ja_JP.json" permissions="0664" type="File"/>
  <fileEntry content="/fsroot/symbolic_ko_KR.json" date="2025-05-13T08:28:12Z" name="/symbolic_ko_KR.json" permissions="0664" type="File"/>
  <fileEntry content="/fsroot/symbolic_zh_CN.json" date="2025-05-13T08:58:24Z" name="/symbolic_zh_CN.json" permissions="0664" type="File"/>
  <fileEntry content="/fsroot/systemcomposer.json" date="2025-05-13T03:38:30Z" name="/systemcomposer.json" permissions="0664" type="File"/>
  <fileEntry content="/fsroot/systemcomposer_ja_JP.json" date="2025-05-13T07:48:26Z" name="/systemcomposer_ja_JP.json" permissions="0664" type="File"/>
  <fileEntry content="/fsroot/textanalytics.json" date="2025-05-13T02:47:09Z" name="/textanalytics.json" permissions="0664" type="File"/>
  <fileEntry content="/fsroot/textanalytics_ja_JP.json" date="2025-05-13T08:52:30Z" name="/textanalytics_ja_JP.json" permissions="0664" type="File"/>
  <fileEntry content="/fsroot/textanalytics_ko_KR.json" date="2025-05-13T08:26:54Z" name="/textanalytics_ko_KR.json" permissions="0664" type="File"/>
  <fileEntry content="/fsroot/thingspeak.json" date="2025-05-13T02:29:04Z" name="/thingspeak.json" permissions="0664" type="File"/>
  <fileEntry content="/fsroot/thingspeak_de.json" date="2025-05-13T07:53:05Z" name="/thingspeak_de.json" permissions="0664" type="File"/>
  <fileEntry content="/fsroot/thingspeak_es.json" date="2025-05-13T08:19:03Z" name="/thingspeak_es.json" permissions="0664" type="File"/>
  <fileEntry content="/fsroot/thingspeak_fr.json" date="2025-05-13T07:30:59Z" name="/thingspeak_fr.json" permissions="0664" type="File"/>
  <fileEntry content="/fsroot/thingspeak_it.json" date="2025-05-13T07:34:49Z" name="/thingspeak_it.json" permissions="0664" type="File"/>
  <fileEntry content="/fsroot/thingspeak_ja_JP.json" date="2025-05-13T08:52:15Z" name="/thingspeak_ja_JP.json" permissions="0664" type="File"/>
  <fileEntry content="/fsroot/thingspeak_zh_CN.json" date="2025-05-13T08:59:45Z" name="/thingspeak_zh_CN.json" permissions="0664" type="File"/>
  <fileEntry content="/fsroot/ti-c2000.json" date="2025-05-13T03:03:18Z" name="/ti-c2000.json" permissions="0664" type="File"/>
  <fileEntry content="/fsroot/uav.json" date="2025-05-13T03:38:58Z" name="/uav.json" permissions="0664" type="File"/>
  <fileEntry content="/fsroot/uav_ja_JP.json" date="2025-05-13T07:49:59Z" name="/uav_ja_JP.json" permissions="0664" type="File"/>
  <fileEntry content="/fsroot/uav_ko_KR.json" date="2025-05-13T06:59:43Z" name="/uav_ko_KR.json" permissions="0664" type="File"/>
  <fileEntry content="/fsroot/vdynblks.json" date="2025-05-13T05:24:46Z" name="/vdynblks.json" permissions="0664" type="File"/>
  <fileEntry content="/fsroot/vdynblks_ja_JP.json" date="2025-05-13T07:48:24Z" name="/vdynblks_ja_JP.json" permissions="0664" type="File"/>
  <fileEntry content="/fsroot/vision.json" date="2025-05-13T06:50:19Z" name="/vision.json" permissions="0664" type="File"/>
  <fileEntry content="/fsroot/vision_de.json" date="2025-05-13T07:49:02Z" name="/vision_de.json" permissions="0664" type="File"/>
  <fileEntry content="/fsroot/vision_fr.json" date="2025-05-13T07:29:29Z" name="/vision_fr.json" permissions="0664" type="File"/>
  <fileEntry content="/fsroot/vision_it.json" date="2025-05-13T07:27:13Z" name="/vision_it.json" permissions="0664" type="File"/>
  <fileEntry content="/fsroot/vision_ja_JP.json" date="2025-05-13T09:03:20Z" name="/vision_ja_JP.json" permissions="0664" type="File"/>
  <fileEntry content="/fsroot/vision_ko_KR.json" date="2025-05-13T08:24:26Z" name="/vision_ko_KR.json" permissions="0664" type="File"/>
  <fileEntry content="/fsroot/vision_zh_CN.json" date="2025-05-13T09:02:41Z" name="/vision_zh_CN.json" permissions="0664" type="File"/>
  <fileEntry content="/fsroot/visionhdl.json" date="2025-05-13T03:25:10Z" name="/visionhdl.json" permissions="0664" type="File"/>
  <fileEntry content="/fsroot/vnt.json" date="2025-05-13T02:55:22Z" name="/vnt.json" permissions="0664" type="File"/>
  <fileEntry content="/fsroot/vnt_zh_CN.json" date="2025-05-13T07:14:57Z" name="/vnt_zh_CN.json" permissions="0664" type="File"/>
  <fileEntry content="/fsroot/wavelet.json" date="2025-05-13T03:03:01Z" name="/wavelet.json" permissions="0664" type="File"/>
  <fileEntry content="/fsroot/wavelet_de.json" date="2025-05-13T07:52:03Z" name="/wavelet_de.json" permissions="0664" type="File"/>
  <fileEntry content="/fsroot/wavelet_fr.json" date="2025-05-13T07:43:13Z" name="/wavelet_fr.json" permissions="0664" type="File"/>
  <fileEntry content="/fsroot/wavelet_it.json" date="2025-05-13T07:54:53Z" name="/wavelet_it.json" permissions="0664" type="File"/>
  <fileEntry content="/fsroot/wavelet_ja_JP.json" date="2025-05-13T08:58:25Z" name="/wavelet_ja_JP.json" permissions="0664" type="File"/>
  <fileEntry content="/fsroot/wavelet_ko_KR.json" date="2025-05-13T08:25:19Z" name="/wavelet_ko_KR.json" permissions="0664" type="File"/>
  <fileEntry content="/fsroot/webappserver.json" date="2025-05-14T22:20:13Z" name="/webappserver.json" permissions="0664" type="File"/>
  <fileEntry content="/fsroot/webappserver_ja_JP.json" date="2025-05-13T06:23:56Z" name="/webappserver_ja_JP.json" permissions="0664" type="File"/>
  <fileEntry content="/fsroot/webappserver_ko_KR.json" date="2025-05-13T06:18:52Z" name="/webappserver_ko_KR.json" permissions="0664" type="File"/>
  <fileEntry content="/fsroot/webappserver_zh_CN.json" date="2025-05-13T06:21:43Z" name="/webappserver_zh_CN.json" permissions="0664" type="File"/>
  <fileEntry content="/fsroot/wireless-hdl.json" date="2025-05-13T02:43:31Z" name="/wireless-hdl.json" permissions="0664" type="File"/>
  <fileEntry content="/fsroot/wireless-testbench.json" date="2025-05-13T03:28:47Z" name="/wireless-testbench.json" permissions="0664" type="File"/>
  <fileEntry content="/fsroot/wlan.json" date="2025-05-13T02:43:16Z" name="/wlan.json" permissions="0664" type="File"/>
</fileEntries>
