{"schema":"referenceapi_lookup_schema.json","schemaVersion":"1.0","docVersion":"doc25a.2968260.Bdoc25a.2967890.pass.r2025a","productName":"Aerospace Blockset","baseCode":"AE","helpFolder":"aeroblks","helpLocation":"aeroblks",  "refItems" : [{"name":"3DoF Animation","type":"block","refpurpose":"3自由度オブジェクトの3D MATLABグラフィックスアニメーションを作成する","href":"3dofanimation.html"},{"name":"3DOF (Body Axes)","type":"block","refpurpose":"ボディ軸に関する3自由度の運動方程式を実装する","href":"3dofbodyaxes.html"},{"name":"3DOF (Wind Axes)","type":"block","refpurpose":"風軸に関する3自由度の運動方程式を実装する","href":"3dofwindaxes.html"},{"name":"3x3 Cross Product","type":"block","refpurpose":"2つの3行1列のベクトルのクロス積を計算する","href":"3x3crossproduct.html"},{"name":"4th Order Point Mass Forces (Longitudinal)","type":"block","refpurpose":"4次の質点が使用する力を計算する","href":"4thorderpointmassforceslongitudinal.html"},{"name":"4th Order Point Mass (Longitudinal)","type":"block","refpurpose":"4次の質点を計算する","href":"4thorderpointmasslongitudinal.html"},{"name":"6DoF Animation","type":"block","refpurpose":"6自由度オブジェクトの3D MATLABグラフィックスアニメーションを作成する","href":"6dofanimation.html"},{"name":"6DOF ECEF (Quaternion)","type":"block","refpurpose":"地球中心の地球固定（ECEF）座標系における6自由度の運動方程式の四元数数表現を実装する","href":"6dofecefquaternion.html"},{"name":"6DOF (Euler Angles)","type":"block","refpurpose":"6自由度の運動方程式のオイラー角表現を実装する","href":"6dofeulerangles.html"},{"name":"6DOF (Quaternion)","type":"block","refpurpose":"ボディ軸に関する6自由度の運動方程式の四元数表現を実装する","href":"6dofquaternion.html"},{"name":"6DOF Wind (Wind Angles)","type":"block","refpurpose":"6自由度の運動方程式の風角表現を実装する","href":"6dofwindwindangles.html"},{"name":"6th Order Point Mass (Coordinated Flight)","type":"block","refpurpose":"協調飛行における6次質点の計算","href":"6thorderpointmasscoordinatedflight.html"},{"name":"6th Order Point Mass Forces (Coordinated Flight)","type":"block","refpurpose":"協調飛行における6次質点が使用する力を計算する","href":"6thorderpointmassforcescoordinatedflight.html"},{"name":"Acceleration Conversion","type":"block","refpurpose":"加速度単位を希望の加速度単位に変換する","href":"accelerationconversion.html"},{"name":"Adjoint of 3x3 Matrix","type":"block","refpurpose":"行列の随伴行列を計算する","href":"adjointof3x3matrix.html"},{"name":"Aerodynamic Forces and Moments","type":"block","refpurpose":"空気力係数、動圧、重心、圧力中心、速度を使用して空力とモーメントを計算します。","href":"aerodynamicforcesandmoments.html"},{"name":"空港","type":"scene","refpurpose":"一般的な空港","href":"airport.html"},{"name":"Airspeed Indicator","type":"block","refpurpose":"航空機の対気速度の測定値を表示する","href":"airspeedindicator.html"},{"name":"Altimeter","type":"block","refpurpose":"航空機の高度の測定値を表示する","href":"altimeter.html"},{"name":"Angle Conversion","type":"block","refpurpose":"角度単位を希望の角度単位に変換する","href":"angleconversion.html"},{"name":"Angular Velocity Conversion","type":"block","refpurpose":"角速度単位を希望の角速度単位に変換する","href":"angularvelocityconversion.html"},{"name":"Artificial Horizon","type":"block","refpurpose":"地平線に対する航空機の姿勢を表す","href":"artificialhorizon.html"},{"name":"asbFlightControlAnalysis","type":"function","fcntype":"simple","refpurpose":"飛行制御解析テンプレートの開始","href":"asbflightcontrolanalysis.html"},{"name":"Sim3dRelease","type":"function","fcntype":"instancemethod","refpurpose":"Unreal Engine 3D シミュレーションでアクターを解放する C++ メソッド","href":"asim3dactor.sim3drelease.html"},{"name":"ASim3dActor.Sim3dRelease","type":"method","fcntype":"instancemethod","refpurpose":"Unreal Engine 3D シミュレーションでアクターを解放する C++ メソッド","href":"asim3dactor.sim3drelease.html"},{"name":"Sim3dSetup","type":"function","fcntype":"instancemethod","refpurpose":"Unreal Engine 3D シミュレーションでアクターを設定する C++ メソッド","href":"asim3dactor.sim3dsetup.html"},{"name":"ASim3dActor.Sim3dSetup","type":"method","fcntype":"instancemethod","refpurpose":"Unreal Engine 3D シミュレーションでアクターを設定する C++ メソッド","href":"asim3dactor.sim3dsetup.html"},{"name":"Sim3dStep","type":"function","fcntype":"instancemethod","refpurpose":"Unreal Engine 3DシミュレーションでアクターをステップさせるC++メソッド","href":"asim3dactor.sim3dstep.html"},{"name":"ASim3dActor.Sim3dStep","type":"method","fcntype":"instancemethod","refpurpose":"Unreal Engine 3DシミュレーションでアクターをステップさせるC++メソッド","href":"asim3dactor.sim3dstep.html"},{"name":"StartSimulation3DMessageReader","type":"function","fcntype":"instancemethod","refpurpose":"Unreal エディタでメッセージ リーダー オブジェクトを構築します","href":"asim3dactor.startsimulation3dmessagereader.html"},{"name":"ASim3dActor.StartSimulation3DMessageReader","type":"method","fcntype":"instancemethod","refpurpose":"Unreal エディタでメッセージ リーダー オブジェクトを構築します","href":"asim3dactor.startsimulation3dmessagereader.html"},{"name":"StartSimulation3DMessageWriter","type":"function","fcntype":"instancemethod","refpurpose":"Unreal エディタでメッセージ ライター オブジェクトを構築します","href":"asim3dactor.startsimulation3dmessagewriter.html"},{"name":"ASim3dActor.StartSimulation3DMessageWriter","type":"method","fcntype":"instancemethod","refpurpose":"Unreal エディタでメッセージ ライター オブジェクトを構築します","href":"asim3dactor.startsimulation3dmessagewriter.html"},{"name":"Attitude Dynamics","type":"block","refpurpose":"1つまたは複数の宇宙機の姿勢ダイナミクスをモデル化する","href":"attitudedynamics.html"},{"name":"Attitude Profile","type":"block","refpurpose":"最短の四元数回転を計算する","href":"attitudeprofile.html"},{"name":"Besselian Epoch to Julian Epoch","type":"block","refpurpose":"廃止された標準ベッセル紀 (B1950) から標準ユリウス紀 (J2000) までの位置と速度成分を変換します。","href":"besselianepochtojulianepoch.html"},{"name":"Calculate Range","type":"block","refpurpose":"それぞれの位置から2台のビークル間の範囲を計算する","href":"calculaterange.html"},{"name":"Centrifugal Effect Model","type":"block","refpurpose":"惑星の重力に対する遠心力効果の数学的表現を実装する","href":"centrifugaleffectmodel.html"},{"name":"CIRA-86 Atmosphere Model","type":"block","refpurpose":"1986年のCIRA大気の数学的表現を実装する","href":"cira86atmospheremodel.html"},{"name":"Climb Rate Indicator","type":"block","refpurpose":"航空機の上昇率の測定値を表示する","href":"climbrateindicator.html"},{"name":"COESA Atmosphere Model","type":"block","refpurpose":"1976年COESA下層大気の実施","href":"coesaatmospheremodel.html"},{"name":"computeLateralDirectionalFlyingQualities","type":"function","fcntype":"simple","refpurpose":"状態空間モデルのダッチロールモード、ロールモード、スパイラルモード特性を計算する","href":"computelateraldirectionalflyingqualities.html"},{"name":"computeLongitudinalFlyingQualities","type":"function","fcntype":"simple","refpurpose":"指定された状態空間モデルの短周期および長周期（フゴイド）モード特性を計算する","href":"computelongitudinalflyingqualities.html"},{"name":"sim3d.utils.sim3d.utils.copyExampleSim3dProject","type":"method","fcntype":"instancemethod","refpurpose":"サポート パッケージ ファイルとプラグインを指定されたフォルダーにコピーします","href":"copyexamplesim3dproject.html"},{"name":"Create 3x3 Matrix","type":"block","refpurpose":"9つの入力値から3行3列の行列を作成する","href":"create3x3matrix.html"},{"name":"CubeSat","type":"nonstandard","refpurpose":"汎用キューブサット","href":"cubesat.html"},{"name":"CubeSat Vehicle","type":"block","refpurpose":"モデルCubeSat車両","href":"cubesatvehicle.html"},{"name":"Custom","type":"nonstandard","refpurpose":"垂直離着陸機（VTOL）を含むカスタマイズ可能な汎用固定翼航空機","href":"custom.html"},{"name":"Custom Variable Mass 3DOF (Body Axes)","type":"block","refpurpose":"ボディ座標軸に関するカスタム可変質量の3自由度の運動方程式を実装する","href":"customvariablemass3dofbodyaxes.html"},{"name":"Custom Variable Mass 6DOF ECEF (Quaternion)","type":"block","refpurpose":"地心地球固定（ECEF）座標系におけるカスタム可変質量の6自由度運動方程式の四元数表現を実装する","href":"customvariablemass6dofecefquaternion.html"},{"name":"Custom Variable Mass 6DOF (Euler Angles)","type":"block","refpurpose":"カスタム可変質量の6自由度運動方程式のオイラー角表現を実装する","href":"customvariablemass6dofeulerangles.html"},{"name":"Delta UT1","type":"block","refpurpose":"国際天文学連合 (IAU) 2000A 参照システムに従って、主要世界時 (UT1) と協定世界時 (UTC) の差を計算します。","href":"deltaut1.html"},{"name":"Density Conversion","type":"block","refpurpose":"密度単位を希望の密度単位に変換する","href":"densityconversion.html"},{"name":"Determinant of 3x3 Matrix","type":"block","refpurpose":"行列の行列式を計算します","href":"determinantof3x3matrix.html"},{"name":"Digital DATCOM Forces and Moments","type":"block","refpurpose":"デジタルDATCOMの静的および動的安定導関数を使用して空力とモーメントを計算します。","href":"digitaldatcomforcesandmoments.html"},{"name":"Direction Cosine Matrix Body to Wind","type":"block","refpurpose":"迎角と横滑り角を方向余弦行列に変換する","href":"directioncosinematrixbodytowind.html"},{"name":"Direction Cosine Matrix Body to Wind to Alpha and Beta","type":"block","refpurpose":"方向余弦行列を迎角と横滑り角に変換する","href":"directioncosinematrixbodytowindtoalphaandbeta.html"},{"name":"Direction Cosine Matrix ECEF to NED","type":"block","refpurpose":"測地緯度と経度を方向余弦行列に変換する","href":"directioncosinematrixeceftoned.html"},{"name":"Direction Cosine Matrix ECEF to NED to Latitude and Longitude","type":"block","refpurpose":"方向余弦行列を測地緯度と経度に変換する","href":"directioncosinematrixeceftonedtolatitudeandlongitude.html"},{"name":"Direction Cosine Matrix ECI to ECEF","type":"block","refpurpose":"地心慣性座標（ECI）を地心地球固定座標（ECEF）に変換する","href":"directioncosinematrixecitoecef.html"},{"name":"Direction Cosine Matrix to Quaternions","type":"block","refpurpose":"方向余弦行列を四元数ベクトルに変換する","href":"directioncosinematrixtoquaternions.html"},{"name":"Direction Cosine Matrix to Rodrigues","type":"block","refpurpose":"方向余弦行列をオイラー・ロドリゲスベクトルに変換する","href":"directioncosinematrixtorodrigues.html"},{"name":"Direction Cosine Matrix to Rotation Angles","type":"block","refpurpose":"方向余弦行列を回転角度に変換する","href":"directioncosinematrixtorotationangles.html"},{"name":"Direction Cosine Matrix to Wind Angles","type":"block","refpurpose":"方向余弦行列を風向角に変換する","href":"directioncosinematrixtowindangles.html"},{"name":"Discrete Wind Gust Model","type":"block","refpurpose":"離散的な突風を生成する","href":"discretewindgustmodel.html"},{"name":"Dryden Wind Turbulence Model (Continuous)","type":"block","refpurpose":"ドライデン速度スペクトルで連続的な風の乱気流を生成する","href":"drydenwindturbulencemodelcontinuous.html"},{"name":"Dryden Wind Turbulence Model (Discrete)","type":"block","refpurpose":"ドライデン速度スペクトルで離散風乱流を生成する","href":"drydenwindturbulencemodeldiscrete.html"},{"name":"Dynamic Pressure","type":"block","refpurpose":"速度と空気密度を使用して動圧を計算する","href":"dynamicpressure.html"},{"name":"Earth Orientation Parameters","type":"block","refpurpose":"地球方位パラメータ（EOP）を計算する","href":"earthorientationparameters.html"},{"name":"ECEF Position to LLA","type":"block","refpurpose":"地球中心の地球固定（ECEF）位置から測地緯度、経度、惑星楕円体上の高度を計算します。","href":"ecefpositiontolla.html"},{"name":"ECI Position to LLA","type":"block","refpurpose":"地心慣性座標（ECI）を測地緯度、経度、高度（LLA）座標に変換します","href":"ecipositiontolla.html"},{"name":"Estimate Center of Gravity","type":"block","refpurpose":"重心を計算する","href":"estimatecenterofgravity.html"},{"name":"Estimate Inertia Tensor","type":"block","refpurpose":"慣性テンソルを計算する","href":"estimateinertiatensor.html"},{"name":"Flat Earth to LLA","type":"block","refpurpose":"平面地球の位置から測地緯度、経度、高度を推定する","href":"flatearthtolla.html"},{"name":"FlightGear Preconfigured 6DoF Animation","type":"block","refpurpose":"モデルをFlightGearフライトシミュレータに接続する","href":"flightgearpreconfigured6dofanimation.html"},{"name":"Force Conversion","type":"block","refpurpose":"力の単位を希望の力の単位に変換する","href":"forceconversion.html"},{"name":"Gain Scheduled Lead-Lag","type":"block","refpurpose":"ゲインスケジュール係数を用いた一次リードラグの実装","href":"gainscheduledleadlag.html"},{"name":"Generate Run Script","type":"block","refpurpose":"現在のプラットフォームで FlightGear 実行スクリプトを生成する","href":"generaterunscript.html"},{"name":"Geocentric to Geodetic Latitude","type":"block","refpurpose":"地心緯度を測地緯度に変換する","href":"geocentrictogeodeticlatitude.html"},{"name":"Geodetic to Geocentric Latitude","type":"block","refpurpose":"測地緯度を地心緯度に変換する","href":"geodetictogeocentriclatitude.html"},{"name":"Geoid Height","type":"block","refpurpose":"起伏\/高さを計算する","href":"geoidheight.html"},{"name":"Heading Indicator","type":"block","refpurpose":"航空機の進行方向の測定値を表示する","href":"headingindicator.html"},{"name":"Helicopter","type":"nonstandard","refpurpose":"汎用ヘリコプター","href":"helicopter.html"},{"name":"Horizontal Wind Model 07","type":"block","refpurpose":"水平風モデル07の実装","href":"horizontalwindmodel07.html"},{"name":"Horizontal Wind Model 14","type":"block","refpurpose":"水平風モデル14の実装","href":"horizontalwindmodel14.html"},{"name":"Horizontal Wind Model","type":"block","refpurpose":"水平風を体軸座標に変換する","href":"horizontalwindmodel.html"},{"name":"Ideal Airspeed Correction","type":"block","refpurpose":"等価対気速度（EAS）、較正対気速度（CAS）、または真対気速度（TAS）を相互に計算します。","href":"idealairspeedcorrection.html"},{"name":"Incidence & Airspeed","type":"block","refpurpose":"入射角と対気速度を計算する","href":"incidenceairspeed.html"},{"name":"Incidence, Sideslip, & Airspeed","type":"block","refpurpose":"迎角、横滑り、対気速度を計算する","href":"incidencesideslipairspeed.html"},{"name":"International Geomagnetic Reference Field","type":"block","refpurpose":"国際地磁気基準場を用いて地球の磁場と経年変化を計算する","href":"internationalgeomagneticreferencefield.html"},{"name":"Interpolate Matrix(x)","type":"block","refpurpose":"与えられた入力に対する補間行列を返す","href":"interpolatematrixx.html"},{"name":"Interpolate Matrix(x,y)","type":"block","refpurpose":"与えられた入力に対する補間行列を返す","href":"interpolatematrixxy.html"},{"name":"Interpolate Matrix(x,y,z)","type":"block","refpurpose":"与えられた入力に対する補間行列を返す","href":"interpolatematrixxyz.html"},{"name":"Invert 3x3 Matrix","type":"block","refpurpose":"3行3列の行列の逆行列を計算する","href":"invert3x3matrix.html"},{"name":"ISA Atmosphere Model","type":"block","refpurpose":"International Standard Atmosphere（ISA）を実装する","href":"isaatmospheremodel.html"},{"name":"Julian Date Conversion","type":"block","refpurpose":"ユリウス日または修正ユリウス日を計算する","href":"juliandateconversion.html"},{"name":"Length Conversion","type":"block","refpurpose":"長さの単位を希望の長さの単位に変換する","href":"lengthconversion.html"},{"name":"linearizeAirframe","type":"function","fcntype":"simple","refpurpose":"動作点を中心に機体モデルを線形化する","href":"linearizeairframe.html"},{"name":"Linear Second-Order Actuator","type":"block","refpurpose":"2次リニアアクチュエータを実装する","href":"linearsecondorderactuator.html"},{"name":"LLA to ECEF Position","type":"block","refpurpose":"測地緯度、経度、惑星楕円体上の高度から地球中心の地球固定位置（ECEF）を計算します。","href":"llatoecefposition.html"},{"name":"LLA to ECI Position","type":"block","refpurpose":"緯度、経度、高度 (LLA) 座標を地心慣性 (ECI) 座標に変換します。","href":"llatoeciposition.html"},{"name":"LLA to Flat Earth","type":"block","refpurpose":"測地緯度、経度、高度から地球の平面位置を推定する","href":"llatoflatearth.html"},{"name":"Mach Number","type":"block","refpurpose":"速度と音速を使ってマッハ数を計算する","href":"machnumber.html"},{"name":"MATLAB Animation","type":"block","refpurpose":"6自由度のマルチボディカスタムジオメトリブロックを作成する","href":"matlabanimation.html"},{"name":"Moments about CG due to Forces","type":"block","refpurpose":"重心ではなく点に作用する力による重心のモーメントを計算します","href":"momentsaboutcgduetoforces.html"},{"name":"Multirotor","type":"block","refpurpose":"マルチプロペラダイナミクス","href":"multirotor.html"},{"name":"Nonlinear Second-Order Actuator","type":"block","refpurpose":"速度とたわみの制限を備えた2次アクチュエータを実装する","href":"nonlinearsecondorderactuator.html"},{"name":"NRLMSISE-00 Atmosphere Model","type":"block","refpurpose":"2001年米国海軍研究所質量分析計と非干渉散乱レーダー外気圏の数学的表現を実装する","href":"nrlmsise00atmospheremodel.html"},{"name":"Pilot Joystick","type":"block","refpurpose":"Windows プラットフォームにジョイスティック インターフェースを提供する","href":"pilotjoystick.html"},{"name":"Pilot Joystick All","type":"block","refpurpose":"Windows プラットフォームのすべての出力構成にジョイスティック インターフェイスを提供する","href":"pilotjoystickall.html"},{"name":"Planetary Ephemeris","type":"block","refpurpose":"天体の位置と速度を実装する","href":"planetaryephemeris.html"},{"name":"Precision Pilot Model","type":"block","refpurpose":"精密パイロットモデルを表現する","href":"precisionpilotmodel.html"},{"name":"Pressure Altitude","type":"block","refpurpose":"周囲気圧に基づいて気圧高度を計算する","href":"pressurealtitude.html"},{"name":"Pressure Conversion","type":"block","refpurpose":"圧力単位を希望の圧力単位に変換する","href":"pressureconversion.html"},{"name":"Quaternion Conjugate","type":"block","refpurpose":"四元数の共役を計算する","href":"quaternionconjugate.html"},{"name":"Quaternion Division","type":"block","refpurpose":"四元数を別の四元数で割る","href":"quaterniondivision.html"},{"name":"Quaternion Interpolation","type":"block","refpurpose":"2つの四元数間の四元数補間","href":"quaternioninterpolation.html"},{"name":"Quaternion Inverse","type":"block","refpurpose":"四元数の逆数を計算する","href":"quaternioninverse.html"},{"name":"Quaternion Modulus","type":"block","refpurpose":"四元数の係数を計算する","href":"quaternionmodulus.html"},{"name":"Quaternion Multiplication","type":"block","refpurpose":"2つの四元数の積を計算する","href":"quaternionmultiplication.html"},{"name":"Quaternion Norm","type":"block","refpurpose":"四元数のノルムを計算する","href":"quaternionnorm.html"},{"name":"Quaternion Normalize","type":"block","refpurpose":"四元数を正規化する","href":"quaternionnormalize.html"},{"name":"Quaternion Rotation","type":"block","refpurpose":"ベクトルを四元数で回転する","href":"quaternionrotation.html"},{"name":"Quaternions to Direction Cosine Matrix","type":"block","refpurpose":"四元数ベクトルを方向余弦行列に変換する","href":"quaternionstodirectioncosinematrix.html"},{"name":"Quaternions to Rodrigues","type":"block","refpurpose":"四元数をオイラー・ロドリゲス ベクトルに変換する","href":"quaternionstorodrigues.html"},{"name":"Quaternions to Rotation Angles","type":"block","refpurpose":"四元数から回転ベクトルを決定する","href":"quaternionstorotationangles.html"},{"name":"Radius at Geocentric Latitude","type":"block","refpurpose":"地心緯度における楕円体惑星の半径を推定する","href":"radiusatgeocentriclatitude.html"},{"name":"Receive net_ctrl Packet from FlightGear","type":"block","refpurpose":"FlightGearからnet_ctrlパケットを受信する","href":"receivenet_ctrlpacketfromflightgear.html"},{"name":"Relative Ratio","type":"block","refpurpose":"相対的な大気比を計算する","href":"relativeratio.html"},{"name":"Revolutions Per Minute (RPM) Indicator","type":"block","refpurpose":"エンジンの回転数（RPM）の測定値をRPMのパーセンテージで表示します。","href":"revolutionsperminuterpmindicator.html"},{"name":"Rodrigues to Direction Cosine Matrix","type":"block","refpurpose":"オイラー・ロドリゲスベクトルを方向余弦行列に変換する","href":"rodriguestodirectioncosinematrix.html"},{"name":"Rodrigues to Quaternions","type":"block","refpurpose":"オイラー・ロドリゲス ベクトルを四元数に変換する","href":"rodriguestoquaternions.html"},{"name":"Rodrigues to Rotation Angles","type":"block","refpurpose":"オイラー・ロドリゲスベクトルを回転角度に変換する","href":"rodriguestorotationangles.html"},{"name":"Rotation Angles to Direction Cosine Matrix","type":"block","refpurpose":"回転角度を方向余弦行列に変換する","href":"rotationanglestodirectioncosinematrix.html"},{"name":"Rotation Angles to Quaternions","type":"block","refpurpose":"回転角度から四元数を計算する","href":"rotationanglestoquaternions.html"},{"name":"Rotation Angles to Rodrigues","type":"block","refpurpose":"回転角度をオイラー・ロドリゲスベクトルに変換する","href":"rotationanglestorodrigues.html"},{"name":"Rotor","type":"block","refpurpose":"ローターダイナミクス","href":"rotor.html"},{"name":"Send net_fdm Packet to FlightGear","type":"block","refpurpose":"FlightGearセッションの宛先IPアドレスとポートにnet_fdmパケットを送信します","href":"sendnet_fdmpackettoflightgear.html"},{"name":"open","type":"function","fcntype":"instancemethod","refpurpose":"Unreal Editor を開く","href":"sim3d.editor.open.html"},{"name":"sim3d.Editor.open","type":"method","fcntype":"instancemethod","refpurpose":"Unreal Editor を開く","href":"sim3d.editor.open.html"},{"name":"sim3d.Editor","type":"object","refpurpose":"Unreal Engine プロジェクトへのインターフェース","href":"sim3d.editor.html"},{"name":"sim3d.Editor","type":"function","fcntype":"constructor","refpurpose":"Unreal Engine プロジェクトへのインターフェース","href":"sim3d.editor.html"},{"name":"sim3d.Editor.Uproject","type":"property","refpurpose":"プロジェクトのパスと名前","href":"sim3d.editor.html"},{"name":"sim3d.maps.Map.local","type":"function","fcntype":"instancemethod","refpurpose":"現地で入手可能な地図のリスト","href":"sim3d.map.sim3d.maps.map.local.html"},{"name":"sim3d.map.sim3d.maps.Map.local","type":"method","fcntype":"instancemethod","refpurpose":"現地で入手可能な地図のリスト","href":"sim3d.map.sim3d.maps.map.local.html"},{"name":"sim3d.maps.Map.server","type":"function","fcntype":"instancemethod","refpurpose":"サーバーからダウンロード可能なマップのリスト","href":"sim3d.map.sim3d.maps.map.server.html"},{"name":"sim3d.map.sim3d.maps.Map.server","type":"method","fcntype":"instancemethod","refpurpose":"サーバーからダウンロード可能なマップのリスト","href":"sim3d.map.sim3d.maps.map.server.html"},{"name":"Simulation Pace","type":"block","refpurpose":"アニメーション表示のシミュレーションレートを設定する","href":"simulationpace.html"},{"name":"Sky Hogg","type":"nonstandard","refpurpose":"スカイホッグ航空機","href":"skyhogg.html"},{"name":"Spherical Harmonic Gravity Model","type":"block","refpurpose":"惑星重力の球面調和関数表現を実装する","href":"sphericalharmonicgravitymodel.html"},{"name":"Symmetric Inertia Tensor","type":"block","refpurpose":"慣性モーメントと慣性乗積から慣性テンソルを作成する","href":"symmetricinertiatensor.html"},{"name":"Temperature Conversion","type":"block","refpurpose":"温度単位を希望の温度単位に変換する","href":"temperatureconversion.html"},{"name":"Three-axis Accelerometer","type":"block","refpurpose":"3軸加速度計を実装する","href":"threeaxisaccelerometer.html"},{"name":"Three-axis Gyroscope","type":"block","refpurpose":"3軸ジャイロスコープを実装する","href":"threeaxisgyroscope.html"},{"name":"Three-axis Inertial Measurement Unit","type":"block","refpurpose":"3軸慣性計測ユニット（IMU）を実装する","href":"threeaxisinertialmeasurementunit.html"},{"name":"trimAirframe","type":"function","fcntype":"simple","refpurpose":"動作点指定オブジェクトの周囲に機体をトリムする","href":"trimairframe.html"},{"name":"Turbofan Engine System","type":"block","refpurpose":"コントローラによるターボファンエンジンの一次表現の実装","href":"turbofanenginesystem.html"},{"name":"Turn Coordinator","type":"block","refpurpose":"ターンコーディネーターと傾斜計に測定値を表示","href":"turncoordinator.html"},{"name":"Tustin Pilot Model","type":"block","refpurpose":"タスティンのパイロットモデルを代表する","href":"tustinpilotmodel.html"},{"name":"Velocity Conversion","type":"block","refpurpose":"速度単位を希望の速度単位に変換する","href":"velocityconversion.html"},{"name":"Von Karman Wind Turbulence Model (Continuous)","type":"block","refpurpose":"フォン・カルマン速度スペクトルによる連続的な風の乱流を生成する","href":"vonkarmanwindturbulencemodelcontinuous.html"},{"name":"WGS84 Gravity Model","type":"block","refpurpose":"1984年世界測地系（WGS84）による地球の重力表現を実装する","href":"wgs84gravitymodel.html"},{"name":"Wind Angles to Direction Cosine Matrix","type":"block","refpurpose":"風向角を方向余弦行列に変換する","href":"windanglestodirectioncosinematrix.html"},{"name":"Wind Angular Rates","type":"block","refpurpose":"ボディ角速度、迎え角、横滑り角、迎え角の変化率、横滑りの変化率から風の角速度を計算します。","href":"windangularrates.html"},{"name":"Wind Shear Model","type":"block","refpurpose":"ウィンド シアー条件を計算する","href":"windshearmodel.html"},{"name":"World Magnetic Model","type":"block","refpurpose":"世界磁気モデルを使用して、特定の場所と時間における地球の磁場を計算します。","href":"worldmagneticmodel.html"},{"name":"Zonal Harmonic Gravity Model","type":"block","refpurpose":"惑星の重力の帯状調和表現を計算する","href":"zonalharmonicgravitymodel.html"}]}