{"schema":"referenceapi_lookup_schema.json","schemaVersion":"1.0","docVersion":"doc25a.2968260.Bdoc25a.2967890.pass.r2025a","productName":"Audio Toolbox","baseCode":"AU","helpFolder":"audio","helpLocation":"audio",  "refItems" : [{"name":"asiosettings","type":"function","fcntype":"simple","refpurpose":"ASIO 드라이버에 대한 설정 패널 열기","href":"ref\/asiosettings.html"},{"name":"audioDeviceReader","type":"function","fcntype":"constructor","refpurpose":"사운드 카드에서 녹음","href":"ref\/audiodevicereader-system-object.html"},{"name":"audioDeviceReader","type":"sysobj","refpurpose":"사운드 카드에서 녹음","href":"ref\/audiodevicereader-system-object.html"},{"name":"audioDeviceReader.Driver","type":"property","refpurpose":"오디오 장치에 액세스하는 데 사용되는 드라이버(Windows 전용)","href":"ref\/audiodevicereader-system-object.html"},{"name":"audioDeviceReader.Device","type":"property","refpurpose":"오디오 샘플을 수집하는 데 사용되는 장치","href":"ref\/audiodevicereader-system-object.html"},{"name":"audioDeviceReader.NumChannels","type":"property","refpurpose":"오디오 장치에서 수집하는 입력 채널의 개수","href":"ref\/audiodevicereader-system-object.html"},{"name":"audioDeviceReader.SamplesPerFrame","type":"property","refpurpose":"오디오 장치에서 읽어오는 프레임 크기","href":"ref\/audiodevicereader-system-object.html"},{"name":"audioDeviceReader.SampleRate","type":"property","refpurpose":"오디오 데이터를 수집하기 위해 장치에서 사용할 샘플 레이트(Hz)","href":"ref\/audiodevicereader-system-object.html"},{"name":"audioDeviceReader.BitDepth","type":"property","refpurpose":"오디오 데이터를 수집하기 위해 장치에서 사용할 데이터형","href":"ref\/audiodevicereader-system-object.html"},{"name":"audioDeviceReader.ChannelMappingSource","type":"property","refpurpose":"장치 채널과 출력 행렬 간 매핑의 소스","href":"ref\/audiodevicereader-system-object.html"},{"name":"audioDeviceReader.ChannelMapping","type":"property","refpurpose":"장치 채널과 출력 행렬 간 디폴트가 아닌 매핑","href":"ref\/audiodevicereader-system-object.html"},{"name":"audioDeviceReader.OutputDataType","type":"property","refpurpose":"출력값의 데이터형","href":"ref\/audiodevicereader-system-object.html"},{"name":"Audio Device Reader","type":"block","refpurpose":"사운드 카드에서 녹음","href":"ref\/audiodevicereader.html"},{"name":"getAudioDevices","type":"function","fcntype":"instancemethod","refpurpose":"사용 가능한 오디오 장치 나열","href":"ref\/audioplayerrecorder.getaudiodevices.html"},{"name":"audioPlayerRecorder.getAudioDevices","type":"method","fcntype":"instancemethod","refpurpose":"사용 가능한 오디오 장치 나열","href":"ref\/audioplayerrecorder.getaudiodevices.html"},{"name":"audioDeviceReader.getAudioDevices","type":"method","fcntype":"instancemethod","refpurpose":"사용 가능한 오디오 장치 나열","href":"ref\/audioplayerrecorder.getaudiodevices.html"},{"name":"audioDeviceWriter.getAudioDevices","type":"method","fcntype":"instancemethod","refpurpose":"사용 가능한 오디오 장치 나열","href":"ref\/audioplayerrecorder.getaudiodevices.html"},{"name":"Audio Viewer","type":"app","refpurpose":"오디오 신호 보기 및 재생","href":"ref\/audioviewer-app.html"},{"name":"audioViewer","type":"function","fcntype":"applauncher","refpurpose":"오디오 신호 보기 및 재생","href":"ref\/audioviewer-app.html"},{"name":"cost","type":"function","fcntype":"instancemethod","refpurpose":"오디오 System object의 구현 비용 추정","href":"ref\/crossoverfilter.cost.html"},{"name":"crossoverFilter.cost","type":"method","fcntype":"instancemethod","refpurpose":"오디오 System object의 구현 비용 추정","href":"ref\/crossoverfilter.cost.html"},{"name":"externalAudioPlugin.process","type":"method","fcntype":"instancemethod","refpurpose":"오디오 스트림 처리","href":"ref\/externalaudioplugin.process.html"},{"name":"Extract Audio Features","type":"liveeditortask","refpurpose":"라이브 편집기에서 오디오 특징 추출 간소화","href":"ref\/extractaudiofeatures.html"},{"name":"coeffs","type":"function","fcntype":"instancemethod","refpurpose":"필터 계수 가져오기","href":"ref\/gammatonefilterbank.coeffs.html"},{"name":"gammatoneFilterBank.coeffs","type":"method","fcntype":"instancemethod","refpurpose":"필터 계수 가져오기","href":"ref\/gammatonefilterbank.coeffs.html"},{"name":"octaveFilterBank.coeffs","type":"method","fcntype":"instancemethod","refpurpose":"필터 계수 가져오기","href":"ref\/gammatonefilterbank.coeffs.html"},{"name":"graphicEQ.coeffs","type":"method","fcntype":"instancemethod","refpurpose":"필터 계수 가져오기","href":"ref\/gammatonefilterbank.coeffs.html"},{"name":"hasdata","type":"function","fcntype":"simple","refpurpose":"데이터저장소에 데이터가 더 있으면 true 반환","href":"ref\/hasdata.html"},{"name":"melSpectrogram","type":"function","fcntype":"simple","refpurpose":"멜 스펙트로그램","href":"ref\/melspectrogram.html"},{"name":"mfcc","type":"function","fcntype":"simple","refpurpose":"오디오 신호의 MFCC, 로그 에너지, 델타, 델타-델타 추출","href":"ref\/mfcc.html"},{"name":"fvtool","type":"function","fcntype":"instancemethod","refpurpose":"(제거될 예정임) 필터 뱅크 시각화","href":"ref\/octavefilterbank.fvtool.html"},{"name":"octaveFilterBank.fvtool","type":"method","fcntype":"instancemethod","refpurpose":"(제거될 예정임) 필터 뱅크 시각화","href":"ref\/octavefilterbank.fvtool.html"},{"name":"gammatoneFilterBank.fvtool","type":"method","fcntype":"instancemethod","refpurpose":"(제거될 예정임) 필터 뱅크 시각화","href":"ref\/octavefilterbank.fvtool.html"},{"name":"pinknoise","type":"function","fcntype":"simple","refpurpose":"핑크 잡음 생성","href":"ref\/pinknoise.html"},{"name":"pitch","type":"function","fcntype":"simple","refpurpose":"오디오 신호의 기본주파수 추정","href":"ref\/pitch.html"},{"name":"visualize","type":"function","fcntype":"simple","refpurpose":"셸빙 필터의 크기 응답 시각화","href":"ref\/visualize.html"}]}