{"schema":"referenceapi_lookup_schema.json","schemaVersion":"1.0","docVersion":"doc25a.2968260.Bdoc25a.2967890.pass.r2025a","productName":"AUTOSAR Blockset","baseCode":"AS","helpFolder":"autosar","helpLocation":"autosar",  "refItems" : [{"name":"Adaptive Component","type":"block","refpurpose":"AUTOSAR アーキテクチャ モデルでの Adaptive ソフトウェア コンポーネントのモデル化","href":"ref\/adaptivecomponent.html"},{"name":"createCalibrationComponentObjects","type":"function","fcntype":"instancemethod","refpurpose":"AUTOSAR ARXML キャリブレーション コンポーネントからの Simulink キャリブレーション オブジェクトの作成","href":"ref\/arxml.importer.createcalibrationcomponentobjects.html"},{"name":"arxml.importer.createCalibrationComponentObjects","type":"method","fcntype":"instancemethod","refpurpose":"AUTOSAR ARXML キャリブレーション コンポーネントからの Simulink キャリブレーション オブジェクトの作成","href":"ref\/arxml.importer.createcalibrationcomponentobjects.html"},{"name":"createComponentAsModel","type":"function","fcntype":"instancemethod","refpurpose":"AUTOSAR ARXML アトミック ソフトウェア コンポーネントの Simulink 表現の作成","href":"ref\/arxml.importer.createcomponentasmodel.html"},{"name":"arxml.importer.createComponentAsModel","type":"method","fcntype":"instancemethod","refpurpose":"AUTOSAR ARXML アトミック ソフトウェア コンポーネントの Simulink 表現の作成","href":"ref\/arxml.importer.createcomponentasmodel.html"},{"name":"createCompositionAsModel","type":"function","fcntype":"instancemethod","refpurpose":"AUTOSAR ARXML ソフトウェア コンポジションの Simulink 表現の作成","href":"ref\/arxml.importer.createcompositionasmodel.html"},{"name":"arxml.importer.createCompositionAsModel","type":"method","fcntype":"instancemethod","refpurpose":"AUTOSAR ARXML ソフトウェア コンポジションの Simulink 表現の作成","href":"ref\/arxml.importer.createcompositionasmodel.html"},{"name":"getComponentNames","type":"function","fcntype":"instancemethod","refpurpose":"ARXML ファイルからの AUTOSAR ソフトウェア コンポーネント名の取得","href":"ref\/arxml.importer.getcomponentnames.html"},{"name":"arxml.importer.getComponentNames","type":"method","fcntype":"instancemethod","refpurpose":"ARXML ファイルからの AUTOSAR ソフトウェア コンポーネント名の取得","href":"ref\/arxml.importer.getcomponentnames.html"},{"name":"updateAUTOSARProperties","type":"function","fcntype":"instancemethod","refpurpose":"AUTOSAR 要素パッケージからの ARXML 定義を使用したモデルの更新","href":"ref\/arxml.importer.updateautosarproperties.html"},{"name":"arxml.importer.updateAUTOSARProperties","type":"method","fcntype":"instancemethod","refpurpose":"AUTOSAR 要素パッケージからの ARXML 定義を使用したモデルの更新","href":"ref\/arxml.importer.updateautosarproperties.html"},{"name":"updateModel","type":"function","fcntype":"instancemethod","refpurpose":"ARXML の変更内容の AUTOSAR モデルまたはアーキテクチャへの更新","href":"ref\/arxml.importer.updatemodel.html"},{"name":"arxml.importer.updateModel","type":"method","fcntype":"instancemethod","refpurpose":"ARXML の変更内容の AUTOSAR モデルまたはアーキテクチャへの更新","href":"ref\/arxml.importer.updatemodel.html"},{"name":"updateReferences","type":"function","fcntype":"instancemethod","refpurpose":"モデルへの AUTOSAR 参照要素の ARXML 定義の更新","deprecated":"true","href":"ref\/arxml.importer.updatereferences.html"},{"name":"arxml.importer.updateReferences","type":"method","fcntype":"instancemethod","refpurpose":"モデルへの AUTOSAR 参照要素の ARXML 定義の更新","deprecated":"true","href":"ref\/arxml.importer.updatereferences.html"},{"name":"arxml.importer","type":"function","fcntype":"constructor","refpurpose":"ソフトウェア コンポーネント、コンポジション、またはパッケージの AUTOSAR XML 記述のインポート","href":"ref\/arxml.importer.html"},{"name":"arxml.importer","type":"object","refpurpose":"ソフトウェア コンポーネント、コンポジション、またはパッケージの AUTOSAR XML 記述のインポート","href":"ref\/arxml.importer.html"},{"name":"autosar.api.create","type":"function","fcntype":"simple","refpurpose":"マッピングされた AUTOSAR コンポーネント モデルの作成と更新","href":"ref\/autosar.api.create.html"},{"name":"autosar.api.delete","type":"function","fcntype":"simple","refpurpose":"AUTOSAR プロパティと Simulink モデルのマッピングの削除","href":"ref\/autosar.api.delete.html"},{"name":"autosar.api.export","type":"function","fcntype":"simple","refpurpose":"AUTOSAR XML、ASAP2 ファイルのエクスポートとアーキテクチャ モデルからのコンポーネント コードの生成","deprecated":"true","href":"ref\/autosar.api.export.html"},{"name":"add","type":"function","fcntype":"instancemethod","refpurpose":"AUTOSAR 要素へのプロパティの追加","href":"ref\/autosar.api.getautosarproperties.add.html"},{"name":"autosar.api.getAUTOSARProperties.add","type":"method","fcntype":"instancemethod","refpurpose":"AUTOSAR 要素へのプロパティの追加","href":"ref\/autosar.api.getautosarproperties.add.html"},{"name":"addPackageableElement","type":"function","fcntype":"instancemethod","refpurpose":"モデルの AUTOSAR パッケージへの要素の追加","href":"ref\/autosar.api.getautosarproperties.addpackageableelement.html"},{"name":"autosar.api.getAUTOSARProperties.addPackageableElement","type":"method","fcntype":"instancemethod","refpurpose":"モデルの AUTOSAR パッケージへの要素の追加","href":"ref\/autosar.api.getautosarproperties.addpackageableelement.html"},{"name":"createEnumeration","type":"function","fcntype":"instancemethod","refpurpose":"インポートした AUTOSAR データ要素からの Simulink 列挙データ型定義の作成","href":"ref\/autosar.api.getautosarproperties.createenumeration.html"},{"name":"autosar.api.getAUTOSARProperties.createEnumeration","type":"method","fcntype":"instancemethod","refpurpose":"インポートした AUTOSAR データ要素からの Simulink 列挙データ型定義の作成","href":"ref\/autosar.api.getautosarproperties.createenumeration.html"},{"name":"createManifest","type":"function","fcntype":"instancemethod","refpurpose":"AUTOSAR Adaptive モデルのマニフェスト ファイルの作成","href":"ref\/autosar.api.getautosarproperties.createmanifest.html"},{"name":"autosar.api.getAUTOSARProperties.createManifest","type":"method","fcntype":"instancemethod","refpurpose":"AUTOSAR Adaptive モデルのマニフェスト ファイルの作成","href":"ref\/autosar.api.getautosarproperties.createmanifest.html"},{"name":"createNumericType","type":"function","fcntype":"instancemethod","refpurpose":"インポートした AUTOSAR データ要素からの Simulink 数値データ型定義の作成","href":"ref\/autosar.api.getautosarproperties.createnumerictype.html"},{"name":"autosar.api.getAUTOSARProperties.createNumericType","type":"method","fcntype":"instancemethod","refpurpose":"インポートした AUTOSAR データ要素からの Simulink 数値データ型定義の作成","href":"ref\/autosar.api.getautosarproperties.createnumerictype.html"},{"name":"delete","type":"function","fcntype":"instancemethod","refpurpose":"AUTOSAR 要素の削除","href":"ref\/autosar.api.getautosarproperties.delete.html"},{"name":"autosar.api.getAUTOSARProperties.delete","type":"method","fcntype":"instancemethod","refpurpose":"AUTOSAR 要素の削除","href":"ref\/autosar.api.getautosarproperties.delete.html"},{"name":"deleteUnmappedComponents","type":"function","fcntype":"instancemethod","refpurpose":"マッピングされていない AUTOSAR コンポーネントのモデルからの削除","href":"ref\/autosar.api.getautosarproperties.deleteunmappedcomponents.html"},{"name":"autosar.api.getAUTOSARProperties.deleteUnmappedComponents","type":"method","fcntype":"instancemethod","refpurpose":"マッピングされていない AUTOSAR コンポーネントのモデルからの削除","href":"ref\/autosar.api.getautosarproperties.deleteunmappedcomponents.html"},{"name":"find","type":"function","fcntype":"instancemethod","refpurpose":"AUTOSAR 要素の検索","href":"ref\/autosar.api.getautosarproperties.find.html"},{"name":"autosar.api.getAUTOSARProperties.find","type":"method","fcntype":"instancemethod","refpurpose":"AUTOSAR 要素の検索","href":"ref\/autosar.api.getautosarproperties.find.html"},{"name":"get","type":"function","fcntype":"instancemethod","refpurpose":"AUTOSAR 要素のプロパティの取得","href":"ref\/autosar.api.getautosarproperties.get.html"},{"name":"autosar.api.getAUTOSARProperties.get","type":"method","fcntype":"instancemethod","refpurpose":"AUTOSAR 要素のプロパティの取得","href":"ref\/autosar.api.getautosarproperties.get.html"},{"name":"set","type":"function","fcntype":"instancemethod","refpurpose":"AUTOSAR 要素のプロパティの設定","href":"ref\/autosar.api.getautosarproperties.set.html"},{"name":"autosar.api.getAUTOSARProperties.set","type":"method","fcntype":"instancemethod","refpurpose":"AUTOSAR 要素のプロパティの設定","href":"ref\/autosar.api.getautosarproperties.set.html"},{"name":"autosar.api.getAUTOSARProperties","type":"function","fcntype":"constructor","refpurpose":"AUTOSAR ソフトウェア コンポーネントの要素とプロパティをプログラムで構成","href":"ref\/autosar.api.getautosarproperties.html"},{"name":"autosar.api.getAUTOSARProperties","type":"object","refpurpose":"AUTOSAR ソフトウェア コンポーネントの要素とプロパティをプログラムで構成","href":"ref\/autosar.api.getautosarproperties.html"},{"name":"addSignal","type":"function","fcntype":"instancemethod","refpurpose":"Simulink ブロック信号を AUTOSAR マッピングに追加する","href":"ref\/autosar.api.getsimulinkmapping.addsignal.html"},{"name":"autosar.api.getSimulinkMapping.addSignal","type":"method","fcntype":"instancemethod","refpurpose":"Simulink ブロック信号を AUTOSAR マッピングに追加する","href":"ref\/autosar.api.getsimulinkmapping.addsignal.html"},{"name":"find","type":"function","fcntype":"instancemethod","refpurpose":"AUTOSAR 要素の検索","href":"ref\/autosar.api.getsimulinkmapping.find.html"},{"name":"autosar.api.getSimulinkMapping.find","type":"method","fcntype":"instancemethod","refpurpose":"AUTOSAR 要素の検索","href":"ref\/autosar.api.getsimulinkmapping.find.html"},{"name":"getClassName","type":"function","fcntype":"instancemethod","refpurpose":"モデルのクラス名の取得","href":"ref\/autosar.api.getsimulinkmapping.getclassname.html"},{"name":"autosar.api.getSimulinkMapping.getClassName","type":"method","fcntype":"instancemethod","refpurpose":"モデルのクラス名の取得","href":"ref\/autosar.api.getsimulinkmapping.getclassname.html"},{"name":"getClassNamespace","type":"function","fcntype":"instancemethod","refpurpose":"モデルのクラス名前空間の取得","href":"ref\/autosar.api.getsimulinkmapping.getclassnamespace.html"},{"name":"autosar.api.getSimulinkMapping.getClassNamespace","type":"method","fcntype":"instancemethod","refpurpose":"モデルのクラス名前空間の取得","href":"ref\/autosar.api.getsimulinkmapping.getclassnamespace.html"},{"name":"getDataStore","type":"function","fcntype":"instancemethod","refpurpose":"Simulink データ ストアの AUTOSAR マッピング情報の取得","href":"ref\/autosar.api.getsimulinkmapping.getdatastore.html"},{"name":"autosar.api.getSimulinkMapping.getDataStore","type":"method","fcntype":"instancemethod","refpurpose":"Simulink データ ストアの AUTOSAR マッピング情報の取得","href":"ref\/autosar.api.getsimulinkmapping.getdatastore.html"},{"name":"getDataTransfer","type":"function","fcntype":"instancemethod","refpurpose":"Simulink データ転送の AUTOSAR マッピング情報の取得","href":"ref\/autosar.api.getsimulinkmapping.getdatatransfer.html"},{"name":"autosar.api.getSimulinkMapping.getDataTransfer","type":"method","fcntype":"instancemethod","refpurpose":"Simulink データ転送の AUTOSAR マッピング情報の取得","href":"ref\/autosar.api.getsimulinkmapping.getdatatransfer.html"},{"name":"getFunction","type":"function","fcntype":"instancemethod","refpurpose":"Simulink エントリポイント関数の AUTOSAR マッピング情報の取得","href":"ref\/autosar.api.getsimulinkmapping.getfunction.html"},{"name":"autosar.api.getSimulinkMapping.getFunction","type":"method","fcntype":"instancemethod","refpurpose":"Simulink エントリポイント関数の AUTOSAR マッピング情報の取得","href":"ref\/autosar.api.getsimulinkmapping.getfunction.html"},{"name":"getFunctionCaller","type":"function","fcntype":"instancemethod","refpurpose":"Simulink Function Caller ブロックの AUTOSAR マッピング情報の取得","href":"ref\/autosar.api.getsimulinkmapping.getfunctioncaller.html"},{"name":"autosar.api.getSimulinkMapping.getFunctionCaller","type":"method","fcntype":"instancemethod","refpurpose":"Simulink Function Caller ブロックの AUTOSAR マッピング情報の取得","href":"ref\/autosar.api.getsimulinkmapping.getfunctioncaller.html"},{"name":"getInport","type":"function","fcntype":"instancemethod","refpurpose":"Simulink 入力端子に関する AUTOSAR マッピング情報の取得","href":"ref\/autosar.api.getsimulinkmapping.getinport.html"},{"name":"autosar.api.getSimulinkMapping.getInport","type":"method","fcntype":"instancemethod","refpurpose":"Simulink 入力端子に関する AUTOSAR マッピング情報の取得","href":"ref\/autosar.api.getsimulinkmapping.getinport.html"},{"name":"getInternalDataPackaging","type":"function","fcntype":"instancemethod","refpurpose":"AUTOSAR コンポーネント モデルに対する内部データの既定パッケージ化の取得","href":"ref\/autosar.api.getsimulinkmapping.getinternaldatapackaging.html"},{"name":"autosar.api.getSimulinkMapping.getInternalDataPackaging","type":"method","fcntype":"instancemethod","refpurpose":"AUTOSAR コンポーネント モデルに対する内部データの既定パッケージ化の取得","href":"ref\/autosar.api.getsimulinkmapping.getinternaldatapackaging.html"},{"name":"getLookupTable","type":"function","fcntype":"instancemethod","refpurpose":"Simulink ベース ワークスペース ルックアップ テーブルまたはブレークポイント オブジェクトに関する AUTOSAR マッピング情報の取得","href":"ref\/autosar.api.getsimulinkmapping.getlookuptable.html"},{"name":"autosar.api.getSimulinkMapping.getLookupTable","type":"method","fcntype":"instancemethod","refpurpose":"Simulink ベース ワークスペース ルックアップ テーブルまたはブレークポイント オブジェクトに関する AUTOSAR マッピング情報の取得","href":"ref\/autosar.api.getsimulinkmapping.getlookuptable.html"},{"name":"getOutport","type":"function","fcntype":"instancemethod","refpurpose":"Simulink 出力端子に関する AUTOSAR マッピング情報の取得","href":"ref\/autosar.api.getsimulinkmapping.getoutport.html"},{"name":"autosar.api.getSimulinkMapping.getOutport","type":"method","fcntype":"instancemethod","refpurpose":"Simulink 出力端子に関する AUTOSAR マッピング情報の取得","href":"ref\/autosar.api.getsimulinkmapping.getoutport.html"},{"name":"getParameter","type":"function","fcntype":"instancemethod","refpurpose":"Simulink モデル ワークスペース パラメーターに関する AUTOSAR マッピング情報の取得","href":"ref\/autosar.api.getsimulinkmapping.getparameter.html"},{"name":"autosar.api.getSimulinkMapping.getParameter","type":"method","fcntype":"instancemethod","refpurpose":"Simulink モデル ワークスペース パラメーターに関する AUTOSAR マッピング情報の取得","href":"ref\/autosar.api.getsimulinkmapping.getparameter.html"},{"name":"getSignal","type":"function","fcntype":"instancemethod","refpurpose":"Simulink ブロック信号に関する AUTOSAR マッピング情報の取得","href":"ref\/autosar.api.getsimulinkmapping.getsignal.html"},{"name":"autosar.api.getSimulinkMapping.getSignal","type":"method","fcntype":"instancemethod","refpurpose":"Simulink ブロック信号に関する AUTOSAR マッピング情報の取得","href":"ref\/autosar.api.getsimulinkmapping.getsignal.html"},{"name":"getState","type":"function","fcntype":"instancemethod","refpurpose":"Simulink ブロック状態の AUTOSAR マッピング情報の取得","href":"ref\/autosar.api.getsimulinkmapping.getstate.html"},{"name":"autosar.api.getSimulinkMapping.getState","type":"method","fcntype":"instancemethod","refpurpose":"Simulink ブロック状態の AUTOSAR マッピング情報の取得","href":"ref\/autosar.api.getsimulinkmapping.getstate.html"},{"name":"mapDataStore","type":"function","fcntype":"instancemethod","refpurpose":"Simulink データ ストアの AUTOSAR 変数へのマッピング","href":"ref\/autosar.api.getsimulinkmapping.mapdatastore.html"},{"name":"autosar.api.getSimulinkMapping.mapDataStore","type":"method","fcntype":"instancemethod","refpurpose":"Simulink データ ストアの AUTOSAR 変数へのマッピング","href":"ref\/autosar.api.getsimulinkmapping.mapdatastore.html"},{"name":"mapDataTransfer","type":"function","fcntype":"instancemethod","refpurpose":"Simulink データ転送の AUTOSAR インターランナブル変数へのマッピング","href":"ref\/autosar.api.getsimulinkmapping.mapdatatransfer.html"},{"name":"autosar.api.getSimulinkMapping.mapDataTransfer","type":"method","fcntype":"instancemethod","refpurpose":"Simulink データ転送の AUTOSAR インターランナブル変数へのマッピング","href":"ref\/autosar.api.getsimulinkmapping.mapdatatransfer.html"},{"name":"mapFunction","type":"function","fcntype":"instancemethod","refpurpose":"Simulink エントリポイント関数を AUTOSAR ランナブルおよびソフトウェアのアドレス メソッドにマッピング","href":"ref\/autosar.api.getsimulinkmapping.mapfunction.html"},{"name":"autosar.api.getSimulinkMapping.mapFunction","type":"method","fcntype":"instancemethod","refpurpose":"Simulink エントリポイント関数を AUTOSAR ランナブルおよびソフトウェアのアドレス メソッドにマッピング","href":"ref\/autosar.api.getsimulinkmapping.mapfunction.html"},{"name":"mapFunctionCaller","type":"function","fcntype":"instancemethod","refpurpose":"Simulink Function Caller ブロックを AUTOSAR のクライアント ポートとオペレーションにマッピング","href":"ref\/autosar.api.getsimulinkmapping.mapfunctioncaller.html"},{"name":"autosar.api.getSimulinkMapping.mapFunctionCaller","type":"method","fcntype":"instancemethod","refpurpose":"Simulink Function Caller ブロックを AUTOSAR のクライアント ポートとオペレーションにマッピング","href":"ref\/autosar.api.getsimulinkmapping.mapfunctioncaller.html"},{"name":"mapInport","type":"function","fcntype":"instancemethod","refpurpose":"Simulink 入力端子を AUTOSAR ポートにマッピング","href":"ref\/autosar.api.getsimulinkmapping.mapinport.html"},{"name":"autosar.api.getSimulinkMapping.mapInport","type":"method","fcntype":"instancemethod","refpurpose":"Simulink 入力端子を AUTOSAR ポートにマッピング","href":"ref\/autosar.api.getsimulinkmapping.mapinport.html"},{"name":"mapLookupTable","type":"function","fcntype":"instancemethod","refpurpose":"Simulink ベース ワークスペース ルックアップ テーブルまたはブレークポイント オブジェクトから AUTOSAR パラメーターへのマッピング","href":"ref\/autosar.api.getsimulinkmapping.maplookuptable.html"},{"name":"autosar.api.getSimulinkMapping.mapLookupTable","type":"method","fcntype":"instancemethod","refpurpose":"Simulink ベース ワークスペース ルックアップ テーブルまたはブレークポイント オブジェクトから AUTOSAR パラメーターへのマッピング","href":"ref\/autosar.api.getsimulinkmapping.maplookuptable.html"},{"name":"mapOutport","type":"function","fcntype":"instancemethod","refpurpose":"Simulink 出力端子を AUTOSAR ポートにマッピング","href":"ref\/autosar.api.getsimulinkmapping.mapoutport.html"},{"name":"autosar.api.getSimulinkMapping.mapOutport","type":"method","fcntype":"instancemethod","refpurpose":"Simulink 出力端子を AUTOSAR ポートにマッピング","href":"ref\/autosar.api.getsimulinkmapping.mapoutport.html"},{"name":"mapParameter","type":"function","fcntype":"instancemethod","refpurpose":"Simulink モデル ワークスペース パラメーターを AUTOSAR コンポーネントパラメーターにマッピング","href":"ref\/autosar.api.getsimulinkmapping.mapparameter.html"},{"name":"autosar.api.getSimulinkMapping.mapParameter","type":"method","fcntype":"instancemethod","refpurpose":"Simulink モデル ワークスペース パラメーターを AUTOSAR コンポーネントパラメーターにマッピング","href":"ref\/autosar.api.getsimulinkmapping.mapparameter.html"},{"name":"mapSignal","type":"function","fcntype":"instancemethod","refpurpose":"Simulink ブロック信号を AUTOSAR 変数にマッピング","href":"ref\/autosar.api.getsimulinkmapping.mapsignal.html"},{"name":"autosar.api.getSimulinkMapping.mapSignal","type":"method","fcntype":"instancemethod","refpurpose":"Simulink ブロック信号を AUTOSAR 変数にマッピング","href":"ref\/autosar.api.getsimulinkmapping.mapsignal.html"},{"name":"mapState","type":"function","fcntype":"instancemethod","refpurpose":"Simulink ブロック状態を AUTOSAR 変数にマッピング","href":"ref\/autosar.api.getsimulinkmapping.mapstate.html"},{"name":"autosar.api.getSimulinkMapping.mapState","type":"method","fcntype":"instancemethod","refpurpose":"Simulink ブロック状態を AUTOSAR 変数にマッピング","href":"ref\/autosar.api.getsimulinkmapping.mapstate.html"},{"name":"removeSignal","type":"function","fcntype":"instancemethod","refpurpose":"AUTOSAR マッピングから Simulink ブロック信号を削除","href":"ref\/autosar.api.getsimulinkmapping.removesignal.html"},{"name":"autosar.api.getSimulinkMapping.removeSignal","type":"method","fcntype":"instancemethod","refpurpose":"AUTOSAR マッピングから Simulink ブロック信号を削除","href":"ref\/autosar.api.getsimulinkmapping.removesignal.html"},{"name":"setClassName","type":"function","fcntype":"instancemethod","refpurpose":"モデルのクラス名の設定","href":"ref\/autosar.api.getsimulinkmapping.setclassname.html"},{"name":"autosar.api.getSimulinkMapping.setClassName","type":"method","fcntype":"instancemethod","refpurpose":"モデルのクラス名の設定","href":"ref\/autosar.api.getsimulinkmapping.setclassname.html"},{"name":"setClassNamespace","type":"function","fcntype":"instancemethod","refpurpose":"モデルのクラス名前空間の設定","href":"ref\/autosar.api.getsimulinkmapping.setclassnamespace.html"},{"name":"autosar.api.getSimulinkMapping.setClassNamespace","type":"method","fcntype":"instancemethod","refpurpose":"モデルのクラス名前空間の設定","href":"ref\/autosar.api.getsimulinkmapping.setclassnamespace.html"},{"name":"setInternalDataPackaging","type":"function","fcntype":"instancemethod","refpurpose":"AUTOSAR コンポーネント モデルに対する内部データの既定パッケージ化の設定","href":"ref\/autosar.api.getsimulinkmapping.setinternaldatapackaging.html"},{"name":"autosar.api.getSimulinkMapping.setInternalDataPackaging","type":"method","fcntype":"instancemethod","refpurpose":"AUTOSAR コンポーネント モデルに対する内部データの既定パッケージ化の設定","href":"ref\/autosar.api.getsimulinkmapping.setinternaldatapackaging.html"},{"name":"autosar.api.getSimulinkMapping","type":"function","fcntype":"constructor","refpurpose":"Simulink 要素の AUTOSAR 要素へのマッピング","href":"ref\/autosar.api.getsimulinkmapping.html"},{"name":"autosar.api.getSimulinkMapping","type":"object","refpurpose":"Simulink 要素の AUTOSAR 要素へのマッピング","href":"ref\/autosar.api.getsimulinkmapping.html"},{"name":"autosar.api.syncModel","type":"function","fcntype":"simple","refpurpose":"モデルの Simulink から AUTOSAR へのマッピングを Simulink の変更に合わせて更新","href":"ref\/autosar.api.syncmodel.html"},{"name":"autosar.api.validateModel","type":"function","fcntype":"simple","refpurpose":"Simulink モデルの AUTOSAR プロパティとマッピングの検証","href":"ref\/autosar.api.validatemodel.html"},{"name":"destroy","type":"function","fcntype":"instancemethod","refpurpose":"AUTOSAR アーキテクチャ要素の削除","href":"ref\/autosar.arch.archport.destroy.html"},{"name":"autosar.arch.ArchPort.destroy","type":"method","fcntype":"instancemethod","refpurpose":"AUTOSAR アーキテクチャ要素の削除","href":"ref\/autosar.arch.archport.destroy.html"},{"name":"autosar.arch.CompPort.destroy","type":"method","fcntype":"instancemethod","refpurpose":"AUTOSAR アーキテクチャ要素の削除","href":"ref\/autosar.arch.archport.destroy.html"},{"name":"autosar.arch.Component.destroy","type":"method","fcntype":"instancemethod","refpurpose":"AUTOSAR アーキテクチャ要素の削除","href":"ref\/autosar.arch.archport.destroy.html"},{"name":"autosar.arch.Composition.destroy","type":"method","fcntype":"instancemethod","refpurpose":"AUTOSAR アーキテクチャ要素の削除","href":"ref\/autosar.arch.archport.destroy.html"},{"name":"autosar.arch.Connector.destroy","type":"method","fcntype":"instancemethod","refpurpose":"AUTOSAR アーキテクチャ要素の削除","href":"ref\/autosar.arch.archport.destroy.html"},{"name":"autosar.arch.ParameterComponent.destroy","type":"method","fcntype":"instancemethod","refpurpose":"AUTOSAR アーキテクチャ要素の削除","href":"ref\/autosar.arch.archport.destroy.html"},{"name":"autosar.arch.ParameterPort.destroy","type":"method","fcntype":"instancemethod","refpurpose":"AUTOSAR アーキテクチャ要素の削除","href":"ref\/autosar.arch.archport.destroy.html"},{"name":"createModel","type":"function","fcntype":"instancemethod","refpurpose":"AUTOSAR アーキテクチャ コンポーネントまたはコンポジションの Simulink 実装モデルの作成","href":"ref\/autosar.arch.component.createmodel.html"},{"name":"autosar.arch.Component.createModel","type":"method","fcntype":"instancemethod","refpurpose":"AUTOSAR アーキテクチャ コンポーネントまたはコンポジションの Simulink 実装モデルの作成","href":"ref\/autosar.arch.component.createmodel.html"},{"name":"linkToModel","type":"function","fcntype":"instancemethod","refpurpose":"AUTOSAR アーキテクチャ コンポーネントまたはコンポジションの Simulink 実装モデルへのリンク","href":"ref\/autosar.arch.component.linktomodel.html"},{"name":"autosar.arch.Component.linkToModel","type":"method","fcntype":"instancemethod","refpurpose":"AUTOSAR アーキテクチャ コンポーネントまたはコンポジションの Simulink 実装モデルへのリンク","href":"ref\/autosar.arch.component.linktomodel.html"},{"name":"autosar.arch.Composition.linkToModel","type":"method","fcntype":"instancemethod","refpurpose":"AUTOSAR アーキテクチャ コンポーネントまたはコンポジションの Simulink 実装モデルへのリンク","href":"ref\/autosar.arch.component.linktomodel.html"},{"name":"importFromARXML","type":"function","fcntype":"instancemethod","refpurpose":"ARXML ファイルから AUTOSAR アーキテクチャ モデルにコンポジションをインポートする","href":"ref\/autosar.arch.composition.model.importfromarxml.html"},{"name":"autosar.arch.composition.Model.importFromARXML","type":"method","fcntype":"instancemethod","refpurpose":"ARXML ファイルから AUTOSAR アーキテクチャ モデルにコンポジションをインポートする","href":"ref\/autosar.arch.composition.model.importfromarxml.html"},{"name":"autosar.arch.createModel","type":"function","fcntype":"simple","refpurpose":"AUTOSAR アーキテクチャ モデルの作成","href":"ref\/autosar.arch.createmodel.html"},{"name":"autosar.arch.loadModel","type":"function","fcntype":"simple","refpurpose":"AUTOSAR アーキテクチャ モデルの読み込み","href":"ref\/autosar.arch.loadmodel.html"},{"name":"addBSWService","type":"function","fcntype":"instancemethod","refpurpose":"基本ソフトウェア コンポーネントの AUTOSAR Classic アーキテクチャ モデルへの追加","href":"ref\/autosar.arch.model.addbswservice.html"},{"name":"autosar.arch.Model.addBSWService","type":"method","fcntype":"instancemethod","refpurpose":"基本ソフトウェア コンポーネントの AUTOSAR Classic アーキテクチャ モデルへの追加","href":"ref\/autosar.arch.model.addbswservice.html"},{"name":"autosar.arch.Composition.addBSWService","type":"method","fcntype":"instancemethod","refpurpose":"基本ソフトウェア コンポーネントの AUTOSAR Classic アーキテクチャ モデルへの追加","href":"ref\/autosar.arch.model.addbswservice.html"},{"name":"addComponent","type":"function","fcntype":"instancemethod","refpurpose":"AUTOSAR アーキテクチャ モデルへのコンポーネントの追加","href":"ref\/autosar.arch.model.addcomponent.html"},{"name":"autosar.arch.Model.addComponent","type":"method","fcntype":"instancemethod","refpurpose":"AUTOSAR アーキテクチャ モデルへのコンポーネントの追加","href":"ref\/autosar.arch.model.addcomponent.html"},{"name":"autosar.arch.Composition.addComponent","type":"method","fcntype":"instancemethod","refpurpose":"AUTOSAR アーキテクチャ モデルへのコンポーネントの追加","href":"ref\/autosar.arch.model.addcomponent.html"},{"name":"addComposition","type":"function","fcntype":"instancemethod","refpurpose":"AUTOSAR アーキテクチャ モデルへのコンポジションの追加","href":"ref\/autosar.arch.model.addcomposition.html"},{"name":"autosar.arch.Model.addComposition","type":"method","fcntype":"instancemethod","refpurpose":"AUTOSAR アーキテクチャ モデルへのコンポジションの追加","href":"ref\/autosar.arch.model.addcomposition.html"},{"name":"autosar.arch.Composition.addComposition","type":"method","fcntype":"instancemethod","refpurpose":"AUTOSAR アーキテクチャ モデルへのコンポジションの追加","href":"ref\/autosar.arch.model.addcomposition.html"},{"name":"addPort","type":"function","fcntype":"instancemethod","refpurpose":"ポートの AUTOSAR コンポーネント、コンポジションまたはアーキテクチャ モデルへの追加","href":"ref\/autosar.arch.model.addport.html"},{"name":"autosar.arch.Model.addPort","type":"method","fcntype":"instancemethod","refpurpose":"ポートの AUTOSAR コンポーネント、コンポジションまたはアーキテクチャ モデルへの追加","href":"ref\/autosar.arch.model.addport.html"},{"name":"autosar.arch.Component.addPort","type":"method","fcntype":"instancemethod","refpurpose":"ポートの AUTOSAR コンポーネント、コンポジションまたはアーキテクチャ モデルへの追加","href":"ref\/autosar.arch.model.addport.html"},{"name":"autosar.arch.Composition.addPort","type":"method","fcntype":"instancemethod","refpurpose":"ポートの AUTOSAR コンポーネント、コンポジションまたはアーキテクチャ モデルへの追加","href":"ref\/autosar.arch.model.addport.html"},{"name":"close","type":"function","fcntype":"instancemethod","refpurpose":"AUTOSAR アーキテクチャ モデルを閉じる","href":"ref\/autosar.arch.model.close.html"},{"name":"autosar.arch.Model.close","type":"method","fcntype":"instancemethod","refpurpose":"AUTOSAR アーキテクチャ モデルを閉じる","href":"ref\/autosar.arch.model.close.html"},{"name":"connect","type":"function","fcntype":"instancemethod","refpurpose":"AUTOSAR アーキテクチャ コンポーネントとコンポジションの接続","href":"ref\/autosar.arch.model.connect.html"},{"name":"autosar.arch.Model.connect","type":"method","fcntype":"instancemethod","refpurpose":"AUTOSAR アーキテクチャ コンポーネントとコンポジションの接続","href":"ref\/autosar.arch.model.connect.html"},{"name":"autosar.arch.Composition.connect","type":"method","fcntype":"instancemethod","refpurpose":"AUTOSAR アーキテクチャ コンポーネントとコンポジションの接続","href":"ref\/autosar.arch.model.connect.html"},{"name":"export","type":"function","fcntype":"instancemethod","refpurpose":"AUTOSAR Blockset アーキテクチャ モデルから ARXML ファイルおよび ASAP2 ファイルをエクスポートしてコンポーネント コードを生成","href":"ref\/autosar.arch.model.export.html"},{"name":"autosar.arch.Model.export","type":"method","fcntype":"instancemethod","refpurpose":"AUTOSAR Blockset アーキテクチャ モデルから ARXML ファイルおよび ASAP2 ファイルをエクスポートしてコンポーネント コードを生成","href":"ref\/autosar.arch.model.export.html"},{"name":"autosar.arch.Component.export","type":"method","fcntype":"instancemethod","refpurpose":"AUTOSAR Blockset アーキテクチャ モデルから ARXML ファイルおよび ASAP2 ファイルをエクスポートしてコンポーネント コードを生成","href":"ref\/autosar.arch.model.export.html"},{"name":"autosar.arch.Composition.export","type":"method","fcntype":"instancemethod","refpurpose":"AUTOSAR Blockset アーキテクチャ モデルから ARXML ファイルおよび ASAP2 ファイルをエクスポートしてコンポーネント コードを生成","href":"ref\/autosar.arch.model.export.html"},{"name":"find","type":"function","fcntype":"instancemethod","refpurpose":"AUTOSAR アーキテクチャ要素の検索","href":"ref\/autosar.arch.model.find.html"},{"name":"autosar.arch.Model.find","type":"method","fcntype":"instancemethod","refpurpose":"AUTOSAR アーキテクチャ要素の検索","href":"ref\/autosar.arch.model.find.html"},{"name":"autosar.arch.Component.find","type":"method","fcntype":"instancemethod","refpurpose":"AUTOSAR アーキテクチャ要素の検索","href":"ref\/autosar.arch.model.find.html"},{"name":"autosar.arch.Composition.find","type":"method","fcntype":"instancemethod","refpurpose":"AUTOSAR アーキテクチャ要素の検索","href":"ref\/autosar.arch.model.find.html"},{"name":"get","type":"function","fcntype":"instancemethod","refpurpose":"AUTOSAR アーキテクチャ要素のプロパティの取得","href":"ref\/autosar.arch.model.get.html"},{"name":"autosar.arch.Model.get","type":"method","fcntype":"instancemethod","refpurpose":"AUTOSAR アーキテクチャ要素のプロパティの取得","href":"ref\/autosar.arch.model.get.html"},{"name":"autosar.arch.ArchPort.get","type":"method","fcntype":"instancemethod","refpurpose":"AUTOSAR アーキテクチャ要素のプロパティの取得","href":"ref\/autosar.arch.model.get.html"},{"name":"autosar.arch.CompPort.get","type":"method","fcntype":"instancemethod","refpurpose":"AUTOSAR アーキテクチャ要素のプロパティの取得","href":"ref\/autosar.arch.model.get.html"},{"name":"autosar.arch.Component.get","type":"method","fcntype":"instancemethod","refpurpose":"AUTOSAR アーキテクチャ要素のプロパティの取得","href":"ref\/autosar.arch.model.get.html"},{"name":"autosar.arch.Composition.get","type":"method","fcntype":"instancemethod","refpurpose":"AUTOSAR アーキテクチャ要素のプロパティの取得","href":"ref\/autosar.arch.model.get.html"},{"name":"autosar.arch.Connector.get","type":"method","fcntype":"instancemethod","refpurpose":"AUTOSAR アーキテクチャ要素のプロパティの取得","href":"ref\/autosar.arch.model.get.html"},{"name":"getXmlOptions","type":"function","fcntype":"instancemethod","refpurpose":"AUTOSAR アーキテクチャ モデルの XML オプションの取得","href":"ref\/autosar.arch.model.getxmloptions.html"},{"name":"autosar.arch.Model.getXmlOptions","type":"method","fcntype":"instancemethod","refpurpose":"AUTOSAR アーキテクチャ モデルの XML オプションの取得","href":"ref\/autosar.arch.model.getxmloptions.html"},{"name":"layout","type":"function","fcntype":"instancemethod","refpurpose":"ヒューリスティックに基づいた AUTOSAR コンポジションまたはアーキテクチャ モデルの調整","href":"ref\/autosar.arch.model.layout.html"},{"name":"autosar.arch.Model.layout","type":"method","fcntype":"instancemethod","refpurpose":"ヒューリスティックに基づいた AUTOSAR コンポジションまたはアーキテクチャ モデルの調整","href":"ref\/autosar.arch.model.layout.html"},{"name":"autosar.arch.Composition.layout","type":"method","fcntype":"instancemethod","refpurpose":"ヒューリスティックに基づいた AUTOSAR コンポジションまたはアーキテクチャ モデルの調整","href":"ref\/autosar.arch.model.layout.html"},{"name":"linkDictionary","type":"function","fcntype":"instancemethod","refpurpose":"AUTOSAR アーキテクチャ モデルへのデータ ディクショナリのリンク","href":"ref\/autosar.arch.model.linkdictionary.html"},{"name":"autosar.arch.Model.linkDictionary","type":"method","fcntype":"instancemethod","refpurpose":"AUTOSAR アーキテクチャ モデルへのデータ ディクショナリのリンク","href":"ref\/autosar.arch.model.linkdictionary.html"},{"name":"open","type":"function","fcntype":"instancemethod","refpurpose":"AUTOSAR アーキテクチャ モデルを開く","href":"ref\/autosar.arch.model.open.html"},{"name":"autosar.arch.Model.open","type":"method","fcntype":"instancemethod","refpurpose":"AUTOSAR アーキテクチャ モデルを開く","href":"ref\/autosar.arch.model.open.html"},{"name":"save","type":"function","fcntype":"instancemethod","refpurpose":"AUTOSAR アーキテクチャ モデルの保存","href":"ref\/autosar.arch.model.save.html"},{"name":"autosar.arch.Model.save","type":"method","fcntype":"instancemethod","refpurpose":"AUTOSAR アーキテクチャ モデルの保存","href":"ref\/autosar.arch.model.save.html"},{"name":"set","type":"function","fcntype":"instancemethod","refpurpose":"AUTOSAR アーキテクチャ要素のプロパティの設定","href":"ref\/autosar.arch.model.set.html"},{"name":"autosar.arch.Model.set","type":"method","fcntype":"instancemethod","refpurpose":"AUTOSAR アーキテクチャ要素のプロパティの設定","href":"ref\/autosar.arch.model.set.html"},{"name":"autosar.arch.ArchPort.set","type":"method","fcntype":"instancemethod","refpurpose":"AUTOSAR アーキテクチャ要素のプロパティの設定","href":"ref\/autosar.arch.model.set.html"},{"name":"autosar.arch.CompPort.set","type":"method","fcntype":"instancemethod","refpurpose":"AUTOSAR アーキテクチャ要素のプロパティの設定","href":"ref\/autosar.arch.model.set.html"},{"name":"autosar.arch.Component.set","type":"method","fcntype":"instancemethod","refpurpose":"AUTOSAR アーキテクチャ要素のプロパティの設定","href":"ref\/autosar.arch.model.set.html"},{"name":"autosar.arch.Composition.set","type":"method","fcntype":"instancemethod","refpurpose":"AUTOSAR アーキテクチャ要素のプロパティの設定","href":"ref\/autosar.arch.model.set.html"},{"name":"autosar.arch.Connector.set","type":"method","fcntype":"instancemethod","refpurpose":"AUTOSAR アーキテクチャ要素のプロパティの設定","href":"ref\/autosar.arch.model.set.html"},{"name":"setXmlOptions","type":"function","fcntype":"instancemethod","refpurpose":"AUTOSAR アーキテクチャ モデルの XML オプションの設定","href":"ref\/autosar.arch.model.setxmloptions.html"},{"name":"autosar.arch.Model.setXmlOptions","type":"method","fcntype":"instancemethod","refpurpose":"AUTOSAR アーキテクチャ モデルの XML オプションの設定","href":"ref\/autosar.arch.model.setxmloptions.html"},{"name":"exportDictionary","type":"function","fcntype":"instancemethod","refpurpose":"データ ディクショナリのアーキテクチャ データ セクションからのインターフェイス、データ型、およびプラットフォーム固有の定義のエクスポート","href":"ref\/autosar.dictionary.arclassicplatformmapping.exportdictionary.html"},{"name":"autosar.dictionary.ARClassicPlatformMapping.exportDictionary","type":"method","fcntype":"instancemethod","refpurpose":"データ ディクショナリのアーキテクチャ データ セクションからのインターフェイス、データ型、およびプラットフォーム固有の定義のエクスポート","href":"ref\/autosar.dictionary.arclassicplatformmapping.exportdictionary.html"},{"name":"getPlatformProperties","type":"function","fcntype":"instancemethod","refpurpose":"データ ディクショナリからの AUTOSAR プラットフォーム プロパティの取得","href":"ref\/autosar.dictionary.arclassicplatformmapping.getplatformproperties.html"},{"name":"autosar.dictionary.ARClassicPlatformMapping.getPlatformProperties","type":"method","fcntype":"instancemethod","refpurpose":"データ ディクショナリからの AUTOSAR プラットフォーム プロパティの取得","href":"ref\/autosar.dictionary.arclassicplatformmapping.getplatformproperties.html"},{"name":"getPlatformProperty","type":"function","fcntype":"instancemethod","refpurpose":"データ ディクショナリからの AUTOSAR プラットフォーム プロパティの取得","href":"ref\/autosar.dictionary.arclassicplatformmapping.getplatformproperty.html"},{"name":"autosar.dictionary.ARClassicPlatformMapping.getPlatformProperty","type":"method","fcntype":"instancemethod","refpurpose":"データ ディクショナリからの AUTOSAR プラットフォーム プロパティの取得","href":"ref\/autosar.dictionary.arclassicplatformmapping.getplatformproperty.html"},{"name":"setPlatformProperty","type":"function","fcntype":"instancemethod","refpurpose":"データ ディクショナリ内のデータ インターフェイスまたはデータ要素の AUTOSAR プロパティの設定","href":"ref\/autosar.dictionary.arclassicplatformmapping.setplatformproperty.html"},{"name":"autosar.dictionary.ARClassicPlatformMapping.setPlatformProperty","type":"method","fcntype":"instancemethod","refpurpose":"データ ディクショナリ内のデータ インターフェイスまたはデータ要素の AUTOSAR プロパティの設定","href":"ref\/autosar.dictionary.arclassicplatformmapping.setplatformproperty.html"},{"name":"autosar.dictionary.ARClassicPlatformMapping","type":"object","refpurpose":"AUTOSAR Classic Platform にマッピングされたデータ ディクショナリ内の要素についてのプラットフォーム固有のプロパティの管理","href":"ref\/autosar.dictionary.arclassicplatformmapping.html"},{"name":"AUTOSAR.DualScaledParameter","type":"object","refpurpose":"AUTOSAR 二重スケール パラメーターの計算方法、キャリブレーション値、データ型、およびその他のプロパティの指定","deprecated":"true","href":"ref\/autosar.dualscaledparameter.html"},{"name":"AUTOSAR.DualScaledParameter","type":"function","fcntype":"constructor","refpurpose":"AUTOSAR 二重スケール パラメーターの計算方法、キャリブレーション値、データ型、およびその他のプロパティの指定","deprecated":"true","href":"ref\/autosar.dualscaledparameter.html"},{"name":"AUTOSAR.Parameter","type":"object","refpurpose":"パラメーターの値、データ型、コード生成オプション、その他のプロパティの指定","deprecated":"true","href":"ref\/autosar.parameter.html"},{"name":"AUTOSAR.Parameter","type":"function","fcntype":"constructor","refpurpose":"パラメーターの値、データ型、コード生成オプション、その他のプロパティの指定","deprecated":"true","href":"ref\/autosar.parameter.html"},{"name":"AUTOSAR.Signal","type":"object","refpurpose":"信号のデータ型、コード生成オプション、その他の属性の指定","deprecated":"true","href":"ref\/autosar.signal.html"},{"name":"AUTOSAR.Signal","type":"function","fcntype":"constructor","refpurpose":"信号のデータ型、コード生成オプション、その他の属性の指定","deprecated":"true","href":"ref\/autosar.signal.html"},{"name":"AUTOSAR4.Parameter","type":"object","refpurpose":"パラメーターの値、データ型、コード生成オプション、その他のプロパティの指定","deprecated":"true","href":"ref\/autosar4.parameter.html"},{"name":"AUTOSAR4.Parameter","type":"function","fcntype":"constructor","refpurpose":"パラメーターの値、データ型、コード生成オプション、その他のプロパティの指定","deprecated":"true","href":"ref\/autosar4.parameter.html"},{"name":"AUTOSAR4.Signal","type":"object","refpurpose":"信号のデータ型、コード生成オプション、その他の属性の指定","deprecated":"true","href":"ref\/autosar4.signal.html"},{"name":"AUTOSAR4.Signal","type":"function","fcntype":"constructor","refpurpose":"信号のデータ型、コード生成オプション、その他の属性の指定","deprecated":"true","href":"ref\/autosar4.signal.html"},{"name":"autosar_ui_close","type":"function","fcntype":"simple","refpurpose":"AUTOSAR ディクショナリ ダイアログ ボックスを閉じる","href":"ref\/autosar_ui_close.html"},{"name":"autosar_ui_launch","type":"function","fcntype":"simple","refpurpose":"AUTOSAR ディクショナリ ダイアログ ボックスを開く","href":"ref\/autosar_ui_launch.html"},{"name":"AUTOSAR Code Mappings Editor","type":"tool","refpurpose":"コード生成用の AUTOSAR 要素のマッピング","href":"ref\/autosarcodemappingseditor.html"},{"name":"AUTOSAR Component Designer","type":"app","refpurpose":"AUTOSAR 準拠の C または C++ コードを生成し、車載システムで使用されるプロセッサの ARXML 記述をエクスポートします。","href":"ref\/autosarcomponentdesigner-app.html"},{"name":"Classic Component","type":"block","refpurpose":"AUTOSAR アーキテクチャ モデルでの Classic ソフトウェア コンポーネントのモデル化","href":"ref\/classiccomponent.html"},{"name":"Control Function Available Caller","type":"block","refpurpose":"AUTOSAR Function Inhibition Manager (FiM) サービス インターフェイス ControlFunctionAvailable の呼び出し","href":"ref\/controlfunctionavailablecaller.html"},{"name":"Curve","type":"block","refpurpose":"Approximate one-dimensional function","href":"ref\/curve.html"},{"name":"Curve Using Prelookup","type":"block","refpurpose":"あらかじめ計算されたインデックスと小数部の値を使用して 1 次元関数の近似を加速","href":"ref\/curveusingprelookup.html"},{"name":"Dem Status Inject","type":"block","refpurpose":"回復をテストするためのイベント障害の挿入","href":"ref\/demstatusinject.html"},{"name":"Dem Status Override","type":"block","refpurpose":"動作をシミュレートして検証するためのイベントのオーバーライド","href":"ref\/demstatusoverride.html"},{"name":"DiagnosticEventAvailableCaller","type":"block","refpurpose":"AUTOSAR Diagnostic Event Manager (Dem) サービス インターフェイス EventAvailable の呼び出し","href":"ref\/diagnosticeventavailablecaller.html"},{"name":"DiagnosticInfoCaller","type":"block","refpurpose":"AUTOSAR Diagnostic Event Manager (Dem) サービス インターフェイス DiagnosticInfo の呼び出し","href":"ref\/diagnosticinfocaller.html"},{"name":"DiagnosticMonitorCaller","type":"block","refpurpose":"AUTOSAR Diagnostic Event Manager (Dem) サービス インターフェイス DiagnosticMonitor の呼び出し","href":"ref\/diagnosticmonitorcaller.html"},{"name":"DiagnosticOperationCycleCaller","type":"block","refpurpose":"AUTOSAR Diagnostic Event Manager (Dem) サービス インターフェイス OperationCycle の呼び出し","href":"ref\/diagnosticoperationcyclecaller.html"},{"name":"Diagnostic Service Component","type":"block","refpurpose":"エミュレーション用の AUTOSAR 診断サービスおよびランタイム環境 (RTE) の構成","href":"ref\/diagnosticservicecomponent.html"},{"name":"Event Receive","type":"block","refpurpose":"入力イベントを信号に変換","href":"ref\/eventreceive.html"},{"name":"Event Send","type":"block","refpurpose":"入力信号をイベントに変換","href":"ref\/eventsend.html"},{"name":"Function Inhibition Caller","type":"block","refpurpose":"AUTOSAR Function Inhibition Manager (FiM) サービス インターフェイス FunctionInhibition の呼び出し","href":"ref\/functioninhibitioncaller.html"},{"name":"Invoke AUTOSAR Server Operation","type":"block","refpurpose":"基本ソフトウェアまたはアプリケーション ソフトウェア コンポーネントにアクセスするための AUTOSAR クライアント ポートの設定","deprecated":"true","href":"ref\/invokeautosarserveroperation.html"},{"name":"Map","type":"block","refpurpose":"2 次元関数を近似","href":"ref\/map.html"},{"name":"Map Using Prelookup","type":"block","refpurpose":"あらかじめ計算されたインデックスと小数部の値を使用して 2 次元関数の近似を加速","href":"ref\/mapusingprelookup.html"},{"name":"Mode Switch for Invoke AUTOSAR Server Operation","type":"block","refpurpose":"AUTOSAR クライアント\/サーバー オペレーションのサブシステム ブロックのシミュレーション モードとコード生成モードの切り替え","deprecated":"true","href":"ref\/modeswitchforinvokeautosarserveroperation.html"},{"name":"NvMAdminCaller","type":"block","refpurpose":"AUTOSAR NVRAM Manager (NvM) サービス インターフェイス NvMadmin の呼び出し","href":"ref\/nvmadmincaller.html"},{"name":"NvMServiceCaller","type":"block","refpurpose":"AUTOSAR NVRAM Manager (NvM) サービス インターフェイス NvMService の呼び出し","href":"ref\/nvmservicecaller.html"},{"name":"NVRAM Service Component","type":"block","refpurpose":"エミュレーション用 AUTOSAR NVRAM サービスおよびランタイム環境 (RTE) の構成","href":"ref\/nvramservicecomponent.html"},{"name":"overflowed","type":"function","fcntype":"simple","refpurpose":"メッセージ キューのオーバーフロー タイミングの判別","href":"ref\/overflowed.html"},{"name":"Prelookup","type":"block","refpurpose":"Compute index and fraction for a Curve Using Prelookup or Map Using Prelookup block","href":"ref\/prelookup.html"},{"name":"setPlatform","type":"function","fcntype":"simple","refpurpose":"アーキテクチャ モデルのプラットフォームの種類を Classic または Adaptive に設定","href":"ref\/setplatform.html"},{"name":"Signal Invalidation","type":"block","refpurpose":"AUTOSAR ルートの出力端子データ要素の無効化を制御します","href":"ref\/signalinvalidation.html"},{"name":"addAliasType","type":"function","fcntype":"instancemethod","refpurpose":"Simulink インターフェイス ディクショナリへの Simulink エイリアス タイプの追加","deprecated":"true","href":"ref\/simulink.interface.dictionary.addaliastype.html"},{"name":"Simulink.interface.Dictionary.addAliasType","type":"method","fcntype":"instancemethod","refpurpose":"Simulink インターフェイス ディクショナリへの Simulink エイリアス タイプの追加","deprecated":"true","href":"ref\/simulink.interface.dictionary.addaliastype.html"},{"name":"addDataInterface","type":"function","fcntype":"instancemethod","refpurpose":"Simulink インターフェイス ディクショナリへのデータ インターフェイスの追加","deprecated":"true","href":"ref\/simulink.interface.dictionary.adddatainterface.html"},{"name":"Simulink.interface.Dictionary.addDataInterface","type":"method","fcntype":"instancemethod","refpurpose":"Simulink インターフェイス ディクショナリへのデータ インターフェイスの追加","deprecated":"true","href":"ref\/simulink.interface.dictionary.adddatainterface.html"},{"name":"addEnumType","type":"function","fcntype":"instancemethod","refpurpose":"Simulink インターフェイス ディクショナリへの列挙型の追加","deprecated":"true","href":"ref\/simulink.interface.dictionary.addenumtype.html"},{"name":"Simulink.interface.Dictionary.addEnumType","type":"method","fcntype":"instancemethod","refpurpose":"Simulink インターフェイス ディクショナリへの列挙型の追加","deprecated":"true","href":"ref\/simulink.interface.dictionary.addenumtype.html"},{"name":"addNumericType","type":"function","fcntype":"instancemethod","refpurpose":"Simulink インターフェイス ディクショナリへの Simulink 数値型の追加","deprecated":"true","href":"ref\/simulink.interface.dictionary.addnumerictype.html"},{"name":"Simulink.interface.Dictionary.addNumericType","type":"method","fcntype":"instancemethod","refpurpose":"Simulink インターフェイス ディクショナリへの Simulink 数値型の追加","deprecated":"true","href":"ref\/simulink.interface.dictionary.addnumerictype.html"},{"name":"addPlatformMapping","type":"function","fcntype":"instancemethod","refpurpose":"Simulink インターフェイス ディクショナリへの AUTOSAR Classic マッピングの追加","deprecated":"true","href":"ref\/simulink.interface.dictionary.addplatformmapping.html"},{"name":"Simulink.interface.Dictionary.addPlatformMapping","type":"method","fcntype":"instancemethod","refpurpose":"Simulink インターフェイス ディクショナリへの AUTOSAR Classic マッピングの追加","deprecated":"true","href":"ref\/simulink.interface.dictionary.addplatformmapping.html"},{"name":"addReference","type":"function","fcntype":"instancemethod","refpurpose":"別のインターフェイス ディクショナリへの Simulink インターフェイス ディクショナリ参照の追加","deprecated":"true","href":"ref\/simulink.interface.dictionary.addreference.html"},{"name":"Simulink.interface.Dictionary.addReference","type":"method","fcntype":"instancemethod","refpurpose":"別のインターフェイス ディクショナリへの Simulink インターフェイス ディクショナリ参照の追加","deprecated":"true","href":"ref\/simulink.interface.dictionary.addreference.html"},{"name":"addServiceInterface","type":"function","fcntype":"instancemethod","refpurpose":"Simulink インターフェイス ディクショナリへのサービス インターフェイスの追加","deprecated":"true","href":"ref\/simulink.interface.dictionary.addserviceinterface.html"},{"name":"Simulink.interface.Dictionary.addServiceInterface","type":"method","fcntype":"instancemethod","refpurpose":"Simulink インターフェイス ディクショナリへのサービス インターフェイスの追加","deprecated":"true","href":"ref\/simulink.interface.dictionary.addserviceinterface.html"},{"name":"addStructType","type":"function","fcntype":"instancemethod","refpurpose":"Simulink インターフェイス ディクショナリへの Simulink.Bus で表される構造体型の追加","deprecated":"true","href":"ref\/simulink.interface.dictionary.addstructtype.html"},{"name":"Simulink.interface.Dictionary.addStructType","type":"method","fcntype":"instancemethod","refpurpose":"Simulink インターフェイス ディクショナリへの Simulink.Bus で表される構造体型の追加","deprecated":"true","href":"ref\/simulink.interface.dictionary.addstructtype.html"},{"name":"addValueType","type":"function","fcntype":"instancemethod","refpurpose":"Simulink インターフェイス ディクショナリへの値のタイプの追加","deprecated":"true","href":"ref\/simulink.interface.dictionary.addvaluetype.html"},{"name":"Simulink.interface.Dictionary.addValueType","type":"method","fcntype":"instancemethod","refpurpose":"Simulink インターフェイス ディクショナリへの値のタイプの追加","deprecated":"true","href":"ref\/simulink.interface.dictionary.addvaluetype.html"},{"name":"close","type":"function","fcntype":"instancemethod","refpurpose":"Simulink インターフェイス ディクショナリへの開いている接続を閉じる","deprecated":"true","href":"ref\/simulink.interface.dictionary.close.html"},{"name":"Simulink.interface.Dictionary.close","type":"method","fcntype":"instancemethod","refpurpose":"Simulink インターフェイス ディクショナリへの開いている接続を閉じる","deprecated":"true","href":"ref\/simulink.interface.dictionary.close.html"},{"name":"Simulink.interface.dictionary.create","type":"function","fcntype":"simple","refpurpose":"Simulink インターフェイス ディクショナリの作成","deprecated":"true","href":"ref\/simulink.interface.dictionary.create.html"},{"name":"destroy","type":"function","fcntype":"instancemethod","refpurpose":"データ要素の破棄とデータ インターフェイスからの削除","deprecated":"true","href":"ref\/simulink.interface.dictionary.dataelement.destroy.html"},{"name":"Simulink.interface.dictionary.DataElement.destroy","type":"method","fcntype":"instancemethod","refpurpose":"データ要素の破棄とデータ インターフェイスからの削除","deprecated":"true","href":"ref\/simulink.interface.dictionary.dataelement.destroy.html"},{"name":"show","type":"function","fcntype":"instancemethod","refpurpose":"インターフェイス エディターでのデータ要素の表示","deprecated":"true","href":"ref\/simulink.interface.dictionary.dataelement.show.html"},{"name":"Simulink.interface.dictionary.DataElement.show","type":"method","fcntype":"instancemethod","refpurpose":"インターフェイス エディターでのデータ要素の表示","deprecated":"true","href":"ref\/simulink.interface.dictionary.dataelement.show.html"},{"name":"Simulink.interface.dictionary.DataElement","type":"object","refpurpose":"データ インターフェイスのデータ要素","deprecated":"true","href":"ref\/simulink.interface.dictionary.dataelement.html"},{"name":"Simulink.interface.dictionary.DataElement.Name","type":"property","refpurpose":"データ要素の名前","deprecated":"true","href":"ref\/simulink.interface.dictionary.dataelement.html"},{"name":"Simulink.interface.dictionary.DataElement.Type","type":"property","refpurpose":"データ要素のタイプ","deprecated":"true","href":"ref\/simulink.interface.dictionary.dataelement.html"},{"name":"Simulink.interface.dictionary.DataElement.Description","type":"property","refpurpose":"データ要素の説明","deprecated":"true","href":"ref\/simulink.interface.dictionary.dataelement.html"},{"name":"Simulink.interface.dictionary.DataElement.Dimensions","type":"property","refpurpose":"データ要素の次元","deprecated":"true","href":"ref\/simulink.interface.dictionary.dataelement.html"},{"name":"Simulink.interface.dictionary.DataElement.Owner","type":"property","refpurpose":"データ要素を含むデータ インターフェイス","deprecated":"true","href":"ref\/simulink.interface.dictionary.dataelement.html"},{"name":"addElement","type":"function","fcntype":"instancemethod","refpurpose":"データ インターフェイスへのデータ要素の追加","deprecated":"true","href":"ref\/simulink.interface.dictionary.datainterface.addelement.html"},{"name":"Simulink.interface.dictionary.DataInterface.addElement","type":"method","fcntype":"instancemethod","refpurpose":"データ インターフェイスへのデータ要素の追加","deprecated":"true","href":"ref\/simulink.interface.dictionary.datainterface.addelement.html"},{"name":"destroy","type":"function","fcntype":"instancemethod","refpurpose":"データ インターフェイスの破棄とインターフェイス ディクショナリからの削除","deprecated":"true","href":"ref\/simulink.interface.dictionary.datainterface.destroy.html"},{"name":"Simulink.interface.dictionary.DataInterface.destroy","type":"method","fcntype":"instancemethod","refpurpose":"データ インターフェイスの破棄とインターフェイス ディクショナリからの削除","deprecated":"true","href":"ref\/simulink.interface.dictionary.datainterface.destroy.html"},{"name":"getElement","type":"function","fcntype":"instancemethod","refpurpose":"データ インターフェイスからのデータ要素の取得","deprecated":"true","href":"ref\/simulink.interface.dictionary.datainterface.getelement.html"},{"name":"Simulink.interface.dictionary.DataInterface.getElement","type":"method","fcntype":"instancemethod","refpurpose":"データ インターフェイスからのデータ要素の取得","deprecated":"true","href":"ref\/simulink.interface.dictionary.datainterface.getelement.html"},{"name":"removeElement","type":"function","fcntype":"instancemethod","refpurpose":"データ インターフェイスからのデータ要素の削除","deprecated":"true","href":"ref\/simulink.interface.dictionary.datainterface.removeelement.html"},{"name":"Simulink.interface.dictionary.DataInterface.removeElement","type":"method","fcntype":"instancemethod","refpurpose":"データ インターフェイスからのデータ要素の削除","deprecated":"true","href":"ref\/simulink.interface.dictionary.datainterface.removeelement.html"},{"name":"show","type":"function","fcntype":"instancemethod","refpurpose":"インターフェイス エディターでのデータ インターフェイスの表示","deprecated":"true","href":"ref\/simulink.interface.dictionary.datainterface.show.html"},{"name":"Simulink.interface.dictionary.DataInterface.show","type":"method","fcntype":"instancemethod","refpurpose":"インターフェイス エディターでのデータ インターフェイスの表示","deprecated":"true","href":"ref\/simulink.interface.dictionary.datainterface.show.html"},{"name":"Simulink.interface.dictionary.DataInterface","type":"object","refpurpose":"データ インターフェイス","deprecated":"true","href":"ref\/simulink.interface.dictionary.datainterface.html"},{"name":"Simulink.interface.dictionary.DataInterface.Name","type":"property","refpurpose":"データ インターフェイスの名前","deprecated":"true","href":"ref\/simulink.interface.dictionary.datainterface.html"},{"name":"Simulink.interface.dictionary.DataInterface.Description","type":"property","refpurpose":"データ インターフェイスの説明","deprecated":"true","href":"ref\/simulink.interface.dictionary.datainterface.html"},{"name":"Simulink.interface.dictionary.DataInterface.Elements","type":"property","refpurpose":"データ インターフェイス オブジェクトに属する要素","deprecated":"true","href":"ref\/simulink.interface.dictionary.datainterface.html"},{"name":"Simulink.interface.dictionary.DataInterface.Owner","type":"property","refpurpose":"データ インターフェイスを含むインターフェイス ディクショナリ","deprecated":"true","href":"ref\/simulink.interface.dictionary.datainterface.html"},{"name":"discardChanges","type":"function","fcntype":"instancemethod","refpurpose":"インターフェイス ディクショナリに対する変更の破棄","deprecated":"true","href":"ref\/simulink.interface.dictionary.discardchanges.html"},{"name":"Simulink.interface.Dictionary.discardChanges","type":"method","fcntype":"instancemethod","refpurpose":"インターフェイス ディクショナリに対する変更の破棄","deprecated":"true","href":"ref\/simulink.interface.dictionary.discardchanges.html"},{"name":"findEntryByName","type":"function","fcntype":"instancemethod","refpurpose":"インターフェイス ディクショナリ内の指定したエントリ名に対応するオブジェクトの取得","deprecated":"true","href":"ref\/simulink.interface.dictionary.findentrybyname.html"},{"name":"Simulink.interface.Dictionary.findEntryByName","type":"method","fcntype":"instancemethod","refpurpose":"インターフェイス ディクショナリ内の指定したエントリ名に対応するオブジェクトの取得","deprecated":"true","href":"ref\/simulink.interface.dictionary.findentrybyname.html"},{"name":"getDataType","type":"function","fcntype":"instancemethod","refpurpose":"Simulink インターフェイス ディクショナリ内のデータ型の取得","deprecated":"true","href":"ref\/simulink.interface.dictionary.getdatatype.html"},{"name":"Simulink.interface.Dictionary.getDataType","type":"method","fcntype":"instancemethod","refpurpose":"Simulink インターフェイス ディクショナリ内のデータ型の取得","deprecated":"true","href":"ref\/simulink.interface.dictionary.getdatatype.html"},{"name":"getDataTypeNames","type":"function","fcntype":"instancemethod","refpurpose":"Simulink インターフェイス ディクショナリ内のデータ型の名前の取得","deprecated":"true","href":"ref\/simulink.interface.dictionary.getdatatypenames.html"},{"name":"Simulink.interface.Dictionary.getDataTypeNames","type":"method","fcntype":"instancemethod","refpurpose":"Simulink インターフェイス ディクショナリ内のデータ型の名前の取得","deprecated":"true","href":"ref\/simulink.interface.dictionary.getdatatypenames.html"},{"name":"getInterface","type":"function","fcntype":"instancemethod","refpurpose":"Simulink インターフェイス ディクショナリ内のインターフェイスのインターフェイス オブジェクトの取得","deprecated":"true","href":"ref\/simulink.interface.dictionary.getinterface.html"},{"name":"Simulink.interface.Dictionary.getInterface","type":"method","fcntype":"instancemethod","refpurpose":"Simulink インターフェイス ディクショナリ内のインターフェイスのインターフェイス オブジェクトの取得","deprecated":"true","href":"ref\/simulink.interface.dictionary.getinterface.html"},{"name":"getInterfaceNames","type":"function","fcntype":"instancemethod","refpurpose":"Simulink インターフェイス ディクショナリ内のインターフェイス名の cell 配列の取得","deprecated":"true","href":"ref\/simulink.interface.dictionary.getinterfacenames.html"},{"name":"Simulink.interface.Dictionary.getInterfaceNames","type":"method","fcntype":"instancemethod","refpurpose":"Simulink インターフェイス ディクショナリ内のインターフェイス名の cell 配列の取得","deprecated":"true","href":"ref\/simulink.interface.dictionary.getinterfacenames.html"},{"name":"getPlatformMapping","type":"function","fcntype":"instancemethod","refpurpose":"ディクショナリ内のプラットフォームのプラットフォーム マッピング オブジェクトの取得","deprecated":"true","href":"ref\/simulink.interface.dictionary.getplatformmapping.html"},{"name":"Simulink.interface.Dictionary.getPlatformMapping","type":"method","fcntype":"instancemethod","refpurpose":"ディクショナリ内のプラットフォームのプラットフォーム マッピング オブジェクトの取得","deprecated":"true","href":"ref\/simulink.interface.dictionary.getplatformmapping.html"},{"name":"getReferences","type":"function","fcntype":"instancemethod","refpurpose":"別のインターフェイス ディクショナリから参照されているインターフェイス ディクショナリの名前の cell 配列の取得","deprecated":"true","href":"ref\/simulink.interface.dictionary.getreferences.html"},{"name":"Simulink.interface.Dictionary.getReferences","type":"method","fcntype":"instancemethod","refpurpose":"別のインターフェイス ディクショナリから参照されているインターフェイス ディクショナリの名前の cell 配列の取得","deprecated":"true","href":"ref\/simulink.interface.dictionary.getreferences.html"},{"name":"importFromBaseWorkspace","type":"function","fcntype":"instancemethod","refpurpose":"Simulink オブジェクト定義のインポート","deprecated":"true","href":"ref\/simulink.interface.dictionary.importfrombaseworkspace.html"},{"name":"Simulink.interface.Dictionary.importFromBaseWorkspace","type":"method","fcntype":"instancemethod","refpurpose":"Simulink オブジェクト定義のインポート","deprecated":"true","href":"ref\/simulink.interface.dictionary.importfrombaseworkspace.html"},{"name":"importFromFile","type":"function","fcntype":"instancemethod","refpurpose":"Simulink オブジェクト定義のインポート","deprecated":"true","href":"ref\/simulink.interface.dictionary.importfromfile.html"},{"name":"Simulink.interface.Dictionary.importFromFile","type":"method","fcntype":"instancemethod","refpurpose":"Simulink オブジェクト定義のインポート","deprecated":"true","href":"ref\/simulink.interface.dictionary.importfromfile.html"},{"name":"isDirty","type":"function","fcntype":"instancemethod","refpurpose":"Simulink インターフェイス ディクショナリに未保存の変更があるかどうかの確認","deprecated":"true","href":"ref\/simulink.interface.dictionary.isdirty.html"},{"name":"Simulink.interface.Dictionary.isDirty","type":"method","fcntype":"instancemethod","refpurpose":"Simulink インターフェイス ディクショナリに未保存の変更があるかどうかの確認","deprecated":"true","href":"ref\/simulink.interface.dictionary.isdirty.html"},{"name":"analyze","type":"function","fcntype":"instancemethod","refpurpose":"モデルまたはアーキテクチャのインターフェイス ディクショナリへの移行についての解析","deprecated":"true","href":"ref\/simulink.interface.dictionary.migrator.analyze.html"},{"name":"Simulink.interface.dictionary.Migrator.analyze","type":"method","fcntype":"instancemethod","refpurpose":"モデルまたはアーキテクチャのインターフェイス ディクショナリへの移行についての解析","deprecated":"true","href":"ref\/simulink.interface.dictionary.migrator.analyze.html"},{"name":"analyzeAndApply","type":"function","fcntype":"instancemethod","refpurpose":"モデルまたはアーキテクチャの解析とインターフェイス ディクショナリへの移行の適用","deprecated":"true","href":"ref\/simulink.interface.dictionary.migrator.analyzeandapply.html"},{"name":"Simulink.interface.dictionary.Migrator.analyzeAndApply","type":"method","fcntype":"instancemethod","refpurpose":"モデルまたはアーキテクチャの解析とインターフェイス ディクショナリへの移行の適用","deprecated":"true","href":"ref\/simulink.interface.dictionary.migrator.analyzeandapply.html"},{"name":"apply","type":"function","fcntype":"instancemethod","refpurpose":"モデルまたはアーキテクチャの解析に基づくインターフェイス ディクショナリ移行の変更の適用","deprecated":"true","href":"ref\/simulink.interface.dictionary.migrator.apply.html"},{"name":"Simulink.interface.dictionary.Migrator.apply","type":"method","fcntype":"instancemethod","refpurpose":"モデルまたはアーキテクチャの解析に基づくインターフェイス ディクショナリ移行の変更の適用","deprecated":"true","href":"ref\/simulink.interface.dictionary.migrator.apply.html"},{"name":"revert","type":"function","fcntype":"instancemethod","refpurpose":"モデルまたはアーキテクチャの解析に基づいて適用されたインターフェイス ディクショナリ移行の変更を元に戻す","deprecated":"true","href":"ref\/simulink.interface.dictionary.migrator.revert.html"},{"name":"Simulink.interface.dictionary.Migrator.revert","type":"method","fcntype":"instancemethod","refpurpose":"モデルまたはアーキテクチャの解析に基づいて適用されたインターフェイス ディクショナリ移行の変更を元に戻す","deprecated":"true","href":"ref\/simulink.interface.dictionary.migrator.revert.html"},{"name":"save","type":"function","fcntype":"instancemethod","refpurpose":"モデルまたはアーキテクチャの解析に基づいて適用されたインターフェイス ディクショナリ移行の変更の保存","deprecated":"true","href":"ref\/simulink.interface.dictionary.migrator.save.html"},{"name":"Simulink.interface.dictionary.Migrator.save","type":"method","fcntype":"instancemethod","refpurpose":"モデルまたはアーキテクチャの解析に基づいて適用されたインターフェイス ディクショナリ移行の変更の保存","deprecated":"true","href":"ref\/simulink.interface.dictionary.migrator.save.html"},{"name":"Simulink.interface.dictionary.Migrator","type":"object","refpurpose":"ベース ワークスペースおよびデータ ディクショナリからインターフェイス ディクショナリへのデータ型とインターフェイスの移行","deprecated":"true","href":"ref\/simulink.interface.dictionary.migrator.html"},{"name":"Migrator","type":"function","fcntype":"constructor","refpurpose":"ベース ワークスペースおよびデータ ディクショナリからインターフェイス ディクショナリへのデータ型とインターフェイスの移行","deprecated":"true","href":"ref\/simulink.interface.dictionary.migrator.html"},{"name":"Simulink.interface.dictionary.Migrator.DeleteFromOriginalSource","type":"property","refpurpose":"変数の削除を選択","deprecated":"true","href":"ref\/simulink.interface.dictionary.migrator.html"},{"name":"Simulink.interface.dictionary.Migrator.ConflictResolutionPolicy","type":"property","refpurpose":"競合の解決を選択","deprecated":"true","href":"ref\/simulink.interface.dictionary.migrator.html"},{"name":"Simulink.interface.dictionary.Migrator.DataTypesToMigrate","type":"property","refpurpose":"移行するデータ型のリスト","deprecated":"true","href":"ref\/simulink.interface.dictionary.migrator.html"},{"name":"Simulink.interface.dictionary.Migrator.InterfacesToMigrate","type":"property","refpurpose":"移行するインターフェイスのリスト","deprecated":"true","href":"ref\/simulink.interface.dictionary.migrator.html"},{"name":"Simulink.interface.dictionary.Migrator.ConflictObjects","type":"property","refpurpose":"インターフェイス ディクショナリと競合するオブジェクトのリスト","deprecated":"true","href":"ref\/simulink.interface.dictionary.migrator.html"},{"name":"Simulink.interface.dictionary.Migrator.UnusedObjects","type":"property","refpurpose":"使用されていないオブジェクトのリスト","deprecated":"true","href":"ref\/simulink.interface.dictionary.migrator.html"},{"name":"Simulink.interface.dictionary.Migrator.UnsupportedMigration","type":"property","refpurpose":"サポートされていないオブジェクトのリスト","deprecated":"true","href":"ref\/simulink.interface.dictionary.migrator.html"},{"name":"Simulink.interface.dictionary.open","type":"function","fcntype":"simple","refpurpose":"Simulink インターフェイス ディクショナリを開く","deprecated":"true","href":"ref\/simulink.interface.dictionary.open.html"},{"name":"removeDataType","type":"function","fcntype":"instancemethod","refpurpose":"Simulink インターフェイス ディクショナリからのデータ型の削除","deprecated":"true","href":"ref\/simulink.interface.dictionary.removedatatype.html"},{"name":"Simulink.interface.Dictionary.removeDataType","type":"method","fcntype":"instancemethod","refpurpose":"Simulink インターフェイス ディクショナリからのデータ型の削除","deprecated":"true","href":"ref\/simulink.interface.dictionary.removedatatype.html"},{"name":"removeInterface","type":"function","fcntype":"instancemethod","refpurpose":"Simulink インターフェイス ディクショナリからのインターフェイスの削除","deprecated":"true","href":"ref\/simulink.interface.dictionary.removeinterface.html"},{"name":"Simulink.interface.Dictionary.removeInterface","type":"method","fcntype":"instancemethod","refpurpose":"Simulink インターフェイス ディクショナリからのインターフェイスの削除","deprecated":"true","href":"ref\/simulink.interface.dictionary.removeinterface.html"},{"name":"removeReference","type":"function","fcntype":"instancemethod","refpurpose":"別のインターフェイス ディクショナリからの Simulink インターフェイス ディクショナリ参照の削除","deprecated":"true","href":"ref\/simulink.interface.dictionary.removereference.html"},{"name":"Simulink.interface.Dictionary.removeReference","type":"method","fcntype":"instancemethod","refpurpose":"別のインターフェイス ディクショナリからの Simulink インターフェイス ディクショナリ参照の削除","deprecated":"true","href":"ref\/simulink.interface.dictionary.removereference.html"},{"name":"save","type":"function","fcntype":"instancemethod","refpurpose":"Simulink インターフェイス ディクショナリに対する変更の保存","deprecated":"true","href":"ref\/simulink.interface.dictionary.save.html"},{"name":"Simulink.interface.Dictionary.save","type":"method","fcntype":"instancemethod","refpurpose":"Simulink インターフェイス ディクショナリに対する変更の保存","deprecated":"true","href":"ref\/simulink.interface.dictionary.save.html"},{"name":"show","type":"function","fcntype":"instancemethod","refpurpose":"スタンドアロン ビューアーでの Simulink インターフェイス ディクショナリの内容の表示","deprecated":"true","href":"ref\/simulink.interface.dictionary.show.html"},{"name":"Simulink.interface.Dictionary.show","type":"method","fcntype":"instancemethod","refpurpose":"スタンドアロン ビューアーでの Simulink インターフェイス ディクショナリの内容の表示","deprecated":"true","href":"ref\/simulink.interface.dictionary.show.html"},{"name":"showChanges","type":"function","fcntype":"instancemethod","refpurpose":"比較ビューアーでの Simulink インターフェイス ディクショナリの内容に対する変更の表示","deprecated":"true","href":"ref\/simulink.interface.dictionary.showchanges.html"},{"name":"Simulink.interface.Dictionary.showChanges","type":"method","fcntype":"instancemethod","refpurpose":"比較ビューアーでの Simulink インターフェイス ディクショナリの内容に対する変更の表示","deprecated":"true","href":"ref\/simulink.interface.dictionary.showchanges.html"},{"name":"Simulink.interface.Dictionary","type":"object","refpurpose":"インターフェイス ディクショナリの管理","deprecated":"true","href":"ref\/simulink.interface.dictionary.html"},{"name":"Simulink.interface.Dictionary.DataTypes","type":"property","refpurpose":"ディクショナリで定義されるデータ型","deprecated":"true","href":"ref\/simulink.interface.dictionary.html"},{"name":"Simulink.interface.Dictionary.DictionaryFileName","type":"property","refpurpose":"ディクショナリに関連付けられたファイル名","deprecated":"true","href":"ref\/simulink.interface.dictionary.html"},{"name":"Simulink.interface.Dictionary.Interfaces","type":"property","refpurpose":"ディクショナリで定義されるインターフェイス","deprecated":"true","href":"ref\/simulink.interface.dictionary.html"},{"name":"Single Point Interpolation","type":"block","refpurpose":"単一点内挿の実行","href":"ref\/singlepointinterpolation.html"},{"name":"Software Composition","type":"block","refpurpose":"AUTOSAR アーキテクチャ モデル内のソフトウェア コンポジションをモデル化します。","href":"ref\/softwarecomposition.html"}]}