{"schema":"referenceapi_lookup_schema.json","schemaVersion":"1.0","docVersion":"doc25a.2968260.Bdoc25a.2967890.pass.r2025a","productName":"Polyspace Bug Finder","baseCode":"BD","helpFolder":"bugfinder","helpLocation":"bugfinder",  "refItems" : [{"name":"ARM v5 编译器 (-compiler armcc)","type":"analysisopt","refpurpose":"指定 ARM v5 编译器","href":"ref\/armv5compilercompilerarmcc.html"},{"name":"ARM v6 编译器 (-compiler armclang)","type":"analysisopt","refpurpose":"指定 ARM v6 编译器","href":"ref\/armv6compilercompilerarmclang.html"},{"name":"-author","type":"analysisopt","refpurpose":"指定工程作者","href":"ref\/author.html"},{"name":"AUTOSAR C++14 Rule A0-1-1","type":"runtimecheck","refpurpose":"A project shall not contain instances of non-volatile variables being given values that are not subsequently used","href":"ref\/autosarc14rulea011.html"},{"name":"AUTOSAR C++14 Rule A3-9-1","type":"runtimecheck","refpurpose":"Fixed width integer types from <cstdint>, indicating the size and signedness, shall be used in place of the basic numerical types","href":"ref\/autosarc14rulea391.html"},{"name":"AUTOSAR C++14 Rule A7-2-3","type":"runtimecheck","refpurpose":"Enumerations shall be declared as scoped enum classes","href":"ref\/autosarc14rulea723.html"},{"name":"AUTOSAR C++14 Rule A8-4-1","type":"runtimecheck","refpurpose":"Functions shall not be defined using the ellipsis notation","href":"ref\/autosarc14rulea841.html"},{"name":"AUTOSAR C++14 Rule M18-0-5","type":"runtimecheck","refpurpose":"The unbounded functions of library <cstring> shall not be used","href":"ref\/autosarc14rulem1805.html"},{"name":"对负值执行按位运算","type":"runtimecheck","refpurpose":"对负值执行按位运算的未定义行为","href":"ref\/bitwiseoperationonnegativevalue.html"},{"name":"计算代码度量 (-code-metrics)","type":"analysisopt","refpurpose":"计算并显示代码复杂度度量","deprecated":"true","href":"ref\/calculatecodemetricscodemetrics.html"},{"name":"计算堆栈使用量 (-stack-usage)","type":"analysisopt","refpurpose":"计算并显示堆栈使用量的估计值","deprecated":"true","href":"ref\/calculatestackusagestackusage.html"},{"name":"CERT C:建议DCL02-C","type":"runtimecheck","refpurpose":"Use visually distinct identifiers","href":"ref\/certcrec.dcl02c.html"},{"name":"CERT C:Rec.PRE00-C","type":"runtimecheck","refpurpose":"Prefer inline or static functions to function-like macros","href":"ref\/certcrec.pre00c.html"},{"name":"CERT C:Rule WIN30-C","type":"runtimecheck","refpurpose":"Properly pair allocation and deallocation functions","href":"ref\/certcrulewin30c.html"},{"name":"检查 AUTOSAR C++ 14 (-autosar-cpp14)","type":"analysisopt","refpurpose":"检查 AUTOSAR C++ 14 违规","href":"ref\/checkautosarc14autosarcpp14.html"},{"name":"检查 CWE (-cwe)","type":"analysisopt","refpurpose":"Check for weaknesses in your code that are enumerated in CWE","href":"ref\/checkcwecwe.html"},{"name":"检查 ISO\/IEC TS 17961 (-iso-17961)","type":"analysisopt","refpurpose":"检查是否存在违反 ISO\/IEC TS 17961 规则的情形","href":"ref\/checkisoiects17961iso17961.html"},{"name":"检查 MISRA C:2004 (-misra2)","type":"analysisopt","refpurpose":"（即将删除）检查违反 MISRA C:2004 规则的情形","deprecated":"true","href":"ref\/checkmisrac2004misra2.html"},{"name":"检查 MISRA C++:2008 (-misra-cpp)","type":"analysisopt","refpurpose":"Check for violations of MISRA C++ rules","href":"ref\/checkmisrac2008misracpp.html"},{"name":"检查 MISRA C:2012 (-misra3)","type":"analysisopt","refpurpose":"Check for violations of MISRA C:2012 rules and directives","href":"ref\/checkmisrac2012misra3.html"},{"name":"检查 MISRA C:2023 (-misra-c-2023)","type":"analysisopt","refpurpose":"检查是否存在违反 MISRA C:2023 规则和指令的情形","href":"ref\/checkmisrac2023misrac2023.html"},{"name":"检查 MISRA C++:2023 (-misra-cpp-2023)","type":"analysisopt","refpurpose":"检查是否存在违反 MISRA C++:2023 规则和指令的情形","href":"ref\/checkmisrac2023misracpp2023.html"},{"name":"检查 SEI CERT-C (-cert-c)","type":"analysisopt","refpurpose":"检查是否存在违反 CERT C 规则和建议的情形","href":"ref\/checkseicertccertc.html"},{"name":"检查 SEI CERT-C++ (-cert-cpp)","type":"analysisopt","refpurpose":"检查是否存在违反 CERT C++ 规则的情形","href":"ref\/checkseicertccertcpp.html"},{"name":"编译器 (-compiler)","type":"analysisopt","refpurpose":"指定用于编译源代码的编译器","href":"ref\/compilercompiler.html"},{"name":"Configuration Parameters","type":"reportgen","refpurpose":"创建分析选项、假设和编码规则配置的表","href":"ref\/configurationparameters.html"},{"name":"约束设置 (-data-range-specifications)","type":"analysisopt","refpurpose":"对插桩函数的全局变量、函数输入和返回值进行约束","href":"ref\/constraintsetupdatarangespecifications.html"},{"name":"Cosmic 编译器 (-compiler cosmic)","type":"analysisopt","refpurpose":"指定 Cosmic 编译器","href":"ref\/cosmiccompilercompilercosmic.html"},{"name":"圈复杂度","type":"runtimecheck","refpurpose":"函数体中线性无关路径的数量","href":"ref\/cyclomaticcomplexity.html"},{"name":"-date","type":"analysisopt","refpurpose":"指定分析日期","href":"ref\/date.html"},{"name":"结构体内部的验证深度 (-k-limiting)","type":"analysisopt","refpurpose":"限制对嵌套结构体的分析深度","href":"ref\/depthofverificationinsidestructuresklimiting.html"},{"name":"字符串操作中目标缓冲区下溢","type":"runtimecheck","refpurpose":"函数从缓冲区起始位置的负偏移处写入缓冲区","href":"ref\/destinationbufferunderflowinstringmanipulation.html"},{"name":"已禁用的预处理器定义 (-U)","type":"analysisopt","refpurpose":"取消定义预处理代码中的宏","href":"ref\/disabledpreprocessordefinitionsu.html"},{"name":"-doc | -documentation","type":"analysisopt","refpurpose":"在 Web 浏览器中显示 Polyspace 文档","href":"ref\/docdocumentation.html"},{"name":"为 Code Prover 启用自动并发检测 (-enable-concurrency-detection)","type":"analysisopt","refpurpose":"自动检测某些系列的多线程函数","href":"ref\/enableautomaticconcurrencydetectionforcodeproverenableconcurrencydetection.html"},{"name":"枚举类型定义 (-enum-type-definition)","type":"analysisopt","refpurpose":"指定如何用基类型表示 enum","href":"ref\/enumtypedefinitionenumtypedefinition.html"},{"name":"查找缺陷 (-checkers -disable-checkers)","type":"analysisopt","refpurpose":"启用或禁用缺陷检查项","href":"ref\/finddefectscheckersdisablecheckers.html"},{"name":"生成报告","type":"analysisopt","refpurpose":"指定在分析后是否生成报告","href":"ref\/generatereport.html"},{"name":"Global Variable Checks","type":"reportgen","refpurpose":"创建全局变量的表（仅限 Code Prover）","href":"ref\/globalvariablechecks.html"},{"name":"-I","type":"analysisopt","refpurpose":"指定用于编译的包含文件夹","href":"ref\/i.html"},{"name":"IAR Embedded Workbench 编译器 (-compiler iar-ew)","type":"analysisopt","refpurpose":"指定 IAR Embedded Workbench 编译器","href":"ref\/iarembeddedworkbenchcompilercompileriarew.html"},{"name":"-import-comments","type":"analysisopt","refpurpose":"从以前的分析导入审查信息","href":"ref\/importcomments.html"},{"name":"包括 (-include)","type":"analysisopt","refpurpose":"指定分析中的每个 C 文件要 #include 的文件","href":"ref\/includeinclude.html"},{"name":"包含路径 (-I)","type":"analysisopt","refpurpose":"指定包含文件所在文件夹的路径","href":"ref\/includepathsi.html"},{"name":"内联 (-inline)","type":"analysisopt","refpurpose":"指定必须要为对其的每次调用在内部创建克隆的函数","href":"ref\/inlineinline.html"},{"name":"语言范围","type":"runtimecheck","refpurpose":"维护或更改函数的成本","href":"ref\/languagescope.html"},{"name":"主入口函数 (-main)","type":"analysisopt","refpurpose":"指定 main 的 Microsoft Visual C++ 扩展","href":"ref\/mainentrypointmain.html"},{"name":"Windows 上的分配\/取消分配函数不匹配","type":"runtimecheck","refpurpose":"不正确的释放函数会导致内存损坏问题","href":"ref\/mismatchedallocdeallocfunctionsonwindows.html"},{"name":"MISRA C++:2008 Rule 0-1-1","type":"runtimecheck","refpurpose":"A project shall not contain unreachable code","href":"ref\/misrac2008rule011.html"},{"name":"MISRA C++:2008 Rule 0-1-6","type":"runtimecheck","refpurpose":"A project shall not contain instances of non-volatile variables being given values that are never subsequently used.","href":"ref\/misrac2008rule016.html"},{"name":"MISRA C++:2008 Rule 16-0-3","type":"runtimecheck","refpurpose":"#undef shall not be used","href":"ref\/misrac2008rule1603.html"},{"name":"MISRA C++:2008 Rule 16-0-4","type":"runtimecheck","refpurpose":"Function-like macros shall not be defined","href":"ref\/misrac2008rule1604.html"},{"name":"MISRA C++:2008 Rule 18-0-1","type":"runtimecheck","refpurpose":"The C library shall not be used","href":"ref\/misrac2008rule1801.html"},{"name":"MISRA C++:2008 Rule 18-0-5","type":"runtimecheck","refpurpose":"The unbounded functions of library <cstring> shall not be used","href":"ref\/misrac2008rule1805.html"},{"name":"MISRA C++:2008 Rule 3-4-1","type":"runtimecheck","refpurpose":"An identifier declared to be an object or type shall be defined in a block that minimizes its visibility","href":"ref\/misrac2008rule341.html"},{"name":"MISRA C++:2008 Rule 5-0-4","type":"runtimecheck","refpurpose":"An implicit integral conversion shall not change the signedness of the underlying type","href":"ref\/misrac2008rule504.html"},{"name":"MISRA C++:2008 Rule 8-4-1","type":"runtimecheck","refpurpose":"Functions shall not be defined using the ellipsis notation","href":"ref\/misrac2008rule841.html"},{"name":"MISRA C++:2008 Rule 8-4-3","type":"runtimecheck","refpurpose":"All exit paths from a function with non- void return type shall have an explicit return statement with an expression","href":"ref\/misrac2008rule843.html"},{"name":"MISRA C:2012 Dir 1.1","type":"runtimecheck","refpurpose":"Any implementation-defined behavior on which the output of the program depends shall be documented and understood","href":"ref\/misrac2012dir1.1.html"},{"name":"MISRA C:2012 Dir 2.1","type":"runtimecheck","refpurpose":"All source files shall compile without any compilation errors","href":"ref\/misrac2012dir2.1.html"},{"name":"MISRA C:2012 Dir 4.12","type":"runtimecheck","refpurpose":"Dynamic memory allocation shall not be used","href":"ref\/misrac2012dir4.12.html"},{"name":"MISRA C:2012 Dir 4.1","type":"runtimecheck","refpurpose":"Run-time failures shall be minimized","href":"ref\/misrac2012dir4.1.html"},{"name":"MISRA C:2012 Dir 4.3","type":"runtimecheck","refpurpose":"Assembly language shall be encapsulated and isolated","href":"ref\/misrac2012dir4.3.html"},{"name":"MISRA C:2012 Dir 4.5","type":"runtimecheck","refpurpose":"Identifiers in the same name space with overlapping visibility should be typographically unambiguous","href":"ref\/misrac2012dir4.5.html"},{"name":"MISRA C:2012 Dir 4.6","type":"runtimecheck","refpurpose":"typedefs that indicate size and signedness should be used in place of the basic numerical types","href":"ref\/misrac2012dir4.6.html"},{"name":"MISRA C:2012 Dir 4.9","type":"runtimecheck","refpurpose":"A function should be used in preference to a function-like macro where they are interchangeable","href":"ref\/misrac2012dir4.9.html"},{"name":"MISRA C:2012 Rule 1.2","type":"runtimecheck","refpurpose":"Language extensions should not be used","href":"ref\/misrac2012rule1.2.html"},{"name":"MISRA C:2012 Rule 10.3","type":"runtimecheck","refpurpose":"The value of an expression shall not be assigned to an object with a narrower essential type or of a different essential type category","href":"ref\/misrac2012rule10.3.html"},{"name":"MISRA C:2012 Rule 11.1","type":"runtimecheck","refpurpose":"Conversions shall not be performed between a pointer to a function and any other type","href":"ref\/misrac2012rule11.1.html"},{"name":"MISRA C:2012 Rule 14.3","type":"runtimecheck","refpurpose":"Controlling expressions shall not be invariant","href":"ref\/misrac2012rule14.3.html"},{"name":"MISRA C:2012 Rule 14.4","type":"runtimecheck","refpurpose":"The controlling expression of an if statement and the controlling expression of an iteration-statement shall have essentially Boolean type","href":"ref\/misrac2012rule14.4.html"},{"name":"MISRA C:2012 Rule 15.1","type":"runtimecheck","refpurpose":"The goto statement should not be used","href":"ref\/misrac2012rule15.1.html"},{"name":"MISRA C:2012 Rule 15.7","type":"runtimecheck","refpurpose":"All if … else if constructs shall be terminated with an else statement","href":"ref\/misrac2012rule15.7.html"},{"name":"MISRA C:2012 Rule 16.3","type":"runtimecheck","refpurpose":"An unconditional break statement shall terminate every switch-clause","href":"ref\/misrac2012rule16.3.html"},{"name":"MISRA C:2012 Rule 17.12","type":"runtimecheck","refpurpose":"A function identifier should only be used with either a preceding &, or with a parenthesized parameter list","href":"ref\/misrac2012rule17.12.html"},{"name":"MISRA C:2012 Rule 17.7","type":"runtimecheck","refpurpose":"The value returned by a function having non-void return type shall be used","href":"ref\/misrac2012rule17.7.html"},{"name":"MISRA C:2012 Rule 18.7","type":"runtimecheck","refpurpose":"Flexible array members shall not be declared","href":"ref\/misrac2012rule18.7.html"},{"name":"MISRA C:2012 Rule 2.1","type":"runtimecheck","refpurpose":"A project shall not contain unreachable code","href":"ref\/misrac2012rule2.1.html"},{"name":"MISRA C:2012 Rule 2.3","type":"runtimecheck","refpurpose":"A project should not contain unused type declarations","href":"ref\/misrac2012rule2.3.html"},{"name":"MISRA C:2012 Rule 2.4","type":"runtimecheck","refpurpose":"A project should not contain unused tag declarations","href":"ref\/misrac2012rule2.4.html"},{"name":"MISRA C:2012 Rule 2.5","type":"runtimecheck","refpurpose":"A project should not contain unused macro definitions","href":"ref\/misrac2012rule2.5.html"},{"name":"MISRA C:2012 Rule 2.7","type":"runtimecheck","refpurpose":"A function should not contain unused parameters","href":"ref\/misrac2012rule2.7.html"},{"name":"MISRA C:2012 Rule 21.20","type":"runtimecheck","refpurpose":"The pointer returned by the Standard Library functions asctime, ctime, gmtime, localtime, localeconv, getenv, setlocale or strerror shall not be used following a subsequent call to the same function","href":"ref\/misrac2012rule21.20.html"},{"name":"MISRA C:2012 Rule 21.2","type":"runtimecheck","refpurpose":"A reserved identifier or reserved macro name shall not be declared","href":"ref\/misrac2012rule21.2.html"},{"name":"MISRA C:2012 Rule 4.2","type":"runtimecheck","refpurpose":"Trigraphs should not be used","href":"ref\/misrac2012rule4.2.html"},{"name":"MISRA C:2012 Rule 5.1","type":"runtimecheck","refpurpose":"External identifiers shall be distinct","href":"ref\/misrac2012rule5.1.html"},{"name":"MISRA C:2012 Rule 5.6","type":"runtimecheck","refpurpose":"A typedef name shall be a unique identifier","href":"ref\/misrac2012rule5.6.html"},{"name":"MISRA C:2012 Rule 5.7","type":"runtimecheck","refpurpose":"A tag name shall be a unique identifier","href":"ref\/misrac2012rule5.7.html"},{"name":"MISRA C:2012 Rule 5.8","type":"runtimecheck","refpurpose":"Identifiers that define objects or functions with external linkage shall be unique","href":"ref\/misrac2012rule5.8.html"},{"name":"MISRA C:2012 Rule 6.1","type":"runtimecheck","refpurpose":"Bit-fields shall only be declared with an appropriate type","href":"ref\/misrac2012rule6.1.html"},{"name":"MISRA C:2012 Rule 7.4","type":"runtimecheck","refpurpose":"A string literal shall not be assigned to an object unless the object’s type is “pointer to const-qualified char”","href":"ref\/misrac2012rule7.4.html"},{"name":"MISRA C:2012 Rule 8.1","type":"runtimecheck","refpurpose":"Types shall be explicitly specified","href":"ref\/misrac2012rule8.1.html"},{"name":"MISRA C:2012 Rule 8.2","type":"runtimecheck","refpurpose":"Function types shall be in prototype form with named parameters","href":"ref\/misrac2012rule8.2.html"},{"name":"MISRA C:2012 Rule 8.4","type":"runtimecheck","refpurpose":"A compatible declaration shall be visible when an object or function with external linkage is defined","href":"ref\/misrac2012rule8.4.html"},{"name":"MISRA C:2012 Rule 8.9","type":"runtimecheck","refpurpose":"An object should be declared at block scope if its identifier only appears in a single function","href":"ref\/misrac2012rule8.9.html"},{"name":"MISRA C:2012 Rule 9.1","type":"runtimecheck","refpurpose":"The value of an object with automatic storage duration shall not be read before it has been set","href":"ref\/misrac2012rule9.1.html"},{"name":"MISRA C:2023 Dir 1.1","type":"runtimecheck","refpurpose":"Any implementation-defined behavior on which the output of the program depends shall be documented and understood","href":"ref\/misrac2023dir1.1.html"},{"name":"MISRA C:2023 Dir 2.1","type":"runtimecheck","refpurpose":"All source files shall compile without any compilation errors","href":"ref\/misrac2023dir2.1.html"},{"name":"MISRA C:2023 Dir 4.12","type":"runtimecheck","refpurpose":"Dynamic memory allocation shall not be used","href":"ref\/misrac2023dir4.12.html"},{"name":"MISRA C:2023 Dir 4.1","type":"runtimecheck","refpurpose":"Run-time failures shall be minimized","href":"ref\/misrac2023dir4.1.html"},{"name":"MISRA C:2023 Dir 4.3","type":"runtimecheck","refpurpose":"Assembly language shall be encapsulated and isolated","href":"ref\/misrac2023dir4.3.html"},{"name":"MISRA C:2023 Dir 4.5","type":"runtimecheck","refpurpose":"Identifiers in the same name space with overlapping visibility should be typographically unambiguous","href":"ref\/misrac2023dir4.5.html"},{"name":"MISRA C:2023 Dir 4.6","type":"runtimecheck","refpurpose":"typedefs that indicate size and signedness should be used in place of the basic numerical types","href":"ref\/misrac2023dir4.6.html"},{"name":"MISRA C:2023 Dir 4.9","type":"runtimecheck","refpurpose":"A function should be used in preference to a function-like macro where they are interchangeable","href":"ref\/misrac2023dir4.9.html"},{"name":"MISRA C:2023 Rule 1.2","type":"runtimecheck","refpurpose":"Language extensions should not be used","href":"ref\/misrac2023rule1.2.html"},{"name":"MISRA C:2023 Rule 10.3","type":"runtimecheck","refpurpose":"The value of an expression shall not be assigned to an object with a narrower essential type or of a different essential type category","href":"ref\/misrac2023rule10.3.html"},{"name":"MISRA C:2023 Rule 11.1","type":"runtimecheck","refpurpose":"Conversions shall not be performed between a pointer to a function and any other type","href":"ref\/misrac2023rule11.1.html"},{"name":"MISRA C:2023 Rule 14.3","type":"runtimecheck","refpurpose":"Controlling expressions shall not be invariant","href":"ref\/misrac2023rule14.3.html"},{"name":"MISRA C:2023 Rule 14.4","type":"runtimecheck","refpurpose":"The controlling expression of an if statement and the controlling expression of an iteration-statement shall have essentially Boolean type","href":"ref\/misrac2023rule14.4.html"},{"name":"MISRA C:2023 Rule 15.1","type":"runtimecheck","refpurpose":"The goto statement should not be used","href":"ref\/misrac2023rule15.1.html"},{"name":"MISRA C:2023 Rule 15.7","type":"runtimecheck","refpurpose":"All if … else if constructs shall be terminated with an else statement","href":"ref\/misrac2023rule15.7.html"},{"name":"MISRA C:2023 Rule 16.3","type":"runtimecheck","refpurpose":"An unconditional break statement shall terminate every switch-clause","href":"ref\/misrac2023rule16.3.html"},{"name":"MISRA C:2023 Rule 17.12","type":"runtimecheck","refpurpose":"A function identifier should only be used with either a preceding &, or with a parenthesized parameter list","href":"ref\/misrac2023rule17.12.html"},{"name":"MISRA C:2023 Rule 17.3","type":"runtimecheck","refpurpose":"A function shall not be declared implicitly","href":"ref\/misrac2023rule17.3.html"},{"name":"MISRA C:2023 Rule 17.7","type":"runtimecheck","refpurpose":"The value returned by a function having non-void return type shall be used","href":"ref\/misrac2023rule17.7.html"},{"name":"MISRA C:2023 Rule 18.7","type":"runtimecheck","refpurpose":"Flexible array members shall not be declared","href":"ref\/misrac2023rule18.7.html"},{"name":"MISRA C:2023 Rule 2.1","type":"runtimecheck","refpurpose":"A project shall not contain unreachable code","href":"ref\/misrac2023rule2.1.html"},{"name":"MISRA C:2023 Rule 2.3","type":"runtimecheck","refpurpose":"A project should not contain unused type declarations","href":"ref\/misrac2023rule2.3.html"},{"name":"MISRA C:2023 Rule 2.4","type":"runtimecheck","refpurpose":"A project should not contain unused tag declarations","href":"ref\/misrac2023rule2.4.html"},{"name":"MISRA C:2023 Rule 2.5","type":"runtimecheck","refpurpose":"A project should not contain unused macro definitions","href":"ref\/misrac2023rule2.5.html"},{"name":"MISRA C:2023 Rule 2.7","type":"runtimecheck","refpurpose":"A function should not contain unused parameters","href":"ref\/misrac2023rule2.7.html"},{"name":"MISRA C:2023 Rule 21.15","type":"runtimecheck","refpurpose":"The pointer arguments to the Standard Library functions memcpy, memmove and memcmp shall be pointers to qualified or unqualified versions of compatible types","href":"ref\/misrac2023rule21.15.html"},{"name":"MISRA C:2023 Rule 21.20","type":"runtimecheck","refpurpose":"The pointer returned by the Standard Library functions asctime, ctime, gmtime, localtime, localeconv, getenv, setlocale or strerror shall not be used following a subsequent call to the same function","href":"ref\/misrac2023rule21.20.html"},{"name":"MISRA C:2023 Rule 21.2","type":"runtimecheck","refpurpose":"A reserved identifier or reserved macro name shall not be declared","href":"ref\/misrac2023rule21.2.html"},{"name":"MISRA C:2023 Rule 4.2","type":"runtimecheck","refpurpose":"Trigraphs should not be used","href":"ref\/misrac2023rule4.2.html"},{"name":"MISRA C:2023 Rule 5.1","type":"runtimecheck","refpurpose":"External identifiers shall be distinct","href":"ref\/misrac2023rule5.1.html"},{"name":"MISRA C:2023 Rule 5.6","type":"runtimecheck","refpurpose":"A typedef name shall be a unique identifier","href":"ref\/misrac2023rule5.6.html"},{"name":"MISRA C:2023 Rule 5.7","type":"runtimecheck","refpurpose":"A tag name shall be a unique identifier","href":"ref\/misrac2023rule5.7.html"},{"name":"MISRA C:2023 Rule 5.8","type":"runtimecheck","refpurpose":"Identifiers that define objects or functions with external linkage shall be unique","href":"ref\/misrac2023rule5.8.html"},{"name":"MISRA C:2023 Rule 6.1","type":"runtimecheck","refpurpose":"Bit-fields shall only be declared with an appropriate type","href":"ref\/misrac2023rule6.1.html"},{"name":"MISRA C:2023 Rule 7.4","type":"runtimecheck","refpurpose":"A string literal shall not be assigned to an object unless the object’s type is “pointer to const-qualified char”","href":"ref\/misrac2023rule7.4.html"},{"name":"MISRA C:2023 Rule 8.1","type":"runtimecheck","refpurpose":"Types shall be explicitly specified","href":"ref\/misrac2023rule8.1.html"},{"name":"MISRA C:2023 Rule 8.2","type":"runtimecheck","refpurpose":"Function types shall be in prototype form with named parameters","href":"ref\/misrac2023rule8.2.html"},{"name":"MISRA C:2023 Rule 8.4","type":"runtimecheck","refpurpose":"A compatible declaration shall be visible when an object or function with external linkage is defined","href":"ref\/misrac2023rule8.4.html"},{"name":"MISRA C:2023 Rule 8.9","type":"runtimecheck","refpurpose":"An object should be declared at block scope if its identifier only appears in a single function","href":"ref\/misrac2023rule8.9.html"},{"name":"MISRA C:2023 Rule 9.1","type":"runtimecheck","refpurpose":"The value of an object with automatic storage duration shall not be read before it has been set","href":"ref\/misrac2023rule9.1.html"},{"name":"MISRA C++:2023 Rule 0.1.1","type":"runtimecheck","refpurpose":"A value should not be unnecessarily written to a local object","href":"ref\/misracpp2023rule0.1.1.html"},{"name":"MPLAB XC8 C 编译器 (-compiler microchip)","type":"analysisopt","refpurpose":"指定 MPLAB XC8 C 编译器","href":"ref\/mplabxc8ccompilercompilermicrochip.html"},{"name":"调用层数","type":"runtimecheck","refpurpose":"控制流语句的嵌套深度","href":"ref\/numberofcalllevels.html"},{"name":"直接递归次数","type":"runtimecheck","refpurpose":"函数直接调用自身的实例数","href":"ref\/numberofdirectrecursions.html"},{"name":"文件数","type":"runtimecheck","refpurpose":"源文件的数量","href":"ref\/numberoffiles.html"},{"name":"函数参数数量","type":"runtimecheck","refpurpose":"函数参量数目","href":"ref\/numberoffunctionparameters.html"},{"name":"Goto 语句数","type":"runtimecheck","refpurpose":"goto 语句数目","href":"ref\/numberofgotostatements.html"},{"name":"指令数","type":"runtimecheck","refpurpose":"每个函数的指令数目","href":"ref\/numberofinstructions.html"},{"name":"行数","type":"runtimecheck","refpurpose":"文件中的总行数","href":"ref\/numberoflines.html"},{"name":"无注释行数","type":"runtimecheck","refpurpose":"不包括空行和仅有注释的行的代码行数","href":"ref\/numberoflineswithoutcomment.html"},{"name":"局部非静态变量数","type":"runtimecheck","refpurpose":"函数中的局部变量总数","href":"ref\/numberoflocalnonstaticvariables.html"},{"name":"局部静态变量数","type":"runtimecheck","refpurpose":"函数中的局部静态变量总数","href":"ref\/numberoflocalstaticvariables.html"},{"name":"Return 语句数","type":"runtimecheck","refpurpose":"函数中的 return 语句数目","href":"ref\/numberofreturnstatements.html"},{"name":"NXP CodeWarrior 编译器 (-compiler codewarrior)","type":"analysisopt","refpurpose":"指定 NXP CodeWarrior 编译器","href":"ref\/nxpcodewarriorcompilercompilercodewarrior.html"},{"name":"-options-file","type":"analysisopt","refpurpose":"使用选项列表运行 Polyspace","href":"ref\/optionsfile.html"},{"name":"其他","type":"analysisopt","refpurpose":"为静态分析指定附加命令行标志","href":"ref\/other.html"},{"name":"输出格式 (-report-output-format)","type":"analysisopt","refpurpose":"指定生成的报告的输出格式","href":"ref\/outputformatreportoutputformat.html"},{"name":"polyspace.BugFinderResults","type":"object","refpurpose":"从 MATLAB 读取 Polyspace Bug Finder 结果","href":"ref\/polyspace.bugfinderresults.html"},{"name":"polyspace.BugFinderResults","type":"function","fcntype":"constructor","refpurpose":"从 MATLAB 读取 Polyspace Bug Finder 结果","href":"ref\/polyspace.bugfinderresults.html"},{"name":"polyspaceBugFinder","type":"function","fcntype":"simple","refpurpose":"从 MATLAB 中运行 Polyspace Bug Finder 分析","href":"ref\/polyspacebugfinder.html"},{"name":"polyspace-bug-finder","type":"function","fcntype":"simple","refpurpose":"（系统命令）对 Windows、Linux 或其他命令行运行 Bug Finder 分析","href":"ref\/polyspacebugfindercommand.html"},{"name":"polyspaceBugFinderServer","type":"function","fcntype":"simple","refpurpose":"使用 MATLAB 脚本运行 Polyspace Bug Finder Server 分析","href":"ref\/polyspacebugfinderserver.html"},{"name":"polyspace-bug-finder-server","type":"function","fcntype":"simple","refpurpose":"（系统命令）在服务器端从 Windows、Linux 或其他命令行运行 Bug Finder 分析","href":"ref\/polyspacebugfinderservercommand.html"},{"name":"polyspaceJobsManager","type":"function","fcntype":"simple","refpurpose":"管理 MATLAB Parallel Server 集群中的 Polyspace 作业","href":"ref\/polyspacejobsmanager.html"},{"name":"polyspacesetup","type":"function","fcntype":"simple","refpurpose":"将 Polyspace 安装与 Simulink 集成","href":"ref\/polyspacesetup.html"},{"name":"精度等级 (-O0 | -O1 | -O2 | -O3)","type":"analysisopt","refpurpose":"指定用于验证的精度等级","href":"ref\/precisionlevelo0o1o2o3.html"},{"name":"-preemptable-interrupts","type":"analysisopt","refpurpose":"指定表示可抢占中断的函数","href":"ref\/preemptableinterrupts.html"},{"name":"预处理器定义 (-D)","type":"analysisopt","refpurpose":"替换预处理代码中的宏","href":"ref\/preprocessordefinitionsd.html"},{"name":"-prog","type":"analysisopt","refpurpose":"指定工程的名称","href":"ref\/prog.html"},{"name":"pslinkoptions","type":"properties","refpurpose":"pslinkoptions 对象的属性","href":"ref\/pslinkoptions-properties.html"},{"name":"pslinkoptions.VerificationSettings","type":"property","refpurpose":"用于设置 C 代码的编码规则和配置设置的选项","href":"ref\/pslinkoptions-properties.html"},{"name":"pslinkoptions.VerificationMode","type":"property","refpurpose":"用于设置 Polyspace 分析模式的选项","href":"ref\/pslinkoptions-properties.html"},{"name":"pslinkoptions.EnablePrjConfigFile","type":"property","refpurpose":"用于允许使用自定义配置文件的选项","href":"ref\/pslinkoptions-properties.html"},{"name":"pslinkoptions.PrjConfigFile","type":"property","refpurpose":"用于设置自定义配置文件的选项","href":"ref\/pslinkoptions-properties.html"},{"name":"pslinkoptions.CheckConfigBeforeAnalysis","type":"property","refpurpose":"用于在分析前检查配置的选项","href":"ref\/pslinkoptions-properties.html"},{"name":"pslinkoptions.ResultDir","type":"property","refpurpose":"用于设置结果文件夹名称和位置的选项","href":"ref\/pslinkoptions-properties.html"},{"name":"pslinkoptions.AddSuffixToResultDir","type":"property","refpurpose":"用于向结果文件夹名称添加唯一编号的选项","href":"ref\/pslinkoptions-properties.html"},{"name":"pslinkoptions.OpenProjectManager","type":"property","refpurpose":"用于打开 Polyspace 环境的选项","href":"ref\/pslinkoptions-properties.html"},{"name":"pslinkoptions.AddToSimulinkProject","type":"property","refpurpose":"用于将结果添加到打开的 Simulink 工程中的选项","href":"ref\/pslinkoptions-properties.html"},{"name":"pslinkoptions.EnableAdditionalFileList","type":"property","refpurpose":"用于允许使用其他文件列表的选项","href":"ref\/pslinkoptions-properties.html"},{"name":"pslinkoptions.AdditionalFileList","type":"property","refpurpose":"用于指定要分析的其他文件列表的选项","href":"ref\/pslinkoptions-properties.html"},{"name":"pslinkoptions.InputRangeMode","type":"property","refpurpose":"用于启用设计范围信息的选项","href":"ref\/pslinkoptions-properties.html"},{"name":"pslinkoptions.ParamRangeMode","type":"property","refpurpose":"用于启用常量参数值的选项","href":"ref\/pslinkoptions-properties.html"},{"name":"pslinkoptions.OutputRangeMode","type":"property","refpurpose":"用于启用输出断言的选项","href":"ref\/pslinkoptions-properties.html"},{"name":"pslinkoptions.EnableModelRefIgnoreList","type":"property","refpurpose":"用于启用忽略模型引用的选项","href":"ref\/pslinkoptions-properties.html"},{"name":"pslinkoptions.ModelRefIgnoreList","type":"property","refpurpose":"用于列出要忽略的模型引用的选项","href":"ref\/pslinkoptions-properties.html"},{"name":"pslinkoptions.ModelRefVerifDepth","type":"property","refpurpose":"用于设置验证深度的选项","href":"ref\/pslinkoptions-properties.html"},{"name":"pslinkoptions.ModelRefMinMaxVerif","type":"property","refpurpose":"用于验证模型引用的输入和输出是否在指定值范围内的选项","href":"ref\/pslinkoptions-properties.html"},{"name":"pslinkoptions.ModelRefByModelRefVerif","type":"property","refpurpose":"用于设置模型引用分析模式的选项","href":"ref\/pslinkoptions-properties.html"},{"name":"pslinkoptions.CxxVerificationSettings","type":"property","refpurpose":"用于设置 C++ 代码的编码规则和配置设置的选项","href":"ref\/pslinkoptions-properties.html"},{"name":"pslinkoptions.AutoStubLUT","type":"property","refpurpose":"用于设置查找表代码用法的选项","href":"ref\/pslinkoptions-properties.html"},{"name":"Recursive Functions","type":"reportgen","refpurpose":"创建递归函数的表","href":"ref\/recursivefunctions.html"},{"name":"Renesas 编译器 (-compiler renesas)","type":"analysisopt","refpurpose":"指定 Renesas 编译器","href":"ref\/renesascompilercompilerrenesas.html"},{"name":"-scheduler","type":"analysisopt","refpurpose":"指定集群或作业调度器","href":"ref\/scheduler.html"},{"name":"使用文件设置检查项 (-checkers-selection-file)","type":"analysisopt","refpurpose":"为您的分析定义一组自定义编码标准检查","href":"ref\/setcheckersbyfilecheckersselectionfile.html"},{"name":"源代码编码 (-sources-encoding)","type":"analysisopt","refpurpose":"指定源文件的编码","href":"ref\/sourcecodeencodingsourcesencoding.html"},{"name":"-sources","type":"analysisopt","refpurpose":"指定源文件","href":"ref\/sources.html"},{"name":"-sources-list-file","type":"analysisopt","refpurpose":"指定包含源文件列表的文件","href":"ref\/sourceslistfile.html"},{"name":"Summary By File","type":"reportgen","refpurpose":"创建按文件显示 Polyspace 结果摘要的表","href":"ref\/summarybyfile.html"},{"name":"目标处理器类型 (-target)","type":"analysisopt","refpurpose":"通过选择预定义目标处理器来指定数据类型的大小和端序","href":"ref\/targetprocessortypetarget.html"},{"name":"Texas Instruments 编译器 (-compiler ti)","type":"analysisopt","refpurpose":"指定 Texas Instruments 编译器","href":"ref\/texasinstrumentscompilercompilerti.html"},{"name":"-tmp-dir-in-results-dir","type":"analysisopt","refpurpose":"将临时文件保留在结果文件夹中","href":"ref\/tmpdirinresultsdir.html"},{"name":"使用生成代码的要求 (-misra3-agc-mode)","type":"analysisopt","refpurpose":"检查是否存在违反适用于生成的代码的 MISRA C:2012 规则和指令的情形","href":"ref\/usegeneratedcoderequirementsmisra3agcmode.html"},{"name":"使用生成代码的要求 (-misra-c-2023-agc-mode)","type":"analysisopt","refpurpose":"检查是否存在违反适用于生成的代码的 MISRA C:2023 规则和指令的情形","href":"ref\/usegeneratedcoderequirementsmisrac2023agcmode.html"},{"name":"-ver","type":"analysisopt","refpurpose":"显示 Polyspace 产品的系统信息","href":"ref\/ver.html"},{"name":"-verif-version","type":"analysisopt","refpurpose":"分配版本标识符","href":"ref\/verifversion.html"},{"name":"验证模型生成的代码 (-main-generator)","type":"analysisopt","refpurpose":"指定如果在源文件中不存在 main 函数，则必须生成该函数","href":"ref\/verifymodelgeneratedcodemaingenerator.html"},{"name":"验证模块或库 (-main-generator)","type":"analysisopt","refpurpose":"如果源文件是未包含 main 的模块或库，则生成一个 main 函数","href":"ref\/verifymoduleorlibrarymaingenerator.html"},{"name":"验证整个应用程序","type":"analysisopt","refpurpose":"如果源文件不完整且未包含 main 函数，则停止验证","href":"ref\/verifywholeapplication.html"}]}