{"schema":"referenceapi_lookup_schema.json","schemaVersion":"1.0","docVersion":"doc25a.2968260.Bdoc25a.2967890.pass.r2025a","productName":"MATLAB Coder","baseCode":"ME","helpFolder":"coder","helpLocation":"coder","addons":"NVIDIA",  "refItems" : [{"name":"MATLAB Coder","type":"app","refpurpose":"Generar código C o una función MEX a partir de código de MATLAB","href":"ref\/matlabcoder-app.html"},{"name":"coder","type":"function","fcntype":"applauncher","refpurpose":"Generar código C o una función MEX a partir de código de MATLAB","href":"ref\/matlabcoder-app.html"}]}