{"schema":"referenceapi_lookup_schema.json","schemaVersion":"1.0","docVersion":"doc25a.2968260.Bdoc25a.2967890.pass.r2025a","productName":"MATLAB Compiler","baseCode":"CO","helpFolder":"compiler","helpLocation":"compiler",  "refItems" : [{"name":"Application Compiler","type":"app","refpurpose":"독립 실행형 애플리케이션으로 배포하기 위한 MATLAB 프로그램 패키징","href":"applicationcompiler-app.html"},{"name":"applicationCompiler","type":"function","fcntype":"applauncher","refpurpose":"독립 실행형 애플리케이션으로 배포하기 위한 MATLAB 프로그램 패키징","href":"applicationcompiler-app.html"},{"name":"applicationCompiler","type":"function","fcntype":"simple","refpurpose":"함수 빌드 및 독립 실행형 애플리케이션으로 패키징","href":"applicationcompiler.html"},{"name":"compiler.runtime.download","type":"function","fcntype":"simple","refpurpose":"MATLAB Runtime 인스톨러 다운로드","href":"compiler.runtime.download.html"},{"name":"ctfroot","type":"function","fcntype":"simple","refpurpose":"배포된 애플리케이션과 관련된 파일의 위치","href":"ctfroot.html"},{"name":"deploytool","type":"function","fcntype":"simple","refpurpose":"애플리케이션 배포 앱의 목록 열기","href":"deploytool.html"},{"name":"deploytool","type":"function","fcntype":"simple","refpurpose":"애플리케이션 배포 앱의 목록 열기","href":"excel\/deploytool.html"},{"name":"Library Compiler","type":"app","refpurpose":"공유 라이브러리와 컴포넌트로 배포하기 위한 MATLAB 프로그램 패키징","href":"excel\/librarycompiler-app.html"},{"name":"libraryCompiler","type":"function","fcntype":"applauncher","refpurpose":"공유 라이브러리와 컴포넌트로 배포하기 위한 MATLAB 프로그램 패키징","href":"excel\/librarycompiler-app.html"},{"name":"libraryCompiler","type":"function","fcntype":"simple","refpurpose":"Library Compiler 앱 열기","href":"excel\/librarycompiler.html"},{"name":"%#exclude","type":"function","fcntype":"simple","refpurpose":"MATLAB Compiler 종속성 분석 중 파일 또는 함수 종속성 무시","href":"exclude.html"},{"name":"%#function","type":"function","fcntype":"simple","refpurpose":"MATLAB Compiler가 feval, eval, Handle Graphics 콜백 또는 MAT 파일에서 불러온 객체를 통해 호출된 함수를 찾는 데 도움이 되는 프라그마","href":"function.html"},{"name":"deploytool","type":"function","fcntype":"simple","refpurpose":"애플리케이션 배포 앱의 목록 열기","href":"hadoop\/deploytool.html"},{"name":"isdeployed","type":"function","fcntype":"simple","refpurpose":"코드가 배포 모드와 MATLAB 모드 중 어떤 모드에서 실행 중인지 확인","href":"isdeployed.html"},{"name":"ismcc","type":"function","fcntype":"simple","refpurpose":"컴파일 프로세스 중에 코드가 실행 중인지 테스트(mcc 사용)","href":"ismcc.html"},{"name":"libraryCompiler","type":"function","fcntype":"simple","refpurpose":"Library Compiler 앱 열기","href":"librarycompiler.html"},{"name":"mcrinstaller","type":"function","fcntype":"simple","refpurpose":"현재 플랫폼에 해당하는 MATLAB Runtime 인스톨러의 버전과 위치 정보 표시","href":"mcrinstaller.html"},{"name":"mcrversion","type":"function","fcntype":"simple","refpurpose":"MATLAB 버전과 매칭되는 MATLAB Runtime 버전 번호 반환","href":"mcrversion.html"},{"name":"matlab.compiler.mlspark.RDD.cartesian","type":"method","fcntype":"instancemethod","refpurpose":"두 RDD의 데카르트 곱인 RDD를 생성합니다.","href":"spark\/matlab.compiler.mlspark.rdd.cartesian.html"},{"name":"matlab.compiler.mlspark.RDD.collect","type":"method","fcntype":"instancemethod","refpurpose":"RDD의 모든 요소를 포함하는 MATLAB 셀형 배열 반환","href":"spark\/matlab.compiler.mlspark.rdd.collect.html"},{"name":"matlab.compiler.mlspark.RDD.count","type":"method","fcntype":"instancemethod","refpurpose":"RDD의 요소 개수 세기","href":"spark\/matlab.compiler.mlspark.rdd.count.html"},{"name":"matlab.compiler.mlspark.RDD.groupBy","type":"method","fcntype":"instancemethod","refpurpose":"그룹화된 항목으로 구성된 RDD 반환","href":"spark\/matlab.compiler.mlspark.rdd.groupby.html"},{"name":"matlab.compiler.mlspark.RDD.intersection","type":"method","fcntype":"instancemethod","refpurpose":"한 RDD와 다른 RDD의 교집합 반환","href":"spark\/matlab.compiler.mlspark.rdd.intersection.html"},{"name":"matlab.compiler.mlspark.RDD.union","type":"method","fcntype":"instancemethod","refpurpose":"한 RDD와 다른 RDD의 합집합 반환","href":"spark\/matlab.compiler.mlspark.rdd.union.html"},{"name":"compiler.UserInfo","type":"function","fcntype":"simple","refpurpose":"로그인한 사용자의 세부 정보 가져오기","href":"webapps\/compiler.userinfo.html"},{"name":"Web App Compiler","type":"app","refpurpose":"웹 배포를 위한 앱 디자이너 앱 패키징","href":"webapps\/webappcompiler-app.html"},{"name":"webAppCompiler","type":"function","fcntype":"simple","refpurpose":"웹 배포를 위한 앱 디자이너 앱 패키징","href":"webapps\/webappcompiler.html"}]}