{"schema":"referenceapi_lookup_schema.json","schemaVersion":"1.0","docVersion":"doc25a.2968260.Bdoc25a.2967890.pass.r2025a","productName":"Control System Toolbox","baseCode":"CT","helpFolder":"control","helpLocation":"control",  "refItems" : [{"name":"Control System Designer","type":"app","refpurpose":"Progettare controller a singolo input, singolo output (SISO)","href":"ref\/controlsystemdesigner-app.html"},{"name":"controlSystemDesigner","type":"function","fcntype":"applauncher","refpurpose":"Progettare controller a singolo input, singolo output (SISO)","href":"ref\/controlsystemdesigner-app.html"},{"name":"Convert Model Rate","type":"liveeditortask","refpurpose":"Convertire i modelli tra tempo continuo e tempo discreto e ricampionare i modelli nel Live Editor","href":"ref\/convertmodelrate.html"},{"name":"dlyap","type":"function","fcntype":"simple","refpurpose":"Risolvere le equazioni di Lyapunov a tempo discreto","href":"ref\/dlyap.html"},{"name":"drss","type":"function","fcntype":"simple","refpurpose":"Generare un modello di test discreto casuale","href":"ref\/drss.html"},{"name":"bode","type":"function","fcntype":"instancemethod","refpurpose":"Risposta in frequenza di Bode del sistema dinamico","href":"ref\/dynamicsystem.bode.html"},{"name":"DynamicSystem.bode","type":"method","fcntype":"instancemethod","refpurpose":"Risposta in frequenza di Bode del sistema dinamico","href":"ref\/dynamicsystem.bode.html"},{"name":"tf.bode","type":"method","fcntype":"instancemethod","refpurpose":"Risposta in frequenza di Bode del sistema dinamico","href":"ref\/dynamicsystem.bode.html"},{"name":"ss.bode","type":"method","fcntype":"instancemethod","refpurpose":"Risposta in frequenza di Bode del sistema dinamico","href":"ref\/dynamicsystem.bode.html"},{"name":"zpk.bode","type":"method","fcntype":"instancemethod","refpurpose":"Risposta in frequenza di Bode del sistema dinamico","href":"ref\/dynamicsystem.bode.html"},{"name":"frd.bode","type":"method","fcntype":"instancemethod","refpurpose":"Risposta in frequenza di Bode del sistema dinamico","href":"ref\/dynamicsystem.bode.html"},{"name":"pid.bode","type":"method","fcntype":"instancemethod","refpurpose":"Risposta in frequenza di Bode del sistema dinamico","href":"ref\/dynamicsystem.bode.html"},{"name":"pid2.bode","type":"method","fcntype":"instancemethod","refpurpose":"Risposta in frequenza di Bode del sistema dinamico","href":"ref\/dynamicsystem.bode.html"},{"name":"pidstd.bode","type":"method","fcntype":"instancemethod","refpurpose":"Risposta in frequenza di Bode del sistema dinamico","href":"ref\/dynamicsystem.bode.html"},{"name":"pidstd2.bode","type":"method","fcntype":"instancemethod","refpurpose":"Risposta in frequenza di Bode del sistema dinamico","href":"ref\/dynamicsystem.bode.html"},{"name":"tunableTF.bode","type":"method","fcntype":"instancemethod","refpurpose":"Risposta in frequenza di Bode del sistema dinamico","href":"ref\/dynamicsystem.bode.html"},{"name":"tunableSS.bode","type":"method","fcntype":"instancemethod","refpurpose":"Risposta in frequenza di Bode del sistema dinamico","href":"ref\/dynamicsystem.bode.html"},{"name":"tunableGain.bode","type":"method","fcntype":"instancemethod","refpurpose":"Risposta in frequenza di Bode del sistema dinamico","href":"ref\/dynamicsystem.bode.html"},{"name":"tunablePID.bode","type":"method","fcntype":"instancemethod","refpurpose":"Risposta in frequenza di Bode del sistema dinamico","href":"ref\/dynamicsystem.bode.html"},{"name":"tunablePID2.bode","type":"method","fcntype":"instancemethod","refpurpose":"Risposta in frequenza di Bode del sistema dinamico","href":"ref\/dynamicsystem.bode.html"},{"name":"AnalysisPoint.bode","type":"method","fcntype":"instancemethod","refpurpose":"Risposta in frequenza di Bode del sistema dinamico","href":"ref\/dynamicsystem.bode.html"},{"name":"genss.bode","type":"method","fcntype":"instancemethod","refpurpose":"Risposta in frequenza di Bode del sistema dinamico","href":"ref\/dynamicsystem.bode.html"},{"name":"genfrd.bode","type":"method","fcntype":"instancemethod","refpurpose":"Risposta in frequenza di Bode del sistema dinamico","href":"ref\/dynamicsystem.bode.html"},{"name":"sparss.bode","type":"method","fcntype":"instancemethod","refpurpose":"Risposta in frequenza di Bode del sistema dinamico","href":"ref\/dynamicsystem.bode.html"},{"name":"mechss.bode","type":"method","fcntype":"instancemethod","refpurpose":"Risposta in frequenza di Bode del sistema dinamico","href":"ref\/dynamicsystem.bode.html"},{"name":"uss.bode","type":"method","fcntype":"instancemethod","refpurpose":"Risposta in frequenza di Bode del sistema dinamico","href":"ref\/dynamicsystem.bode.html"},{"name":"ufrd.bode","type":"method","fcntype":"instancemethod","refpurpose":"Risposta in frequenza di Bode del sistema dinamico","href":"ref\/dynamicsystem.bode.html"},{"name":"ultidyn.bode","type":"method","fcntype":"instancemethod","refpurpose":"Risposta in frequenza di Bode del sistema dinamico","href":"ref\/dynamicsystem.bode.html"},{"name":"udyn.bode","type":"method","fcntype":"instancemethod","refpurpose":"Risposta in frequenza di Bode del sistema dinamico","href":"ref\/dynamicsystem.bode.html"},{"name":"umargin.bode","type":"method","fcntype":"instancemethod","refpurpose":"Risposta in frequenza di Bode del sistema dinamico","href":"ref\/dynamicsystem.bode.html"},{"name":"idgrey.bode","type":"method","fcntype":"instancemethod","refpurpose":"Risposta in frequenza di Bode del sistema dinamico","href":"ref\/dynamicsystem.bode.html"},{"name":"idfrd.bode","type":"method","fcntype":"instancemethod","refpurpose":"Risposta in frequenza di Bode del sistema dinamico","href":"ref\/dynamicsystem.bode.html"},{"name":"idtf.bode","type":"method","fcntype":"instancemethod","refpurpose":"Risposta in frequenza di Bode del sistema dinamico","href":"ref\/dynamicsystem.bode.html"},{"name":"idpoly.bode","type":"method","fcntype":"instancemethod","refpurpose":"Risposta in frequenza di Bode del sistema dinamico","href":"ref\/dynamicsystem.bode.html"},{"name":"idss.bode","type":"method","fcntype":"instancemethod","refpurpose":"Risposta in frequenza di Bode del sistema dinamico","href":"ref\/dynamicsystem.bode.html"},{"name":"idproc.bode","type":"method","fcntype":"instancemethod","refpurpose":"Risposta in frequenza di Bode del sistema dinamico","href":"ref\/dynamicsystem.bode.html"},{"name":"idnlarx.bode","type":"method","fcntype":"instancemethod","refpurpose":"Risposta in frequenza di Bode del sistema dinamico","href":"ref\/dynamicsystem.bode.html"},{"name":"idnlgrey.bode","type":"method","fcntype":"instancemethod","refpurpose":"Risposta in frequenza di Bode del sistema dinamico","href":"ref\/dynamicsystem.bode.html"},{"name":"idnlhw.bode","type":"method","fcntype":"instancemethod","refpurpose":"Risposta in frequenza di Bode del sistema dinamico","href":"ref\/dynamicsystem.bode.html"},{"name":"c2d","type":"function","fcntype":"instancemethod","refpurpose":"Convertire il modello da tempo continuo a tempo discreto","href":"ref\/dynamicsystem.c2d.html"},{"name":"DynamicSystem.c2d","type":"method","fcntype":"instancemethod","refpurpose":"Convertire il modello da tempo continuo a tempo discreto","href":"ref\/dynamicsystem.c2d.html"},{"name":"tf.c2d","type":"method","fcntype":"instancemethod","refpurpose":"Convertire il modello da tempo continuo a tempo discreto","href":"ref\/dynamicsystem.c2d.html"},{"name":"ss.c2d","type":"method","fcntype":"instancemethod","refpurpose":"Convertire il modello da tempo continuo a tempo discreto","href":"ref\/dynamicsystem.c2d.html"},{"name":"zpk.c2d","type":"method","fcntype":"instancemethod","refpurpose":"Convertire il modello da tempo continuo a tempo discreto","href":"ref\/dynamicsystem.c2d.html"},{"name":"frd.c2d","type":"method","fcntype":"instancemethod","refpurpose":"Convertire il modello da tempo continuo a tempo discreto","href":"ref\/dynamicsystem.c2d.html"},{"name":"pid.c2d","type":"method","fcntype":"instancemethod","refpurpose":"Convertire il modello da tempo continuo a tempo discreto","href":"ref\/dynamicsystem.c2d.html"},{"name":"pid2.c2d","type":"method","fcntype":"instancemethod","refpurpose":"Convertire il modello da tempo continuo a tempo discreto","href":"ref\/dynamicsystem.c2d.html"},{"name":"pidstd.c2d","type":"method","fcntype":"instancemethod","refpurpose":"Convertire il modello da tempo continuo a tempo discreto","href":"ref\/dynamicsystem.c2d.html"},{"name":"pidstd2.c2d","type":"method","fcntype":"instancemethod","refpurpose":"Convertire il modello da tempo continuo a tempo discreto","href":"ref\/dynamicsystem.c2d.html"},{"name":"tunableTF.c2d","type":"method","fcntype":"instancemethod","refpurpose":"Convertire il modello da tempo continuo a tempo discreto","href":"ref\/dynamicsystem.c2d.html"},{"name":"tunableSS.c2d","type":"method","fcntype":"instancemethod","refpurpose":"Convertire il modello da tempo continuo a tempo discreto","href":"ref\/dynamicsystem.c2d.html"},{"name":"tunableGain.c2d","type":"method","fcntype":"instancemethod","refpurpose":"Convertire il modello da tempo continuo a tempo discreto","href":"ref\/dynamicsystem.c2d.html"},{"name":"tunablePID.c2d","type":"method","fcntype":"instancemethod","refpurpose":"Convertire il modello da tempo continuo a tempo discreto","href":"ref\/dynamicsystem.c2d.html"},{"name":"tunablePID2.c2d","type":"method","fcntype":"instancemethod","refpurpose":"Convertire il modello da tempo continuo a tempo discreto","href":"ref\/dynamicsystem.c2d.html"},{"name":"AnalysisPoint.c2d","type":"method","fcntype":"instancemethod","refpurpose":"Convertire il modello da tempo continuo a tempo discreto","href":"ref\/dynamicsystem.c2d.html"},{"name":"genss.c2d","type":"method","fcntype":"instancemethod","refpurpose":"Convertire il modello da tempo continuo a tempo discreto","href":"ref\/dynamicsystem.c2d.html"},{"name":"genfrd.c2d","type":"method","fcntype":"instancemethod","refpurpose":"Convertire il modello da tempo continuo a tempo discreto","href":"ref\/dynamicsystem.c2d.html"},{"name":"sparss.c2d","type":"method","fcntype":"instancemethod","refpurpose":"Convertire il modello da tempo continuo a tempo discreto","href":"ref\/dynamicsystem.c2d.html"},{"name":"mechss.c2d","type":"method","fcntype":"instancemethod","refpurpose":"Convertire il modello da tempo continuo a tempo discreto","href":"ref\/dynamicsystem.c2d.html"},{"name":"uss.c2d","type":"method","fcntype":"instancemethod","refpurpose":"Convertire il modello da tempo continuo a tempo discreto","href":"ref\/dynamicsystem.c2d.html"},{"name":"ufrd.c2d","type":"method","fcntype":"instancemethod","refpurpose":"Convertire il modello da tempo continuo a tempo discreto","href":"ref\/dynamicsystem.c2d.html"},{"name":"ultidyn.c2d","type":"method","fcntype":"instancemethod","refpurpose":"Convertire il modello da tempo continuo a tempo discreto","href":"ref\/dynamicsystem.c2d.html"},{"name":"udyn.c2d","type":"method","fcntype":"instancemethod","refpurpose":"Convertire il modello da tempo continuo a tempo discreto","href":"ref\/dynamicsystem.c2d.html"},{"name":"umargin.c2d","type":"method","fcntype":"instancemethod","refpurpose":"Convertire il modello da tempo continuo a tempo discreto","href":"ref\/dynamicsystem.c2d.html"},{"name":"idgrey.c2d","type":"method","fcntype":"instancemethod","refpurpose":"Convertire il modello da tempo continuo a tempo discreto","href":"ref\/dynamicsystem.c2d.html"},{"name":"idfrd.c2d","type":"method","fcntype":"instancemethod","refpurpose":"Convertire il modello da tempo continuo a tempo discreto","href":"ref\/dynamicsystem.c2d.html"},{"name":"idtf.c2d","type":"method","fcntype":"instancemethod","refpurpose":"Convertire il modello da tempo continuo a tempo discreto","href":"ref\/dynamicsystem.c2d.html"},{"name":"idpoly.c2d","type":"method","fcntype":"instancemethod","refpurpose":"Convertire il modello da tempo continuo a tempo discreto","href":"ref\/dynamicsystem.c2d.html"},{"name":"idss.c2d","type":"method","fcntype":"instancemethod","refpurpose":"Convertire il modello da tempo continuo a tempo discreto","href":"ref\/dynamicsystem.c2d.html"},{"name":"idproc.c2d","type":"method","fcntype":"instancemethod","refpurpose":"Convertire il modello da tempo continuo a tempo discreto","href":"ref\/dynamicsystem.c2d.html"},{"name":"idnlarx.c2d","type":"method","fcntype":"instancemethod","refpurpose":"Convertire il modello da tempo continuo a tempo discreto","href":"ref\/dynamicsystem.c2d.html"},{"name":"idnlgrey.c2d","type":"method","fcntype":"instancemethod","refpurpose":"Convertire il modello da tempo continuo a tempo discreto","href":"ref\/dynamicsystem.c2d.html"},{"name":"idnlhw.c2d","type":"method","fcntype":"instancemethod","refpurpose":"Convertire il modello da tempo continuo a tempo discreto","href":"ref\/dynamicsystem.c2d.html"},{"name":"dcgain","type":"function","fcntype":"instancemethod","refpurpose":"Guadagno a bassa frequenza (CC) di un sistema LTI","href":"ref\/dynamicsystem.dcgain.html"},{"name":"DynamicSystem.dcgain","type":"method","fcntype":"instancemethod","refpurpose":"Guadagno a bassa frequenza (CC) di un sistema LTI","href":"ref\/dynamicsystem.dcgain.html"},{"name":"tf.dcgain","type":"method","fcntype":"instancemethod","refpurpose":"Guadagno a bassa frequenza (CC) di un sistema LTI","href":"ref\/dynamicsystem.dcgain.html"},{"name":"ss.dcgain","type":"method","fcntype":"instancemethod","refpurpose":"Guadagno a bassa frequenza (CC) di un sistema LTI","href":"ref\/dynamicsystem.dcgain.html"},{"name":"zpk.dcgain","type":"method","fcntype":"instancemethod","refpurpose":"Guadagno a bassa frequenza (CC) di un sistema LTI","href":"ref\/dynamicsystem.dcgain.html"},{"name":"frd.dcgain","type":"method","fcntype":"instancemethod","refpurpose":"Guadagno a bassa frequenza (CC) di un sistema LTI","href":"ref\/dynamicsystem.dcgain.html"},{"name":"pid.dcgain","type":"method","fcntype":"instancemethod","refpurpose":"Guadagno a bassa frequenza (CC) di un sistema LTI","href":"ref\/dynamicsystem.dcgain.html"},{"name":"pid2.dcgain","type":"method","fcntype":"instancemethod","refpurpose":"Guadagno a bassa frequenza (CC) di un sistema LTI","href":"ref\/dynamicsystem.dcgain.html"},{"name":"pidstd.dcgain","type":"method","fcntype":"instancemethod","refpurpose":"Guadagno a bassa frequenza (CC) di un sistema LTI","href":"ref\/dynamicsystem.dcgain.html"},{"name":"pidstd2.dcgain","type":"method","fcntype":"instancemethod","refpurpose":"Guadagno a bassa frequenza (CC) di un sistema LTI","href":"ref\/dynamicsystem.dcgain.html"},{"name":"tunableTF.dcgain","type":"method","fcntype":"instancemethod","refpurpose":"Guadagno a bassa frequenza (CC) di un sistema LTI","href":"ref\/dynamicsystem.dcgain.html"},{"name":"tunableSS.dcgain","type":"method","fcntype":"instancemethod","refpurpose":"Guadagno a bassa frequenza (CC) di un sistema LTI","href":"ref\/dynamicsystem.dcgain.html"},{"name":"tunableGain.dcgain","type":"method","fcntype":"instancemethod","refpurpose":"Guadagno a bassa frequenza (CC) di un sistema LTI","href":"ref\/dynamicsystem.dcgain.html"},{"name":"tunablePID.dcgain","type":"method","fcntype":"instancemethod","refpurpose":"Guadagno a bassa frequenza (CC) di un sistema LTI","href":"ref\/dynamicsystem.dcgain.html"},{"name":"tunablePID2.dcgain","type":"method","fcntype":"instancemethod","refpurpose":"Guadagno a bassa frequenza (CC) di un sistema LTI","href":"ref\/dynamicsystem.dcgain.html"},{"name":"AnalysisPoint.dcgain","type":"method","fcntype":"instancemethod","refpurpose":"Guadagno a bassa frequenza (CC) di un sistema LTI","href":"ref\/dynamicsystem.dcgain.html"},{"name":"genss.dcgain","type":"method","fcntype":"instancemethod","refpurpose":"Guadagno a bassa frequenza (CC) di un sistema LTI","href":"ref\/dynamicsystem.dcgain.html"},{"name":"genfrd.dcgain","type":"method","fcntype":"instancemethod","refpurpose":"Guadagno a bassa frequenza (CC) di un sistema LTI","href":"ref\/dynamicsystem.dcgain.html"},{"name":"sparss.dcgain","type":"method","fcntype":"instancemethod","refpurpose":"Guadagno a bassa frequenza (CC) di un sistema LTI","href":"ref\/dynamicsystem.dcgain.html"},{"name":"mechss.dcgain","type":"method","fcntype":"instancemethod","refpurpose":"Guadagno a bassa frequenza (CC) di un sistema LTI","href":"ref\/dynamicsystem.dcgain.html"},{"name":"uss.dcgain","type":"method","fcntype":"instancemethod","refpurpose":"Guadagno a bassa frequenza (CC) di un sistema LTI","href":"ref\/dynamicsystem.dcgain.html"},{"name":"ufrd.dcgain","type":"method","fcntype":"instancemethod","refpurpose":"Guadagno a bassa frequenza (CC) di un sistema LTI","href":"ref\/dynamicsystem.dcgain.html"},{"name":"ultidyn.dcgain","type":"method","fcntype":"instancemethod","refpurpose":"Guadagno a bassa frequenza (CC) di un sistema LTI","href":"ref\/dynamicsystem.dcgain.html"},{"name":"udyn.dcgain","type":"method","fcntype":"instancemethod","refpurpose":"Guadagno a bassa frequenza (CC) di un sistema LTI","href":"ref\/dynamicsystem.dcgain.html"},{"name":"umargin.dcgain","type":"method","fcntype":"instancemethod","refpurpose":"Guadagno a bassa frequenza (CC) di un sistema LTI","href":"ref\/dynamicsystem.dcgain.html"},{"name":"idgrey.dcgain","type":"method","fcntype":"instancemethod","refpurpose":"Guadagno a bassa frequenza (CC) di un sistema LTI","href":"ref\/dynamicsystem.dcgain.html"},{"name":"idfrd.dcgain","type":"method","fcntype":"instancemethod","refpurpose":"Guadagno a bassa frequenza (CC) di un sistema LTI","href":"ref\/dynamicsystem.dcgain.html"},{"name":"idtf.dcgain","type":"method","fcntype":"instancemethod","refpurpose":"Guadagno a bassa frequenza (CC) di un sistema LTI","href":"ref\/dynamicsystem.dcgain.html"},{"name":"idpoly.dcgain","type":"method","fcntype":"instancemethod","refpurpose":"Guadagno a bassa frequenza (CC) di un sistema LTI","href":"ref\/dynamicsystem.dcgain.html"},{"name":"idss.dcgain","type":"method","fcntype":"instancemethod","refpurpose":"Guadagno a bassa frequenza (CC) di un sistema LTI","href":"ref\/dynamicsystem.dcgain.html"},{"name":"idproc.dcgain","type":"method","fcntype":"instancemethod","refpurpose":"Guadagno a bassa frequenza (CC) di un sistema LTI","href":"ref\/dynamicsystem.dcgain.html"},{"name":"idnlarx.dcgain","type":"method","fcntype":"instancemethod","refpurpose":"Guadagno a bassa frequenza (CC) di un sistema LTI","href":"ref\/dynamicsystem.dcgain.html"},{"name":"idnlgrey.dcgain","type":"method","fcntype":"instancemethod","refpurpose":"Guadagno a bassa frequenza (CC) di un sistema LTI","href":"ref\/dynamicsystem.dcgain.html"},{"name":"idnlhw.dcgain","type":"method","fcntype":"instancemethod","refpurpose":"Guadagno a bassa frequenza (CC) di un sistema LTI","href":"ref\/dynamicsystem.dcgain.html"},{"name":"minreal","type":"function","fcntype":"instancemethod","refpurpose":"Realizzazione minima o cancellazione del polo zero","href":"ref\/dynamicsystem.minreal.html"},{"name":"DynamicSystem.minreal","type":"method","fcntype":"instancemethod","refpurpose":"Realizzazione minima o cancellazione del polo zero","href":"ref\/dynamicsystem.minreal.html"},{"name":"tf.minreal","type":"method","fcntype":"instancemethod","refpurpose":"Realizzazione minima o cancellazione del polo zero","href":"ref\/dynamicsystem.minreal.html"},{"name":"ss.minreal","type":"method","fcntype":"instancemethod","refpurpose":"Realizzazione minima o cancellazione del polo zero","href":"ref\/dynamicsystem.minreal.html"},{"name":"zpk.minreal","type":"method","fcntype":"instancemethod","refpurpose":"Realizzazione minima o cancellazione del polo zero","href":"ref\/dynamicsystem.minreal.html"},{"name":"frd.minreal","type":"method","fcntype":"instancemethod","refpurpose":"Realizzazione minima o cancellazione del polo zero","href":"ref\/dynamicsystem.minreal.html"},{"name":"pid.minreal","type":"method","fcntype":"instancemethod","refpurpose":"Realizzazione minima o cancellazione del polo zero","href":"ref\/dynamicsystem.minreal.html"},{"name":"pid2.minreal","type":"method","fcntype":"instancemethod","refpurpose":"Realizzazione minima o cancellazione del polo zero","href":"ref\/dynamicsystem.minreal.html"},{"name":"pidstd.minreal","type":"method","fcntype":"instancemethod","refpurpose":"Realizzazione minima o cancellazione del polo zero","href":"ref\/dynamicsystem.minreal.html"},{"name":"pidstd2.minreal","type":"method","fcntype":"instancemethod","refpurpose":"Realizzazione minima o cancellazione del polo zero","href":"ref\/dynamicsystem.minreal.html"},{"name":"tunableTF.minreal","type":"method","fcntype":"instancemethod","refpurpose":"Realizzazione minima o cancellazione del polo zero","href":"ref\/dynamicsystem.minreal.html"},{"name":"tunableSS.minreal","type":"method","fcntype":"instancemethod","refpurpose":"Realizzazione minima o cancellazione del polo zero","href":"ref\/dynamicsystem.minreal.html"},{"name":"tunableGain.minreal","type":"method","fcntype":"instancemethod","refpurpose":"Realizzazione minima o cancellazione del polo zero","href":"ref\/dynamicsystem.minreal.html"},{"name":"tunablePID.minreal","type":"method","fcntype":"instancemethod","refpurpose":"Realizzazione minima o cancellazione del polo zero","href":"ref\/dynamicsystem.minreal.html"},{"name":"tunablePID2.minreal","type":"method","fcntype":"instancemethod","refpurpose":"Realizzazione minima o cancellazione del polo zero","href":"ref\/dynamicsystem.minreal.html"},{"name":"AnalysisPoint.minreal","type":"method","fcntype":"instancemethod","refpurpose":"Realizzazione minima o cancellazione del polo zero","href":"ref\/dynamicsystem.minreal.html"},{"name":"genss.minreal","type":"method","fcntype":"instancemethod","refpurpose":"Realizzazione minima o cancellazione del polo zero","href":"ref\/dynamicsystem.minreal.html"},{"name":"genfrd.minreal","type":"method","fcntype":"instancemethod","refpurpose":"Realizzazione minima o cancellazione del polo zero","href":"ref\/dynamicsystem.minreal.html"},{"name":"sparss.minreal","type":"method","fcntype":"instancemethod","refpurpose":"Realizzazione minima o cancellazione del polo zero","href":"ref\/dynamicsystem.minreal.html"},{"name":"mechss.minreal","type":"method","fcntype":"instancemethod","refpurpose":"Realizzazione minima o cancellazione del polo zero","href":"ref\/dynamicsystem.minreal.html"},{"name":"uss.minreal","type":"method","fcntype":"instancemethod","refpurpose":"Realizzazione minima o cancellazione del polo zero","href":"ref\/dynamicsystem.minreal.html"},{"name":"ufrd.minreal","type":"method","fcntype":"instancemethod","refpurpose":"Realizzazione minima o cancellazione del polo zero","href":"ref\/dynamicsystem.minreal.html"},{"name":"ultidyn.minreal","type":"method","fcntype":"instancemethod","refpurpose":"Realizzazione minima o cancellazione del polo zero","href":"ref\/dynamicsystem.minreal.html"},{"name":"udyn.minreal","type":"method","fcntype":"instancemethod","refpurpose":"Realizzazione minima o cancellazione del polo zero","href":"ref\/dynamicsystem.minreal.html"},{"name":"umargin.minreal","type":"method","fcntype":"instancemethod","refpurpose":"Realizzazione minima o cancellazione del polo zero","href":"ref\/dynamicsystem.minreal.html"},{"name":"idgrey.minreal","type":"method","fcntype":"instancemethod","refpurpose":"Realizzazione minima o cancellazione del polo zero","href":"ref\/dynamicsystem.minreal.html"},{"name":"idfrd.minreal","type":"method","fcntype":"instancemethod","refpurpose":"Realizzazione minima o cancellazione del polo zero","href":"ref\/dynamicsystem.minreal.html"},{"name":"idtf.minreal","type":"method","fcntype":"instancemethod","refpurpose":"Realizzazione minima o cancellazione del polo zero","href":"ref\/dynamicsystem.minreal.html"},{"name":"idpoly.minreal","type":"method","fcntype":"instancemethod","refpurpose":"Realizzazione minima o cancellazione del polo zero","href":"ref\/dynamicsystem.minreal.html"},{"name":"idss.minreal","type":"method","fcntype":"instancemethod","refpurpose":"Realizzazione minima o cancellazione del polo zero","href":"ref\/dynamicsystem.minreal.html"},{"name":"idproc.minreal","type":"method","fcntype":"instancemethod","refpurpose":"Realizzazione minima o cancellazione del polo zero","href":"ref\/dynamicsystem.minreal.html"},{"name":"idnlarx.minreal","type":"method","fcntype":"instancemethod","refpurpose":"Realizzazione minima o cancellazione del polo zero","href":"ref\/dynamicsystem.minreal.html"},{"name":"idnlgrey.minreal","type":"method","fcntype":"instancemethod","refpurpose":"Realizzazione minima o cancellazione del polo zero","href":"ref\/dynamicsystem.minreal.html"},{"name":"idnlhw.minreal","type":"method","fcntype":"instancemethod","refpurpose":"Realizzazione minima o cancellazione del polo zero","href":"ref\/dynamicsystem.minreal.html"},{"name":"rlocus","type":"function","fcntype":"instancemethod","refpurpose":"Luogo della radice del sistema dinamico","href":"ref\/dynamicsystem.rlocus.html"},{"name":"DynamicSystem.rlocus","type":"method","fcntype":"instancemethod","refpurpose":"Luogo della radice del sistema dinamico","href":"ref\/dynamicsystem.rlocus.html"},{"name":"tf.rlocus","type":"method","fcntype":"instancemethod","refpurpose":"Luogo della radice del sistema dinamico","href":"ref\/dynamicsystem.rlocus.html"},{"name":"ss.rlocus","type":"method","fcntype":"instancemethod","refpurpose":"Luogo della radice del sistema dinamico","href":"ref\/dynamicsystem.rlocus.html"},{"name":"zpk.rlocus","type":"method","fcntype":"instancemethod","refpurpose":"Luogo della radice del sistema dinamico","href":"ref\/dynamicsystem.rlocus.html"},{"name":"frd.rlocus","type":"method","fcntype":"instancemethod","refpurpose":"Luogo della radice del sistema dinamico","href":"ref\/dynamicsystem.rlocus.html"},{"name":"pid.rlocus","type":"method","fcntype":"instancemethod","refpurpose":"Luogo della radice del sistema dinamico","href":"ref\/dynamicsystem.rlocus.html"},{"name":"pidstd.rlocus","type":"method","fcntype":"instancemethod","refpurpose":"Luogo della radice del sistema dinamico","href":"ref\/dynamicsystem.rlocus.html"},{"name":"pidstd2.rlocus","type":"method","fcntype":"instancemethod","refpurpose":"Luogo della radice del sistema dinamico","href":"ref\/dynamicsystem.rlocus.html"},{"name":"tunableTF.rlocus","type":"method","fcntype":"instancemethod","refpurpose":"Luogo della radice del sistema dinamico","href":"ref\/dynamicsystem.rlocus.html"},{"name":"tunableSS.rlocus","type":"method","fcntype":"instancemethod","refpurpose":"Luogo della radice del sistema dinamico","href":"ref\/dynamicsystem.rlocus.html"},{"name":"tunableGain.rlocus","type":"method","fcntype":"instancemethod","refpurpose":"Luogo della radice del sistema dinamico","href":"ref\/dynamicsystem.rlocus.html"},{"name":"tunablePID.rlocus","type":"method","fcntype":"instancemethod","refpurpose":"Luogo della radice del sistema dinamico","href":"ref\/dynamicsystem.rlocus.html"},{"name":"tunablePID2.rlocus","type":"method","fcntype":"instancemethod","refpurpose":"Luogo della radice del sistema dinamico","href":"ref\/dynamicsystem.rlocus.html"},{"name":"AnalysisPoint.rlocus","type":"method","fcntype":"instancemethod","refpurpose":"Luogo della radice del sistema dinamico","href":"ref\/dynamicsystem.rlocus.html"},{"name":"genss.rlocus","type":"method","fcntype":"instancemethod","refpurpose":"Luogo della radice del sistema dinamico","href":"ref\/dynamicsystem.rlocus.html"},{"name":"genfrd.rlocus","type":"method","fcntype":"instancemethod","refpurpose":"Luogo della radice del sistema dinamico","href":"ref\/dynamicsystem.rlocus.html"},{"name":"uss.rlocus","type":"method","fcntype":"instancemethod","refpurpose":"Luogo della radice del sistema dinamico","href":"ref\/dynamicsystem.rlocus.html"},{"name":"ufrd.rlocus","type":"method","fcntype":"instancemethod","refpurpose":"Luogo della radice del sistema dinamico","href":"ref\/dynamicsystem.rlocus.html"},{"name":"ultidyn.rlocus","type":"method","fcntype":"instancemethod","refpurpose":"Luogo della radice del sistema dinamico","href":"ref\/dynamicsystem.rlocus.html"},{"name":"udyn.rlocus","type":"method","fcntype":"instancemethod","refpurpose":"Luogo della radice del sistema dinamico","href":"ref\/dynamicsystem.rlocus.html"},{"name":"idgrey.rlocus","type":"method","fcntype":"instancemethod","refpurpose":"Luogo della radice del sistema dinamico","href":"ref\/dynamicsystem.rlocus.html"},{"name":"idfrd.rlocus","type":"method","fcntype":"instancemethod","refpurpose":"Luogo della radice del sistema dinamico","href":"ref\/dynamicsystem.rlocus.html"},{"name":"idtf.rlocus","type":"method","fcntype":"instancemethod","refpurpose":"Luogo della radice del sistema dinamico","href":"ref\/dynamicsystem.rlocus.html"},{"name":"idss.rlocus","type":"method","fcntype":"instancemethod","refpurpose":"Luogo della radice del sistema dinamico","href":"ref\/dynamicsystem.rlocus.html"},{"name":"idproc.rlocus","type":"method","fcntype":"instancemethod","refpurpose":"Luogo della radice del sistema dinamico","href":"ref\/dynamicsystem.rlocus.html"},{"name":"idnlarx.rlocus","type":"method","fcntype":"instancemethod","refpurpose":"Luogo della radice del sistema dinamico","href":"ref\/dynamicsystem.rlocus.html"},{"name":"idnlgrey.rlocus","type":"method","fcntype":"instancemethod","refpurpose":"Luogo della radice del sistema dinamico","href":"ref\/dynamicsystem.rlocus.html"},{"name":"idpoly.rlocus","type":"method","fcntype":"instancemethod","refpurpose":"Luogo della radice del sistema dinamico","href":"ref\/dynamicsystem.rlocus.html"},{"name":"idnlhw.rlocus","type":"method","fcntype":"instancemethod","refpurpose":"Luogo della radice del sistema dinamico","href":"ref\/dynamicsystem.rlocus.html"},{"name":"feedback","type":"function","fcntype":"instancemethod","refpurpose":"Connessione di feedback di più modelli","href":"ref\/inputoutputmodel.feedback.html"},{"name":"InputOutputModel.feedback","type":"method","fcntype":"instancemethod","refpurpose":"Connessione di feedback di più modelli","href":"ref\/inputoutputmodel.feedback.html"},{"name":"tf.feedback","type":"method","fcntype":"instancemethod","refpurpose":"Connessione di feedback di più modelli","href":"ref\/inputoutputmodel.feedback.html"},{"name":"ss.feedback","type":"method","fcntype":"instancemethod","refpurpose":"Connessione di feedback di più modelli","href":"ref\/inputoutputmodel.feedback.html"},{"name":"zpk.feedback","type":"method","fcntype":"instancemethod","refpurpose":"Connessione di feedback di più modelli","href":"ref\/inputoutputmodel.feedback.html"},{"name":"frd.feedback","type":"method","fcntype":"instancemethod","refpurpose":"Connessione di feedback di più modelli","href":"ref\/inputoutputmodel.feedback.html"},{"name":"pid.feedback","type":"method","fcntype":"instancemethod","refpurpose":"Connessione di feedback di più modelli","href":"ref\/inputoutputmodel.feedback.html"},{"name":"pidstd.feedback","type":"method","fcntype":"instancemethod","refpurpose":"Connessione di feedback di più modelli","href":"ref\/inputoutputmodel.feedback.html"},{"name":"pid2.feedback","type":"method","fcntype":"instancemethod","refpurpose":"Connessione di feedback di più modelli","href":"ref\/inputoutputmodel.feedback.html"},{"name":"pidstd2.feedback","type":"method","fcntype":"instancemethod","refpurpose":"Connessione di feedback di più modelli","href":"ref\/inputoutputmodel.feedback.html"},{"name":"tunableTF.feedback","type":"method","fcntype":"instancemethod","refpurpose":"Connessione di feedback di più modelli","href":"ref\/inputoutputmodel.feedback.html"},{"name":"tunableSS.feedback","type":"method","fcntype":"instancemethod","refpurpose":"Connessione di feedback di più modelli","href":"ref\/inputoutputmodel.feedback.html"},{"name":"tunableGain.feedback","type":"method","fcntype":"instancemethod","refpurpose":"Connessione di feedback di più modelli","href":"ref\/inputoutputmodel.feedback.html"},{"name":"tunablePID.feedback","type":"method","fcntype":"instancemethod","refpurpose":"Connessione di feedback di più modelli","href":"ref\/inputoutputmodel.feedback.html"},{"name":"tunablePID2.feedback","type":"method","fcntype":"instancemethod","refpurpose":"Connessione di feedback di più modelli","href":"ref\/inputoutputmodel.feedback.html"},{"name":"tunableSurface.feedback","type":"method","fcntype":"instancemethod","refpurpose":"Connessione di feedback di più modelli","href":"ref\/inputoutputmodel.feedback.html"},{"name":"AnalysisPoint.feedback","type":"method","fcntype":"instancemethod","refpurpose":"Connessione di feedback di più modelli","href":"ref\/inputoutputmodel.feedback.html"},{"name":"genss.feedback","type":"method","fcntype":"instancemethod","refpurpose":"Connessione di feedback di più modelli","href":"ref\/inputoutputmodel.feedback.html"},{"name":"genfrd.feedback","type":"method","fcntype":"instancemethod","refpurpose":"Connessione di feedback di più modelli","href":"ref\/inputoutputmodel.feedback.html"},{"name":"genmat.feedback","type":"method","fcntype":"instancemethod","refpurpose":"Connessione di feedback di più modelli","href":"ref\/inputoutputmodel.feedback.html"},{"name":"realp.feedback","type":"method","fcntype":"instancemethod","refpurpose":"Connessione di feedback di più modelli","href":"ref\/inputoutputmodel.feedback.html"},{"name":"sparss.feedback","type":"method","fcntype":"instancemethod","refpurpose":"Connessione di feedback di più modelli","href":"ref\/inputoutputmodel.feedback.html"},{"name":"mechss.feedback","type":"method","fcntype":"instancemethod","refpurpose":"Connessione di feedback di più modelli","href":"ref\/inputoutputmodel.feedback.html"},{"name":"uss.feedback","type":"method","fcntype":"instancemethod","refpurpose":"Connessione di feedback di più modelli","href":"ref\/inputoutputmodel.feedback.html"},{"name":"ufrd.feedback","type":"method","fcntype":"instancemethod","refpurpose":"Connessione di feedback di più modelli","href":"ref\/inputoutputmodel.feedback.html"},{"name":"umat.feedback","type":"method","fcntype":"instancemethod","refpurpose":"Connessione di feedback di più modelli","href":"ref\/inputoutputmodel.feedback.html"},{"name":"ureal.feedback","type":"method","fcntype":"instancemethod","refpurpose":"Connessione di feedback di più modelli","href":"ref\/inputoutputmodel.feedback.html"},{"name":"ucomplex.feedback","type":"method","fcntype":"instancemethod","refpurpose":"Connessione di feedback di più modelli","href":"ref\/inputoutputmodel.feedback.html"},{"name":"ucomplexm.feedback","type":"method","fcntype":"instancemethod","refpurpose":"Connessione di feedback di più modelli","href":"ref\/inputoutputmodel.feedback.html"},{"name":"ultidyn.feedback","type":"method","fcntype":"instancemethod","refpurpose":"Connessione di feedback di più modelli","href":"ref\/inputoutputmodel.feedback.html"},{"name":"umargin.feedback","type":"method","fcntype":"instancemethod","refpurpose":"Connessione di feedback di più modelli","href":"ref\/inputoutputmodel.feedback.html"},{"name":"udyn.feedback","type":"method","fcntype":"instancemethod","refpurpose":"Connessione di feedback di più modelli","href":"ref\/inputoutputmodel.feedback.html"},{"name":"series","type":"function","fcntype":"instancemethod","refpurpose":"Collegamento in serie di due modelli","href":"ref\/inputoutputmodel.series.html"},{"name":"InputOutputModel.series","type":"method","fcntype":"instancemethod","refpurpose":"Collegamento in serie di due modelli","href":"ref\/inputoutputmodel.series.html"},{"name":"tf.series","type":"method","fcntype":"instancemethod","refpurpose":"Collegamento in serie di due modelli","href":"ref\/inputoutputmodel.series.html"},{"name":"ss.series","type":"method","fcntype":"instancemethod","refpurpose":"Collegamento in serie di due modelli","href":"ref\/inputoutputmodel.series.html"},{"name":"zpk.series","type":"method","fcntype":"instancemethod","refpurpose":"Collegamento in serie di due modelli","href":"ref\/inputoutputmodel.series.html"},{"name":"frd.series","type":"method","fcntype":"instancemethod","refpurpose":"Collegamento in serie di due modelli","href":"ref\/inputoutputmodel.series.html"},{"name":"pid.series","type":"method","fcntype":"instancemethod","refpurpose":"Collegamento in serie di due modelli","href":"ref\/inputoutputmodel.series.html"},{"name":"pid2.series","type":"method","fcntype":"instancemethod","refpurpose":"Collegamento in serie di due modelli","href":"ref\/inputoutputmodel.series.html"},{"name":"pidstd.series","type":"method","fcntype":"instancemethod","refpurpose":"Collegamento in serie di due modelli","href":"ref\/inputoutputmodel.series.html"},{"name":"pidstd2.series","type":"method","fcntype":"instancemethod","refpurpose":"Collegamento in serie di due modelli","href":"ref\/inputoutputmodel.series.html"},{"name":"tunableTF.series","type":"method","fcntype":"instancemethod","refpurpose":"Collegamento in serie di due modelli","href":"ref\/inputoutputmodel.series.html"},{"name":"tunableSS.series","type":"method","fcntype":"instancemethod","refpurpose":"Collegamento in serie di due modelli","href":"ref\/inputoutputmodel.series.html"},{"name":"tunableGain.series","type":"method","fcntype":"instancemethod","refpurpose":"Collegamento in serie di due modelli","href":"ref\/inputoutputmodel.series.html"},{"name":"tunablePID.series","type":"method","fcntype":"instancemethod","refpurpose":"Collegamento in serie di due modelli","href":"ref\/inputoutputmodel.series.html"},{"name":"tunablePID2.series","type":"method","fcntype":"instancemethod","refpurpose":"Collegamento in serie di due modelli","href":"ref\/inputoutputmodel.series.html"},{"name":"tunableSurface.series","type":"method","fcntype":"instancemethod","refpurpose":"Collegamento in serie di due modelli","href":"ref\/inputoutputmodel.series.html"},{"name":"AnalysisPoint.series","type":"method","fcntype":"instancemethod","refpurpose":"Collegamento in serie di due modelli","href":"ref\/inputoutputmodel.series.html"},{"name":"genss.series","type":"method","fcntype":"instancemethod","refpurpose":"Collegamento in serie di due modelli","href":"ref\/inputoutputmodel.series.html"},{"name":"genfrd.series","type":"method","fcntype":"instancemethod","refpurpose":"Collegamento in serie di due modelli","href":"ref\/inputoutputmodel.series.html"},{"name":"genmat.series","type":"method","fcntype":"instancemethod","refpurpose":"Collegamento in serie di due modelli","href":"ref\/inputoutputmodel.series.html"},{"name":"realp.series","type":"method","fcntype":"instancemethod","refpurpose":"Collegamento in serie di due modelli","href":"ref\/inputoutputmodel.series.html"},{"name":"sparss.series","type":"method","fcntype":"instancemethod","refpurpose":"Collegamento in serie di due modelli","href":"ref\/inputoutputmodel.series.html"},{"name":"mechss.series","type":"method","fcntype":"instancemethod","refpurpose":"Collegamento in serie di due modelli","href":"ref\/inputoutputmodel.series.html"},{"name":"uss.series","type":"method","fcntype":"instancemethod","refpurpose":"Collegamento in serie di due modelli","href":"ref\/inputoutputmodel.series.html"},{"name":"ufrd.series","type":"method","fcntype":"instancemethod","refpurpose":"Collegamento in serie di due modelli","href":"ref\/inputoutputmodel.series.html"},{"name":"umat.series","type":"method","fcntype":"instancemethod","refpurpose":"Collegamento in serie di due modelli","href":"ref\/inputoutputmodel.series.html"},{"name":"ureal.series","type":"method","fcntype":"instancemethod","refpurpose":"Collegamento in serie di due modelli","href":"ref\/inputoutputmodel.series.html"},{"name":"ucomplex.series","type":"method","fcntype":"instancemethod","refpurpose":"Collegamento in serie di due modelli","href":"ref\/inputoutputmodel.series.html"},{"name":"ucomplexm.series","type":"method","fcntype":"instancemethod","refpurpose":"Collegamento in serie di due modelli","href":"ref\/inputoutputmodel.series.html"},{"name":"ultidyn.series","type":"method","fcntype":"instancemethod","refpurpose":"Collegamento in serie di due modelli","href":"ref\/inputoutputmodel.series.html"},{"name":"udyn.series","type":"method","fcntype":"instancemethod","refpurpose":"Collegamento in serie di due modelli","href":"ref\/inputoutputmodel.series.html"},{"name":"umargin.series","type":"method","fcntype":"instancemethod","refpurpose":"Collegamento in serie di due modelli","href":"ref\/inputoutputmodel.series.html"},{"name":"idgrey.series","type":"method","fcntype":"instancemethod","refpurpose":"Collegamento in serie di due modelli","href":"ref\/inputoutputmodel.series.html"},{"name":"idfrd.series","type":"method","fcntype":"instancemethod","refpurpose":"Collegamento in serie di due modelli","href":"ref\/inputoutputmodel.series.html"},{"name":"idtf.series","type":"method","fcntype":"instancemethod","refpurpose":"Collegamento in serie di due modelli","href":"ref\/inputoutputmodel.series.html"},{"name":"idpoly.series","type":"method","fcntype":"instancemethod","refpurpose":"Collegamento in serie di due modelli","href":"ref\/inputoutputmodel.series.html"},{"name":"idss.series","type":"method","fcntype":"instancemethod","refpurpose":"Collegamento in serie di due modelli","href":"ref\/inputoutputmodel.series.html"},{"name":"idproc.series","type":"method","fcntype":"instancemethod","refpurpose":"Collegamento in serie di due modelli","href":"ref\/inputoutputmodel.series.html"},{"name":"idnlarx.series","type":"method","fcntype":"instancemethod","refpurpose":"Collegamento in serie di due modelli","href":"ref\/inputoutputmodel.series.html"},{"name":"idnlgrey.series","type":"method","fcntype":"instancemethod","refpurpose":"Collegamento in serie di due modelli","href":"ref\/inputoutputmodel.series.html"},{"name":"idnlhw.series","type":"method","fcntype":"instancemethod","refpurpose":"Collegamento in serie di due modelli","href":"ref\/inputoutputmodel.series.html"},{"name":"LPV System","type":"block","refpurpose":"Simulare sistemi lineari a parametri variabili (LPV)","href":"ref\/lpvsystem.html"},{"name":"lqr","type":"function","fcntype":"instancemethod","refpurpose":"Progettazione del regolatore lineare quadratico (LQR)","href":"ref\/lti.lqr.html"},{"name":"lti.lqr","type":"method","fcntype":"instancemethod","refpurpose":"Progettazione del regolatore lineare quadratico (LQR)","href":"ref\/lti.lqr.html"},{"name":"ss.lqr","type":"method","fcntype":"instancemethod","refpurpose":"Progettazione del regolatore lineare quadratico (LQR)","href":"ref\/lti.lqr.html"},{"name":"LTI System","type":"block","refpurpose":"Utilizzare l'oggetto del modello del sistema a tempo lineare invariante in Simulink","href":"ref\/ltisystem.html"},{"name":"lyap","type":"function","fcntype":"simple","refpurpose":"Risolvere l'equazione di Lyapunov a tempo continuo","href":"ref\/lyap.html"},{"name":"PID Tuner","type":"app","refpurpose":"Sincronizzare i controller PID","href":"ref\/pidtuner-app.html"},{"name":"pidTuner","type":"function","fcntype":"applauncher","refpurpose":"Sincronizzare i controller PID","href":"ref\/pidtuner-app.html"},{"name":"place","type":"function","fcntype":"simple","refpurpose":"Progettazione del posizionamento dei poli","href":"ref\/place.html"},{"name":"lqi","type":"function","fcntype":"instancemethod","refpurpose":"Controllo lineare-quadratico-integrale","href":"ref\/ss.lqi.html"},{"name":"ss.lqi","type":"method","fcntype":"instancemethod","refpurpose":"Controllo lineare-quadratico-integrale","href":"ref\/ss.lqi.html"},{"name":"lqry","type":"function","fcntype":"instancemethod","refpurpose":"Formazione di un regolatore del feedback di stato lineare quadratico (LQ) con ponderazione dell'output","href":"ref\/ss.lqry.html"},{"name":"ss.lqry","type":"method","fcntype":"instancemethod","refpurpose":"Formazione di un regolatore del feedback di stato lineare quadratico (LQ) con ponderazione dell'output","href":"ref\/ss.lqry.html"},{"name":"ss","type":"function","fcntype":"constructor","refpurpose":"Modello stato-spazio","href":"ref\/ss.html"},{"name":"ss","type":"object","refpurpose":"Modello stato-spazio","href":"ref\/ss.html"},{"name":"ss.A","type":"property","refpurpose":"Matrice di stato","href":"ref\/ss.html"},{"name":"ss.B","type":"property","refpurpose":"Matrice input-stato","href":"ref\/ss.html"},{"name":"ss.C","type":"property","refpurpose":"Matrice stato-output","href":"ref\/ss.html"},{"name":"ss.D","type":"property","refpurpose":"Matrice feedthrough","href":"ref\/ss.html"},{"name":"ss.E","type":"property","refpurpose":"Matrice per modelli impliciti stato-spazio","href":"ref\/ss.html"},{"name":"ss.Offsets","type":"property","refpurpose":"Offset del modello","href":"ref\/ss.html"},{"name":"ss.Scaled","type":"property","refpurpose":"Valore logico che indica se il ridimensionamento è abilitato o disabilitato","href":"ref\/ss.html"},{"name":"ss.StateName","type":"property","refpurpose":"Nomi dello stato","href":"ref\/ss.html"},{"name":"ss.StatePath","type":"property","refpurpose":"Percorso dello stato","href":"ref\/ss.html"},{"name":"ss.StateUnit","type":"property","refpurpose":"Unità dello stato","href":"ref\/ss.html"},{"name":"ss.InternalDelay","type":"property","refpurpose":"Ritardi interni nel modello","href":"ref\/ss.html"},{"name":"ss.InputDelay","type":"property","refpurpose":"Ritardo di input","href":"ref\/ss.html"},{"name":"ss.OutputDelay","type":"property","refpurpose":"Ritardo di output","href":"ref\/ss.html"},{"name":"ss.Ts","type":"property","refpurpose":"Tempo di campionamento","href":"ref\/ss.html"},{"name":"ss.TimeUnit","type":"property","refpurpose":"Unità della variabile tempo","href":"ref\/ss.html"},{"name":"ss.InputName","type":"property","refpurpose":"Nomi dei canali di input","href":"ref\/ss.html"},{"name":"ss.InputUnit","type":"property","refpurpose":"Unità del canale di input","href":"ref\/ss.html"},{"name":"ss.InputGroup","type":"property","refpurpose":"Gruppi di canali di input","href":"ref\/ss.html"},{"name":"ss.OutputName","type":"property","refpurpose":"Nomi dei canali di output","href":"ref\/ss.html"},{"name":"ss.OutputUnit","type":"property","refpurpose":"Unità del canale di output","href":"ref\/ss.html"},{"name":"ss.OutputGroup","type":"property","refpurpose":"Gruppi di canali di output","href":"ref\/ss.html"},{"name":"ss.Name","type":"property","refpurpose":"Nome del sistema","href":"ref\/ss.html"},{"name":"ss.Notes","type":"property","refpurpose":"Testo specificato dall'utente","href":"ref\/ss.html"},{"name":"ss.UserData","type":"property","refpurpose":"Dati specificati dall'utente","href":"ref\/ss.html"},{"name":"ss.SamplingGrid","type":"property","refpurpose":"Griglia di campionamento per array di modelli","href":"ref\/ss.html"},{"name":"ctrb","type":"function","fcntype":"instancemethod","refpurpose":"Controllabilità del modello stato-spazio","href":"ref\/statespacemodel.ctrb.html"},{"name":"StateSpaceModel.ctrb","type":"method","fcntype":"instancemethod","refpurpose":"Controllabilità del modello stato-spazio","href":"ref\/statespacemodel.ctrb.html"},{"name":"ss.ctrb","type":"method","fcntype":"instancemethod","refpurpose":"Controllabilità del modello stato-spazio","href":"ref\/statespacemodel.ctrb.html"},{"name":"tunableSS.ctrb","type":"method","fcntype":"instancemethod","refpurpose":"Controllabilità del modello stato-spazio","href":"ref\/statespacemodel.ctrb.html"},{"name":"genss.ctrb","type":"method","fcntype":"instancemethod","refpurpose":"Controllabilità del modello stato-spazio","href":"ref\/statespacemodel.ctrb.html"},{"name":"sparss.ctrb","type":"method","fcntype":"instancemethod","refpurpose":"Controllabilità del modello stato-spazio","href":"ref\/statespacemodel.ctrb.html"},{"name":"mechss.ctrb","type":"method","fcntype":"instancemethod","refpurpose":"Controllabilità del modello stato-spazio","href":"ref\/statespacemodel.ctrb.html"},{"name":"uss.ctrb","type":"method","fcntype":"instancemethod","refpurpose":"Controllabilità del modello stato-spazio","href":"ref\/statespacemodel.ctrb.html"},{"name":"idgrey.ctrb","type":"method","fcntype":"instancemethod","refpurpose":"Controllabilità del modello stato-spazio","href":"ref\/statespacemodel.ctrb.html"},{"name":"idss.ctrb","type":"method","fcntype":"instancemethod","refpurpose":"Controllabilità del modello stato-spazio","href":"ref\/statespacemodel.ctrb.html"},{"name":"exp","type":"function","fcntype":"instancemethod","refpurpose":"Creare ritardi puri a tempo continuo","href":"ref\/tf.exp.html"},{"name":"tf.exp","type":"method","fcntype":"instancemethod","refpurpose":"Creare ritardi puri a tempo continuo","href":"ref\/tf.exp.html"},{"name":"zpk.exp","type":"method","fcntype":"instancemethod","refpurpose":"Creare ritardi puri a tempo continuo","href":"ref\/tf.exp.html"},{"name":"tf","type":"function","fcntype":"constructor","refpurpose":"Modelli della funzione di trasferimento","href":"ref\/tf.html"},{"name":"tf","type":"object","refpurpose":"Modelli della funzione di trasferimento","href":"ref\/tf.html"},{"name":"tf.Numerator","type":"property","refpurpose":"Coefficienti del numeratore","href":"ref\/tf.html"},{"name":"tf.Denominator","type":"property","refpurpose":"Coefficienti del denominatore","href":"ref\/tf.html"},{"name":"tf.Variable","type":"property","refpurpose":"Variabile di visualizzazione della funzione di trasferimento","href":"ref\/tf.html"},{"name":"tf.IODelay","type":"property","refpurpose":"Ritardo di trasporto","href":"ref\/tf.html"},{"name":"tf.InputDelay","type":"property","refpurpose":"Ritardo di input","href":"ref\/tf.html"},{"name":"tf.OutputDelay","type":"property","refpurpose":"Ritardo di output","href":"ref\/tf.html"},{"name":"tf.Ts","type":"property","refpurpose":"Tempo di campionamento","href":"ref\/tf.html"},{"name":"tf.TimeUnit","type":"property","refpurpose":"Unità della variabile tempo","href":"ref\/tf.html"},{"name":"tf.InputName","type":"property","refpurpose":"Nomi dei canali di input","href":"ref\/tf.html"},{"name":"tf.InputUnit","type":"property","refpurpose":"Unità del canale di input","href":"ref\/tf.html"},{"name":"tf.InputGroup","type":"property","refpurpose":"Gruppi di canali di input","href":"ref\/tf.html"},{"name":"tf.OutputName","type":"property","refpurpose":"Nomi dei canali di output","href":"ref\/tf.html"},{"name":"tf.OutputUnit","type":"property","refpurpose":"Unità del canale di output","href":"ref\/tf.html"},{"name":"tf.OutputGroup","type":"property","refpurpose":"Gruppi di canali di output","href":"ref\/tf.html"},{"name":"tf.Name","type":"property","refpurpose":"Nome del sistema","href":"ref\/tf.html"},{"name":"tf.Notes","type":"property","refpurpose":"Testo specificato dall'utente","href":"ref\/tf.html"},{"name":"tf.UserData","type":"property","refpurpose":"Dati specificati dall'utente","href":"ref\/tf.html"},{"name":"tf.SamplingGrid","type":"property","refpurpose":"Griglia di campionamento per array di modelli","href":"ref\/tf.html"}]}