{"schema":"referenceapi_lookup_schema.json","schemaVersion":"1.0","docVersion":"doc25a.2968260.Bdoc25a.2967890.pass.r2025a","productName":"Curve Fitting Toolbox","baseCode":"CF","helpFolder":"curvefit","helpLocation":"curvefit",  "refItems" : [{"name":"aptknt","type":"function","fcntype":"simple","refpurpose":"Acceptable knot sequence","href":"aptknt.html"},{"name":"augknt","type":"function","fcntype":"simple","refpurpose":"Augment knot sequence","href":"augknt.html"},{"name":"aveknt","type":"function","fcntype":"simple","refpurpose":"Provide knot averages","href":"aveknt.html"},{"name":"bkbrk","type":"function","fcntype":"simple","refpurpose":"Part(s) of almost block-diagonal matrix","href":"bkbrk.html"},{"name":"brk2knt","type":"function","fcntype":"simple","refpurpose":"Convert breaks with multiplicities into knots","href":"brk2knt.html"},{"name":"bspligui","type":"function","fcntype":"simple","refpurpose":"Experiment with B-spline as function of its knots","href":"bspligui.html"},{"name":"bspline","type":"function","fcntype":"simple","refpurpose":"Plot B-spline and its polynomial pieces","href":"bspline.html"},{"name":"argnames","type":"function","fcntype":"instancemethod","refpurpose":"Input argument names of cfit, sfit, or fittype object","href":"cfit.argnames.html"},{"name":"cfit.argnames","type":"method","fcntype":"instancemethod","refpurpose":"Input argument names of cfit, sfit, or fittype object","href":"cfit.argnames.html"},{"name":"sfit.argnames","type":"method","fcntype":"instancemethod","refpurpose":"Input argument names of cfit, sfit, or fittype object","href":"cfit.argnames.html"},{"name":"fittype.argnames","type":"method","fcntype":"instancemethod","refpurpose":"Input argument names of cfit, sfit, or fittype object","href":"cfit.argnames.html"},{"name":"category","type":"function","fcntype":"instancemethod","refpurpose":"Category of fit of cfit, sfit, or fittype object","href":"cfit.category.html"},{"name":"cfit.category","type":"method","fcntype":"instancemethod","refpurpose":"Category of fit of cfit, sfit, or fittype object","href":"cfit.category.html"},{"name":"sfit.category","type":"method","fcntype":"instancemethod","refpurpose":"Category of fit of cfit, sfit, or fittype object","href":"cfit.category.html"},{"name":"fittype.category","type":"method","fcntype":"instancemethod","refpurpose":"Category of fit of cfit, sfit, or fittype object","href":"cfit.category.html"},{"name":"coeffvalues","type":"function","fcntype":"instancemethod","refpurpose":"Coefficient values of cfit or sfit object","href":"cfit.coeffvalues.html"},{"name":"cfit.coeffvalues","type":"method","fcntype":"instancemethod","refpurpose":"Coefficient values of cfit or sfit object","href":"cfit.coeffvalues.html"},{"name":"sfit.coeffvalues","type":"method","fcntype":"instancemethod","refpurpose":"Coefficient values of cfit or sfit object","href":"cfit.coeffvalues.html"},{"name":"confint","type":"function","fcntype":"instancemethod","refpurpose":"Confidence intervals for fit coefficients of cfit or sfit object","href":"cfit.confint.html"},{"name":"cfit.confint","type":"method","fcntype":"instancemethod","refpurpose":"Confidence intervals for fit coefficients of cfit or sfit object","href":"cfit.confint.html"},{"name":"sfit.confint","type":"method","fcntype":"instancemethod","refpurpose":"Confidence intervals for fit coefficients of cfit or sfit object","href":"cfit.confint.html"},{"name":"dependnames","type":"function","fcntype":"instancemethod","refpurpose":"Dependent variable of cfit, sfit, or fittype object","href":"cfit.dependnames.html"},{"name":"cfit.dependnames","type":"method","fcntype":"instancemethod","refpurpose":"Dependent variable of cfit, sfit, or fittype object","href":"cfit.dependnames.html"},{"name":"sfit.dependnames","type":"method","fcntype":"instancemethod","refpurpose":"Dependent variable of cfit, sfit, or fittype object","href":"cfit.dependnames.html"},{"name":"fittype.dependnames","type":"method","fcntype":"instancemethod","refpurpose":"Dependent variable of cfit, sfit, or fittype object","href":"cfit.dependnames.html"},{"name":"differentiate","type":"function","fcntype":"instancemethod","refpurpose":"Differentiate cfit or sfit object","href":"cfit.differentiate.html"},{"name":"cfit.differentiate","type":"method","fcntype":"instancemethod","refpurpose":"Differentiate cfit or sfit object","href":"cfit.differentiate.html"},{"name":"sfit.differentiate","type":"method","fcntype":"instancemethod","refpurpose":"Differentiate cfit or sfit object","href":"cfit.differentiate.html"},{"name":"formula","type":"function","fcntype":"instancemethod","refpurpose":"Formula of cfit, sfit, or fittype object","href":"cfit.formula.html"},{"name":"cfit.formula","type":"method","fcntype":"instancemethod","refpurpose":"Formula of cfit, sfit, or fittype object","href":"cfit.formula.html"},{"name":"sfit.formula","type":"method","fcntype":"instancemethod","refpurpose":"Formula of cfit, sfit, or fittype object","href":"cfit.formula.html"},{"name":"fittype.formula","type":"method","fcntype":"instancemethod","refpurpose":"Formula of cfit, sfit, or fittype object","href":"cfit.formula.html"},{"name":"indepnames","type":"function","fcntype":"instancemethod","refpurpose":"Independent variable of cfit, sfit, or fittype object","href":"cfit.indepnames.html"},{"name":"cfit.indepnames","type":"method","fcntype":"instancemethod","refpurpose":"Independent variable of cfit, sfit, or fittype object","href":"cfit.indepnames.html"},{"name":"sfit.indepnames","type":"method","fcntype":"instancemethod","refpurpose":"Independent variable of cfit, sfit, or fittype object","href":"cfit.indepnames.html"},{"name":"fittype.indepnames","type":"method","fcntype":"instancemethod","refpurpose":"Independent variable of cfit, sfit, or fittype object","href":"cfit.indepnames.html"},{"name":"integrate","type":"function","fcntype":"instancemethod","refpurpose":"Integrate cfit object","href":"cfit.integrate.html"},{"name":"cfit.integrate","type":"method","fcntype":"instancemethod","refpurpose":"Integrate cfit object","href":"cfit.integrate.html"},{"name":"islinear","type":"function","fcntype":"instancemethod","refpurpose":"Determine if cfit, sfit, or fittype object is linear","href":"cfit.islinear.html"},{"name":"cfit.islinear","type":"method","fcntype":"instancemethod","refpurpose":"Determine if cfit, sfit, or fittype object is linear","href":"cfit.islinear.html"},{"name":"sfit.islinear","type":"method","fcntype":"instancemethod","refpurpose":"Determine if cfit, sfit, or fittype object is linear","href":"cfit.islinear.html"},{"name":"fittype.islinear","type":"method","fcntype":"instancemethod","refpurpose":"Determine if cfit, sfit, or fittype object is linear","href":"cfit.islinear.html"},{"name":"numargs","type":"function","fcntype":"instancemethod","refpurpose":"Number of input arguments of cfit, sfit, or fittype object","href":"cfit.numargs.html"},{"name":"cfit.numargs","type":"method","fcntype":"instancemethod","refpurpose":"Number of input arguments of cfit, sfit, or fittype object","href":"cfit.numargs.html"},{"name":"sfit.numargs","type":"method","fcntype":"instancemethod","refpurpose":"Number of input arguments of cfit, sfit, or fittype object","href":"cfit.numargs.html"},{"name":"fittype.numargs","type":"method","fcntype":"instancemethod","refpurpose":"Number of input arguments of cfit, sfit, or fittype object","href":"cfit.numargs.html"},{"name":"numcoeffs","type":"function","fcntype":"instancemethod","refpurpose":"Number of coefficients of cfit, sfit, or fittype object","href":"cfit.numcoeffs.html"},{"name":"cfit.numcoeffs","type":"method","fcntype":"instancemethod","refpurpose":"Number of coefficients of cfit, sfit, or fittype object","href":"cfit.numcoeffs.html"},{"name":"sfit.numcoeffs","type":"method","fcntype":"instancemethod","refpurpose":"Number of coefficients of cfit, sfit, or fittype object","href":"cfit.numcoeffs.html"},{"name":"plot","type":"function","fcntype":"instancemethod","refpurpose":"Plot cfit or sfit object","href":"cfit.plot.html"},{"name":"cfit.plot","type":"method","fcntype":"instancemethod","refpurpose":"Plot cfit or sfit object","href":"cfit.plot.html"},{"name":"sfit.plot","type":"method","fcntype":"instancemethod","refpurpose":"Plot cfit or sfit object","href":"cfit.plot.html"},{"name":"predint","type":"function","fcntype":"instancemethod","refpurpose":"Prediction intervals for cfit or sfit object","href":"cfit.predint.html"},{"name":"cfit.predint","type":"method","fcntype":"instancemethod","refpurpose":"Prediction intervals for cfit or sfit object","href":"cfit.predint.html"},{"name":"sfit.predint","type":"method","fcntype":"instancemethod","refpurpose":"Prediction intervals for cfit or sfit object","href":"cfit.predint.html"},{"name":"probnames","type":"function","fcntype":"instancemethod","refpurpose":"Problem-dependent parameter names of cfit, sfit, or fittype object","href":"cfit.probnames.html"},{"name":"cfit.probnames","type":"method","fcntype":"instancemethod","refpurpose":"Problem-dependent parameter names of cfit, sfit, or fittype object","href":"cfit.probnames.html"},{"name":"sfit.probnames","type":"method","fcntype":"instancemethod","refpurpose":"Problem-dependent parameter names of cfit, sfit, or fittype object","href":"cfit.probnames.html"},{"name":"fittype.probnames","type":"method","fcntype":"instancemethod","refpurpose":"Problem-dependent parameter names of cfit, sfit, or fittype object","href":"cfit.probnames.html"},{"name":"probvalues","type":"function","fcntype":"instancemethod","refpurpose":"Problem-dependent parameter values of cfit or sfit object","href":"cfit.probvalues.html"},{"name":"cfit.probvalues","type":"method","fcntype":"instancemethod","refpurpose":"Problem-dependent parameter values of cfit or sfit object","href":"cfit.probvalues.html"},{"name":"sfit.probvalues","type":"method","fcntype":"instancemethod","refpurpose":"Problem-dependent parameter values of cfit or sfit object","href":"cfit.probvalues.html"},{"name":"setoptions","type":"function","fcntype":"instancemethod","refpurpose":"Set model fit options","href":"cfit.setoptions.html"},{"name":"cfit.setoptions","type":"method","fcntype":"instancemethod","refpurpose":"Set model fit options","href":"cfit.setoptions.html"},{"name":"sfit.setoptions","type":"method","fcntype":"instancemethod","refpurpose":"Set model fit options","href":"cfit.setoptions.html"},{"name":"fittype.setoptions","type":"method","fcntype":"instancemethod","refpurpose":"Set model fit options","href":"cfit.setoptions.html"},{"name":"type","type":"function","fcntype":"instancemethod","refpurpose":"Name of cfit, sfit, or fittype object","href":"cfit.type.html"},{"name":"cfit.type","type":"method","fcntype":"instancemethod","refpurpose":"Name of cfit, sfit, or fittype object","href":"cfit.type.html"},{"name":"sfit.type","type":"method","fcntype":"instancemethod","refpurpose":"Name of cfit, sfit, or fittype object","href":"cfit.type.html"},{"name":"fittype.type","type":"method","fcntype":"instancemethod","refpurpose":"Name of cfit, sfit, or fittype object","href":"cfit.type.html"},{"name":"cfit","type":"function","fcntype":"simple","refpurpose":"Constructor for cfit object","href":"cfit.html"},{"name":"chbpnt","type":"function","fcntype":"simple","refpurpose":"Chebyshev-Demko points","href":"chbpnt.html"},{"name":"csape","type":"function","fcntype":"simple","refpurpose":"Cubic spline interpolation with end conditions","href":"csape.html"},{"name":"csapi","type":"function","fcntype":"simple","refpurpose":"Cubic spline interpolation","href":"csapi.html"},{"name":"csaps","type":"function","fcntype":"simple","refpurpose":"Cubic smoothing spline","href":"csaps.html"},{"name":"cscvn","type":"function","fcntype":"simple","refpurpose":"“Natural” or periodic interpolating cubic spline curve","href":"cscvn.html"},{"name":"Curve Fitter","type":"app","refpurpose":"Fit curves and surfaces to data","href":"curvefitter-app.html"},{"name":"curveFitter","type":"function","fcntype":"applauncher","refpurpose":"Fit curves and surfaces to data","href":"curvefitter-app.html"},{"name":"datastats","type":"function","fcntype":"simple","refpurpose":"Data statistics","href":"datastats.html"},{"name":"excludedata","type":"function","fcntype":"simple","refpurpose":"Exclude data from fit","href":"excludedata.html"},{"name":"feval","type":"function","fcntype":"simple","refpurpose":"Evaluate cfit, sfit, or fittype object","href":"feval.html"},{"name":"fit","type":"function","fcntype":"simple","refpurpose":"Fit curve or surface to data","href":"fit.html"},{"name":"fitoptions","type":"function","fcntype":"simple","refpurpose":"Create or modify fit options object","href":"fitoptions.html"},{"name":"fittype","type":"function","fcntype":"simple","refpurpose":"Fit type for curve and surface fitting","href":"fittype.html"},{"name":"fn2fm","type":"function","fcntype":"simple","refpurpose":"Convert to specified form","href":"fn2fm.html"},{"name":"fnbrk","type":"function","fcntype":"simple","refpurpose":"Name and part(s) of form","href":"fnbrk.html"},{"name":"fnchg","type":"function","fcntype":"simple","refpurpose":"Change part(s) of form","href":"fnchg.html"},{"name":"fncmb","type":"function","fcntype":"simple","refpurpose":"Arithmetic with function(s)","href":"fncmb.html"},{"name":"fnder","type":"function","fcntype":"simple","refpurpose":"Differentiate function","href":"fnder.html"},{"name":"fndir","type":"function","fcntype":"simple","refpurpose":"Directional derivative of function","href":"fndir.html"},{"name":"fnint","type":"function","fcntype":"simple","refpurpose":"Integrate function","href":"fnint.html"},{"name":"fnjmp","type":"function","fcntype":"simple","refpurpose":"Jumps, i.e., f(x+)-f(x-)","href":"fnjmp.html"},{"name":"fnmin","type":"function","fcntype":"simple","refpurpose":"Minimum of function in given interval","href":"fnmin.html"},{"name":"fnplt","type":"function","fcntype":"simple","refpurpose":"Plot function","href":"fnplt.html"},{"name":"fnrfn","type":"function","fcntype":"simple","refpurpose":"Refine partition of form","href":"fnrfn.html"},{"name":"fntlr","type":"function","fcntype":"simple","refpurpose":"Taylor coefficients","href":"fntlr.html"},{"name":"fnval","type":"function","fcntype":"simple","refpurpose":"Evaluate spline function","href":"fnval.html"},{"name":"fnxtr","type":"function","fcntype":"simple","refpurpose":"Extrapolate spline","href":"fnxtr.html"},{"name":"fnzeros","type":"function","fcntype":"simple","refpurpose":"Roots of spline","href":"fnzeros.html"},{"name":"franke","type":"function","fcntype":"simple","refpurpose":"Franke's bivariate test function","href":"franke.html"},{"name":"get","type":"function","fcntype":"simple","refpurpose":"Get fit options structure property names and values","href":"get.html"},{"name":"getcurve","type":"function","fcntype":"simple","refpurpose":"Interactive creation of cubic spline curve","href":"getcurve.html"},{"name":"knt2brk, knt2mlt","type":"function","fcntype":"simple","refpurpose":"Convert knots to breaks and their multiplicities","href":"knt2brkknt2mlt.html"},{"name":"newknt","type":"function","fcntype":"simple","refpurpose":"New break distribution","href":"newknt.html"},{"name":"optknt","type":"function","fcntype":"simple","refpurpose":"Knot distribution “optimal” for interpolation","href":"optknt.html"},{"name":"ppmak","type":"function","fcntype":"simple","refpurpose":"Put together spline in ppform","href":"ppmak.html"},{"name":"prepareCurveData","type":"function","fcntype":"simple","refpurpose":"Prepare data inputs for curve fitting","href":"preparecurvedata.html"},{"name":"prepareSurfaceData","type":"function","fcntype":"simple","refpurpose":"Prepare data inputs for surface fitting","href":"preparesurfacedata.html"},{"name":"rpmak","type":"function","fcntype":"simple","refpurpose":"Put together rational spline","href":"rpmak.html"},{"name":"rscvn","type":"function","fcntype":"simple","refpurpose":"Piecewise biarc Hermite interpolation","href":"rscvn.html"},{"name":"rsmak","type":"function","fcntype":"simple","refpurpose":"Put together rational spline for standard geometric shapes","href":"rsmak.html"},{"name":"set","type":"function","fcntype":"simple","refpurpose":"Assign values in fit options structure","href":"set.html"},{"name":"coeffnames","type":"function","fcntype":"instancemethod","refpurpose":"Coefficient names of cfit, sfit, or fittype object","href":"sfit.coeffnames.html"},{"name":"sfit.coeffnames","type":"method","fcntype":"instancemethod","refpurpose":"Coefficient names of cfit, sfit, or fittype object","href":"sfit.coeffnames.html"},{"name":"cfit.coeffnames","type":"method","fcntype":"instancemethod","refpurpose":"Coefficient names of cfit, sfit, or fittype object","href":"sfit.coeffnames.html"},{"name":"fittype.coeffnames","type":"method","fcntype":"instancemethod","refpurpose":"Coefficient names of cfit, sfit, or fittype object","href":"sfit.coeffnames.html"},{"name":"quad2d","type":"function","fcntype":"instancemethod","refpurpose":"Numerically integrate sfit object","href":"sfit.quad2d.html"},{"name":"sfit.quad2d","type":"method","fcntype":"instancemethod","refpurpose":"Numerically integrate sfit object","href":"sfit.quad2d.html"},{"name":"sfit","type":"function","fcntype":"simple","refpurpose":"Constructor for sfit object","href":"sfit.html"},{"name":"sftool","type":"function","fcntype":"simple","refpurpose":"(Removed) Open Curve Fitting app","deprecated":"true","href":"sftool.html"},{"name":"slvblk","type":"function","fcntype":"simple","refpurpose":"Solve almost block-diagonal linear system","href":"slvblk.html"},{"name":"smooth","type":"function","fcntype":"simple","refpurpose":"Smooth response data","href":"smooth.html"},{"name":"sorted","type":"function","fcntype":"simple","refpurpose":"Locate sites with respect to mesh sites","href":"sorted.html"},{"name":"spap2","type":"function","fcntype":"simple","refpurpose":"Least-squares spline approximation","href":"spap2.html"},{"name":"spapi","type":"function","fcntype":"simple","refpurpose":"Spline interpolation","href":"spapi.html"},{"name":"spaps","type":"function","fcntype":"simple","refpurpose":"Smoothing spline","href":"spaps.html"},{"name":"spcol","type":"function","fcntype":"simple","refpurpose":"B-spline collocation matrix","href":"spcol.html"},{"name":"spcrv","type":"function","fcntype":"simple","refpurpose":"Spline curve by uniform subdivision","href":"spcrv.html"},{"name":"splinetool","type":"function","fcntype":"simple","refpurpose":"Experiment with some spline approximation methods","href":"splinetool.html"},{"name":"splpp, sprpp","type":"function","fcntype":"simple","refpurpose":"Taylor coefficients from local B-coefficients","href":"splppsprpp.html"},{"name":"spmak","type":"function","fcntype":"simple","refpurpose":"Put together spline in B-form","href":"spmak.html"},{"name":"spterms","type":"function","fcntype":"simple","refpurpose":"Explain spline terms","href":"spterms.html"},{"name":"stcol","type":"function","fcntype":"simple","refpurpose":"Scattered translates collocation matrix","href":"stcol.html"},{"name":"stmak","type":"function","fcntype":"simple","refpurpose":"Put together function in stform","href":"stmak.html"},{"name":"subplus","type":"function","fcntype":"simple","refpurpose":"Calculate positive part of function","href":"subplus.html"},{"name":"titanium","type":"function","fcntype":"simple","refpurpose":"Titanium test data","href":"titanium.html"},{"name":"tpaps","type":"function","fcntype":"simple","refpurpose":"Thin-plate smoothing spline","href":"tpaps.html"}]}