{"schema":"referenceapi_lookup_schema.json","schemaVersion":"1.0","docVersion":"doc25a.2968260.Bdoc25a.2967890.pass.r2025a","productName":"Curve Fitting Toolbox","baseCode":"CF","helpFolder":"curvefit","helpLocation":"curvefit",  "refItems" : [{"name":"aptknt","type":"function","fcntype":"simple","refpurpose":"許容可能なノット シーケンス","href":"aptknt.html"},{"name":"augknt","type":"function","fcntype":"simple","refpurpose":"ノット シーケンスの拡張","href":"augknt.html"},{"name":"aveknt","type":"function","fcntype":"simple","refpurpose":"ノット平均の提供","href":"aveknt.html"},{"name":"bkbrk","type":"function","fcntype":"simple","refpurpose":"概ブロック対角行列の部分","href":"bkbrk.html"},{"name":"brk2knt","type":"function","fcntype":"simple","refpurpose":"多重度をもつブレークのノットへの変換","href":"brk2knt.html"},{"name":"bspligui","type":"function","fcntype":"simple","refpurpose":"ノットの関数としての B スプラインの実験","href":"bspligui.html"},{"name":"bspline","type":"function","fcntype":"simple","refpurpose":"B スプラインとその多項式区分のプロット","href":"bspline.html"},{"name":"argnames","type":"function","fcntype":"instancemethod","refpurpose":"cfit、sfit、または fittype のオブジェクトの入力引数名","href":"cfit.argnames.html"},{"name":"cfit.argnames","type":"method","fcntype":"instancemethod","refpurpose":"cfit、sfit、または fittype のオブジェクトの入力引数名","href":"cfit.argnames.html"},{"name":"sfit.argnames","type":"method","fcntype":"instancemethod","refpurpose":"cfit、sfit、または fittype のオブジェクトの入力引数名","href":"cfit.argnames.html"},{"name":"fittype.argnames","type":"method","fcntype":"instancemethod","refpurpose":"cfit、sfit、または fittype のオブジェクトの入力引数名","href":"cfit.argnames.html"},{"name":"category","type":"function","fcntype":"instancemethod","refpurpose":"cfit、sfit、または fittype のオブジェクトの近似のカテゴリ","href":"cfit.category.html"},{"name":"cfit.category","type":"method","fcntype":"instancemethod","refpurpose":"cfit、sfit、または fittype のオブジェクトの近似のカテゴリ","href":"cfit.category.html"},{"name":"sfit.category","type":"method","fcntype":"instancemethod","refpurpose":"cfit、sfit、または fittype のオブジェクトの近似のカテゴリ","href":"cfit.category.html"},{"name":"fittype.category","type":"method","fcntype":"instancemethod","refpurpose":"cfit、sfit、または fittype のオブジェクトの近似のカテゴリ","href":"cfit.category.html"},{"name":"coeffvalues","type":"function","fcntype":"instancemethod","refpurpose":"cfit または sfit オブジェクトの係数の値","href":"cfit.coeffvalues.html"},{"name":"cfit.coeffvalues","type":"method","fcntype":"instancemethod","refpurpose":"cfit または sfit オブジェクトの係数の値","href":"cfit.coeffvalues.html"},{"name":"sfit.coeffvalues","type":"method","fcntype":"instancemethod","refpurpose":"cfit または sfit オブジェクトの係数の値","href":"cfit.coeffvalues.html"},{"name":"confint","type":"function","fcntype":"instancemethod","refpurpose":"cfit または sfit オブジェクトの近似係数の信頼区間","href":"cfit.confint.html"},{"name":"cfit.confint","type":"method","fcntype":"instancemethod","refpurpose":"cfit または sfit オブジェクトの近似係数の信頼区間","href":"cfit.confint.html"},{"name":"sfit.confint","type":"method","fcntype":"instancemethod","refpurpose":"cfit または sfit オブジェクトの近似係数の信頼区間","href":"cfit.confint.html"},{"name":"dependnames","type":"function","fcntype":"instancemethod","refpurpose":"cfit、sfit、または fittype のオブジェクトの従属変数","href":"cfit.dependnames.html"},{"name":"cfit.dependnames","type":"method","fcntype":"instancemethod","refpurpose":"cfit、sfit、または fittype のオブジェクトの従属変数","href":"cfit.dependnames.html"},{"name":"sfit.dependnames","type":"method","fcntype":"instancemethod","refpurpose":"cfit、sfit、または fittype のオブジェクトの従属変数","href":"cfit.dependnames.html"},{"name":"fittype.dependnames","type":"method","fcntype":"instancemethod","refpurpose":"cfit、sfit、または fittype のオブジェクトの従属変数","href":"cfit.dependnames.html"},{"name":"differentiate","type":"function","fcntype":"instancemethod","refpurpose":"cfit または sfit オブジェクトの微分","href":"cfit.differentiate.html"},{"name":"cfit.differentiate","type":"method","fcntype":"instancemethod","refpurpose":"cfit または sfit オブジェクトの微分","href":"cfit.differentiate.html"},{"name":"sfit.differentiate","type":"method","fcntype":"instancemethod","refpurpose":"cfit または sfit オブジェクトの微分","href":"cfit.differentiate.html"},{"name":"formula","type":"function","fcntype":"instancemethod","refpurpose":"cfit、sfit、または fittype のオブジェクトの式","href":"cfit.formula.html"},{"name":"cfit.formula","type":"method","fcntype":"instancemethod","refpurpose":"cfit、sfit、または fittype のオブジェクトの式","href":"cfit.formula.html"},{"name":"sfit.formula","type":"method","fcntype":"instancemethod","refpurpose":"cfit、sfit、または fittype のオブジェクトの式","href":"cfit.formula.html"},{"name":"fittype.formula","type":"method","fcntype":"instancemethod","refpurpose":"cfit、sfit、または fittype のオブジェクトの式","href":"cfit.formula.html"},{"name":"indepnames","type":"function","fcntype":"instancemethod","refpurpose":"cfit、sfit、または fittype のオブジェクトの独立変数","href":"cfit.indepnames.html"},{"name":"cfit.indepnames","type":"method","fcntype":"instancemethod","refpurpose":"cfit、sfit、または fittype のオブジェクトの独立変数","href":"cfit.indepnames.html"},{"name":"sfit.indepnames","type":"method","fcntype":"instancemethod","refpurpose":"cfit、sfit、または fittype のオブジェクトの独立変数","href":"cfit.indepnames.html"},{"name":"fittype.indepnames","type":"method","fcntype":"instancemethod","refpurpose":"cfit、sfit、または fittype のオブジェクトの独立変数","href":"cfit.indepnames.html"},{"name":"integrate","type":"function","fcntype":"instancemethod","refpurpose":"cfit オブジェクトの積分","href":"cfit.integrate.html"},{"name":"cfit.integrate","type":"method","fcntype":"instancemethod","refpurpose":"cfit オブジェクトの積分","href":"cfit.integrate.html"},{"name":"islinear","type":"function","fcntype":"instancemethod","refpurpose":"cfit、sfit、または fittype のオブジェクトが線形かどうかを判断する","href":"cfit.islinear.html"},{"name":"cfit.islinear","type":"method","fcntype":"instancemethod","refpurpose":"cfit、sfit、または fittype のオブジェクトが線形かどうかを判断する","href":"cfit.islinear.html"},{"name":"sfit.islinear","type":"method","fcntype":"instancemethod","refpurpose":"cfit、sfit、または fittype のオブジェクトが線形かどうかを判断する","href":"cfit.islinear.html"},{"name":"fittype.islinear","type":"method","fcntype":"instancemethod","refpurpose":"cfit、sfit、または fittype のオブジェクトが線形かどうかを判断する","href":"cfit.islinear.html"},{"name":"numargs","type":"function","fcntype":"instancemethod","refpurpose":"cfit、sfit、または fittype のオブジェクトの入力引数の数","href":"cfit.numargs.html"},{"name":"cfit.numargs","type":"method","fcntype":"instancemethod","refpurpose":"cfit、sfit、または fittype のオブジェクトの入力引数の数","href":"cfit.numargs.html"},{"name":"sfit.numargs","type":"method","fcntype":"instancemethod","refpurpose":"cfit、sfit、または fittype のオブジェクトの入力引数の数","href":"cfit.numargs.html"},{"name":"fittype.numargs","type":"method","fcntype":"instancemethod","refpurpose":"cfit、sfit、または fittype のオブジェクトの入力引数の数","href":"cfit.numargs.html"},{"name":"numcoeffs","type":"function","fcntype":"instancemethod","refpurpose":"cfit、sfit、または fittype のオブジェクトの係数の数","href":"cfit.numcoeffs.html"},{"name":"cfit.numcoeffs","type":"method","fcntype":"instancemethod","refpurpose":"cfit、sfit、または fittype のオブジェクトの係数の数","href":"cfit.numcoeffs.html"},{"name":"sfit.numcoeffs","type":"method","fcntype":"instancemethod","refpurpose":"cfit、sfit、または fittype のオブジェクトの係数の数","href":"cfit.numcoeffs.html"},{"name":"plot","type":"function","fcntype":"instancemethod","refpurpose":"cfit または sfit オブジェクトのプロット","href":"cfit.plot.html"},{"name":"cfit.plot","type":"method","fcntype":"instancemethod","refpurpose":"cfit または sfit オブジェクトのプロット","href":"cfit.plot.html"},{"name":"sfit.plot","type":"method","fcntype":"instancemethod","refpurpose":"cfit または sfit オブジェクトのプロット","href":"cfit.plot.html"},{"name":"predint","type":"function","fcntype":"instancemethod","refpurpose":"cfit または sfit オブジェクトの予測区間","href":"cfit.predint.html"},{"name":"cfit.predint","type":"method","fcntype":"instancemethod","refpurpose":"cfit または sfit オブジェクトの予測区間","href":"cfit.predint.html"},{"name":"sfit.predint","type":"method","fcntype":"instancemethod","refpurpose":"cfit または sfit オブジェクトの予測区間","href":"cfit.predint.html"},{"name":"probnames","type":"function","fcntype":"instancemethod","refpurpose":"cfit、sfit、または fittype のオブジェクトの問題依存パラメーター名","href":"cfit.probnames.html"},{"name":"cfit.probnames","type":"method","fcntype":"instancemethod","refpurpose":"cfit、sfit、または fittype のオブジェクトの問題依存パラメーター名","href":"cfit.probnames.html"},{"name":"sfit.probnames","type":"method","fcntype":"instancemethod","refpurpose":"cfit、sfit、または fittype のオブジェクトの問題依存パラメーター名","href":"cfit.probnames.html"},{"name":"fittype.probnames","type":"method","fcntype":"instancemethod","refpurpose":"cfit、sfit、または fittype のオブジェクトの問題依存パラメーター名","href":"cfit.probnames.html"},{"name":"probvalues","type":"function","fcntype":"instancemethod","refpurpose":"cfit または sfit のオブジェクトの問題依存パラメーター値","href":"cfit.probvalues.html"},{"name":"cfit.probvalues","type":"method","fcntype":"instancemethod","refpurpose":"cfit または sfit のオブジェクトの問題依存パラメーター値","href":"cfit.probvalues.html"},{"name":"sfit.probvalues","type":"method","fcntype":"instancemethod","refpurpose":"cfit または sfit のオブジェクトの問題依存パラメーター値","href":"cfit.probvalues.html"},{"name":"setoptions","type":"function","fcntype":"instancemethod","refpurpose":"モデル近似オプションを設定","href":"cfit.setoptions.html"},{"name":"cfit.setoptions","type":"method","fcntype":"instancemethod","refpurpose":"モデル近似オプションを設定","href":"cfit.setoptions.html"},{"name":"sfit.setoptions","type":"method","fcntype":"instancemethod","refpurpose":"モデル近似オプションを設定","href":"cfit.setoptions.html"},{"name":"fittype.setoptions","type":"method","fcntype":"instancemethod","refpurpose":"モデル近似オプションを設定","href":"cfit.setoptions.html"},{"name":"type","type":"function","fcntype":"instancemethod","refpurpose":"cfit、sfit、または fittype のオブジェクトの名前","href":"cfit.type.html"},{"name":"cfit.type","type":"method","fcntype":"instancemethod","refpurpose":"cfit、sfit、または fittype のオブジェクトの名前","href":"cfit.type.html"},{"name":"sfit.type","type":"method","fcntype":"instancemethod","refpurpose":"cfit、sfit、または fittype のオブジェクトの名前","href":"cfit.type.html"},{"name":"fittype.type","type":"method","fcntype":"instancemethod","refpurpose":"cfit、sfit、または fittype のオブジェクトの名前","href":"cfit.type.html"},{"name":"cfit","type":"function","fcntype":"simple","refpurpose":"cfit オブジェクト用コンストラクター","href":"cfit.html"},{"name":"chbpnt","type":"function","fcntype":"simple","refpurpose":"チェビシェフ・デムコ点","href":"chbpnt.html"},{"name":"csape","type":"function","fcntype":"simple","refpurpose":"端点条件を使用した 3 次スプライン内挿","href":"csape.html"},{"name":"csapi","type":"function","fcntype":"simple","refpurpose":"3 次スプライン内挿","href":"csapi.html"},{"name":"csaps","type":"function","fcntype":"simple","refpurpose":"3 次平滑化スプライン","href":"csaps.html"},{"name":"cscvn","type":"function","fcntype":"simple","refpurpose":"\"自然な\" または周期的な内挿3 次スプライン曲線","href":"cscvn.html"},{"name":"Curve Fitter","type":"app","refpurpose":"曲線や曲面によるデータへの近似","href":"curvefitter-app.html"},{"name":"curveFitter","type":"function","fcntype":"applauncher","refpurpose":"曲線や曲面によるデータへの近似","href":"curvefitter-app.html"},{"name":"datastats","type":"function","fcntype":"simple","refpurpose":"データ統計","href":"datastats.html"},{"name":"excludedata","type":"function","fcntype":"simple","refpurpose":"近似からデータを除外","href":"excludedata.html"},{"name":"feval","type":"function","fcntype":"simple","refpurpose":"cfit、sfit または fittype オブジェクトの評価","href":"feval.html"},{"name":"fit","type":"function","fcntype":"simple","refpurpose":"曲線または曲面によるデータへの近似","href":"fit.html"},{"name":"fitoptions","type":"function","fcntype":"simple","refpurpose":"近似オプション オブジェクトを作成または変更する","href":"fitoptions.html"},{"name":"fittype","type":"function","fcntype":"simple","refpurpose":"曲線近似および曲面近似の近似タイプ","href":"fittype.html"},{"name":"fn2fm","type":"function","fcntype":"simple","refpurpose":"指定した型への変換","href":"fn2fm.html"},{"name":"fnbrk","type":"function","fcntype":"simple","refpurpose":"型の名前と部分","href":"fnbrk.html"},{"name":"fnchg","type":"function","fcntype":"simple","refpurpose":"型の部分の変更","href":"fnchg.html"},{"name":"fncmb","type":"function","fcntype":"simple","refpurpose":"関数を用いた算術","href":"fncmb.html"},{"name":"fnder","type":"function","fcntype":"simple","refpurpose":"関数の微分","href":"fnder.html"},{"name":"fndir","type":"function","fcntype":"simple","refpurpose":"関数の方向導関数","href":"fndir.html"},{"name":"fnint","type":"function","fcntype":"simple","refpurpose":"積分関数","href":"fnint.html"},{"name":"fnjmp","type":"function","fcntype":"simple","refpurpose":"ジャンプ、つまり、f(x+)-f(x-)","href":"fnjmp.html"},{"name":"fnmin","type":"function","fcntype":"simple","refpurpose":"指定した区間での関数の最小値","href":"fnmin.html"},{"name":"fnplt","type":"function","fcntype":"simple","refpurpose":"プロット関数","href":"fnplt.html"},{"name":"fnrfn","type":"function","fcntype":"simple","refpurpose":"型の区画の調整","href":"fnrfn.html"},{"name":"fntlr","type":"function","fcntype":"simple","refpurpose":"テイラー係数","href":"fntlr.html"},{"name":"fnval","type":"function","fcntype":"simple","refpurpose":"スプライン関数を評価する","href":"fnval.html"},{"name":"fnxtr","type":"function","fcntype":"simple","refpurpose":"スプラインの外挿","href":"fnxtr.html"},{"name":"fnzeros","type":"function","fcntype":"simple","refpurpose":"スプラインの根","href":"fnzeros.html"},{"name":"franke","type":"function","fcntype":"simple","refpurpose":"フランケの 二変量テスト関数","href":"franke.html"},{"name":"get","type":"function","fcntype":"simple","refpurpose":"近似オプションの構造体のプロパティの名前と値を取得する","href":"get.html"},{"name":"getcurve","type":"function","fcntype":"simple","refpurpose":"3 次スプライン曲線の対話的な作成","href":"getcurve.html"},{"name":"knt2brk、knt2mlt","type":"function","fcntype":"simple","refpurpose":"ノットをブレークとその多重度に変換する","href":"knt2brkknt2mlt.html"},{"name":"newknt","type":"function","fcntype":"simple","refpurpose":"新しいブレーク分布","href":"newknt.html"},{"name":"optknt","type":"function","fcntype":"simple","refpurpose":"内挿に \"最適な\" ノット分布","href":"optknt.html"},{"name":"ppmak","type":"function","fcntype":"simple","refpurpose":"pp 型のスプラインの組み立て","href":"ppmak.html"},{"name":"prepareCurveData","type":"function","fcntype":"simple","refpurpose":"データ入力を曲線近似用に準備する","href":"preparecurvedata.html"},{"name":"prepareSurfaceData","type":"function","fcntype":"simple","refpurpose":"データ入力を曲面近似用に準備する","href":"preparesurfacedata.html"},{"name":"rpmak","type":"function","fcntype":"simple","refpurpose":"有理スプラインの組み立て","href":"rpmak.html"},{"name":"rscvn","type":"function","fcntype":"simple","refpurpose":"区分的 2 円弧エルミート内挿","href":"rscvn.html"},{"name":"rsmak","type":"function","fcntype":"simple","refpurpose":"標準の幾何学的形状の有理スプラインの組み立て","href":"rsmak.html"},{"name":"set","type":"function","fcntype":"simple","refpurpose":"近似オプションの構造体への値の割り当て","href":"set.html"},{"name":"coeffnames","type":"function","fcntype":"instancemethod","refpurpose":"cfit、sfit、または fittype のオブジェクトの係数名","href":"sfit.coeffnames.html"},{"name":"sfit.coeffnames","type":"method","fcntype":"instancemethod","refpurpose":"cfit、sfit、または fittype のオブジェクトの係数名","href":"sfit.coeffnames.html"},{"name":"cfit.coeffnames","type":"method","fcntype":"instancemethod","refpurpose":"cfit、sfit、または fittype のオブジェクトの係数名","href":"sfit.coeffnames.html"},{"name":"fittype.coeffnames","type":"method","fcntype":"instancemethod","refpurpose":"cfit、sfit、または fittype のオブジェクトの係数名","href":"sfit.coeffnames.html"},{"name":"quad2d","type":"function","fcntype":"instancemethod","refpurpose":"sfit オブジェクトの数値積分","href":"sfit.quad2d.html"},{"name":"sfit.quad2d","type":"method","fcntype":"instancemethod","refpurpose":"sfit オブジェクトの数値積分","href":"sfit.quad2d.html"},{"name":"sfit","type":"function","fcntype":"simple","refpurpose":"sfit オブジェクト用コンストラクター","href":"sfit.html"},{"name":"sftool","type":"function","fcntype":"simple","refpurpose":"(削除済み) 曲線近似アプリの起動","deprecated":"true","href":"sftool.html"},{"name":"slvblk","type":"function","fcntype":"simple","refpurpose":"概ブロック対角線形システムの解法","href":"slvblk.html"},{"name":"smooth","type":"function","fcntype":"simple","refpurpose":"応答データを平滑化する","href":"smooth.html"},{"name":"sorted","type":"function","fcntype":"simple","refpurpose":"メッシュ サイトに関するサイトの検索","href":"sorted.html"},{"name":"spap2","type":"function","fcntype":"simple","refpurpose":"最小二乗スプライン近似","href":"spap2.html"},{"name":"spapi","type":"function","fcntype":"simple","refpurpose":"スプライン内挿","href":"spapi.html"},{"name":"spaps","type":"function","fcntype":"simple","refpurpose":"平滑化スプライン","href":"spaps.html"},{"name":"spcol","type":"function","fcntype":"simple","refpurpose":"B スプライン選点行列","href":"spcol.html"},{"name":"spcrv","type":"function","fcntype":"simple","refpurpose":"等間隔分割によるスプライン曲線","href":"spcrv.html"},{"name":"splinetool","type":"function","fcntype":"simple","refpurpose":"スプライン近似法の実験","href":"splinetool.html"},{"name":"splpp、sprpp","type":"function","fcntype":"simple","refpurpose":"局所的 B 係数からのテイラー係数","href":"splppsprpp.html"},{"name":"spmak","type":"function","fcntype":"simple","refpurpose":"B 型のスプラインの組み立て","href":"spmak.html"},{"name":"spterms","type":"function","fcntype":"simple","refpurpose":"スプラインの項の説明","href":"spterms.html"},{"name":"stcol","type":"function","fcntype":"simple","refpurpose":"scattered translates 型選点行列","href":"stcol.html"},{"name":"stmak","type":"function","fcntype":"simple","refpurpose":"st 型の関数の組み立て","href":"stmak.html"},{"name":"subplus","type":"function","fcntype":"simple","refpurpose":"関数の正の部分の計算","href":"subplus.html"},{"name":"titanium","type":"function","fcntype":"simple","refpurpose":"チタン テスト データ","href":"titanium.html"},{"name":"tpaps","type":"function","fcntype":"simple","refpurpose":"薄板平滑化スプライン","href":"tpaps.html"}]}