{"schema":"referenceapi_lookup_schema.json","schemaVersion":"1.0","docVersion":"doc25a.2968260.Bdoc25a.2967890.pass.r2025a","productName":"Data Acquisition Toolbox","baseCode":"DA","helpFolder":"daq","helpLocation":"daq",  "refItems" : [{"name":"add","type":"function","fcntype":"simple","refpurpose":"Add channel information to daqchannellist object table","href":"add.html"},{"name":"Analog Input","type":"block","refpurpose":"Acquire data from multiple analog channels of data acquisition device","href":"analog_input.html"},{"name":"Analog Output","type":"block","refpurpose":"Output data to multiple analog channels of data acquisition device","href":"analog_output.html"},{"name":"Analog Input Recorder","type":"app","refpurpose":"Acquire and visualize analog input signals","href":"analoginputrecorder-app.html"},{"name":"analogInputRecorder","type":"function","fcntype":"applauncher","refpurpose":"Acquire and visualize analog input signals","href":"analoginputrecorder-app.html"},{"name":"Analog Input (Single Sample)","type":"block","refpurpose":"Acquire single sample from multiple analog channels of data acquisition device","href":"analoginputsinglesample.html"},{"name":"Analog Output Generator","type":"app","refpurpose":"Define and generate analog output signals","href":"analogoutputgenerator-app.html"},{"name":"analogOutputGenerator","type":"function","fcntype":"applauncher","refpurpose":"Define and generate analog output signals","href":"analogoutputgenerator-app.html"},{"name":"Analog Output (Single Sample)","type":"block","refpurpose":"Output single sample to multiple analog channels of data acquisition device","href":"analogoutputsinglesample.html"},{"name":"binaryVectorToDecimal","type":"function","fcntype":"simple","refpurpose":"Convert binary vector value to decimal value","href":"binaryvectortodecimal.html"},{"name":"binaryVectorToHex","type":"function","fcntype":"simple","refpurpose":"Convert binary vector value to hexadecimal","href":"binaryvectortohex.html"},{"name":"addbidirectional","type":"function","fcntype":"instancemethod","refpurpose":"Add digital bidirectional channel to device interface","href":"daq.interfaces.dataacquisition.addbidirectional.html"},{"name":"daq.interfaces.DataAcquisition.addbidirectional","type":"method","fcntype":"instancemethod","refpurpose":"Add digital bidirectional channel to device interface","href":"daq.interfaces.dataacquisition.addbidirectional.html"},{"name":"addclock","type":"function","fcntype":"instancemethod","refpurpose":"Add clock connection to device interface","href":"daq.interfaces.dataacquisition.addclock.html"},{"name":"daq.interfaces.DataAcquisition.addclock","type":"method","fcntype":"instancemethod","refpurpose":"Add clock connection to device interface","href":"daq.interfaces.dataacquisition.addclock.html"},{"name":"addinput","type":"function","fcntype":"instancemethod","refpurpose":"Add input channel to device interface","href":"daq.interfaces.dataacquisition.addinput.html"},{"name":"daq.interfaces.DataAcquisition.addinput","type":"method","fcntype":"instancemethod","refpurpose":"Add input channel to device interface","href":"daq.interfaces.dataacquisition.addinput.html"},{"name":"addoutput","type":"function","fcntype":"instancemethod","refpurpose":"Add output channel to device interface","href":"daq.interfaces.dataacquisition.addoutput.html"},{"name":"daq.interfaces.DataAcquisition.addoutput","type":"method","fcntype":"instancemethod","refpurpose":"Add output channel to device interface","href":"daq.interfaces.dataacquisition.addoutput.html"},{"name":"addtrigger","type":"function","fcntype":"instancemethod","refpurpose":"Add trigger connection to device interface","href":"daq.interfaces.dataacquisition.addtrigger.html"},{"name":"daq.interfaces.DataAcquisition.addtrigger","type":"method","fcntype":"instancemethod","refpurpose":"Add trigger connection to device interface","href":"daq.interfaces.dataacquisition.addtrigger.html"},{"name":"flush","type":"function","fcntype":"instancemethod","refpurpose":"Flush DataAcquisition input and output buffers","href":"daq.interfaces.dataacquisition.flush.html"},{"name":"daq.interfaces.DataAcquisition.flush","type":"method","fcntype":"instancemethod","refpurpose":"Flush DataAcquisition input and output buffers","href":"daq.interfaces.dataacquisition.flush.html"},{"name":"preload","type":"function","fcntype":"instancemethod","refpurpose":"Queue scan data for device output","href":"daq.interfaces.dataacquisition.preload.html"},{"name":"daq.interfaces.DataAcquisition.preload","type":"method","fcntype":"instancemethod","refpurpose":"Queue scan data for device output","href":"daq.interfaces.dataacquisition.preload.html"},{"name":"read","type":"function","fcntype":"instancemethod","refpurpose":"Read data acquired by hardware","href":"daq.interfaces.dataacquisition.read.html"},{"name":"daq.interfaces.DataAcquisition.read","type":"method","fcntype":"instancemethod","refpurpose":"Read data acquired by hardware","href":"daq.interfaces.dataacquisition.read.html"},{"name":"readwrite","type":"function","fcntype":"instancemethod","refpurpose":"Simultaneously read and write device channel data","href":"daq.interfaces.dataacquisition.readwrite.html"},{"name":"daq.interfaces.DataAcquisition.readwrite","type":"method","fcntype":"instancemethod","refpurpose":"Simultaneously read and write device channel data","href":"daq.interfaces.dataacquisition.readwrite.html"},{"name":"removechannel","type":"function","fcntype":"instancemethod","refpurpose":"Remove channel from device interface","href":"daq.interfaces.dataacquisition.removechannel.html"},{"name":"daq.interfaces.DataAcquisition.removechannel","type":"method","fcntype":"instancemethod","refpurpose":"Remove channel from device interface","href":"daq.interfaces.dataacquisition.removechannel.html"},{"name":"removeclock","type":"function","fcntype":"instancemethod","refpurpose":"Remove clock from device interface","href":"daq.interfaces.dataacquisition.removeclock.html"},{"name":"daq.interfaces.DataAcquisition.removeclock","type":"method","fcntype":"instancemethod","refpurpose":"Remove clock from device interface","href":"daq.interfaces.dataacquisition.removeclock.html"},{"name":"removetrigger","type":"function","fcntype":"instancemethod","refpurpose":"Remove trigger from device interface","href":"daq.interfaces.dataacquisition.removetrigger.html"},{"name":"daq.interfaces.DataAcquisition.removetrigger","type":"method","fcntype":"instancemethod","refpurpose":"Remove trigger from device interface","href":"daq.interfaces.dataacquisition.removetrigger.html"},{"name":"resetcounters","type":"function","fcntype":"instancemethod","refpurpose":"Reset hardware scan count for all counter inputs","href":"daq.interfaces.dataacquisition.resetcounters.html"},{"name":"daq.interfaces.DataAcquisition.resetcounters","type":"method","fcntype":"instancemethod","refpurpose":"Reset hardware scan count for all counter inputs","href":"daq.interfaces.dataacquisition.resetcounters.html"},{"name":"start","type":"function","fcntype":"instancemethod","refpurpose":"Start DataAcquisition background operation","href":"daq.interfaces.dataacquisition.start.html"},{"name":"daq.interfaces.DataAcquisition.start","type":"method","fcntype":"instancemethod","refpurpose":"Start DataAcquisition background operation","href":"daq.interfaces.dataacquisition.start.html"},{"name":"stop","type":"function","fcntype":"instancemethod","refpurpose":"Stop background operation","href":"daq.interfaces.dataacquisition.stop.html"},{"name":"daq.interfaces.DataAcquisition.stop","type":"method","fcntype":"instancemethod","refpurpose":"Stop background operation","href":"daq.interfaces.dataacquisition.stop.html"},{"name":"write","type":"function","fcntype":"instancemethod","refpurpose":"Write output scans to hardware channels","href":"daq.interfaces.dataacquisition.write.html"},{"name":"daq.interfaces.DataAcquisition.write","type":"method","fcntype":"instancemethod","refpurpose":"Write output scans to hardware channels","href":"daq.interfaces.dataacquisition.write.html"},{"name":"daq.interfaces.DataAcquisition","type":"object","refpurpose":"Interface to data acquisition device","href":"daq.interfaces.dataacquisition.html"},{"name":"daq.interfaces.DataAcquisition.AutoSyncDSA","type":"property","refpurpose":"Automatically Synchronize DSA devices","href":"daq.interfaces.dataacquisition.html"},{"name":"daq.interfaces.DataAcquisition.Channels","type":"property","refpurpose":"Device channels","href":"daq.interfaces.dataacquisition.html"},{"name":"daq.interfaces.DataAcquisition.Clocks","type":"property","refpurpose":"Device clock connections","href":"daq.interfaces.dataacquisition.html"},{"name":"daq.interfaces.DataAcquisition.DigitalTriggers","type":"property","refpurpose":"Device digital trigger connections","href":"daq.interfaces.dataacquisition.html"},{"name":"daq.interfaces.DataAcquisition.DigitalTriggerTimeout","type":"property","refpurpose":"Time allowed for occurrence of digital trigger","href":"daq.interfaces.dataacquisition.html"},{"name":"daq.interfaces.DataAcquisition.ErrorOccurredFcn","type":"property","refpurpose":"Callback function to call when error occurs","href":"daq.interfaces.dataacquisition.html"},{"name":"daq.interfaces.DataAcquisition.LogToDisk","type":"property","refpurpose":"Specify TDMS file logging","href":"daq.interfaces.dataacquisition.html"},{"name":"daq.interfaces.DataAcquisition.LogFileMode","type":"property","refpurpose":"Write mode for logging to TDMS file","href":"daq.interfaces.dataacquisition.html"},{"name":"daq.interfaces.DataAcquisition.LogFileName","type":"property","refpurpose":"Name of TDMS file for logging data","href":"daq.interfaces.dataacquisition.html"},{"name":"daq.interfaces.DataAcquisition.NumDigitalTriggersRemaining","type":"property","refpurpose":"Number of digital triggers remaining in run","href":"daq.interfaces.dataacquisition.html"},{"name":"daq.interfaces.DataAcquisition.NumDigitalTriggersPerRun","type":"property","refpurpose":"Number of digital triggers per DataAcquisition run","href":"daq.interfaces.dataacquisition.html"},{"name":"daq.interfaces.DataAcquisition.NumScansAcquired","type":"property","refpurpose":"Number of data scans acquired since the last start","href":"daq.interfaces.dataacquisition.html"},{"name":"daq.interfaces.DataAcquisition.NumScansAvailable","type":"property","refpurpose":"Number of data scans acquired and available for reading","href":"daq.interfaces.dataacquisition.html"},{"name":"daq.interfaces.DataAcquisition.NumScansOutputByHardware","type":"property","refpurpose":"Number of scans generated as device output","href":"daq.interfaces.dataacquisition.html"},{"name":"daq.interfaces.DataAcquisition.NumScansQueued","type":"property","refpurpose":"Number of scans prepared for device output","href":"daq.interfaces.dataacquisition.html"},{"name":"daq.interfaces.DataAcquisition.Rate","type":"property","refpurpose":"Data scan rate","href":"daq.interfaces.dataacquisition.html"},{"name":"daq.interfaces.DataAcquisition.RateLimit","type":"property","refpurpose":"Lower and upper scan rate limits","href":"daq.interfaces.dataacquisition.html"},{"name":"daq.interfaces.DataAcquisition.Running","type":"property","refpurpose":"DataAcquisition running indication","href":"daq.interfaces.dataacquisition.html"},{"name":"daq.interfaces.DataAcquisition.ScansAvailableFcn","type":"property","refpurpose":"Callback function when scans are available","href":"daq.interfaces.dataacquisition.html"},{"name":"daq.interfaces.DataAcquisition.ScansAvailableFcnCount","type":"property","refpurpose":"Number of acquired scans to trigger ScansAvailableFcn","href":"daq.interfaces.dataacquisition.html"},{"name":"daq.interfaces.DataAcquisition.ScansRequiredFcn","type":"property","refpurpose":"Callback function when output scan data is required","href":"daq.interfaces.dataacquisition.html"},{"name":"daq.interfaces.DataAcquisition.ScansRequiredFcnCount","type":"property","refpurpose":"Number of scans to trigger ScansRequiredFcn","href":"daq.interfaces.dataacquisition.html"},{"name":"daq.interfaces.DataAcquisition.UserData","type":"property","refpurpose":"Custom data","href":"daq.interfaces.dataacquisition.html"},{"name":"daq.interfaces.DataAcquisition.Vendor","type":"property","refpurpose":"Data acquisition hardware vendor information","href":"daq.interfaces.dataacquisition.html"},{"name":"daq.interfaces.DataAcquisition.WaitingForDigitalTrigger","type":"property","refpurpose":"Digital trigger waiting indication","href":"daq.interfaces.dataacquisition.html"},{"name":"daq","type":"function","fcntype":"simple","refpurpose":"Create DataAcquisition interface object for devices from specified vendor","href":"daq.html"},{"name":"daqchannellist","type":"function","fcntype":"simple","refpurpose":"Create object to store channel information in table","href":"daqchannellist.html"},{"name":"daqhelp","type":"function","fcntype":"simple","refpurpose":"Help for toolbox interface","href":"daqhelp.html"},{"name":"daqlist","type":"function","fcntype":"simple","refpurpose":"List data acquisition devices available to toolbox","href":"daqlist.html"},{"name":"daqreset","type":"function","fcntype":"simple","refpurpose":"Reset Data Acquisition Toolbox","href":"daqreset.html"},{"name":"daqvendorlist","type":"function","fcntype":"simple","refpurpose":"List vendors available to toolbox","href":"daqvendorlist.html"},{"name":"decimalToBinaryVector","type":"function","fcntype":"simple","refpurpose":"Convert decimal value to binary vector","href":"decimaltobinaryvector.html"},{"name":"Digital Input (Single Sample)","type":"block","refpurpose":"Acquire single sample from multiple digital lines of data acquisition device","href":"digitalinputsinglesample.html"},{"name":"Digital Output (Single Sample)","type":"block","refpurpose":"Output single sample to multiple digital lines of data acquisition device","href":"digitaloutputsinglesample.html"},{"name":"disableVendorDiagnostics","type":"function","fcntype":"simple","refpurpose":"Suppress vendor diagnostic display in device listing","href":"disablevendordiagnostics.html"},{"name":"enableVendorDiagnostics","type":"function","fcntype":"simple","refpurpose":"Allow diagnostic display in vendor listing","href":"enablevendordiagnostics.html"},{"name":"hexToBinaryVector","type":"function","fcntype":"simple","refpurpose":"Convert hexadecimal value to binary vector","href":"hextobinaryvector.html"},{"name":"preview","type":"function","fcntype":"instancemethod","refpurpose":"Read first 8 records from TDMS datastore","href":"matlab.io.datastore.mdfdatastore.preview.html"},{"name":"matlab.io.datastore.MDFDatastore.preview","type":"method","fcntype":"instancemethod","refpurpose":"Read first 8 records from TDMS datastore","href":"matlab.io.datastore.mdfdatastore.preview.html"},{"name":"hasdata","type":"function","fcntype":"instancemethod","refpurpose":"Determine if data is available to read from TDMS datastore","href":"matlab.io.datastore.tdmsdatastore.hasdata.html"},{"name":"matlab.io.datastore.TDMSDatastore.hasdata","type":"method","fcntype":"instancemethod","refpurpose":"Determine if data is available to read from TDMS datastore","href":"matlab.io.datastore.tdmsdatastore.hasdata.html"},{"name":"read","type":"function","fcntype":"instancemethod","refpurpose":"Read data in TDMS datastore","href":"matlab.io.datastore.tdmsdatastore.read.html"},{"name":"matlab.io.datastore.TDMSDatastore.read","type":"method","fcntype":"instancemethod","refpurpose":"Read data in TDMS datastore","href":"matlab.io.datastore.tdmsdatastore.read.html"},{"name":"readall","type":"function","fcntype":"instancemethod","refpurpose":"Read all data in TDMS datastore","href":"matlab.io.datastore.tdmsdatastore.readall.html"},{"name":"matlab.io.datastore.TDMSDatastore.readall","type":"method","fcntype":"instancemethod","refpurpose":"Read all data in TDMS datastore","href":"matlab.io.datastore.tdmsdatastore.readall.html"},{"name":"reset","type":"function","fcntype":"instancemethod","refpurpose":"Reset TDMS datastore to initial state","href":"matlab.io.datastore.tdmsdatastore.reset.html"},{"name":"matlab.io.datastore.TDMSDatastore.reset","type":"method","fcntype":"instancemethod","refpurpose":"Reset TDMS datastore to initial state","href":"matlab.io.datastore.tdmsdatastore.reset.html"},{"name":"tdmsDatastore","type":"function","fcntype":"simple","refpurpose":"Datastore for collection of TDMS files","href":"matlab.io.datastore.tdmsdatastore.html"},{"name":"matlab.io.datastore.TDMSDatastore","type":"object","refpurpose":"Datastore for collection of TDMS files","href":"matlab.io.datastore.tdmsdatastore.html"},{"name":"matlab.io.datastore.TDMSDatastore.Files","type":"property","refpurpose":"Files included in datastore","href":"matlab.io.datastore.tdmsdatastore.html"},{"name":"matlab.io.datastore.TDMSDatastore.ChannelList","type":"property","refpurpose":"All channels present in first TDMS file","href":"matlab.io.datastore.tdmsdatastore.html"},{"name":"matlab.io.datastore.TDMSDatastore.SelectedChannelGroup","type":"property","refpurpose":"Channel group containing the channels to read from","href":"matlab.io.datastore.tdmsdatastore.html"},{"name":"matlab.io.datastore.TDMSDatastore.SelectedChannels","type":"property","refpurpose":"Names of channels to read","href":"matlab.io.datastore.tdmsdatastore.html"},{"name":"matlab.io.datastore.TDMSDatastore.RowTimes","type":"property","refpurpose":"Times associated with rows of table","href":"matlab.io.datastore.tdmsdatastore.html"},{"name":"matlab.io.datastore.TDMSDatastore.ReadSize","type":"property","refpurpose":"Size of data returned by read","href":"matlab.io.datastore.tdmsdatastore.html"},{"name":"addAnalogInputChannel","type":"function","fcntype":"simple","refpurpose":"(Not recommended) Add analog input channel","deprecated":"true","href":"ref\/addanaloginputchannel.html"},{"name":"addAnalogOutputChannel","type":"function","fcntype":"simple","refpurpose":"(Not recommended) Add analog output channel to session","deprecated":"true","href":"ref\/addanalogoutputchannel.html"},{"name":"addAudioInputChannel","type":"function","fcntype":"simple","refpurpose":"(Not recommended) Add audio input channel to session","deprecated":"true","href":"ref\/addaudioinputchannel.html"},{"name":"addAudioOutputChannel","type":"function","fcntype":"simple","refpurpose":"(Not recommended) Add audio output channel to session","deprecated":"true","href":"ref\/addaudiooutputchannel.html"},{"name":"addClockConnection","type":"function","fcntype":"simple","refpurpose":"(Not recommended) Add clock connection","deprecated":"true","href":"ref\/addclockconnection.html"},{"name":"addCounterInputChannel","type":"function","fcntype":"simple","refpurpose":"(Not recommended) Add counter input channel","deprecated":"true","href":"ref\/addcounterinputchannel.html"},{"name":"addCounterOutputChannel","type":"function","fcntype":"simple","refpurpose":"(Not recommended) Add counter output channel","deprecated":"true","href":"ref\/addcounteroutputchannel.html"},{"name":"addDigitalChannel","type":"function","fcntype":"simple","refpurpose":"(Not recommended) Add digital channel","deprecated":"true","href":"ref\/adddigitalchannel.html"},{"name":"addFunctionGeneratorChannel","type":"function","fcntype":"simple","refpurpose":"(Not recommended) Add function generator channel","deprecated":"true","href":"ref\/addfunctiongeneratorchannel.html"},{"name":"addTriggerConnection","type":"function","fcntype":"simple","refpurpose":"(Not recommended) Add trigger connection","deprecated":"true","href":"ref\/addtriggerconnection.html"},{"name":"daq.Channel","type":"properties","refpurpose":"Channel object properties","href":"ref\/daq.channel-properties.html"},{"name":"daq.channel","type":"properties","refpurpose":"Channel object properties","href":"ref\/daq.channel-properties.html"},{"name":"daq.channel.ActiveEdge","type":"property","refpurpose":"Rising or falling edges of EdgeCount signals","href":"ref\/daq.channel-properties.html"},{"name":"daq.channel.ActivePulse","type":"property","refpurpose":"Active pulse level for measurement of PulseWidth counter channel","href":"ref\/daq.channel-properties.html"},{"name":"daq.channel.ADCTimingMode","type":"property","refpurpose":"Specify channel timing mode","href":"ref\/daq.channel-properties.html"},{"name":"daq.channel.BridgeMode","type":"property","refpurpose":"Specify analog input device bridge mode","href":"ref\/daq.channel-properties.html"},{"name":"daq.channel.CountDirection","type":"property","refpurpose":"Specify direction of counter channel","href":"ref\/daq.channel-properties.html"},{"name":"daq.channel.Coupling","type":"property","refpurpose":"Input coupling mode","href":"ref\/daq.channel-properties.html"},{"name":"daq.channel.Device","type":"property","refpurpose":"Channel device information","href":"ref\/daq.channel-properties.html"},{"name":"daq.channel.Direction","type":"property","refpurpose":"Specify digital channel direction","href":"ref\/daq.channel-properties.html"},{"name":"daq.channel.DutyCycle","type":"property","refpurpose":"Duty cycle of output channel","href":"ref\/daq.channel-properties.html"},{"name":"daq.channel.EncoderType","type":"property","refpurpose":"Encoding type of counter channel","href":"ref\/daq.channel-properties.html"},{"name":"daq.channel.EnhancedAliasRejectionEnable","type":"property","refpurpose":"Specify enhanced alias rejection mode","href":"ref\/daq.channel-properties.html"},{"name":"daq.channel.ExcitationCurrent","type":"property","refpurpose":"Current of external source of excitation","href":"ref\/daq.channel-properties.html"},{"name":"daq.channel.ExcitationSource","type":"property","refpurpose":"External source of excitation","href":"ref\/daq.channel-properties.html"},{"name":"daq.channel.ExcitationVoltage","type":"property","refpurpose":"Voltage of excitation source","href":"ref\/daq.channel-properties.html"},{"name":"daq.channel.Frequency","type":"property","refpurpose":"Frequency of generated output","href":"ref\/daq.channel-properties.html"},{"name":"daq.channel.FrequencyLimit","type":"property","refpurpose":"Limit of rate of operation based on hardware configuration","href":"ref\/daq.channel-properties.html"},{"name":"daq.channel.Gain","type":"property","refpurpose":"Waveform output gain","href":"ref\/daq.channel-properties.html"},{"name":"daq.channel.ID","type":"property","refpurpose":"Channel identifier","href":"ref\/daq.channel-properties.html"},{"name":"daq.channel.IdleState","type":"property","refpurpose":"Default state of counter output channel","href":"ref\/daq.channel-properties.html"},{"name":"daq.channel.InitialCount","type":"property","refpurpose":"Specify initial count point","href":"ref\/daq.channel-properties.html"},{"name":"daq.channel.InitialDelay","type":"property","refpurpose":"Time delay until output channel generates pulses","href":"ref\/daq.channel-properties.html"},{"name":"daq.channel.MaxSoundPressureLevel","type":"property","refpurpose":"Sound pressure level for microphone channels","href":"ref\/daq.channel-properties.html"},{"name":"daq.channel.MeasurementType","type":"property","refpurpose":"Channel measurement type","href":"ref\/daq.channel-properties.html"},{"name":"daq.channel.Name","type":"property","refpurpose":"Descriptive name for channel","href":"ref\/daq.channel-properties.html"},{"name":"daq.channel.NominalBridgeResistance","type":"property","refpurpose":"Resistance of sensor","href":"ref\/daq.channel-properties.html"},{"name":"daq.channel.Offset","type":"property","refpurpose":"DC offset of waveform","href":"ref\/daq.channel-properties.html"},{"name":"daq.channel.Phase","type":"property","refpurpose":"Waveform phase shift","href":"ref\/daq.channel-properties.html"},{"name":"daq.channel.R0","type":"property","refpurpose":"RTD channel resistance value at 0°C","href":"ref\/daq.channel-properties.html"},{"name":"daq.channel.Range","type":"property","refpurpose":"Channel measurement range","href":"ref\/daq.channel-properties.html"},{"name":"daq.channel.RTDConfiguration","type":"property","refpurpose":"Specify wiring configuration of RTD device","href":"ref\/daq.channel-properties.html"},{"name":"daq.channel.RTDType","type":"property","refpurpose":"Specify sensor sensitivity","href":"ref\/daq.channel-properties.html"},{"name":"daq.channel.Sensitivity","type":"property","refpurpose":"Sensitivity of an analog channel","href":"ref\/daq.channel-properties.html"},{"name":"daq.channel.ShuntLocation","type":"property","refpurpose":"Specify location of channel shunt resistor","href":"ref\/daq.channel-properties.html"},{"name":"daq.channel.ShuntResistance","type":"property","refpurpose":"Resistance of channel shunt resistor","href":"ref\/daq.channel-properties.html"},{"name":"daq.channel.Terminal","type":"property","refpurpose":"PFI terminal of counter subsystem","href":"ref\/daq.channel-properties.html"},{"name":"daq.channel.TerminalConfig","type":"property","refpurpose":"Specify terminal configuration","href":"ref\/daq.channel-properties.html"},{"name":"daq.channel.ThermocoupleType","type":"property","refpurpose":"Specify thermocouple type","href":"ref\/daq.channel-properties.html"},{"name":"daq.channel.Units","type":"property","refpurpose":"Specify unit of RTD measurement","href":"ref\/daq.channel-properties.html"},{"name":"daq.channel.WaveformType","type":"property","refpurpose":"Function generator channel waveform type","href":"ref\/daq.channel-properties.html"},{"name":"daq.channel.ZResetCondition","type":"property","refpurpose":"Reset condition for Z-indexing","href":"ref\/daq.channel-properties.html"},{"name":"daq.channel.ZResetEnable","type":"property","refpurpose":"Enable reset for Z-indexing","href":"ref\/daq.channel-properties.html"},{"name":"daq.channel.ZResetValue","type":"property","refpurpose":"Reset value for Z-indexing","href":"ref\/daq.channel-properties.html"},{"name":"daq.createSession","type":"function","fcntype":"simple","refpurpose":"(Not recommended) Create data acquisition session for specific vendor hardware","deprecated":"true","href":"ref\/daq.createsession.html"},{"name":"daq.getDevices","type":"function","fcntype":"simple","refpurpose":"(Not recommended) Display available data acquisition devices","deprecated":"true","href":"ref\/daq.getdevices.html"},{"name":"daq.getVendors","type":"function","fcntype":"simple","refpurpose":"(Not recommended) Display available vendors","deprecated":"true","href":"ref\/daq.getvendors.html"},{"name":"daq.Session","type":"properties","refpurpose":"Session object properties","href":"ref\/daq.session-properties.html"},{"name":"daq.session","type":"properties","refpurpose":"Session object properties","href":"ref\/daq.session-properties.html"},{"name":"daq.session.AutoSyncDSA","type":"property","refpurpose":"Automatically Synchronize DSA devices","href":"ref\/daq.session-properties.html"},{"name":"daq.session.BitsPerSample","type":"property","refpurpose":"Sampling resolution","href":"ref\/daq.session-properties.html"},{"name":"daq.session.Channels","type":"property","refpurpose":"Device channels","href":"ref\/daq.session-properties.html"},{"name":"daq.session.Connections","type":"property","refpurpose":"Device connections","href":"ref\/daq.session-properties.html"},{"name":"daq.session.DurationInSeconds","type":"property","refpurpose":"Specify duration of acquisition","href":"ref\/daq.session-properties.html"},{"name":"daq.session.ExternalTriggerTimeout","type":"property","refpurpose":"Specify maximum wait time for external trigger","href":"ref\/daq.session-properties.html"},{"name":"daq.session.IsContinuous","type":"property","refpurpose":"Specify operation to continue until manually stopped","href":"ref\/daq.session-properties.html"},{"name":"daq.session.IsDone","type":"property","refpurpose":"Indicate if session operation is complete","href":"ref\/daq.session-properties.html"},{"name":"daq.session.IsLogging","type":"property","refpurpose":"Indicate if hardware is acquiring or generating data","href":"ref\/daq.session-properties.html"},{"name":"daq.session.IsNotifyWhenDataAvailableExceedsAuto","type":"property","refpurpose":"Control if NotifyWhenDataAvailableExceeds is set automatically","href":"ref\/daq.session-properties.html"},{"name":"daq.session.IsNotifyWhenScansQueuedBelowAuto","type":"property","refpurpose":"Control if NotifyWhenScansQueuedBelow is set automatically","href":"ref\/daq.session-properties.html"},{"name":"daq.session.IsRunning","type":"property","refpurpose":"Indicate if session operation is in progress","href":"ref\/daq.session-properties.html"},{"name":"daq.session.IsWaitingForExternalTrigger","type":"property","refpurpose":"Indicates if synchronization is waiting for an external trigger","href":"ref\/daq.session-properties.html"},{"name":"daq.session.NotifyWhenDataAvailableExceeds","type":"property","refpurpose":"Specify number of acquired scans to fire DataAvailable event","href":"ref\/daq.session-properties.html"},{"name":"daq.session.NotifyWhenScansQueuedBelow","type":"property","refpurpose":"Specify number of queued scans to fire DataRequired event","href":"ref\/daq.session-properties.html"},{"name":"daq.session.NumberOfScans","type":"property","refpurpose":"Number of scans for operation when starting","href":"ref\/daq.session-properties.html"},{"name":"daq.session.Rate","type":"property","refpurpose":"Data scan rate","href":"ref\/daq.session-properties.html"},{"name":"daq.session.RateLimit","type":"property","refpurpose":"Lower and upper scan rate limits","href":"ref\/daq.session-properties.html"},{"name":"daq.session.ScansAcquired","type":"property","refpurpose":"Number of data scans acquired during operation","href":"ref\/daq.session-properties.html"},{"name":"daq.session.ScansOutputByHardware","type":"property","refpurpose":"Number of scans generated as device output","href":"ref\/daq.session-properties.html"},{"name":"daq.session.ScansQueued","type":"property","refpurpose":"Number of scans prepared for device output","href":"ref\/daq.session-properties.html"},{"name":"daq.session.StandardSampleRates","type":"property","refpurpose":"Standard available scan rates","href":"ref\/daq.session-properties.html"},{"name":"daq.session.TriggersPerRun","type":"property","refpurpose":"Number of digital triggers per session acquisition run","href":"ref\/daq.session-properties.html"},{"name":"daq.session.TriggersRemaining","type":"property","refpurpose":"Number of digital triggers remaining in acquisition","href":"ref\/daq.session-properties.html"},{"name":"daq.session.UserData","type":"property","refpurpose":"Custom data","href":"ref\/daq.session-properties.html"},{"name":"daq.session.UseStandardSampleRates","type":"property","refpurpose":"Configure session to use standard sample rates","href":"ref\/daq.session-properties.html"},{"name":"daq.session.Vendor","type":"property","refpurpose":"Data acquisition hardware vendor information","href":"ref\/daq.session-properties.html"},{"name":"addlistener","type":"function","fcntype":"instancemethod","refpurpose":"(Not recommended) Create event listener","deprecated":"true","href":"ref\/daq.session.addlistener.html"},{"name":"daq.Session.addlistener","type":"method","fcntype":"instancemethod","refpurpose":"(Not recommended) Create event listener","deprecated":"true","href":"ref\/daq.session.addlistener.html"},{"name":"DataAvailable","type":"function","fcntype":"simple","refpurpose":"(Not recommended) Notify when acquired data is available to process","deprecated":"true","href":"ref\/dataavailable.html"},{"name":"DataRequired Event","type":"function","fcntype":"simple","refpurpose":"(Not recommended) Notify when additional data is required for output on continuous generation","deprecated":"true","href":"ref\/datarequired.html"},{"name":"ErrorOccurred Event","type":"function","fcntype":"simple","refpurpose":"(Not recommended) Notify when device-related errors occur","deprecated":"true","href":"ref\/erroroccurred.html"},{"name":"inputSingleScan","type":"function","fcntype":"simple","refpurpose":"(Not recommended) Acquire single scan from all input channels","deprecated":"true","href":"ref\/inputsinglescan.html"},{"name":"outputSingleScan","type":"function","fcntype":"simple","refpurpose":"(Not recommended) Generate single scan on all output channels","deprecated":"true","href":"ref\/outputsinglescan.html"},{"name":"prepare","type":"function","fcntype":"simple","refpurpose":"(Not recommended) Prepare session for operation","deprecated":"true","href":"ref\/prepare.html"},{"name":"queueOutputData","type":"function","fcntype":"simple","refpurpose":"(Not recommended) Queue data to be output","deprecated":"true","href":"ref\/queueoutputdata.html"},{"name":"release","type":"function","fcntype":"simple","refpurpose":"(Not recommended) Release session hardware resources","deprecated":"true","href":"ref\/release.html"},{"name":"removeChannel","type":"function","fcntype":"simple","refpurpose":"(Not recommended) Remove channel from session object","deprecated":"true","href":"ref\/removechannel.html"},{"name":"removeConnection","type":"function","fcntype":"simple","refpurpose":"(Not recommended) Remove clock or trigger connection","deprecated":"true","href":"ref\/removeconnection.html"},{"name":"resetCounters","type":"function","fcntype":"simple","refpurpose":"(Not recommended) Reset counter channel to initial count","deprecated":"true","href":"ref\/resetcounters.html"},{"name":"startBackground","type":"function","fcntype":"simple","refpurpose":"(Not recommended) Start background operations","deprecated":"true","href":"ref\/startbackground.html"},{"name":"startForeground","type":"function","fcntype":"simple","refpurpose":"(Not recommended) Start foreground operations","deprecated":"true","href":"ref\/startforeground.html"},{"name":"stop","type":"function","fcntype":"simple","refpurpose":"(Not recommended) Stop background operation","deprecated":"true","href":"ref\/stop_session.html"},{"name":"wait","type":"function","fcntype":"simple","refpurpose":"(Not recommended) Block MATLAB until background operation completes","deprecated":"true","href":"ref\/wait_session.html"},{"name":"tdmsconvert","type":"function","fcntype":"simple","refpurpose":"Convert file to TDMS v2.0 compliant format","href":"tdmsconvert.html"},{"name":"tdmsinfo","type":"function","fcntype":"simple","refpurpose":"Information about TDMS file","href":"tdmsinfo.html"},{"name":"tdmsread","type":"function","fcntype":"simple","refpurpose":"Read data from TDMS file","href":"tdmsread.html"},{"name":"tdmsreadprop","type":"function","fcntype":"simple","refpurpose":"Read properties as single row table from TDMS file","href":"tdmsreadprop.html"},{"name":"tdmswrite","type":"function","fcntype":"simple","refpurpose":"Write data to TDMS file","href":"tdmswrite.html"},{"name":"tdmswriteprop","type":"function","fcntype":"simple","refpurpose":"Write properties to TDMS file","href":"tdmswriteprop.html"}]}