{"schema":"referenceapi_lookup_schema.json","schemaVersion":"1.0","docVersion":"doc25a.2968260.Bdoc25a.2967890.pass.r2025a","productName":"Deep Learning Toolbox","baseCode":"NN","helpFolder":"deeplearning","helpLocation":"deeplearning","addons":"DLQUANTIZATIONLIB ONNXCONVERTER PYTORCHCONVERTER KERASIMPORTER",  "refItems" : [{"name":"alexnet","type":"function","fcntype":"simple","refpurpose":"(Déconseillé) Réseau de neurones à convolution AlexNet","deprecated":"true","href":"ref\/alexnet.html"},{"name":"augmentedImageDatastore","type":"function","fcntype":"constructor","refpurpose":"Transformer des batchs de données pour augmenter les images","href":"ref\/augmentedimagedatastore.html"},{"name":"augmentedImageDatastore","type":"object","refpurpose":"Transformer des batchs de données pour augmenter les images","href":"ref\/augmentedimagedatastore.html"},{"name":"augmentedImageDatastore.ColorPreprocessing","type":"property","refpurpose":"Opérations de prétraitement des couleurs","href":"ref\/augmentedimagedatastore.html"},{"name":"augmentedImageDatastore.DataAugmentation","type":"property","refpurpose":"Prétraitement appliqué aux images en entrée","href":"ref\/augmentedimagedatastore.html"},{"name":"augmentedImageDatastore.DispatchInBackground","type":"property","refpurpose":"Répartition des observations en arrière-plan","href":"ref\/augmentedimagedatastore.html"},{"name":"augmentedImageDatastore.MiniBatchSize","type":"property","refpurpose":"Nombre d’observations par batch","href":"ref\/augmentedimagedatastore.html"},{"name":"augmentedImageDatastore.NumObservations","type":"property","refpurpose":"Nombre total d’observations dans le datastore","href":"ref\/augmentedimagedatastore.html"},{"name":"augmentedImageDatastore.OutputSize","type":"property","refpurpose":"Taille des images en sortie","href":"ref\/augmentedimagedatastore.html"},{"name":"augmentedImageDatastore.OutputSizeMode","type":"property","refpurpose":"Méthode de redimensionnement des images en sortie","href":"ref\/augmentedimagedatastore.html"},{"name":"cascadeforwardnet","type":"function","fcntype":"simple","refpurpose":"Générer un réseau de neurones feedforward en cascade","href":"ref\/cascadeforwardnet.html"},{"name":"cellmat","type":"function","fcntype":"simple","refpurpose":"Créer un cell array de matrices","href":"ref\/cellmat.html"},{"name":"classificationLayer","type":"function","fcntype":"simple","refpurpose":"(Déconseillé) Couche de sortie de classification","deprecated":"true","href":"ref\/classificationlayer.html"},{"name":"combvec","type":"function","fcntype":"simple","refpurpose":"Créer toutes les combinaisons de vecteurs","href":"ref\/combvec.html"},{"name":"confusion","type":"function","fcntype":"simple","refpurpose":"Matrice de confusion pour la classification","href":"ref\/confusion.html"},{"name":"DAGNetwork","type":"object","refpurpose":"(Déconseillé) Réseau DAG (Directed Acyclic Graph) pour le Deep Learning","deprecated":"true","href":"ref\/dagnetwork.html"},{"name":"DAGNetwork.Layers","type":"property","refpurpose":"Couches du réseau","deprecated":"true","href":"ref\/dagnetwork.html"},{"name":"DAGNetwork.Connections","type":"property","refpurpose":"Connexions des couches","deprecated":"true","href":"ref\/dagnetwork.html"},{"name":"DAGNetwork.InputNames","type":"property","refpurpose":"Noms des couches en entrée","deprecated":"true","href":"ref\/dagnetwork.html"},{"name":"DAGNetwork.OutputNames","type":"property","refpurpose":"Noms des couches en sortie","deprecated":"true","href":"ref\/dagnetwork.html"},{"name":"Deep Network Designer","type":"app","refpurpose":"Concevoir et visualiser des réseaux de Deep Learning","href":"ref\/deepnetworkdesigner-app.html"},{"name":"deepNetworkDesigner","type":"function","fcntype":"applauncher","refpurpose":"Concevoir et visualiser des réseaux de Deep Learning","href":"ref\/deepnetworkdesigner-app.html"},{"name":"dist","type":"function","fcntype":"simple","refpurpose":"Fonction de pondération de la distance euclidienne","href":"ref\/dist.html"},{"name":"distdelaynet","type":"function","fcntype":"simple","refpurpose":"Réseau à retard distribué","href":"ref\/distdelaynet.html"},{"name":"divideblock","type":"function","fcntype":"simple","refpurpose":"Diviser les cibles en trois jeux de données avec des blocs d’indices","href":"ref\/divideblock.html"},{"name":"dividerand","type":"function","fcntype":"simple","refpurpose":"Diviser des cibles en trois jeux avec des indices aléatoires","href":"ref\/dividerand.html"},{"name":"dividetrain","type":"function","fcntype":"simple","refpurpose":"Attribuer toutes les cibles au jeu de données d’apprentissage","href":"ref\/dividetrain.html"},{"name":"dims","type":"function","fcntype":"instancemethod","refpurpose":"Format de données de l’objet dlarray","href":"ref\/dlarray.dims.html"},{"name":"dlarray.dims","type":"method","fcntype":"instancemethod","refpurpose":"Format de données de l’objet dlarray","href":"ref\/dlarray.dims.html"},{"name":"extractdata","type":"function","fcntype":"instancemethod","refpurpose":"Extraire les données d'un dlarray","href":"ref\/dlarray.extractdata.html"},{"name":"dlarray.extractdata","type":"method","fcntype":"instancemethod","refpurpose":"Extraire les données d'un dlarray","href":"ref\/dlarray.extractdata.html"},{"name":"relu","type":"function","fcntype":"instancemethod","refpurpose":"Appliquer une activation ReLU (Rectified Linear Unit)","href":"ref\/dlarray.relu.html"},{"name":"dlarray.relu","type":"method","fcntype":"instancemethod","refpurpose":"Appliquer une activation ReLU (Rectified Linear Unit)","href":"ref\/dlarray.relu.html"},{"name":"sigmoid","type":"function","fcntype":"instancemethod","refpurpose":"Appliquer l’activation sigmoïde","href":"ref\/dlarray.sigmoid.html"},{"name":"dlarray.sigmoid","type":"method","fcntype":"instancemethod","refpurpose":"Appliquer l’activation sigmoïde","href":"ref\/dlarray.sigmoid.html"},{"name":"summary","type":"function","fcntype":"instancemethod","refpurpose":"Imprimer la synthèse d'un réseau","href":"ref\/dlnetwork.summary.html"},{"name":"dlnetwork.summary","type":"method","fcntype":"instancemethod","refpurpose":"Imprimer la synthèse d'un réseau","href":"ref\/dlnetwork.summary.html"},{"name":"elmannet","type":"function","fcntype":"simple","refpurpose":"Réseau de neurones Elman","href":"ref\/elmannet.html"},{"name":"feedforwardnet","type":"function","fcntype":"simple","refpurpose":"Générer un réseau de neurones feedforward","href":"ref\/feedforwardnet.html"},{"name":"fitnet","type":"function","fcntype":"simple","refpurpose":"Réseau de neurones pour l'ajustement de fonction","href":"ref\/fitnet.html"},{"name":"getwb","type":"function","fcntype":"simple","refpurpose":"Obtenir les valeurs de poids et de biais du réseau en tant que vecteur unique","href":"ref\/getwb.html"},{"name":"googlenet","type":"function","fcntype":"simple","refpurpose":"(Déconseillé) Réseau de neurones à convolution GoogLeNet","deprecated":"true","href":"ref\/googlenet.html"},{"name":"gsubtract","type":"function","fcntype":"simple","refpurpose":"Soustraction généralisée","href":"ref\/gsubtract.html"},{"name":"hardlim","type":"function","fcntype":"simple","refpurpose":"Fonction de transfert à seuil","href":"ref\/hardlim.html"},{"name":"Image Classifier","type":"block","refpurpose":"Classer des données avec un réseau de neurones entraîné pour le Deep Learning","href":"ref\/imageclassifier.html"},{"name":"augment","type":"function","fcntype":"instancemethod","refpurpose":"Appliquer des transformations aléatoires identiques à plusieurs images","href":"ref\/imagedataaugmenter.augment.html"},{"name":"imageDataAugmenter.augment","type":"method","fcntype":"instancemethod","refpurpose":"Appliquer des transformations aléatoires identiques à plusieurs images","href":"ref\/imagedataaugmenter.augment.html"},{"name":"inceptionv3","type":"function","fcntype":"simple","refpurpose":"(Déconseillé) Réseau de neurones à convolution Inception-v3","deprecated":"true","href":"ref\/inceptionv3.html"},{"name":"ind2vec","type":"function","fcntype":"simple","refpurpose":"Convertir des indices en vecteurs","href":"ref\/ind2vec.html"},{"name":"plot","type":"function","fcntype":"instancemethod","refpurpose":"Tracer l’architecture du réseau de neurones","href":"ref\/layergraph.plot.html"},{"name":"LayerGraph.plot","type":"method","fcntype":"instancemethod","refpurpose":"Tracer l’architecture du réseau de neurones","href":"ref\/layergraph.plot.html"},{"name":"SeriesNetwork.plot","type":"method","fcntype":"instancemethod","refpurpose":"Tracer l’architecture du réseau de neurones","href":"ref\/layergraph.plot.html"},{"name":"DAGNetwork.plot","type":"method","fcntype":"instancemethod","refpurpose":"Tracer l’architecture du réseau de neurones","href":"ref\/layergraph.plot.html"},{"name":"dlnetwork.plot","type":"method","fcntype":"instancemethod","refpurpose":"Tracer l’architecture du réseau de neurones","href":"ref\/layergraph.plot.html"},{"name":"layrecnet","type":"function","fcntype":"simple","refpurpose":"Réseau de neurones récurrents par couche","href":"ref\/layrecnet.html"},{"name":"logsig","type":"function","fcntype":"simple","refpurpose":"Fonction de transfert log-sigmoïde","href":"ref\/logsig.html"},{"name":"mae","type":"function","fcntype":"simple","refpurpose":"Fonction de performance d’erreur absolue moyenne","href":"ref\/mae.html"},{"name":"mapminmax","type":"function","fcntype":"simple","refpurpose":"Transformer des matrices en mappant des valeurs de ligne minimales et maximales sur [-1 1]","href":"ref\/mapminmax.html"},{"name":"minmax","type":"function","fcntype":"simple","refpurpose":"Plages des lignes d'une matrice","href":"ref\/minmax.html"},{"name":"mobilenetv2","type":"function","fcntype":"simple","refpurpose":"(Déconseillé) Réseau de neurones à convolution MobileNet-v2","deprecated":"true","href":"ref\/mobilenetv2.html"},{"name":"mse","type":"function","fcntype":"simple","refpurpose":"Fonction de performance d’erreur quadratique moyenne normalisée","href":"ref\/mse.html"},{"name":"narxnet","type":"function","fcntype":"simple","refpurpose":"Réseau de neurones autorégressif non linéaire avec entrée externe","href":"ref\/narxnet.html"},{"name":"netinv","type":"function","fcntype":"simple","refpurpose":"Fonction de transfert inverse","href":"ref\/netinv.html"},{"name":"configure","type":"function","fcntype":"instancemethod","refpurpose":"Configurer les entrées et sorties du réseau pour qu’elles correspondent au mieux aux données d’entrée et cibles","href":"ref\/network.configure.html"},{"name":"network.configure","type":"method","fcntype":"instancemethod","refpurpose":"Configurer les entrées et sorties du réseau pour qu’elles correspondent au mieux aux données d’entrée et cibles","href":"ref\/network.configure.html"},{"name":"gensim","type":"function","fcntype":"instancemethod","refpurpose":"Générer un bloc Simulink pour la simulation d’un réseau de neurones peu profond","href":"ref\/network.gensim.html"},{"name":"network.gensim","type":"method","fcntype":"instancemethod","refpurpose":"Générer un bloc Simulink pour la simulation d’un réseau de neurones peu profond","href":"ref\/network.gensim.html"},{"name":"init","type":"function","fcntype":"instancemethod","refpurpose":"Initialiser un réseau de neurones","href":"ref\/network.init.html"},{"name":"network.init","type":"method","fcntype":"instancemethod","refpurpose":"Initialiser un réseau de neurones","href":"ref\/network.init.html"},{"name":"perform","type":"function","fcntype":"instancemethod","refpurpose":"Calculer la performance du réseau","href":"ref\/network.perform.html"},{"name":"network.perform","type":"method","fcntype":"instancemethod","refpurpose":"Calculer la performance du réseau","href":"ref\/network.perform.html"},{"name":"train","type":"function","fcntype":"instancemethod","refpurpose":"Entraîner un réseau de neurones peu profond","href":"ref\/network.train.html"},{"name":"network.train","type":"method","fcntype":"instancemethod","refpurpose":"Entraîner un réseau de neurones peu profond","href":"ref\/network.train.html"},{"name":"network","type":"function","fcntype":"simple","refpurpose":"Créer un réseau de neurones peu profond personnalisé","href":"ref\/network.html"},{"name":"Neural Net Clustering","type":"app","refpurpose":"Résoudre un problème de clustering au moyen de réseaux SOM (Self-Organizing Map – cartes auto-organisatrices)","href":"ref\/neuralnetclustering-app.html"},{"name":"nctool","type":"function","fcntype":"applauncher","refpurpose":"Résoudre un problème de clustering au moyen de réseaux SOM (Self-Organizing Map – cartes auto-organisatrices)","href":"ref\/neuralnetclustering-app.html"},{"name":"Neural Net Fitting","type":"app","refpurpose":"Résoudre un problème d’ajustement avec des réseaux feedforward à deux couches","href":"ref\/neuralnetfitting-app.html"},{"name":"nftool","type":"function","fcntype":"applauncher","refpurpose":"Résoudre un problème d’ajustement avec des réseaux feedforward à deux couches","href":"ref\/neuralnetfitting-app.html"},{"name":"Neural Net Pattern Recognition","type":"app","refpurpose":"Résoudre un problème de reconnaissance de formes avec des réseaux feedforward à deux couches","href":"ref\/neuralnetpatternrecognition-app.html"},{"name":"nprtool","type":"function","fcntype":"applauncher","refpurpose":"Résoudre un problème de reconnaissance de formes avec des réseaux feedforward à deux couches","href":"ref\/neuralnetpatternrecognition-app.html"},{"name":"Neural Net Time Series","type":"app","refpurpose":"Résoudre des problèmes de séries temporelles non linéaires avec des réseaux de neurones dynamiques","href":"ref\/neuralnettimeseries-app.html"},{"name":"ntstool","type":"function","fcntype":"applauncher","refpurpose":"Résoudre des problèmes de séries temporelles non linéaires avec des réseaux de neurones dynamiques","href":"ref\/neuralnettimeseries-app.html"},{"name":"newrb","type":"function","fcntype":"simple","refpurpose":"Design d’un réseau radial de base","href":"ref\/newrb.html"},{"name":"newrbe","type":"function","fcntype":"simple","refpurpose":"Design d’un réseau radial de base exact","href":"ref\/newrbe.html"},{"name":"nftool","type":"function","fcntype":"simple","refpurpose":"Ouvrir l’application Neural Net Fitting","href":"ref\/nftool.html"},{"name":"nnet.cnn.layer.Layer","type":"object","refpurpose":"Couche de réseau pour le Deep Learning","href":"ref\/nnet.cnn.layer.layer.html"},{"name":"nnet.cnn.layer.RegressionOutputLayer","type":"object","refpurpose":"Couche de sortie de régression","deprecated":"true","href":"ref\/nnet.cnn.layer.regressionoutputlayer.html"},{"name":"nnet.cnn.layer.RegressionOutputLayer.ResponseNames","type":"property","refpurpose":"Noms des réponses","deprecated":"true","href":"ref\/nnet.cnn.layer.regressionoutputlayer.html"},{"name":"nnet.cnn.layer.RegressionOutputLayer.LossFunction","type":"property","refpurpose":"Fonction de perte pour l’apprentissage","deprecated":"true","href":"ref\/nnet.cnn.layer.regressionoutputlayer.html"},{"name":"nnet.cnn.layer.RegressionOutputLayer.Name","type":"property","refpurpose":"Nom de la couche","deprecated":"true","href":"ref\/nnet.cnn.layer.regressionoutputlayer.html"},{"name":"nnet.cnn.layer.RegressionOutputLayer.NumInputs","type":"property","refpurpose":"Nombre d’entrées","deprecated":"true","href":"ref\/nnet.cnn.layer.regressionoutputlayer.html"},{"name":"nnet.cnn.layer.RegressionOutputLayer.InputNames","type":"property","refpurpose":"Noms des entrées","deprecated":"true","href":"ref\/nnet.cnn.layer.regressionoutputlayer.html"},{"name":"nnet.cnn.layer.RegressionOutputLayer.NumOutputs","type":"property","refpurpose":"Nombre de sorties","deprecated":"true","href":"ref\/nnet.cnn.layer.regressionoutputlayer.html"},{"name":"nnet.cnn.layer.RegressionOutputLayer.OutputNames","type":"property","refpurpose":"Noms des sorties","deprecated":"true","href":"ref\/nnet.cnn.layer.regressionoutputlayer.html"},{"name":"reluLayer","type":"function","fcntype":"simple","refpurpose":"Couche ReLU (Rectified Linear Unit)","href":"ref\/nnet.cnn.layer.relulayer.html"},{"name":"nnet.cnn.layer.ReLULayer","type":"object","refpurpose":"Couche ReLU (Rectified Linear Unit)","href":"ref\/nnet.cnn.layer.relulayer.html"},{"name":"nnet.cnn.layer.ReLULayer.Name","type":"property","refpurpose":"Nom de la couche","href":"ref\/nnet.cnn.layer.relulayer.html"},{"name":"nnet.cnn.layer.ReLULayer.NumInputs","type":"property","refpurpose":"Nombre d’entrées","href":"ref\/nnet.cnn.layer.relulayer.html"},{"name":"nnet.cnn.layer.ReLULayer.InputNames","type":"property","refpurpose":"Noms des entrées","href":"ref\/nnet.cnn.layer.relulayer.html"},{"name":"nnet.cnn.layer.ReLULayer.NumOutputs","type":"property","refpurpose":"Nombre de sorties","href":"ref\/nnet.cnn.layer.relulayer.html"},{"name":"nnet.cnn.layer.ReLULayer.OutputNames","type":"property","refpurpose":"Noms des sorties","href":"ref\/nnet.cnn.layer.relulayer.html"},{"name":"softmaxLayer","type":"function","fcntype":"simple","refpurpose":"Couche softmax","href":"ref\/nnet.cnn.layer.softmaxlayer.html"},{"name":"nnet.cnn.layer.SoftmaxLayer","type":"object","refpurpose":"Couche softmax","href":"ref\/nnet.cnn.layer.softmaxlayer.html"},{"name":"nnet.cnn.layer.SoftmaxLayer.Name","type":"property","refpurpose":"Nom de la couche","href":"ref\/nnet.cnn.layer.softmaxlayer.html"},{"name":"nnet.cnn.layer.SoftmaxLayer.NumInputs","type":"property","refpurpose":"Nombre d’entrées","href":"ref\/nnet.cnn.layer.softmaxlayer.html"},{"name":"nnet.cnn.layer.SoftmaxLayer.InputNames","type":"property","refpurpose":"Noms des entrées","href":"ref\/nnet.cnn.layer.softmaxlayer.html"},{"name":"nnet.cnn.layer.SoftmaxLayer.NumOutputs","type":"property","refpurpose":"Nombre de sorties","href":"ref\/nnet.cnn.layer.softmaxlayer.html"},{"name":"nnet.cnn.layer.SoftmaxLayer.OutputNames","type":"property","refpurpose":"Noms des sorties","href":"ref\/nnet.cnn.layer.softmaxlayer.html"},{"name":"layerGraph","type":"function","fcntype":"simple","refpurpose":"(Déconseillé) Graphe des couches de réseau pour le Deep Learning","deprecated":"true","href":"ref\/nnet.cnn.layergraph.html"},{"name":"nnet.cnn.LayerGraph","type":"object","refpurpose":"(Déconseillé) Graphe des couches de réseau pour le Deep Learning","deprecated":"true","href":"ref\/nnet.cnn.layergraph.html"},{"name":"nnet.cnn.LayerGraph.Layers","type":"property","refpurpose":"Couches du réseau","deprecated":"true","href":"ref\/nnet.cnn.layergraph.html"},{"name":"nnet.cnn.LayerGraph.Connections","type":"property","refpurpose":"Connexions des couches","deprecated":"true","href":"ref\/nnet.cnn.layergraph.html"},{"name":"nnet.cnn.LayerGraph.InputNames","type":"property","refpurpose":"Noms des couches d’entrée","deprecated":"true","href":"ref\/nnet.cnn.layergraph.html"},{"name":"nnet.cnn.LayerGraph.OutputNames","type":"property","refpurpose":"Noms des couches de sortie","deprecated":"true","href":"ref\/nnet.cnn.layergraph.html"},{"name":"nnstart","type":"function","fcntype":"simple","refpurpose":"Ouvrir l’application Neural Network Start","href":"ref\/nnstart.html"},{"name":"nntool","type":"function","fcntype":"simple","refpurpose":"(Supprimé) Ouvrir Network\/Data Manager","deprecated":"true","href":"ref\/nntool.html"},{"name":"normc","type":"function","fcntype":"simple","refpurpose":"Normaliser des colonnes de matrice","href":"ref\/normc.html"},{"name":"nprtool","type":"function","fcntype":"simple","refpurpose":"Ouvrir l’application Neural Net Pattern Recognition","href":"ref\/nprtool.html"},{"name":"ntstool","type":"function","fcntype":"simple","refpurpose":"Ouvrir l’application Neural Net Time Series","href":"ref\/ntstool.html"},{"name":"patternnet","type":"function","fcntype":"simple","refpurpose":"Générer un réseau de reconnaissance de formes","href":"ref\/patternnet.html"},{"name":"perceptron","type":"function","fcntype":"simple","refpurpose":"Classifieur binaire simple à couche unique","href":"ref\/perceptron.html"},{"name":"plotfit","type":"function","fcntype":"simple","refpurpose":"Tracer l'approximation d'une fonction","href":"ref\/plotfit.html"},{"name":"plotperform","type":"function","fcntype":"simple","refpurpose":"Tracer les performances d’un réseau","href":"ref\/plotperform.html"},{"name":"plotpv","type":"function","fcntype":"simple","refpurpose":"Tracer les vecteurs d’entrée\/cibles d'un perceptron","href":"ref\/plotpv.html"},{"name":"plotregression","type":"function","fcntype":"simple","refpurpose":"Tracer une régression linéaire","href":"ref\/plotregression.html"},{"name":"plotroc","type":"function","fcntype":"simple","refpurpose":"Tracer la fonction d’efficacité d’un récepteur","href":"ref\/plotroc.html"},{"name":"plotsomhits","type":"function","fcntype":"simple","refpurpose":"Tracer les neurones vainqueurs (Sample Hits) d'une carte auto-organisatrice","href":"ref\/plotsomhits.html"},{"name":"plotsomtop","type":"function","fcntype":"simple","refpurpose":"Tracer la topologie d'une carte auto-organisatrice","href":"ref\/plotsomtop.html"},{"name":"plottrainstate","type":"function","fcntype":"simple","refpurpose":"Tracer les valeurs d'un état de l’apprentissage","href":"ref\/plottrainstate.html"},{"name":"plotv","type":"function","fcntype":"simple","refpurpose":"(Bientôt supprimé) Tracer des vecteurs sous forme de lignes depuis l’origine","deprecated":"true","href":"ref\/plotv.html"},{"name":"plotvec","type":"function","fcntype":"simple","refpurpose":"Tracer des vecteurs avec différentes couleurs","href":"ref\/plotvec.html"},{"name":"purelin","type":"function","fcntype":"simple","refpurpose":"Fonction de transfert linéaire","href":"ref\/purelin.html"},{"name":"quant","type":"function","fcntype":"simple","refpurpose":"Discrétiser des valeurs comme multiples d’une quantité","href":"ref\/quant.html"},{"name":"radbas","type":"function","fcntype":"simple","refpurpose":"Fonction de transfert à base radiale","href":"ref\/radbas.html"},{"name":"rands","type":"function","fcntype":"simple","refpurpose":"Fonction d’initialisation aléatoire symétrique des poids\/biais","href":"ref\/rands.html"},{"name":"regression","type":"function","fcntype":"simple","refpurpose":"(Déconseillé) Effectuer une régression linéaire des sorties d’un réseau peu profond sur les cibles","deprecated":"true","href":"ref\/regression.html"},{"name":"regressionLayer","type":"function","fcntype":"simple","refpurpose":"(Déconseillé) Couche de sortie de régression","deprecated":"true","href":"ref\/regressionlayer.html"},{"name":"resnet101","type":"function","fcntype":"simple","refpurpose":"(Déconseillé) Réseau de neurones à convolution ResNet-101","deprecated":"true","href":"ref\/resnet101.html"},{"name":"resnet18","type":"function","fcntype":"simple","refpurpose":"(Déconseillé) Réseau de neurones à convolution ResNet-18","deprecated":"true","href":"ref\/resnet18.html"},{"name":"resnet50","type":"function","fcntype":"simple","refpurpose":"(Déconseillé) Réseau de neurones à convolution ResNet-50","deprecated":"true","href":"ref\/resnet50.html"},{"name":"satlin","type":"function","fcntype":"simple","refpurpose":"Fonction de transfert linéaire de saturation","href":"ref\/satlin.html"},{"name":"selforgmap","type":"function","fcntype":"simple","refpurpose":"Carte auto-organisatrice","href":"ref\/selforgmap.html"},{"name":"SeriesNetwork","type":"object","refpurpose":"(Déconseillé) Réseau série pour le Deep Learning","deprecated":"true","href":"ref\/seriesnetwork.html"},{"name":"SeriesNetwork.Layers","type":"property","refpurpose":"Couches du réseau","deprecated":"true","href":"ref\/seriesnetwork.html"},{"name":"SeriesNetwork.InputNames","type":"property","refpurpose":"Noms des couches d’entrée","deprecated":"true","href":"ref\/seriesnetwork.html"},{"name":"SeriesNetwork.OutputNames","type":"property","refpurpose":"Noms des couches de sortie","deprecated":"true","href":"ref\/seriesnetwork.html"},{"name":"softmax","type":"function","fcntype":"simple","refpurpose":"Fonction de transfert softmax","href":"ref\/softmax.html"},{"name":"squeezenet","type":"function","fcntype":"simple","refpurpose":"(Déconseillé) Réseau de neurones à convolution SqueezeNet","deprecated":"true","href":"ref\/squeezenet.html"},{"name":"sumabs","type":"function","fcntype":"simple","refpurpose":"Somme des éléments absolus d’une ou plusieurs matrices","href":"ref\/sumabs.html"},{"name":"sumsqr","type":"function","fcntype":"simple","refpurpose":"Somme d’éléments au carré d’une ou plusieurs matrices","href":"ref\/sumsqr.html"},{"name":"tansig","type":"function","fcntype":"simple","refpurpose":"Fonction de transfert sigmoïde tangente hyperbolique","href":"ref\/tansig.html"},{"name":"trainingOptions","type":"function","fcntype":"simple","refpurpose":"Options d’un réseau de neurones d’apprentissage pour le Deep Learning","href":"ref\/trainingoptions.html"},{"name":"trainlm","type":"function","fcntype":"simple","refpurpose":"Rétropropagation Levenberg-Marquardt","href":"ref\/trainlm.html"},{"name":"trainNetwork","type":"function","fcntype":"simple","refpurpose":"(Déconseillé) Entraîner un réseau de neurones","deprecated":"true","href":"ref\/trainnetwork.html"},{"name":"vgg16","type":"function","fcntype":"simple","refpurpose":"(Déconseillé) Réseau de neurones à convolution VGG-16","deprecated":"true","href":"ref\/vgg16.html"},{"name":"vgg19","type":"function","fcntype":"simple","refpurpose":"(Déconseillé) Réseau de neurones à convolution VGG-19","deprecated":"true","href":"ref\/vgg19.html"},{"name":"view","type":"function","fcntype":"simple","refpurpose":"Afficher un réseau de neurones peu profond","href":"ref\/view.html"}]}