{"schema":"referenceapi_lookup_schema.json","schemaVersion":"1.0","docVersion":"doc25a.2968260.Bdoc25a.2967890.pass.r2025a","productName":"Deep Learning Toolbox","baseCode":"NN","helpFolder":"deeplearning","helpLocation":"deeplearning","addons":"DLQUANTIZATIONLIB ONNXCONVERTER PYTORCHCONVERTER KERASIMPORTER AIVNV CAFFEIMPORTER",  "refItems" : [{"name":"alexnet","type":"function","fcntype":"simple","refpurpose":"Rete neurale convoluzionale AlexNet (non consigliata)","deprecated":"true","href":"ref\/alexnet.html"},{"name":"augmentedImageDatastore","type":"function","fcntype":"constructor","refpurpose":"Trasformare i batch per aumentare i dati dell’immagine","href":"ref\/augmentedimagedatastore.html"},{"name":"augmentedImageDatastore","type":"object","refpurpose":"Trasformare i batch per aumentare i dati dell’immagine","href":"ref\/augmentedimagedatastore.html"},{"name":"augmentedImageDatastore.ColorPreprocessing","type":"property","refpurpose":"Operazioni di pre-elaborazione del colore","href":"ref\/augmentedimagedatastore.html"},{"name":"augmentedImageDatastore.DataAugmentation","type":"property","refpurpose":"Pre-elaborazione applicata alle immagini di input","href":"ref\/augmentedimagedatastore.html"},{"name":"augmentedImageDatastore.DispatchInBackground","type":"property","refpurpose":"Osservazioni sul dispatch in background","href":"ref\/augmentedimagedatastore.html"},{"name":"augmentedImageDatastore.MiniBatchSize","type":"property","refpurpose":"Numero di osservazioni in ciascun batch","href":"ref\/augmentedimagedatastore.html"},{"name":"augmentedImageDatastore.NumObservations","type":"property","refpurpose":"Numero totale di osservazioni nel datastore","href":"ref\/augmentedimagedatastore.html"},{"name":"augmentedImageDatastore.OutputSize","type":"property","refpurpose":"Dimensione delle immagini di output","href":"ref\/augmentedimagedatastore.html"},{"name":"augmentedImageDatastore.OutputSizeMode","type":"property","refpurpose":"Metodo utilizzato per ridimensionare le immagini di output","href":"ref\/augmentedimagedatastore.html"},{"name":"cascadeforwardnet","type":"function","fcntype":"simple","refpurpose":"Generare una rete neurale cascade-forward","href":"ref\/cascadeforwardnet.html"},{"name":"cellmat","type":"function","fcntype":"simple","refpurpose":"Crea array di celle di matrici","href":"ref\/cellmat.html"},{"name":"classificationLayer","type":"function","fcntype":"simple","refpurpose":"Livello di output della classificazione (non consigliato)","deprecated":"true","href":"ref\/classificationlayer.html"},{"name":"combvec","type":"function","fcntype":"simple","refpurpose":"Crea tutte le combinazioni di vettori","href":"ref\/combvec.html"},{"name":"confusion","type":"function","fcntype":"simple","refpurpose":"Classifica la matrice di confusione","href":"ref\/confusion.html"},{"name":"Deep Network Designer","type":"app","refpurpose":"Progettare e visualizzare reti di Deep Learning","href":"ref\/deepnetworkdesigner-app.html"},{"name":"deepNetworkDesigner","type":"function","fcntype":"applauncher","refpurpose":"Progettare e visualizzare reti di Deep Learning","href":"ref\/deepnetworkdesigner-app.html"},{"name":"densenet201","type":"function","fcntype":"simple","refpurpose":"Rete neurale convoluzionale DenseNet-201 (non consigliata)","deprecated":"true","href":"ref\/densenet201.html"},{"name":"dist","type":"function","fcntype":"simple","refpurpose":"Funzione ponderale della distanza euclidea","href":"ref\/dist.html"},{"name":"distdelaynet","type":"function","fcntype":"simple","refpurpose":"Rete a ritardo distribuito","href":"ref\/distdelaynet.html"},{"name":"divideblock","type":"function","fcntype":"simple","refpurpose":"Dividere i target in tre set utilizzando blocchi di indici","href":"ref\/divideblock.html"},{"name":"divideint","type":"function","fcntype":"simple","refpurpose":"Dividere i target in tre set utilizzando indici intercalati","href":"ref\/divideint.html"},{"name":"dividerand","type":"function","fcntype":"simple","refpurpose":"Divide i target in tre set utilizzando indici casuali","href":"ref\/dividerand.html"},{"name":"dividetrain","type":"function","fcntype":"simple","refpurpose":"Assegnare tutti i target al set di addestramento","href":"ref\/dividetrain.html"},{"name":"dims","type":"function","fcntype":"instancemethod","refpurpose":"Formato dei dati dell'oggetto dlarray","href":"ref\/dlarray.dims.html"},{"name":"dlarray.dims","type":"method","fcntype":"instancemethod","refpurpose":"Formato dei dati dell'oggetto dlarray","href":"ref\/dlarray.dims.html"},{"name":"extractdata","type":"function","fcntype":"instancemethod","refpurpose":"Estrae i dati da dlarray","href":"ref\/dlarray.extractdata.html"},{"name":"dlarray.extractdata","type":"method","fcntype":"instancemethod","refpurpose":"Estrae i dati da dlarray","href":"ref\/dlarray.extractdata.html"},{"name":"relu","type":"function","fcntype":"instancemethod","refpurpose":"Applicare l'attivazione dell'unità lineare rettificata","href":"ref\/dlarray.relu.html"},{"name":"dlarray.relu","type":"method","fcntype":"instancemethod","refpurpose":"Applicare l'attivazione dell'unità lineare rettificata","href":"ref\/dlarray.relu.html"},{"name":"sigmoid","type":"function","fcntype":"instancemethod","refpurpose":"Applica l’attivazione sigmoidea","href":"ref\/dlarray.sigmoid.html"},{"name":"dlarray.sigmoid","type":"method","fcntype":"instancemethod","refpurpose":"Applica l’attivazione sigmoidea","href":"ref\/dlarray.sigmoid.html"},{"name":"summary","type":"function","fcntype":"instancemethod","refpurpose":"Stampare il riepilogo della rete","href":"ref\/dlnetwork.summary.html"},{"name":"dlnetwork.summary","type":"method","fcntype":"instancemethod","refpurpose":"Stampare il riepilogo della rete","href":"ref\/dlnetwork.summary.html"},{"name":"dlnetwork","type":"function","fcntype":"constructor","refpurpose":"Rete neurale di Deep Learning","href":"ref\/dlnetwork.html"},{"name":"dlnetwork","type":"object","refpurpose":"Rete neurale di Deep Learning","href":"ref\/dlnetwork.html"},{"name":"dlnetwork.Layers","type":"property","refpurpose":"Livelli di rete","href":"ref\/dlnetwork.html"},{"name":"dlnetwork.Connections","type":"property","refpurpose":"Connessioni dei livelli","href":"ref\/dlnetwork.html"},{"name":"dlnetwork.Learnables","type":"property","refpurpose":"Parametri apprendibili della rete","href":"ref\/dlnetwork.html"},{"name":"dlnetwork.State","type":"property","refpurpose":"Stato della rete","href":"ref\/dlnetwork.html"},{"name":"dlnetwork.InputNames","type":"property","refpurpose":"Nomi degli input di rete","href":"ref\/dlnetwork.html"},{"name":"dlnetwork.OutputNames","type":"property","refpurpose":"Nomi degli output di rete","href":"ref\/dlnetwork.html"},{"name":"dlnetwork.Initialized","type":"property","refpurpose":"Indicatore per la rete inizializzata","href":"ref\/dlnetwork.html"},{"name":"efficientnetb0","type":"function","fcntype":"simple","refpurpose":"Rete neurale convoluzionale EfficientNet-b0 (non consigliata)","deprecated":"true","href":"ref\/efficientnetb0.html"},{"name":"feedforwardnet","type":"function","fcntype":"simple","refpurpose":"Genera una rete neurale feed-forward","href":"ref\/feedforwardnet.html"},{"name":"fitnet","type":"function","fcntype":"simple","refpurpose":"Rete neurale di fitting della funzione","href":"ref\/fitnet.html"},{"name":"gadd","type":"function","fcntype":"simple","refpurpose":"Sottrazione generalizzata","href":"ref\/gadd.html"},{"name":"getwb","type":"function","fcntype":"simple","refpurpose":"Ottenere i valori di pesi e bias della rete come vettore singolo","href":"ref\/getwb.html"},{"name":"gmultiply","type":"function","fcntype":"simple","refpurpose":"Sottrazione generalizzata","href":"ref\/gmultiply.html"},{"name":"googlenet","type":"function","fcntype":"simple","refpurpose":"Rete neurale convoluzionale GoogLeNet (non consigliata)","deprecated":"true","href":"ref\/googlenet.html"},{"name":"gsubtract","type":"function","fcntype":"simple","refpurpose":"Sottrazione generalizzata","href":"ref\/gsubtract.html"},{"name":"hardlim","type":"function","fcntype":"simple","refpurpose":"Funzione di trasferimento hard-limit","href":"ref\/hardlim.html"},{"name":"hardlims","type":"function","fcntype":"simple","refpurpose":"Funzione di trasferimento hard-limit simmetrica","href":"ref\/hardlims.html"},{"name":"Image Classifier","type":"block","refpurpose":"Classifica i dati utilizzando una rete neurale addestrata di Deep Learning","href":"ref\/imageclassifier.html"},{"name":"augment","type":"function","fcntype":"instancemethod","refpurpose":"Applicare trasformazioni casuali identiche a più immagini","href":"ref\/imagedataaugmenter.augment.html"},{"name":"imageDataAugmenter.augment","type":"method","fcntype":"instancemethod","refpurpose":"Applicare trasformazioni casuali identiche a più immagini","href":"ref\/imagedataaugmenter.augment.html"},{"name":"inceptionresnetv2","type":"function","fcntype":"simple","refpurpose":"Rete neurale convoluzionale Inception-ResNet-v2 preaddestrata (non consigliata)","deprecated":"true","href":"ref\/inceptionresnetv2.html"},{"name":"inceptionv3","type":"function","fcntype":"simple","refpurpose":"Rete neurale convoluzionale Inception-v3 (non consigliata)","deprecated":"true","href":"ref\/inceptionv3.html"},{"name":"ind2vec","type":"function","fcntype":"simple","refpurpose":"Convertire gli indici in vettori","href":"ref\/ind2vec.html"},{"name":"plot","type":"function","fcntype":"instancemethod","refpurpose":"Tracciare l'architettura della rete neurale","href":"ref\/layergraph.plot.html"},{"name":"LayerGraph.plot","type":"method","fcntype":"instancemethod","refpurpose":"Tracciare l'architettura della rete neurale","href":"ref\/layergraph.plot.html"},{"name":"SeriesNetwork.plot","type":"method","fcntype":"instancemethod","refpurpose":"Tracciare l'architettura della rete neurale","href":"ref\/layergraph.plot.html"},{"name":"DAGNetwork.plot","type":"method","fcntype":"instancemethod","refpurpose":"Tracciare l'architettura della rete neurale","href":"ref\/layergraph.plot.html"},{"name":"dlnetwork.plot","type":"method","fcntype":"instancemethod","refpurpose":"Tracciare l'architettura della rete neurale","href":"ref\/layergraph.plot.html"},{"name":"layrecnet","type":"function","fcntype":"simple","refpurpose":"Rete neurale ricorrente a livelli","href":"ref\/layrecnet.html"},{"name":"logsig","type":"function","fcntype":"simple","refpurpose":"Funzione di trasferimento sigmoidale logistica","href":"ref\/logsig.html"},{"name":"mae","type":"function","fcntype":"simple","refpurpose":"Funzione di performance dell’errore assoluto medio","href":"ref\/mae.html"},{"name":"mapminmax","type":"function","fcntype":"simple","refpurpose":"Elabora le matrici mappando i valori minimi e massimi della riga su [-1 1]","href":"ref\/mapminmax.html"},{"name":"meanabs","type":"function","fcntype":"simple","refpurpose":"Somma degli elementi assoluti della matrice o delle matrici","href":"ref\/meanabs.html"},{"name":"meansqr","type":"function","fcntype":"simple","refpurpose":"Media degli elementi al quadrato della matrice o delle matrici","href":"ref\/meansqr.html"},{"name":"minmax","type":"function","fcntype":"simple","refpurpose":"Intervalli di righe della matrice","href":"ref\/minmax.html"},{"name":"mobilenetv2","type":"function","fcntype":"simple","refpurpose":"Rete neurale convoluzionale MobileNet-v2 (non consigliata)","deprecated":"true","href":"ref\/mobilenetv2.html"},{"name":"mse","type":"function","fcntype":"simple","refpurpose":"Funzione di performance dell’errore quadratico medio normalizzato","href":"ref\/mse.html"},{"name":"narxnet","type":"function","fcntype":"simple","refpurpose":"Rete neurale autoregressiva non lineare con input esterno","href":"ref\/narxnet.html"},{"name":"netinv","type":"function","fcntype":"simple","refpurpose":"Funzione di trasferimento inversa","href":"ref\/netinv.html"},{"name":"init","type":"function","fcntype":"instancemethod","refpurpose":"Inizializzare la rete neurale","href":"ref\/network.init.html"},{"name":"network.init","type":"method","fcntype":"instancemethod","refpurpose":"Inizializzare la rete neurale","href":"ref\/network.init.html"},{"name":"perform","type":"function","fcntype":"instancemethod","refpurpose":"Calcolare le prestazioni della rete","href":"ref\/network.perform.html"},{"name":"network.perform","type":"method","fcntype":"instancemethod","refpurpose":"Calcolare le prestazioni della rete","href":"ref\/network.perform.html"},{"name":"train","type":"function","fcntype":"instancemethod","refpurpose":"Addestra una rete neurale superficiale","href":"ref\/network.train.html"},{"name":"network.train","type":"method","fcntype":"instancemethod","refpurpose":"Addestra una rete neurale superficiale","href":"ref\/network.train.html"},{"name":"network","type":"function","fcntype":"simple","refpurpose":"Crea una rete neurale superficiale personalizzata","href":"ref\/network.html"},{"name":"Neural Net Clustering","type":"app","refpurpose":"Risolvere il problema del clustering utilizzando reti di mappe auto-organizzanti (SOM)","href":"ref\/neuralnetclustering-app.html"},{"name":"nctool","type":"function","fcntype":"applauncher","refpurpose":"Risolvere il problema del clustering utilizzando reti di mappe auto-organizzanti (SOM)","href":"ref\/neuralnetclustering-app.html"},{"name":"Neural Net Fitting","type":"app","refpurpose":"Risoluzione del problema del fitting utilizzando reti feed-forward a due livelli.","href":"ref\/neuralnetfitting-app.html"},{"name":"nftool","type":"function","fcntype":"applauncher","refpurpose":"Risoluzione del problema del fitting utilizzando reti feed-forward a due livelli.","href":"ref\/neuralnetfitting-app.html"},{"name":"Neural Net Pattern Recognition","type":"app","refpurpose":"Risoluzione del problema del pattern recognition utilizzando reti feed-forward a due livelli.","href":"ref\/neuralnetpatternrecognition-app.html"},{"name":"nprtool","type":"function","fcntype":"applauncher","refpurpose":"Risoluzione del problema del pattern recognition utilizzando reti feed-forward a due livelli.","href":"ref\/neuralnetpatternrecognition-app.html"},{"name":"Neural Net Time Series","type":"app","refpurpose":"Risolvere i problemi delle serie temporali non lineari utilizzando reti neurali dinamiche","href":"ref\/neuralnettimeseries-app.html"},{"name":"ntstool","type":"function","fcntype":"applauncher","refpurpose":"Risolvere i problemi delle serie temporali non lineari utilizzando reti neurali dinamiche","href":"ref\/neuralnettimeseries-app.html"},{"name":"newrb","type":"function","fcntype":"simple","refpurpose":"Progettare una rete a base radiale","href":"ref\/newrb.html"},{"name":"newrbe","type":"function","fcntype":"simple","refpurpose":"Progettare una rete a base radiale precisa","href":"ref\/newrbe.html"},{"name":"nftool","type":"function","fcntype":"simple","refpurpose":"Apre l’app Neural Net Fitting","href":"ref\/nftool.html"},{"name":"nncorr","type":"function","fcntype":"simple","refpurpose":"Correlazione incrociata tra serie temporali di reti neurali","href":"ref\/nncorr.html"},{"name":"nnet.cnn.layer.Layer","type":"object","refpurpose":"Livello di rete per il Deep Learning","href":"ref\/nnet.cnn.layer.layer.html"},{"name":"nnet.cnn.layer.RegressionOutputLayer","type":"object","refpurpose":"Livello di output della regressione","deprecated":"true","href":"ref\/nnet.cnn.layer.regressionoutputlayer.html"},{"name":"nnet.cnn.layer.RegressionOutputLayer.ResponseNames","type":"property","refpurpose":"Nome delle risposte","deprecated":"true","href":"ref\/nnet.cnn.layer.regressionoutputlayer.html"},{"name":"nnet.cnn.layer.RegressionOutputLayer.LossFunction","type":"property","refpurpose":"Funzione di perdita dell’addestramento","deprecated":"true","href":"ref\/nnet.cnn.layer.regressionoutputlayer.html"},{"name":"nnet.cnn.layer.RegressionOutputLayer.Name","type":"property","refpurpose":"Nome del livello","deprecated":"true","href":"ref\/nnet.cnn.layer.regressionoutputlayer.html"},{"name":"nnet.cnn.layer.RegressionOutputLayer.NumInputs","type":"property","refpurpose":"Numero di input","deprecated":"true","href":"ref\/nnet.cnn.layer.regressionoutputlayer.html"},{"name":"nnet.cnn.layer.RegressionOutputLayer.InputNames","type":"property","refpurpose":"Nomi di input","deprecated":"true","href":"ref\/nnet.cnn.layer.regressionoutputlayer.html"},{"name":"nnet.cnn.layer.RegressionOutputLayer.NumOutputs","type":"property","refpurpose":"Numero di output","deprecated":"true","href":"ref\/nnet.cnn.layer.regressionoutputlayer.html"},{"name":"nnet.cnn.layer.RegressionOutputLayer.OutputNames","type":"property","refpurpose":"Nomi di output","deprecated":"true","href":"ref\/nnet.cnn.layer.regressionoutputlayer.html"},{"name":"reluLayer","type":"function","fcntype":"simple","refpurpose":"Livello dell’unità lineare rettificata (ReLU)","href":"ref\/nnet.cnn.layer.relulayer.html"},{"name":"nnet.cnn.layer.ReLULayer","type":"object","refpurpose":"Livello dell’unità lineare rettificata (ReLU)","href":"ref\/nnet.cnn.layer.relulayer.html"},{"name":"nnet.cnn.layer.ReLULayer.Name","type":"property","refpurpose":"Nome del livello","href":"ref\/nnet.cnn.layer.relulayer.html"},{"name":"nnet.cnn.layer.ReLULayer.NumInputs","type":"property","refpurpose":"Numero di input","href":"ref\/nnet.cnn.layer.relulayer.html"},{"name":"nnet.cnn.layer.ReLULayer.InputNames","type":"property","refpurpose":"Nomi di input","href":"ref\/nnet.cnn.layer.relulayer.html"},{"name":"nnet.cnn.layer.ReLULayer.NumOutputs","type":"property","refpurpose":"Numero di output","href":"ref\/nnet.cnn.layer.relulayer.html"},{"name":"nnet.cnn.layer.ReLULayer.OutputNames","type":"property","refpurpose":"Nomi di output","href":"ref\/nnet.cnn.layer.relulayer.html"},{"name":"softmaxLayer","type":"function","fcntype":"simple","refpurpose":"Livello softmax","href":"ref\/nnet.cnn.layer.softmaxlayer.html"},{"name":"nnet.cnn.layer.SoftmaxLayer","type":"object","refpurpose":"Livello softmax","href":"ref\/nnet.cnn.layer.softmaxlayer.html"},{"name":"nnet.cnn.layer.SoftmaxLayer.Name","type":"property","refpurpose":"Nome del livello","href":"ref\/nnet.cnn.layer.softmaxlayer.html"},{"name":"nnet.cnn.layer.SoftmaxLayer.NumInputs","type":"property","refpurpose":"Numero di input","href":"ref\/nnet.cnn.layer.softmaxlayer.html"},{"name":"nnet.cnn.layer.SoftmaxLayer.InputNames","type":"property","refpurpose":"Nomi di input","href":"ref\/nnet.cnn.layer.softmaxlayer.html"},{"name":"nnet.cnn.layer.SoftmaxLayer.NumOutputs","type":"property","refpurpose":"Numero di output","href":"ref\/nnet.cnn.layer.softmaxlayer.html"},{"name":"nnet.cnn.layer.SoftmaxLayer.OutputNames","type":"property","refpurpose":"Nomi di output","href":"ref\/nnet.cnn.layer.softmaxlayer.html"},{"name":"nnstart","type":"function","fcntype":"simple","refpurpose":"Apre l’app Neural Network Start","href":"ref\/nnstart.html"},{"name":"nntool","type":"function","fcntype":"simple","refpurpose":"Apre Network\/Data Manager (rimossa)","deprecated":"true","href":"ref\/nntool.html"},{"name":"nntraintool","type":"function","fcntype":"simple","refpurpose":"Strumento di addestramento della rete neurale (rimosso)","deprecated":"true","href":"ref\/nntraintool.html"},{"name":"normc","type":"function","fcntype":"simple","refpurpose":"Normalizza le colonne della matrice","href":"ref\/normc.html"},{"name":"normr","type":"function","fcntype":"simple","refpurpose":"Normalizzare le righe della matrice","href":"ref\/normr.html"},{"name":"nprtool","type":"function","fcntype":"simple","refpurpose":"Apre l’app Neural Net Pattern Recognition","href":"ref\/nprtool.html"},{"name":"ntstool","type":"function","fcntype":"simple","refpurpose":"Apre l’app Neural Net Time Series","href":"ref\/ntstool.html"},{"name":"patternnet","type":"function","fcntype":"simple","refpurpose":"Genera una rete di pattern recognition","href":"ref\/patternnet.html"},{"name":"perceptron","type":"function","fcntype":"simple","refpurpose":"Classificatore binario semplice a livello singolo","href":"ref\/perceptron.html"},{"name":"plotfit","type":"function","fcntype":"simple","refpurpose":"Traccia il fitting della funzione","href":"ref\/plotfit.html"},{"name":"plotperform","type":"function","fcntype":"simple","refpurpose":"Traccia la performance della rete","href":"ref\/plotperform.html"},{"name":"plotpv","type":"function","fcntype":"simple","refpurpose":"Traccia i perceptron di input\/vettori di target","href":"ref\/plotpv.html"},{"name":"plotregression","type":"function","fcntype":"simple","refpurpose":"Traccia la regressione lineare","href":"ref\/plotregression.html"},{"name":"plotroc","type":"function","fcntype":"simple","refpurpose":"Traccia la caratteristica operativa del ricevitore","href":"ref\/plotroc.html"},{"name":"plotsomhits","type":"function","fcntype":"simple","refpurpose":"Traccia i successi di campionamento della mappa auto-organizzante","href":"ref\/plotsomhits.html"},{"name":"plotsomtop","type":"function","fcntype":"simple","refpurpose":"Traccia la topologia della mappa auto-organizzante","href":"ref\/plotsomtop.html"},{"name":"plottrainstate","type":"function","fcntype":"simple","refpurpose":"Traccia i valori dello stato di addestramento","href":"ref\/plottrainstate.html"},{"name":"plotv","type":"function","fcntype":"simple","refpurpose":"Traccia i vettori come linee dall’origine (da rimuovere)","deprecated":"true","href":"ref\/plotv.html"},{"name":"plotvec","type":"function","fcntype":"simple","refpurpose":"Tracciare vettori con colori diversi","href":"ref\/plotvec.html"},{"name":"purelin","type":"function","fcntype":"simple","refpurpose":"Funzione di trasferimento lineare","href":"ref\/purelin.html"},{"name":"quant","type":"function","fcntype":"simple","refpurpose":"Discretizzazione dei valori come multipli della quantità","href":"ref\/quant.html"},{"name":"radbas","type":"function","fcntype":"simple","refpurpose":"Funzione di trasferimento a base radiale","href":"ref\/radbas.html"},{"name":"radbasn","type":"function","fcntype":"simple","refpurpose":"Funzione di trasferimento a base radiale normalizzata","href":"ref\/radbasn.html"},{"name":"rands","type":"function","fcntype":"simple","refpurpose":"Funzione di inizializzazione simmetrica di pesi\/bias casuali","href":"ref\/rands.html"},{"name":"regression","type":"function","fcntype":"simple","refpurpose":"Eseguire la regressione lineare degli output di una rete superficiale sui target (non consigliato)","deprecated":"true","href":"ref\/regression.html"},{"name":"regressionLayer","type":"function","fcntype":"simple","refpurpose":"Livello di output della regressione (non consigliato)","deprecated":"true","href":"ref\/regressionlayer.html"},{"name":"resnet101","type":"function","fcntype":"simple","refpurpose":"Rete neurale convoluzionale ResNet-101 (non consigliata)","deprecated":"true","href":"ref\/resnet101.html"},{"name":"resnet18","type":"function","fcntype":"simple","refpurpose":"Rete neurale convoluzionale ResNet-18 (non consigliata)","deprecated":"true","href":"ref\/resnet18.html"},{"name":"resnet50","type":"function","fcntype":"simple","refpurpose":"Rete neurale convoluzionale ResNet-50 (non consigliata)","deprecated":"true","href":"ref\/resnet50.html"},{"name":"satlin","type":"function","fcntype":"simple","refpurpose":"Funzione di trasferimento lineare saturante","href":"ref\/satlin.html"},{"name":"satlins","type":"function","fcntype":"simple","refpurpose":"Funzione di trasferimento lineare saturante simmetrica","href":"ref\/satlins.html"},{"name":"selforgmap","type":"function","fcntype":"simple","refpurpose":"Mappa auto-organizzante","href":"ref\/selforgmap.html"},{"name":"SeriesNetwork","type":"object","refpurpose":"Rete in serie per il Deep Learning (non consigliata)","deprecated":"true","href":"ref\/seriesnetwork.html"},{"name":"SeriesNetwork.Layers","type":"property","refpurpose":"Livelli di rete","deprecated":"true","href":"ref\/seriesnetwork.html"},{"name":"SeriesNetwork.InputNames","type":"property","refpurpose":"Nomi dei livelli di input","deprecated":"true","href":"ref\/seriesnetwork.html"},{"name":"SeriesNetwork.OutputNames","type":"property","refpurpose":"Nomi dei livelli di output","deprecated":"true","href":"ref\/seriesnetwork.html"},{"name":"softmax","type":"function","fcntype":"simple","refpurpose":"Funzione di trasferimento softmax","href":"ref\/softmax.html"},{"name":"squeezenet","type":"function","fcntype":"simple","refpurpose":"Rete neurale convoluzionale SqueezeNet (non consigliata)","deprecated":"true","href":"ref\/squeezenet.html"},{"name":"sumabs","type":"function","fcntype":"simple","refpurpose":"Somma degli elementi assoluti della matrice o delle matrici","href":"ref\/sumabs.html"},{"name":"sumsqr","type":"function","fcntype":"simple","refpurpose":"Somma degli elementi al quadrato della matrice o delle matrici","href":"ref\/sumsqr.html"},{"name":"tansig","type":"function","fcntype":"simple","refpurpose":"Funzione di trasferimento sigmoidale a tangente iperbolica","href":"ref\/tansig.html"},{"name":"trainbr","type":"function","fcntype":"simple","refpurpose":"Retropropagazione della regolarizzazione bayesiana","href":"ref\/trainbr.html"},{"name":"traingdx","type":"function","fcntype":"simple","refpurpose":"Discesa del gradiente con momento e retropropagazione della velocità di apprendimento adattivo","href":"ref\/traingdx.html"},{"name":"trainingOptions","type":"function","fcntype":"simple","refpurpose":"Opzioni per l’addestramento della rete neurale di Deep Learning","href":"ref\/trainingoptions.html"},{"name":"trainlm","type":"function","fcntype":"simple","refpurpose":"Retropropagazione di Levenberg-Marquardt","href":"ref\/trainlm.html"},{"name":"trainNetwork","type":"function","fcntype":"simple","refpurpose":"Addestramento di reti neurali (non consigliato)","deprecated":"true","href":"ref\/trainnetwork.html"},{"name":"trainscg","type":"function","fcntype":"simple","refpurpose":"Retropropagazione a gradiente coniugato scalato","href":"ref\/trainscg.html"},{"name":"vec2ind","type":"function","fcntype":"simple","refpurpose":"Convertire i vettori in indici","href":"ref\/vec2ind.html"},{"name":"vgg16","type":"function","fcntype":"simple","refpurpose":"Rete neurale convoluzionale VGG-16 (non consigliata)","deprecated":"true","href":"ref\/vgg16.html"},{"name":"vgg19","type":"function","fcntype":"simple","refpurpose":"Rete neurale convoluzionale VGG-19 (non consigliata)","deprecated":"true","href":"ref\/vgg19.html"},{"name":"view","type":"function","fcntype":"simple","refpurpose":"Visualizzazione della rete neurale superficiale","href":"ref\/view.html"},{"name":"xception","type":"function","fcntype":"simple","refpurpose":"Rete neurale convoluzionale Xception (non consigliata)","deprecated":"true","href":"ref\/xception.html"}]}