{"schema":"referenceapi_lookup_schema.json","schemaVersion":"1.0","docVersion":"doc25a.2968260.Bdoc25a.2967890.pass.r2025a","productName":"Deep Learning Toolbox","baseCode":"NN","helpFolder":"deeplearning","helpLocation":"deeplearning","addons":"DLQUANTIZATIONLIB ONNXCONVERTER PYTORCHCONVERTER KERASIMPORTER AIVNV CAFFEIMPORTER",  "refItems" : [{"name":"alexnet","type":"function","fcntype":"simple","refpurpose":"（不推荐）AlexNet 卷积神经网络","deprecated":"true","href":"ref\/alexnet.html"},{"name":"augmentedImageDatastore","type":"function","fcntype":"constructor","refpurpose":"变换批量以增强图像数据","href":"ref\/augmentedimagedatastore.html"},{"name":"augmentedImageDatastore","type":"object","refpurpose":"变换批量以增强图像数据","href":"ref\/augmentedimagedatastore.html"},{"name":"augmentedImageDatastore.ColorPreprocessing","type":"property","refpurpose":"预处理颜色操作","href":"ref\/augmentedimagedatastore.html"},{"name":"augmentedImageDatastore.DataAugmentation","type":"property","refpurpose":"应用于输入图像的预处理","href":"ref\/augmentedimagedatastore.html"},{"name":"augmentedImageDatastore.DispatchInBackground","type":"property","refpurpose":"在后台调度观测值","href":"ref\/augmentedimagedatastore.html"},{"name":"augmentedImageDatastore.MiniBatchSize","type":"property","refpurpose":"每个批量中的观测值数目","href":"ref\/augmentedimagedatastore.html"},{"name":"augmentedImageDatastore.NumObservations","type":"property","refpurpose":"数据存储中的观测值总数","href":"ref\/augmentedimagedatastore.html"},{"name":"augmentedImageDatastore.OutputSize","type":"property","refpurpose":"输出图像的大小","href":"ref\/augmentedimagedatastore.html"},{"name":"augmentedImageDatastore.OutputSizeMode","type":"property","refpurpose":"用于调整输出图像大小的方法","href":"ref\/augmentedimagedatastore.html"},{"name":"cascadeforwardnet","type":"function","fcntype":"simple","refpurpose":"生成级联前向神经网络","href":"ref\/cascadeforwardnet.html"},{"name":"cellmat","type":"function","fcntype":"simple","refpurpose":"创建由矩阵组成的元胞数组","href":"ref\/cellmat.html"},{"name":"classificationLayer","type":"function","fcntype":"simple","refpurpose":"（不推荐）分类输出层","deprecated":"true","href":"ref\/classificationlayer.html"},{"name":"combvec","type":"function","fcntype":"simple","refpurpose":"创建向量的所有组合","href":"ref\/combvec.html"},{"name":"compet","type":"function","fcntype":"simple","refpurpose":"竞争传递函数","href":"ref\/compet.html"},{"name":"confusion","type":"function","fcntype":"simple","refpurpose":"分类混淆矩阵","href":"ref\/confusion.html"},{"name":"DAGNetwork","type":"object","refpurpose":"（不推荐）用于深度学习的有向无环图 (DAG) 网络","deprecated":"true","href":"ref\/dagnetwork.html"},{"name":"DAGNetwork.Layers","type":"property","refpurpose":"网络层","deprecated":"true","href":"ref\/dagnetwork.html"},{"name":"DAGNetwork.Connections","type":"property","refpurpose":"层连接","deprecated":"true","href":"ref\/dagnetwork.html"},{"name":"DAGNetwork.InputNames","type":"property","refpurpose":"输入层的名称","deprecated":"true","href":"ref\/dagnetwork.html"},{"name":"DAGNetwork.OutputNames","type":"property","refpurpose":"输出层的名称","deprecated":"true","href":"ref\/dagnetwork.html"},{"name":"darknet19","type":"function","fcntype":"simple","refpurpose":"（不推荐）DarkNet-19 卷积神经网络","deprecated":"true","href":"ref\/darknet19.html"},{"name":"darknet53","type":"function","fcntype":"simple","refpurpose":"（不推荐）DarkNet-53 卷积神经网络","deprecated":"true","href":"ref\/darknet53.html"},{"name":"Deep Network Designer","type":"app","refpurpose":"设计和可视化深度学习网络","href":"ref\/deepnetworkdesigner-app.html"},{"name":"deepNetworkDesigner","type":"function","fcntype":"applauncher","refpurpose":"设计和可视化深度学习网络","href":"ref\/deepnetworkdesigner-app.html"},{"name":"densenet201","type":"function","fcntype":"simple","refpurpose":"（不推荐）DenseNet-201 卷积神经网络","deprecated":"true","href":"ref\/densenet201.html"},{"name":"dist","type":"function","fcntype":"simple","refpurpose":"欧几里德距离权重函数","href":"ref\/dist.html"},{"name":"distdelaynet","type":"function","fcntype":"simple","refpurpose":"分布延迟网络","href":"ref\/distdelaynet.html"},{"name":"divideblock","type":"function","fcntype":"simple","refpurpose":"使用索引块将目标分为三个数据集","href":"ref\/divideblock.html"},{"name":"divideind","type":"function","fcntype":"simple","refpurpose":"使用指定索引将目标分为三组","href":"ref\/divideind.html"},{"name":"divideint","type":"function","fcntype":"simple","refpurpose":"使用交错索引将目标分为三组","href":"ref\/divideint.html"},{"name":"dividerand","type":"function","fcntype":"simple","refpurpose":"使用随机索引将目标分为三组","href":"ref\/dividerand.html"},{"name":"dividetrain","type":"function","fcntype":"simple","refpurpose":"将所有目标分配给训练集","href":"ref\/dividetrain.html"},{"name":"dims","type":"function","fcntype":"instancemethod","refpurpose":"dlarray 对象的数据格式","href":"ref\/dlarray.dims.html"},{"name":"dlarray.dims","type":"method","fcntype":"instancemethod","refpurpose":"dlarray 对象的数据格式","href":"ref\/dlarray.dims.html"},{"name":"extractdata","type":"function","fcntype":"instancemethod","refpurpose":"从 dlarray 中提取数据","href":"ref\/dlarray.extractdata.html"},{"name":"dlarray.extractdata","type":"method","fcntype":"instancemethod","refpurpose":"从 dlarray 中提取数据","href":"ref\/dlarray.extractdata.html"},{"name":"relu","type":"function","fcntype":"instancemethod","refpurpose":"应用修正线性单元激活","href":"ref\/dlarray.relu.html"},{"name":"dlarray.relu","type":"method","fcntype":"instancemethod","refpurpose":"应用修正线性单元激活","href":"ref\/dlarray.relu.html"},{"name":"sigmoid","type":"function","fcntype":"instancemethod","refpurpose":"应用 sigmoid 激活","href":"ref\/dlarray.sigmoid.html"},{"name":"dlarray.sigmoid","type":"method","fcntype":"instancemethod","refpurpose":"应用 sigmoid 激活","href":"ref\/dlarray.sigmoid.html"},{"name":"dlarray","type":"function","fcntype":"constructor","refpurpose":"用于自定义的深度学习数组","href":"ref\/dlarray.html"},{"name":"dlarray","type":"object","refpurpose":"用于自定义的深度学习数组","href":"ref\/dlarray.html"},{"name":"summary","type":"function","fcntype":"instancemethod","refpurpose":"打印网络摘要","href":"ref\/dlnetwork.summary.html"},{"name":"dlnetwork.summary","type":"method","fcntype":"instancemethod","refpurpose":"打印网络摘要","href":"ref\/dlnetwork.summary.html"},{"name":"efficientnetb0","type":"function","fcntype":"simple","refpurpose":"（不推荐）EfficientNet-b0 卷积神经网络","deprecated":"true","href":"ref\/efficientnetb0.html"},{"name":"elmannet","type":"function","fcntype":"simple","refpurpose":"埃尔曼神经网络","href":"ref\/elmannet.html"},{"name":"feedforwardnet","type":"function","fcntype":"simple","refpurpose":"生成前馈神经网络","href":"ref\/feedforwardnet.html"},{"name":"fitnet","type":"function","fcntype":"simple","refpurpose":"函数拟合神经网络","href":"ref\/fitnet.html"},{"name":"gadd","type":"function","fcntype":"simple","refpurpose":"广义加法","href":"ref\/gadd.html"},{"name":"gdivide","type":"function","fcntype":"simple","refpurpose":"广义除法","href":"ref\/gdivide.html"},{"name":"getwb","type":"function","fcntype":"simple","refpurpose":"以单精度向量形式获取网络权重值和偏置值","href":"ref\/getwb.html"},{"name":"gmultiply","type":"function","fcntype":"simple","refpurpose":"广义乘法","href":"ref\/gmultiply.html"},{"name":"gnegate","type":"function","fcntype":"simple","refpurpose":"广义求反","href":"ref\/gnegate.html"},{"name":"googlenet","type":"function","fcntype":"simple","refpurpose":"（不推荐）GoogLeNet 卷积神经网络","deprecated":"true","href":"ref\/googlenet.html"},{"name":"gsubtract","type":"function","fcntype":"simple","refpurpose":"广义减法","href":"ref\/gsubtract.html"},{"name":"hardlim","type":"function","fcntype":"simple","refpurpose":"硬限制传递函数","href":"ref\/hardlim.html"},{"name":"hardlims","type":"function","fcntype":"simple","refpurpose":"对称硬限制传递函数","href":"ref\/hardlims.html"},{"name":"Image Classifier","type":"block","refpurpose":"使用经过训练的深度学习神经网络对数据进行分类","href":"ref\/imageclassifier.html"},{"name":"augment","type":"function","fcntype":"instancemethod","refpurpose":"对多个图像应用相同的随机变换","href":"ref\/imagedataaugmenter.augment.html"},{"name":"imageDataAugmenter.augment","type":"method","fcntype":"instancemethod","refpurpose":"对多个图像应用相同的随机变换","href":"ref\/imagedataaugmenter.augment.html"},{"name":"imagePretrainedNetwork","type":"function","fcntype":"simple","refpurpose":"适用于图像的预训练神经网络","href":"ref\/imagepretrainednetwork.html"},{"name":"inceptionresnetv2","type":"function","fcntype":"simple","refpurpose":"（不推荐）预训练 Inception-ResNet-v2 卷积神经网络","deprecated":"true","href":"ref\/inceptionresnetv2.html"},{"name":"inceptionv3","type":"function","fcntype":"simple","refpurpose":"（不推荐）Inception-v3 卷积神经网络","deprecated":"true","href":"ref\/inceptionv3.html"},{"name":"ind2vec","type":"function","fcntype":"simple","refpurpose":"将索引转换为向量","href":"ref\/ind2vec.html"},{"name":"initlay","type":"function","fcntype":"simple","refpurpose":"逐层网络初始化函数","href":"ref\/initlay.html"},{"name":"plot","type":"function","fcntype":"instancemethod","refpurpose":"绘制神经网络架构","href":"ref\/layergraph.plot.html"},{"name":"LayerGraph.plot","type":"method","fcntype":"instancemethod","refpurpose":"绘制神经网络架构","href":"ref\/layergraph.plot.html"},{"name":"SeriesNetwork.plot","type":"method","fcntype":"instancemethod","refpurpose":"绘制神经网络架构","href":"ref\/layergraph.plot.html"},{"name":"DAGNetwork.plot","type":"method","fcntype":"instancemethod","refpurpose":"绘制神经网络架构","href":"ref\/layergraph.plot.html"},{"name":"dlnetwork.plot","type":"method","fcntype":"instancemethod","refpurpose":"绘制神经网络架构","href":"ref\/layergraph.plot.html"},{"name":"layrecnet","type":"function","fcntype":"simple","refpurpose":"层循环神经网络","href":"ref\/layrecnet.html"},{"name":"logsig","type":"function","fcntype":"simple","refpurpose":"Log-sigmoid 传递函数","href":"ref\/logsig.html"},{"name":"mae","type":"function","fcntype":"simple","refpurpose":"均值绝对误差性能函数","href":"ref\/mae.html"},{"name":"mandist","type":"function","fcntype":"simple","refpurpose":"Manhattan 距离权重函数","href":"ref\/mandist.html"},{"name":"mapminmax","type":"function","fcntype":"simple","refpurpose":"通过将行最小值和最大值映射到 [-1 1] 来处理矩阵","href":"ref\/mapminmax.html"},{"name":"meanabs","type":"function","fcntype":"simple","refpurpose":"一个或多个矩阵包含的绝对值元素的均值","href":"ref\/meanabs.html"},{"name":"meansqr","type":"function","fcntype":"simple","refpurpose":"一个或多个矩阵的平方元素的均值","href":"ref\/meansqr.html"},{"name":"midpoint","type":"function","fcntype":"simple","refpurpose":"中点权重初始化函数","href":"ref\/midpoint.html"},{"name":"minmax","type":"function","fcntype":"simple","refpurpose":"矩阵行的范围","href":"ref\/minmax.html"},{"name":"mobilenetv2","type":"function","fcntype":"simple","refpurpose":"（不推荐）MobileNet-v2 卷积神经网络","deprecated":"true","href":"ref\/mobilenetv2.html"},{"name":"mse","type":"function","fcntype":"simple","refpurpose":"均方归一化误差性能函数","href":"ref\/mse.html"},{"name":"narxnet","type":"function","fcntype":"simple","refpurpose":"具有外部输入的非线性自回归神经网络","href":"ref\/narxnet.html"},{"name":"nasnetlarge","type":"function","fcntype":"simple","refpurpose":"（不推荐）预训练 NASNet-Large 卷积神经网络","deprecated":"true","href":"ref\/nasnetlarge.html"},{"name":"nasnetmobile","type":"function","fcntype":"simple","refpurpose":"（不推荐）预训练 NASNet-Mobile 卷积神经网络","deprecated":"true","href":"ref\/nasnetmobile.html"},{"name":"nctool","type":"function","fcntype":"simple","refpurpose":"打开神经网络聚类","href":"ref\/nctool.html"},{"name":"netinv","type":"function","fcntype":"simple","refpurpose":"逆传递函数","href":"ref\/netinv.html"},{"name":"configure","type":"function","fcntype":"instancemethod","refpurpose":"配置网络输入和输出，以最好地匹配输入数据和目标数据","href":"ref\/network.configure.html"},{"name":"network.configure","type":"method","fcntype":"instancemethod","refpurpose":"配置网络输入和输出，以最好地匹配输入数据和目标数据","href":"ref\/network.configure.html"},{"name":"init","type":"function","fcntype":"instancemethod","refpurpose":"初始化神经网络","href":"ref\/network.init.html"},{"name":"network.init","type":"method","fcntype":"instancemethod","refpurpose":"初始化神经网络","href":"ref\/network.init.html"},{"name":"perform","type":"function","fcntype":"instancemethod","refpurpose":"计算网络性能","href":"ref\/network.perform.html"},{"name":"network.perform","type":"method","fcntype":"instancemethod","refpurpose":"计算网络性能","href":"ref\/network.perform.html"},{"name":"train","type":"function","fcntype":"instancemethod","refpurpose":"训练浅层神经网络","href":"ref\/network.train.html"},{"name":"network.train","type":"method","fcntype":"instancemethod","refpurpose":"训练浅层神经网络","href":"ref\/network.train.html"},{"name":"network","type":"function","fcntype":"simple","refpurpose":"创建自定义浅层神经网络","href":"ref\/network.html"},{"name":"Neural Net Clustering","type":"app","refpurpose":"使用自组织映射 (SOM) 网络求解聚类问题","href":"ref\/neuralnetclustering-app.html"},{"name":"nctool","type":"function","fcntype":"applauncher","refpurpose":"使用自组织映射 (SOM) 网络求解聚类问题","href":"ref\/neuralnetclustering-app.html"},{"name":"Neural Net Fitting","type":"app","refpurpose":"使用两层前馈网络求解拟合问题","href":"ref\/neuralnetfitting-app.html"},{"name":"nftool","type":"function","fcntype":"applauncher","refpurpose":"使用两层前馈网络求解拟合问题","href":"ref\/neuralnetfitting-app.html"},{"name":"Neural Net Pattern Recognition","type":"app","refpurpose":"使用两层前馈网络求解模式识别问题","href":"ref\/neuralnetpatternrecognition-app.html"},{"name":"nprtool","type":"function","fcntype":"applauncher","refpurpose":"使用两层前馈网络求解模式识别问题","href":"ref\/neuralnetpatternrecognition-app.html"},{"name":"Neural Net Time Series","type":"app","refpurpose":"使用动态神经网络求解非线性时间序列问题","href":"ref\/neuralnettimeseries-app.html"},{"name":"ntstool","type":"function","fcntype":"applauncher","refpurpose":"使用动态神经网络求解非线性时间序列问题","href":"ref\/neuralnettimeseries-app.html"},{"name":"newgrnn","type":"function","fcntype":"simple","refpurpose":"设计广义回归神经网络","href":"ref\/newgrnn.html"},{"name":"newpnn","type":"function","fcntype":"simple","refpurpose":"设计概率神经网络","href":"ref\/newpnn.html"},{"name":"newrb","type":"function","fcntype":"simple","refpurpose":"设计径向基网络","href":"ref\/newrb.html"},{"name":"newrbe","type":"function","fcntype":"simple","refpurpose":"设计精确的径向基网络","href":"ref\/newrbe.html"},{"name":"nftool","type":"function","fcntype":"simple","refpurpose":"打开神经网络拟合","href":"ref\/nftool.html"},{"name":"additionLayer","type":"function","fcntype":"simple","refpurpose":"相加层","href":"ref\/nnet.cnn.layer.additionlayer.html"},{"name":"nnet.cnn.layer.AdditionLayer","type":"object","refpurpose":"相加层","href":"ref\/nnet.cnn.layer.additionlayer.html"},{"name":"nnet.cnn.layer.AdditionLayer.NumInputs","type":"property","refpurpose":"输入数目","href":"ref\/nnet.cnn.layer.additionlayer.html"},{"name":"nnet.cnn.layer.AdditionLayer.Name","type":"property","refpurpose":"层名称","href":"ref\/nnet.cnn.layer.additionlayer.html"},{"name":"nnet.cnn.layer.AdditionLayer.InputNames","type":"property","refpurpose":"输入名称","href":"ref\/nnet.cnn.layer.additionlayer.html"},{"name":"nnet.cnn.layer.AdditionLayer.NumOutputs","type":"property","refpurpose":"输出的数目","href":"ref\/nnet.cnn.layer.additionlayer.html"},{"name":"nnet.cnn.layer.AdditionLayer.OutputNames","type":"property","refpurpose":"输出名称","href":"ref\/nnet.cnn.layer.additionlayer.html"},{"name":"concatenationLayer","type":"function","fcntype":"simple","refpurpose":"串联层","href":"ref\/nnet.cnn.layer.concatenationlayer.html"},{"name":"nnet.cnn.layer.ConcatenationLayer","type":"object","refpurpose":"串联层","href":"ref\/nnet.cnn.layer.concatenationlayer.html"},{"name":"nnet.cnn.layer.ConcatenationLayer.Dim","type":"property","refpurpose":"串联维度","href":"ref\/nnet.cnn.layer.concatenationlayer.html"},{"name":"nnet.cnn.layer.ConcatenationLayer.Name","type":"property","refpurpose":"层名称","href":"ref\/nnet.cnn.layer.concatenationlayer.html"},{"name":"nnet.cnn.layer.ConcatenationLayer.NumInputs","type":"property","refpurpose":"输入数目","href":"ref\/nnet.cnn.layer.concatenationlayer.html"},{"name":"nnet.cnn.layer.ConcatenationLayer.InputNames","type":"property","refpurpose":"输入名称","href":"ref\/nnet.cnn.layer.concatenationlayer.html"},{"name":"nnet.cnn.layer.ConcatenationLayer.NumOutputs","type":"property","refpurpose":"输出的数目","href":"ref\/nnet.cnn.layer.concatenationlayer.html"},{"name":"nnet.cnn.layer.ConcatenationLayer.OutputNames","type":"property","refpurpose":"输出名称","href":"ref\/nnet.cnn.layer.concatenationlayer.html"},{"name":"depthConcatenationLayer","type":"function","fcntype":"simple","refpurpose":"深度串联层","href":"ref\/nnet.cnn.layer.depthconcatenationlayer.html"},{"name":"nnet.cnn.layer.DepthConcatenationLayer","type":"object","refpurpose":"深度串联层","href":"ref\/nnet.cnn.layer.depthconcatenationlayer.html"},{"name":"nnet.cnn.layer.DepthConcatenationLayer.NumInputs","type":"property","refpurpose":"输入数目","href":"ref\/nnet.cnn.layer.depthconcatenationlayer.html"},{"name":"nnet.cnn.layer.DepthConcatenationLayer.Name","type":"property","refpurpose":"层名称","href":"ref\/nnet.cnn.layer.depthconcatenationlayer.html"},{"name":"nnet.cnn.layer.DepthConcatenationLayer.InputNames","type":"property","refpurpose":"输入名称","href":"ref\/nnet.cnn.layer.depthconcatenationlayer.html"},{"name":"nnet.cnn.layer.DepthConcatenationLayer.NumOutputs","type":"property","refpurpose":"输出的数目","href":"ref\/nnet.cnn.layer.depthconcatenationlayer.html"},{"name":"nnet.cnn.layer.DepthConcatenationLayer.OutputNames","type":"property","refpurpose":"输出名称","href":"ref\/nnet.cnn.layer.depthconcatenationlayer.html"},{"name":"dropoutLayer","type":"function","fcntype":"simple","refpurpose":"丢弃层","href":"ref\/nnet.cnn.layer.dropoutlayer.html"},{"name":"nnet.cnn.layer.DropoutLayer","type":"object","refpurpose":"丢弃层","href":"ref\/nnet.cnn.layer.dropoutlayer.html"},{"name":"nnet.cnn.layer.DropoutLayer.Probability","type":"property","refpurpose":"丢弃输入元素的概率","href":"ref\/nnet.cnn.layer.dropoutlayer.html"},{"name":"nnet.cnn.layer.DropoutLayer.Name","type":"property","refpurpose":"层名称","href":"ref\/nnet.cnn.layer.dropoutlayer.html"},{"name":"nnet.cnn.layer.DropoutLayer.NumInputs","type":"property","refpurpose":"输入数目","href":"ref\/nnet.cnn.layer.dropoutlayer.html"},{"name":"nnet.cnn.layer.DropoutLayer.InputNames","type":"property","refpurpose":"输入名称","href":"ref\/nnet.cnn.layer.dropoutlayer.html"},{"name":"nnet.cnn.layer.DropoutLayer.NumOutputs","type":"property","refpurpose":"输出的数目","href":"ref\/nnet.cnn.layer.dropoutlayer.html"},{"name":"nnet.cnn.layer.DropoutLayer.OutputNames","type":"property","refpurpose":"输出名称","href":"ref\/nnet.cnn.layer.dropoutlayer.html"},{"name":"flattenLayer","type":"function","fcntype":"simple","refpurpose":"展平层","href":"ref\/nnet.cnn.layer.flattenlayer.html"},{"name":"nnet.cnn.layer.FlattenLayer","type":"object","refpurpose":"展平层","href":"ref\/nnet.cnn.layer.flattenlayer.html"},{"name":"nnet.cnn.layer.FlattenLayer.Name","type":"property","refpurpose":"层名称","href":"ref\/nnet.cnn.layer.flattenlayer.html"},{"name":"nnet.cnn.layer.FlattenLayer.NumInputs","type":"property","refpurpose":"输入数目","href":"ref\/nnet.cnn.layer.flattenlayer.html"},{"name":"nnet.cnn.layer.FlattenLayer.InputNames","type":"property","refpurpose":"输入名称","href":"ref\/nnet.cnn.layer.flattenlayer.html"},{"name":"nnet.cnn.layer.FlattenLayer.NumOutputs","type":"property","refpurpose":"输出的数目","href":"ref\/nnet.cnn.layer.flattenlayer.html"},{"name":"nnet.cnn.layer.FlattenLayer.OutputNames","type":"property","refpurpose":"输出名称","href":"ref\/nnet.cnn.layer.flattenlayer.html"},{"name":"nnet.cnn.layer.Layer","type":"object","refpurpose":"深度学习的网络层","href":"ref\/nnet.cnn.layer.layer.html"},{"name":"multiplicationLayer","type":"function","fcntype":"simple","refpurpose":"相乘层","href":"ref\/nnet.cnn.layer.multiplicationlayer.html"},{"name":"nnet.cnn.layer.MultiplicationLayer","type":"object","refpurpose":"相乘层","href":"ref\/nnet.cnn.layer.multiplicationlayer.html"},{"name":"nnet.cnn.layer.MultiplicationLayer.NumInputs","type":"property","refpurpose":"输入数目","href":"ref\/nnet.cnn.layer.multiplicationlayer.html"},{"name":"nnet.cnn.layer.MultiplicationLayer.Name","type":"property","refpurpose":"层名称","href":"ref\/nnet.cnn.layer.multiplicationlayer.html"},{"name":"nnet.cnn.layer.MultiplicationLayer.InputNames","type":"property","refpurpose":"输入名称","href":"ref\/nnet.cnn.layer.multiplicationlayer.html"},{"name":"nnet.cnn.layer.MultiplicationLayer.NumOutputs","type":"property","refpurpose":"输出的数目","href":"ref\/nnet.cnn.layer.multiplicationlayer.html"},{"name":"nnet.cnn.layer.MultiplicationLayer.OutputNames","type":"property","refpurpose":"输出名称","href":"ref\/nnet.cnn.layer.multiplicationlayer.html"},{"name":"nnet.cnn.layer.RegressionOutputLayer","type":"object","refpurpose":"回归输出层","deprecated":"true","href":"ref\/nnet.cnn.layer.regressionoutputlayer.html"},{"name":"nnet.cnn.layer.RegressionOutputLayer.ResponseNames","type":"property","refpurpose":"响应的名称","deprecated":"true","href":"ref\/nnet.cnn.layer.regressionoutputlayer.html"},{"name":"nnet.cnn.layer.RegressionOutputLayer.LossFunction","type":"property","refpurpose":"用于训练的损失函数","deprecated":"true","href":"ref\/nnet.cnn.layer.regressionoutputlayer.html"},{"name":"nnet.cnn.layer.RegressionOutputLayer.Name","type":"property","refpurpose":"层名称","deprecated":"true","href":"ref\/nnet.cnn.layer.regressionoutputlayer.html"},{"name":"nnet.cnn.layer.RegressionOutputLayer.NumInputs","type":"property","refpurpose":"输入数目","deprecated":"true","href":"ref\/nnet.cnn.layer.regressionoutputlayer.html"},{"name":"nnet.cnn.layer.RegressionOutputLayer.InputNames","type":"property","refpurpose":"输入名称","deprecated":"true","href":"ref\/nnet.cnn.layer.regressionoutputlayer.html"},{"name":"nnet.cnn.layer.RegressionOutputLayer.NumOutputs","type":"property","refpurpose":"输出的数目","deprecated":"true","href":"ref\/nnet.cnn.layer.regressionoutputlayer.html"},{"name":"nnet.cnn.layer.RegressionOutputLayer.OutputNames","type":"property","refpurpose":"输出名称","deprecated":"true","href":"ref\/nnet.cnn.layer.regressionoutputlayer.html"},{"name":"reluLayer","type":"function","fcntype":"simple","refpurpose":"修正线性单元 (ReLU) 层","href":"ref\/nnet.cnn.layer.relulayer.html"},{"name":"nnet.cnn.layer.ReLULayer","type":"object","refpurpose":"修正线性单元 (ReLU) 层","href":"ref\/nnet.cnn.layer.relulayer.html"},{"name":"nnet.cnn.layer.ReLULayer.Name","type":"property","refpurpose":"层名称","href":"ref\/nnet.cnn.layer.relulayer.html"},{"name":"nnet.cnn.layer.ReLULayer.NumInputs","type":"property","refpurpose":"输入数目","href":"ref\/nnet.cnn.layer.relulayer.html"},{"name":"nnet.cnn.layer.ReLULayer.InputNames","type":"property","refpurpose":"输入名称","href":"ref\/nnet.cnn.layer.relulayer.html"},{"name":"nnet.cnn.layer.ReLULayer.NumOutputs","type":"property","refpurpose":"输出的数目","href":"ref\/nnet.cnn.layer.relulayer.html"},{"name":"nnet.cnn.layer.ReLULayer.OutputNames","type":"property","refpurpose":"输出名称","href":"ref\/nnet.cnn.layer.relulayer.html"},{"name":"sigmoidLayer","type":"function","fcntype":"simple","refpurpose":"sigmoid 层","href":"ref\/nnet.cnn.layer.sigmoidlayer.html"},{"name":"nnet.cnn.layer.SigmoidLayer","type":"object","refpurpose":"sigmoid 层","href":"ref\/nnet.cnn.layer.sigmoidlayer.html"},{"name":"nnet.cnn.layer.SigmoidLayer.Name","type":"property","refpurpose":"层名称","href":"ref\/nnet.cnn.layer.sigmoidlayer.html"},{"name":"nnet.cnn.layer.SigmoidLayer.NumInputs","type":"property","refpurpose":"输入数目","href":"ref\/nnet.cnn.layer.sigmoidlayer.html"},{"name":"nnet.cnn.layer.SigmoidLayer.InputNames","type":"property","refpurpose":"输入名称","href":"ref\/nnet.cnn.layer.sigmoidlayer.html"},{"name":"nnet.cnn.layer.SigmoidLayer.NumOutputs","type":"property","refpurpose":"输出的数目","href":"ref\/nnet.cnn.layer.sigmoidlayer.html"},{"name":"nnet.cnn.layer.SigmoidLayer.OutputNames","type":"property","refpurpose":"输出名称","href":"ref\/nnet.cnn.layer.sigmoidlayer.html"},{"name":"softmaxLayer","type":"function","fcntype":"simple","refpurpose":"Softmax 层","href":"ref\/nnet.cnn.layer.softmaxlayer.html"},{"name":"nnet.cnn.layer.SoftmaxLayer","type":"object","refpurpose":"Softmax 层","href":"ref\/nnet.cnn.layer.softmaxlayer.html"},{"name":"nnet.cnn.layer.SoftmaxLayer.Name","type":"property","refpurpose":"层名称","href":"ref\/nnet.cnn.layer.softmaxlayer.html"},{"name":"nnet.cnn.layer.SoftmaxLayer.NumInputs","type":"property","refpurpose":"输入数目","href":"ref\/nnet.cnn.layer.softmaxlayer.html"},{"name":"nnet.cnn.layer.SoftmaxLayer.InputNames","type":"property","refpurpose":"输入名称","href":"ref\/nnet.cnn.layer.softmaxlayer.html"},{"name":"nnet.cnn.layer.SoftmaxLayer.NumOutputs","type":"property","refpurpose":"输出的数目","href":"ref\/nnet.cnn.layer.softmaxlayer.html"},{"name":"nnet.cnn.layer.SoftmaxLayer.OutputNames","type":"property","refpurpose":"输出名称","href":"ref\/nnet.cnn.layer.softmaxlayer.html"},{"name":"tanhLayer","type":"function","fcntype":"simple","refpurpose":"双曲正切 (tanh) 层","href":"ref\/nnet.cnn.layer.tanhlayer.html"},{"name":"nnet.cnn.layer.TanhLayer","type":"object","refpurpose":"双曲正切 (tanh) 层","href":"ref\/nnet.cnn.layer.tanhlayer.html"},{"name":"nnet.cnn.layer.TanhLayer.Name","type":"property","refpurpose":"层名称","href":"ref\/nnet.cnn.layer.tanhlayer.html"},{"name":"nnet.cnn.layer.TanhLayer.NumInputs","type":"property","refpurpose":"输入数目","href":"ref\/nnet.cnn.layer.tanhlayer.html"},{"name":"nnet.cnn.layer.TanhLayer.InputNames","type":"property","refpurpose":"输入名称","href":"ref\/nnet.cnn.layer.tanhlayer.html"},{"name":"nnet.cnn.layer.TanhLayer.NumOutputs","type":"property","refpurpose":"输出的数目","href":"ref\/nnet.cnn.layer.tanhlayer.html"},{"name":"nnet.cnn.layer.TanhLayer.OutputNames","type":"property","refpurpose":"输出名称","href":"ref\/nnet.cnn.layer.tanhlayer.html"},{"name":"addLayers","type":"function","fcntype":"instancemethod","refpurpose":"向神经网络添加层","href":"ref\/nnet.cnn.layergraph.addlayers.html"},{"name":"nnet.cnn.LayerGraph.addLayers","type":"method","fcntype":"instancemethod","refpurpose":"向神经网络添加层","href":"ref\/nnet.cnn.layergraph.addlayers.html"},{"name":"dlnetwork.addLayers","type":"method","fcntype":"instancemethod","refpurpose":"向神经网络添加层","href":"ref\/nnet.cnn.layergraph.addlayers.html"},{"name":"connectLayers","type":"function","fcntype":"instancemethod","refpurpose":"在神经网络中连接各层","href":"ref\/nnet.cnn.layergraph.connectlayers.html"},{"name":"nnet.cnn.LayerGraph.connectLayers","type":"method","fcntype":"instancemethod","refpurpose":"在神经网络中连接各层","href":"ref\/nnet.cnn.layergraph.connectlayers.html"},{"name":"dlnetwork.connectLayers","type":"method","fcntype":"instancemethod","refpurpose":"在神经网络中连接各层","href":"ref\/nnet.cnn.layergraph.connectlayers.html"},{"name":"layerGraph","type":"function","fcntype":"simple","refpurpose":"（不推荐）深度学习的网络层图","deprecated":"true","href":"ref\/nnet.cnn.layergraph.html"},{"name":"nnet.cnn.LayerGraph","type":"object","refpurpose":"（不推荐）深度学习的网络层图","deprecated":"true","href":"ref\/nnet.cnn.layergraph.html"},{"name":"nnet.cnn.LayerGraph.Layers","type":"property","refpurpose":"网络层","deprecated":"true","href":"ref\/nnet.cnn.layergraph.html"},{"name":"nnet.cnn.LayerGraph.Connections","type":"property","refpurpose":"层连接","deprecated":"true","href":"ref\/nnet.cnn.layergraph.html"},{"name":"nnet.cnn.LayerGraph.InputNames","type":"property","refpurpose":"输入层的名称","deprecated":"true","href":"ref\/nnet.cnn.layergraph.html"},{"name":"nnet.cnn.LayerGraph.OutputNames","type":"property","refpurpose":"输出层的名称","deprecated":"true","href":"ref\/nnet.cnn.layergraph.html"},{"name":"nnstart","type":"function","fcntype":"simple","refpurpose":"打开神经网络启动","href":"ref\/nnstart.html"},{"name":"nntool","type":"function","fcntype":"simple","refpurpose":"（已删除）打开网络\/数据管理器","deprecated":"true","href":"ref\/nntool.html"},{"name":"normc","type":"function","fcntype":"simple","refpurpose":"归一化矩阵的列","href":"ref\/normc.html"},{"name":"normr","type":"function","fcntype":"simple","refpurpose":"归一化矩阵的行","href":"ref\/normr.html"},{"name":"nprtool","type":"function","fcntype":"simple","refpurpose":"打开神经网络模式识别","href":"ref\/nprtool.html"},{"name":"ntstool","type":"function","fcntype":"simple","refpurpose":"打开神经网络时间序列","href":"ref\/ntstool.html"},{"name":"patternnet","type":"function","fcntype":"simple","refpurpose":"生成模式识别网络","href":"ref\/patternnet.html"},{"name":"perceptron","type":"function","fcntype":"simple","refpurpose":"简单的单层二类分类器","href":"ref\/perceptron.html"},{"name":"plotconfusion","type":"function","fcntype":"simple","refpurpose":"绘制分类混淆矩阵","href":"ref\/plotconfusion.html"},{"name":"ploterrhist","type":"function","fcntype":"simple","refpurpose":"绘图误差直方图","href":"ref\/ploterrhist.html"},{"name":"plotfit","type":"function","fcntype":"simple","refpurpose":"绘图函数拟合","href":"ref\/plotfit.html"},{"name":"plotpc","type":"function","fcntype":"simple","refpurpose":"在感知器向量图上绘制分类线","href":"ref\/plotpc.html"},{"name":"plotperform","type":"function","fcntype":"simple","refpurpose":"绘制网络性能图","href":"ref\/plotperform.html"},{"name":"plotpv","type":"function","fcntype":"simple","refpurpose":"绘制感知器输入\/目标向量","href":"ref\/plotpv.html"},{"name":"plotregression","type":"function","fcntype":"simple","refpurpose":"绘制线性回归图","href":"ref\/plotregression.html"},{"name":"plotroc","type":"function","fcntype":"simple","refpurpose":"绘制受试者工作特征图","href":"ref\/plotroc.html"},{"name":"plotsomhits","type":"function","fcntype":"simple","refpurpose":"绘制自组织映射采样命中数","href":"ref\/plotsomhits.html"},{"name":"plotsomtop","type":"function","fcntype":"simple","refpurpose":"绘制自组织映射拓扑","href":"ref\/plotsomtop.html"},{"name":"plottrainstate","type":"function","fcntype":"simple","refpurpose":"绘制训练状态值图","href":"ref\/plottrainstate.html"},{"name":"plotv","type":"function","fcntype":"simple","refpurpose":"（即将删除）将向量绘制为从原点开始的线","deprecated":"true","href":"ref\/plotv.html"},{"name":"poslin","type":"function","fcntype":"simple","refpurpose":"正线性传递函数","href":"ref\/poslin.html"},{"name":"Predict","type":"block","refpurpose":"使用经过训练的深度学习神经网络预测响应","href":"ref\/predict.html"},{"name":"purelin","type":"function","fcntype":"simple","refpurpose":"线性传递函数","href":"ref\/purelin.html"},{"name":"quant","type":"function","fcntype":"simple","refpurpose":"将值离散化为数量的倍数","href":"ref\/quant.html"},{"name":"radbas","type":"function","fcntype":"simple","refpurpose":"径向基传递函数","href":"ref\/radbas.html"},{"name":"rands","type":"function","fcntype":"simple","refpurpose":"对称随机权重\/偏置初始化函数","href":"ref\/rands.html"},{"name":"regression","type":"function","fcntype":"simple","refpurpose":"（不推荐）对目标执行浅层网络输出的线性回归","deprecated":"true","href":"ref\/regression.html"},{"name":"regressionLayer","type":"function","fcntype":"simple","refpurpose":"（不推荐）回归输出层","deprecated":"true","href":"ref\/regressionlayer.html"},{"name":"removerows","type":"function","fcntype":"simple","refpurpose":"通过删除具有指定索引的行来处理矩阵","href":"ref\/removerows.html"},{"name":"resnet101","type":"function","fcntype":"simple","refpurpose":"（不推荐）ResNet-101 卷积神经网络","deprecated":"true","href":"ref\/resnet101.html"},{"name":"resnet18","type":"function","fcntype":"simple","refpurpose":"（不推荐）ResNet-18 卷积神经网络","deprecated":"true","href":"ref\/resnet18.html"},{"name":"resnet50","type":"function","fcntype":"simple","refpurpose":"（不推荐）ResNet-50 卷积神经网络","deprecated":"true","href":"ref\/resnet50.html"},{"name":"satlin","type":"function","fcntype":"simple","refpurpose":"饱和线性传递函数","href":"ref\/satlin.html"},{"name":"satlins","type":"function","fcntype":"simple","refpurpose":"对称饱和线性传递函数","href":"ref\/satlins.html"},{"name":"selforgmap","type":"function","fcntype":"simple","refpurpose":"自组织映射","href":"ref\/selforgmap.html"},{"name":"activations","type":"function","fcntype":"instancemethod","refpurpose":"（不推荐）计算深度学习网络层激活值","deprecated":"true","href":"ref\/seriesnetwork.activations.html"},{"name":"SeriesNetwork.activations","type":"method","fcntype":"instancemethod","refpurpose":"（不推荐）计算深度学习网络层激活值","deprecated":"true","href":"ref\/seriesnetwork.activations.html"},{"name":"DAGNetwork.activations","type":"method","fcntype":"instancemethod","refpurpose":"（不推荐）计算深度学习网络层激活值","deprecated":"true","href":"ref\/seriesnetwork.activations.html"},{"name":"classify","type":"function","fcntype":"instancemethod","refpurpose":"（不推荐）使用经过训练的深度学习神经网络对数据进行分类","deprecated":"true","href":"ref\/seriesnetwork.classify.html"},{"name":"SeriesNetwork.classify","type":"method","fcntype":"instancemethod","refpurpose":"（不推荐）使用经过训练的深度学习神经网络对数据进行分类","deprecated":"true","href":"ref\/seriesnetwork.classify.html"},{"name":"DAGNetwork.classify","type":"method","fcntype":"instancemethod","refpurpose":"（不推荐）使用经过训练的深度学习神经网络对数据进行分类","deprecated":"true","href":"ref\/seriesnetwork.classify.html"},{"name":"predict","type":"function","fcntype":"instancemethod","refpurpose":"（不推荐）使用经过训练的深度学习神经网络预测响应","deprecated":"true","href":"ref\/seriesnetwork.predict.html"},{"name":"SeriesNetwork.predict","type":"method","fcntype":"instancemethod","refpurpose":"（不推荐）使用经过训练的深度学习神经网络预测响应","deprecated":"true","href":"ref\/seriesnetwork.predict.html"},{"name":"DAGNetwork.predict","type":"method","fcntype":"instancemethod","refpurpose":"（不推荐）使用经过训练的深度学习神经网络预测响应","deprecated":"true","href":"ref\/seriesnetwork.predict.html"},{"name":"SeriesNetwork","type":"object","refpurpose":"（不推荐）用于深度学习的串行网络","deprecated":"true","href":"ref\/seriesnetwork.html"},{"name":"SeriesNetwork.Layers","type":"property","refpurpose":"网络层","deprecated":"true","href":"ref\/seriesnetwork.html"},{"name":"SeriesNetwork.InputNames","type":"property","refpurpose":"输入层的名称","deprecated":"true","href":"ref\/seriesnetwork.html"},{"name":"SeriesNetwork.OutputNames","type":"property","refpurpose":"输出层的名称","deprecated":"true","href":"ref\/seriesnetwork.html"},{"name":"setwb","type":"function","fcntype":"simple","refpurpose":"用单个向量设置所有网络权重和偏置值","href":"ref\/setwb.html"},{"name":"shufflenet","type":"function","fcntype":"simple","refpurpose":"（不推荐）预训练 ShuffleNet 卷积神经网络","deprecated":"true","href":"ref\/shufflenet.html"},{"name":"sim","type":"function","fcntype":"simple","refpurpose":"仿真神经网络","href":"ref\/sim.html"},{"name":"softmax","type":"function","fcntype":"simple","refpurpose":"softmax 传递函数","href":"ref\/softmax.html"},{"name":"squeezenet","type":"function","fcntype":"simple","refpurpose":"（不推荐）SqueezeNet 卷积神经网络","deprecated":"true","href":"ref\/squeezenet.html"},{"name":"sumabs","type":"function","fcntype":"simple","refpurpose":"一个或多个矩阵的绝对元素之和","href":"ref\/sumabs.html"},{"name":"sumsqr","type":"function","fcntype":"simple","refpurpose":"一个或多个矩阵的元素的平方和","href":"ref\/sumsqr.html"},{"name":"tansig","type":"function","fcntype":"simple","refpurpose":"双曲正切 sigmoid 传递函数","href":"ref\/tansig.html"},{"name":"trainbr","type":"function","fcntype":"simple","refpurpose":"贝叶斯正则化反向传播","href":"ref\/trainbr.html"},{"name":"traingdm","type":"function","fcntype":"simple","refpurpose":"带动量的梯度下降反向传播","href":"ref\/traingdm.html"},{"name":"traingdx","type":"function","fcntype":"simple","refpurpose":"带动量和自适应学习率的梯度下降反向传播","href":"ref\/traingdx.html"},{"name":"trainlm","type":"function","fcntype":"simple","refpurpose":"莱文贝格-马夸特反向传播","href":"ref\/trainlm.html"},{"name":"trainNetwork","type":"function","fcntype":"simple","refpurpose":"（不推荐）训练神经网络","deprecated":"true","href":"ref\/trainnetwork.html"},{"name":"trainscg","type":"function","fcntype":"simple","refpurpose":"量化共轭梯度反向传播","href":"ref\/trainscg.html"},{"name":"tribas","type":"function","fcntype":"simple","refpurpose":"三角形基传递函数","href":"ref\/tribas.html"},{"name":"vec2ind","type":"function","fcntype":"simple","refpurpose":"将向量转换为索引","href":"ref\/vec2ind.html"},{"name":"vgg16","type":"function","fcntype":"simple","refpurpose":"（不推荐）VGG-16 卷积神经网络","deprecated":"true","href":"ref\/vgg16.html"},{"name":"vgg19","type":"function","fcntype":"simple","refpurpose":"（不推荐）VGG-19 卷积神经网络","deprecated":"true","href":"ref\/vgg19.html"},{"name":"view","type":"function","fcntype":"simple","refpurpose":"查看浅层神经网络","href":"ref\/view.html"},{"name":"xception","type":"function","fcntype":"simple","refpurpose":"（不推荐）Xception 卷积神经网络","deprecated":"true","href":"ref\/xception.html"}]}