{"schema":"referenceapi_lookup_schema.json","schemaVersion":"1.0","docVersion":"doc25a.2968260.Bdoc25a.2967890.pass.r2025a","productName":"Automated Driving Toolbox","baseCode":"DR","helpFolder":"driving","helpLocation":"driving","addons":"AD_SCENBUILDER ZENRINJAPANMAP",  "refItems" : [{"name":"ActorSimulation","type":"object","refpurpose":"MATLAB での RoadRunner Scenario アクターの実行時の仕様へのアクセスと変更","href":"ref\/actorsimulation.html"},{"name":"adtfFileReader","type":"object","refpurpose":"ADTF DAT ファイルからストリーム情報を読み取る","href":"ref\/adtffilereader.html"},{"name":"adtfFileReader","type":"function","fcntype":"constructor","refpurpose":"ADTF DAT ファイルからストリーム情報を読み取る","href":"ref\/adtffilereader.html"},{"name":"adtfFileReader.DataFileName","type":"property","refpurpose":"ADTF DAT ファイルの絶対パス","href":"ref\/adtffilereader.html"},{"name":"adtfFileReader.DescriptionFileName","type":"property","refpurpose":"記述ファイルの絶対パス","href":"ref\/adtffilereader.html"},{"name":"adtfFileReader.PluginDirectory","type":"property","refpurpose":"ADTF プラグイン ディレクトリの絶対パス","href":"ref\/adtffilereader.html"},{"name":"adtfFileReader.StreamCount","type":"property","refpurpose":"DAT ファイル内のストリームの数","href":"ref\/adtffilereader.html"},{"name":"adtfFileReader.StreamInfo","type":"property","refpurpose":"DAT ファイル内すべてのストリームの概要","href":"ref\/adtffilereader.html"},{"name":"plotCoverageArea","type":"function","fcntype":"instancemethod","refpurpose":"センサーのカバレッジ領域を鳥瞰図プロット上に表示","href":"ref\/birdseyeplot.plotcoveragearea.html"},{"name":"birdsEyePlot.plotCoverageArea","type":"method","fcntype":"instancemethod","refpurpose":"センサーのカバレッジ領域を鳥瞰図プロット上に表示","href":"ref\/birdseyeplot.plotcoveragearea.html"},{"name":"birdsEyePlot","type":"function","fcntype":"constructor","refpurpose":"検出、軌跡、および車両周囲のセンサー カバレッジのプロット","href":"ref\/birdseyeplot.html"},{"name":"birdsEyePlot","type":"object","refpurpose":"検出、軌跡、および車両周囲のセンサー カバレッジのプロット","href":"ref\/birdseyeplot.html"},{"name":"birdsEyePlot.Parent","type":"property","refpurpose":"対象をプロットする座標軸","href":"ref\/birdseyeplot.html"},{"name":"birdsEyePlot.Plotters","type":"property","refpurpose":"鳥瞰図プロット用に作成されるプロッター","href":"ref\/birdseyeplot.html"},{"name":"birdsEyePlot.XLimits","type":"property","refpurpose":"X 軸の範囲","href":"ref\/birdseyeplot.html"},{"name":"birdsEyePlot.YLimits","type":"property","refpurpose":"Y 軸の範囲","href":"ref\/birdseyeplot.html"},{"name":"imageToVehicle","type":"function","fcntype":"instancemethod","refpurpose":"鳥瞰ビューのイメージ座標から車両座標への変換","href":"ref\/birdseyeview.imagetovehicle.html"},{"name":"birdsEyeView.imageToVehicle","type":"method","fcntype":"instancemethod","refpurpose":"鳥瞰ビューのイメージ座標から車両座標への変換","href":"ref\/birdseyeview.imagetovehicle.html"},{"name":"transformImage","type":"function","fcntype":"instancemethod","refpurpose":"イメージを鳥瞰ビューに変換","href":"ref\/birdseyeview.transformimage.html"},{"name":"birdsEyeView.transformImage","type":"method","fcntype":"instancemethod","refpurpose":"イメージを鳥瞰ビューに変換","href":"ref\/birdseyeview.transformimage.html"},{"name":"vehicleToImage","type":"function","fcntype":"instancemethod","refpurpose":"車両座標から鳥瞰ビューのイメージ座標への変換","href":"ref\/birdseyeview.vehicletoimage.html"},{"name":"birdsEyeView.vehicleToImage","type":"method","fcntype":"instancemethod","refpurpose":"車両座標から鳥瞰ビューのイメージ座標への変換","href":"ref\/birdseyeview.vehicletoimage.html"},{"name":"birdsEyeView","type":"function","fcntype":"constructor","refpurpose":"逆遠近法地図作成を使用して鳥瞰ビューを作成","href":"ref\/birdseyeview.html"},{"name":"birdsEyeView","type":"object","refpurpose":"逆遠近法地図作成を使用して鳥瞰ビューを作成","href":"ref\/birdseyeview.html"},{"name":"birdsEyeView.Sensor","type":"property","refpurpose":"カメラ センサー構成","href":"ref\/birdseyeview.html"},{"name":"birdsEyeView.OutputView","type":"property","refpurpose":"変換する領域の座標","href":"ref\/birdseyeview.html"},{"name":"birdsEyeView.ImageSize","type":"property","refpurpose":"出力される鳥瞰ビュー イメージのサイズ","href":"ref\/birdseyeview.html"},{"name":"Box Truck","type":"nonstandard","refpurpose":"ボックス トラック車両の寸法","href":"ref\/boxtruck.html"},{"name":"computeBoundaryModel","type":"function","fcntype":"instancemethod","refpurpose":"クロソイド車線境界線モデルから車線境界線の点を計算","href":"ref\/clothoidlaneboundary.computeboundarymodel.html"},{"name":"clothoidLaneBoundary.computeBoundaryModel","type":"method","fcntype":"instancemethod","refpurpose":"クロソイド車線境界線モデルから車線境界線の点を計算","href":"ref\/clothoidlaneboundary.computeboundarymodel.html"},{"name":"clothoidLaneBoundary","type":"function","fcntype":"constructor","refpurpose":"クロソイド形状の車線境界線モデル","href":"ref\/clothoidlaneboundary.html"},{"name":"clothoidLaneBoundary","type":"object","refpurpose":"クロソイド形状の車線境界線モデル","href":"ref\/clothoidlaneboundary.html"},{"name":"clothoidLaneBoundary.Curvature","type":"property","refpurpose":"車線境界線の曲率","href":"ref\/clothoidlaneboundary.html"},{"name":"clothoidLaneBoundary.CurvatureDerivative","type":"property","refpurpose":"車線境界線の曲率の微分","href":"ref\/clothoidlaneboundary.html"},{"name":"clothoidLaneBoundary.CurveLength","type":"property","refpurpose":"道路方向の車線境界線の長さ","href":"ref\/clothoidlaneboundary.html"},{"name":"clothoidLaneBoundary.HeadingAngle","type":"property","refpurpose":"車線境界線の初期進路","href":"ref\/clothoidlaneboundary.html"},{"name":"clothoidLaneBoundary.LateralOffset","type":"property","refpurpose":"自車位置の車線境界線からの横方向のオフセット","href":"ref\/clothoidlaneboundary.html"},{"name":"clothoidLaneBoundary.BoundaryType","type":"property","refpurpose":"車線境界区分線のタイプ","href":"ref\/clothoidlaneboundary.html"},{"name":"clothoidLaneBoundary.Strength","type":"property","refpurpose":"車線境界区分線の可視性","href":"ref\/clothoidlaneboundary.html"},{"name":"clothoidLaneBoundary.XExtent","type":"property","refpurpose":"車線境界区分線の X 軸方向の範囲","href":"ref\/clothoidlaneboundary.html"},{"name":"clothoidLaneBoundary.Width","type":"property","refpurpose":"車線境界区分線の幅","href":"ref\/clothoidlaneboundary.html"},{"name":"Cuboid To 3D Simulation","type":"block","refpurpose":"直方体の座標のアクターを 3D シミュレーション座標に変換","href":"ref\/cuboidto3dsimulation.html"},{"name":"Curved Road","type":"scene","refpurpose":"曲線道路の 3D 環境","href":"ref\/curvedroad.html"},{"name":"interpolate","type":"function","fcntype":"instancemethod","refpurpose":"計画された車両パスに沿った姿勢の内挿","href":"ref\/driving.path.interpolate.html"},{"name":"driving.Path.interpolate","type":"method","fcntype":"instancemethod","refpurpose":"計画された車両パスに沿った姿勢の内挿","href":"ref\/driving.path.interpolate.html"},{"name":"driving.Path","type":"object","refpurpose":"計画された車両パス","href":"ref\/driving.path.html"},{"name":"driving.Path.StartPose","type":"property","refpurpose":"ビークルの初期姿勢","href":"ref\/driving.path.html"},{"name":"driving.Path.GoalPose","type":"property","refpurpose":"車両のゴール姿勢","href":"ref\/driving.path.html"},{"name":"driving.Path.PathSegments","type":"property","refpurpose":"パスに沿ったセグメント","href":"ref\/driving.path.html"},{"name":"driving.Path.Length","type":"property","refpurpose":"パスの長さ","href":"ref\/driving.path.html"},{"name":"actorPoses","type":"function","fcntype":"instancemethod","refpurpose":"ドライビング シナリオにおけるアクターの位置、速度、および向き","href":"ref\/drivingscenario.actorposes.html"},{"name":"drivingScenario.actorPoses","type":"method","fcntype":"instancemethod","refpurpose":"ドライビング シナリオにおけるアクターの位置、速度、および向き","href":"ref\/drivingscenario.actorposes.html"},{"name":"advance","type":"function","fcntype":"instancemethod","refpurpose":"ドライビング シナリオ シミュレーションを 1 タイム ステップずつ進める","href":"ref\/drivingscenario.advance.html"},{"name":"drivingScenario.advance","type":"method","fcntype":"instancemethod","refpurpose":"ドライビング シナリオ シミュレーションを 1 タイム ステップずつ進める","href":"ref\/drivingscenario.advance.html"},{"name":"chasePlot","type":"function","fcntype":"instancemethod","refpurpose":"自己を中心とした射影パースペクティブのプロット","href":"ref\/drivingscenario.chaseplot.html"},{"name":"drivingScenario.chasePlot","type":"method","fcntype":"instancemethod","refpurpose":"自己を中心とした射影パースペクティブのプロット","href":"ref\/drivingscenario.chaseplot.html"},{"name":"driving.scenario.Actor.chasePlot","type":"method","fcntype":"instancemethod","refpurpose":"自己を中心とした射影パースペクティブのプロット","href":"ref\/drivingscenario.chaseplot.html"},{"name":"driving.scenario.Vehicle.chasePlot","type":"method","fcntype":"instancemethod","refpurpose":"自己を中心とした射影パースペクティブのプロット","href":"ref\/drivingscenario.chaseplot.html"},{"name":"plot","type":"function","fcntype":"instancemethod","refpurpose":"ドライビング シナリオをプロット","href":"ref\/drivingscenario.plot.html"},{"name":"drivingScenario.plot","type":"method","fcntype":"instancemethod","refpurpose":"ドライビング シナリオをプロット","href":"ref\/drivingscenario.plot.html"},{"name":"record","type":"function","fcntype":"instancemethod","refpurpose":"ドライビング シナリオを実行してアクターの状態を記録","href":"ref\/drivingscenario.record.html"},{"name":"drivingScenario.record","type":"method","fcntype":"instancemethod","refpurpose":"ドライビング シナリオを実行してアクターの状態を記録","href":"ref\/drivingscenario.record.html"},{"name":"restart","type":"function","fcntype":"instancemethod","refpurpose":"最初からドライビング シナリオ シミュレーションを再実行","href":"ref\/drivingscenario.restart.html"},{"name":"drivingScenario.restart","type":"method","fcntype":"instancemethod","refpurpose":"最初からドライビング シナリオ シミュレーションを再実行","href":"ref\/drivingscenario.restart.html"},{"name":"roadBoundaries","type":"function","fcntype":"instancemethod","refpurpose":"道路の境界を取得","href":"ref\/drivingscenario.roadboundaries.html"},{"name":"drivingScenario.roadBoundaries","type":"method","fcntype":"instancemethod","refpurpose":"道路の境界を取得","href":"ref\/drivingscenario.roadboundaries.html"},{"name":"driving.scenario.Actor.roadBoundaries","type":"method","fcntype":"instancemethod","refpurpose":"道路の境界を取得","href":"ref\/drivingscenario.roadboundaries.html"},{"name":"driving.scenario.Vehicle.roadBoundaries","type":"method","fcntype":"instancemethod","refpurpose":"道路の境界を取得","href":"ref\/drivingscenario.roadboundaries.html"},{"name":"trajectory","type":"function","fcntype":"instancemethod","refpurpose":"ドライビング シナリオでアクターまたは車両の軌跡を作成","href":"ref\/drivingscenario.trajectory.html"},{"name":"drivingScenario.trajectory","type":"method","fcntype":"instancemethod","refpurpose":"ドライビング シナリオでアクターまたは車両の軌跡を作成","href":"ref\/drivingscenario.trajectory.html"},{"name":"driving.scenario.Actor.trajectory","type":"method","fcntype":"instancemethod","refpurpose":"ドライビング シナリオでアクターまたは車両の軌跡を作成","href":"ref\/drivingscenario.trajectory.html"},{"name":"driving.scenario.Vehicle.trajectory","type":"method","fcntype":"instancemethod","refpurpose":"ドライビング シナリオでアクターまたは車両の軌跡を作成","href":"ref\/drivingscenario.trajectory.html"},{"name":"updatePlots","type":"function","fcntype":"instancemethod","refpurpose":"ドライビング シナリオのプロットの更新","href":"ref\/drivingscenario.updateplots.html"},{"name":"drivingScenario.updatePlots","type":"method","fcntype":"instancemethod","refpurpose":"ドライビング シナリオのプロットの更新","href":"ref\/drivingscenario.updateplots.html"},{"name":"drivingScenario","type":"function","fcntype":"constructor","refpurpose":"ドライビング シナリオの作成","href":"ref\/drivingscenario.html"},{"name":"drivingScenario","type":"object","refpurpose":"ドライビング シナリオの作成","href":"ref\/drivingscenario.html"},{"name":"drivingScenario.SampleTime","type":"property","refpurpose":"シナリオ シミュレーション ステップ間の時間間隔","href":"ref\/drivingscenario.html"},{"name":"drivingScenario.StopTime","type":"property","refpurpose":"シミュレーションの終了時間","href":"ref\/drivingscenario.html"},{"name":"drivingScenario.SimulationTime","type":"property","refpurpose":"シミュレーションの現在時間","href":"ref\/drivingscenario.html"},{"name":"drivingScenario.IsRunning","type":"property","refpurpose":"シミュレーション状態","href":"ref\/drivingscenario.html"},{"name":"drivingScenario.Actors","type":"property","refpurpose":"シナリオに含まれているアクターおよび車両","href":"ref\/drivingscenario.html"},{"name":"drivingScenario.Barriers","type":"property","refpurpose":"シナリオに含まれている障壁","href":"ref\/drivingscenario.html"},{"name":"drivingScenario.ParkingLots","type":"property","refpurpose":"シナリオに含まれている駐車場","href":"ref\/drivingscenario.html"},{"name":"drivingScenario.GeoReference","type":"property","refpurpose":"道路ネットワーク原点の地理座標","href":"ref\/drivingscenario.html"},{"name":"applyTransform","type":"function","fcntype":"instancemethod","refpurpose":"フォワード変換をメッシュ頂点に適用","href":"ref\/extendedobjectmesh.applytransform.html"},{"name":"extendedObjectMesh.applyTransform","type":"method","fcntype":"instancemethod","refpurpose":"フォワード変換をメッシュ頂点に適用","href":"ref\/extendedobjectmesh.applytransform.html"},{"name":"join","type":"function","fcntype":"instancemethod","refpurpose":"2 つのオブジェクト メッシュの結合","href":"ref\/extendedobjectmesh.join.html"},{"name":"extendedObjectMesh.join","type":"method","fcntype":"instancemethod","refpurpose":"2 つのオブジェクト メッシュの結合","href":"ref\/extendedobjectmesh.join.html"},{"name":"rotate","type":"function","fcntype":"instancemethod","refpurpose":"座標軸を中心にメッシュを回転","href":"ref\/extendedobjectmesh.rotate.html"},{"name":"extendedObjectMesh.rotate","type":"method","fcntype":"instancemethod","refpurpose":"座標軸を中心にメッシュを回転","href":"ref\/extendedobjectmesh.rotate.html"},{"name":"Ground Truth Labeler","type":"app","refpurpose":"自動運転アプリケーション用にグラウンド トゥルース データをラベル付け","href":"ref\/groundtruthlabeler-app.html"},{"name":"groundTruthLabeler","type":"function","fcntype":"applauncher","refpurpose":"自動運転アプリケーション用にグラウンド トゥルース データをラベル付け","href":"ref\/groundtruthlabeler-app.html"},{"name":"Hatchback","type":"nonstandard","refpurpose":"ハッチバック車両の寸法","href":"ref\/hatchback.html"},{"name":"insertLaneBoundary","type":"function","fcntype":"simple","refpurpose":"車線境界線をイメージに挿入","href":"ref\/insertlaneboundary.html"},{"name":"insSensor","type":"function","fcntype":"constructor","refpurpose":"慣性ナビゲーション システムと GNSS\/GPS のシミュレーション モデル","href":"ref\/inssensor-system-object.html"},{"name":"insSensor","type":"sysobj","refpurpose":"慣性ナビゲーション システムと GNSS\/GPS のシミュレーション モデル","href":"ref\/inssensor-system-object.html"},{"name":"insSensor.MountingLocation","type":"property","refpurpose":"プラットフォーム上のセンサーの位置 (m)","href":"ref\/inssensor-system-object.html"},{"name":"insSensor.RollAccuracy","type":"property","refpurpose":"ロール測定精度 (度)","href":"ref\/inssensor-system-object.html"},{"name":"insSensor.PitchAccuracy","type":"property","refpurpose":"ピッチ測定精度 (度)","href":"ref\/inssensor-system-object.html"},{"name":"insSensor.YawAccuracy","type":"property","refpurpose":"ヨー測定精度 (度)","href":"ref\/inssensor-system-object.html"},{"name":"insSensor.PositionAccuracy","type":"property","refpurpose":"位置測定精度 (m)","href":"ref\/inssensor-system-object.html"},{"name":"insSensor.VelocityAccuracy","type":"property","refpurpose":"速度測定精度 (m\/s)","href":"ref\/inssensor-system-object.html"},{"name":"insSensor.AccelerationAccuracy","type":"property","refpurpose":"加速度測定精度 (m\/s^{2})","href":"ref\/inssensor-system-object.html"},{"name":"insSensor.AngularVelocityAccuracy","type":"property","refpurpose":"角速度測定精度 (度\/秒)","href":"ref\/inssensor-system-object.html"},{"name":"insSensor.TimeInput","type":"property","refpurpose":"シミュレーション時間の入力の有効化","href":"ref\/inssensor-system-object.html"},{"name":"insSensor.HasGNSSFix","type":"property","refpurpose":"GNSS 確定の有効化","href":"ref\/inssensor-system-object.html"},{"name":"insSensor.PositionErrorFactor","type":"property","refpurpose":"GNSS 確定なしの位置誤差要因","href":"ref\/inssensor-system-object.html"},{"name":"insSensor.RandomStream","type":"property","refpurpose":"乱数ソース","href":"ref\/inssensor-system-object.html"},{"name":"insSensor.Seed","type":"property","refpurpose":"初期シード","href":"ref\/inssensor-system-object.html"},{"name":"perturb","type":"function","fcntype":"instancemethod","refpurpose":"摂動をオブジェクトに適用する","href":"ref\/inssensor.perturb.html"},{"name":"insSensor.perturb","type":"method","fcntype":"instancemethod","refpurpose":"摂動をオブジェクトに適用する","href":"ref\/inssensor.perturb.html"},{"name":"imuSensor.perturb","type":"method","fcntype":"instancemethod","refpurpose":"摂動をオブジェクトに適用する","href":"ref\/inssensor.perturb.html"},{"name":"waypointTrajectory.perturb","type":"method","fcntype":"instancemethod","refpurpose":"摂動をオブジェクトに適用する","href":"ref\/inssensor.perturb.html"},{"name":"kinematicTrajectory.perturb","type":"method","fcntype":"instancemethod","refpurpose":"摂動をオブジェクトに適用する","href":"ref\/inssensor.perturb.html"},{"name":"radarEmitter.perturb","type":"method","fcntype":"instancemethod","refpurpose":"摂動をオブジェクトに適用する","href":"ref\/inssensor.perturb.html"},{"name":"radarSensor.perturb","type":"method","fcntype":"instancemethod","refpurpose":"摂動をオブジェクトに適用する","href":"ref\/inssensor.perturb.html"},{"name":"monostaticRadarSensor.perturb","type":"method","fcntype":"instancemethod","refpurpose":"摂動をオブジェクトに適用する","href":"ref\/inssensor.perturb.html"},{"name":"rcsSignature.perturb","type":"method","fcntype":"instancemethod","refpurpose":"摂動をオブジェクトに適用する","href":"ref\/inssensor.perturb.html"},{"name":"sonarEmitter.perturb","type":"method","fcntype":"instancemethod","refpurpose":"摂動をオブジェクトに適用する","href":"ref\/inssensor.perturb.html"},{"name":"sonarSensor.perturb","type":"method","fcntype":"instancemethod","refpurpose":"摂動をオブジェクトに適用する","href":"ref\/inssensor.perturb.html"},{"name":"irSensor.perturb","type":"method","fcntype":"instancemethod","refpurpose":"摂動をオブジェクトに適用する","href":"ref\/inssensor.perturb.html"},{"name":"irSignature.perturb","type":"method","fcntype":"instancemethod","refpurpose":"摂動をオブジェクトに適用する","href":"ref\/inssensor.perturb.html"},{"name":"tsSignature.perturb","type":"method","fcntype":"instancemethod","refpurpose":"摂動をオブジェクトに適用する","href":"ref\/inssensor.perturb.html"},{"name":"geoTrajectory.perturb","type":"method","fcntype":"instancemethod","refpurpose":"摂動をオブジェクトに適用する","href":"ref\/inssensor.perturb.html"},{"name":"addAttribute","type":"function","fcntype":"instancemethod","refpurpose":"多重信号ワークフローのラベルの定義作成オブジェクトでのラベルまたはサブラベルへの属性の追加","href":"ref\/labeldefinitioncreatormultisignal.addattribute.html"},{"name":"labelDefinitionCreatorMultisignal.addAttribute","type":"method","fcntype":"instancemethod","refpurpose":"多重信号ワークフローのラベルの定義作成オブジェクトでのラベルまたはサブラベルへの属性の追加","href":"ref\/labeldefinitioncreatormultisignal.addattribute.html"},{"name":"Large Parking Lot","type":"scene","refpurpose":"大型駐車場の 3D 環境","href":"ref\/largeparkinglot.html"},{"name":"Lateral Controller Stanley","type":"block","refpurpose":"Stanley の手法を使用した、パス追従のための車両のステアリング角度の制御","href":"ref\/lateralcontrollerstanley.html"},{"name":"lateralControllerStanley","type":"function","fcntype":"simple","refpurpose":"Stanley の手法を使用した、パス追従のためのステアリング角度コマンドの計算","href":"ref\/lateralcontrollerstanleyfunction.html"},{"name":"latlon2local","type":"function","fcntype":"simple","refpurpose":"地理座標からローカル直交座標に変換","href":"ref\/latlon2local.html"},{"name":"local2latlon","type":"function","fcntype":"simple","refpurpose":"ローカル直交座標から地理座標への変換","href":"ref\/local2latlon.html"},{"name":"Longitudinal Controller Stanley","type":"block","refpurpose":"Stanley の手法を使用した、車両の縦方向速度の制御","href":"ref\/longitudinalcontrollerstanley.html"},{"name":"Muscle Car","type":"nonstandard","refpurpose":"マッスル カー車両の寸法","href":"ref\/musclecar.html"},{"name":"objectDetection","type":"function","fcntype":"constructor","refpurpose":"単一オブジェクトの検出のレポート","href":"ref\/objectdetection.html"},{"name":"objectDetection","type":"object","refpurpose":"単一オブジェクトの検出のレポート","href":"ref\/objectdetection.html"},{"name":"objectDetection.Time","type":"property","refpurpose":"検出時間","href":"ref\/objectdetection.html"},{"name":"objectDetection.Measurement","type":"property","refpurpose":"オブジェクト測定","href":"ref\/objectdetection.html"},{"name":"objectDetection.MeasurementNoise","type":"property","refpurpose":"測定ノイズ共分散","href":"ref\/objectdetection.html"},{"name":"objectDetection.SensorIndex","type":"property","refpurpose":"センサー識別子","href":"ref\/objectdetection.html"},{"name":"objectDetection.ObjectClassID","type":"property","refpurpose":"オブジェクト クラス識別子","href":"ref\/objectdetection.html"},{"name":"objectDetection.ObjectClassParameters","type":"property","refpurpose":"検出分類器のパラメーター","href":"ref\/objectdetection.html"},{"name":"objectDetection.MeasurementParameters","type":"property","refpurpose":"測定関数パラメーター","href":"ref\/objectdetection.html"},{"name":"objectDetection.ObjectAttributes","type":"property","refpurpose":"オブジェクト属性","href":"ref\/objectdetection.html"},{"name":"Open Surface","type":"scene","refpurpose":"開かれた路面の 3D 環境","href":"ref\/opensurface.html"},{"name":"Parking Lot","type":"scene","refpurpose":"駐車場の 3D 環境","href":"ref\/parkinglot.html"},{"name":"plan","type":"function","fcntype":"instancemethod","refpurpose":"RRT* パス プランナーを使用して車両パスを計画","href":"ref\/pathplannerrrt.plan.html"},{"name":"pathPlannerRRT.plan","type":"method","fcntype":"instancemethod","refpurpose":"RRT* パス プランナーを使用して車両パスを計画","href":"ref\/pathplannerrrt.plan.html"},{"name":"pathPlannerRRT","type":"function","fcntype":"constructor","refpurpose":"RRT* パス プランナーを構成","href":"ref\/pathplannerrrt.html"},{"name":"pathPlannerRRT","type":"object","refpurpose":"RRT* パス プランナーを構成","href":"ref\/pathplannerrrt.html"},{"name":"pathPlannerRRT.Costmap","type":"property","refpurpose":"車両環境のコストマップ","href":"ref\/pathplannerrrt.html"},{"name":"pathPlannerRRT.GoalTolerance","type":"property","refpurpose":"ゴール姿勢の許容誤差","href":"ref\/pathplannerrrt.html"},{"name":"pathPlannerRRT.GoalBias","type":"property","refpurpose":"ゴール姿勢を選択する確率","href":"ref\/pathplannerrrt.html"},{"name":"pathPlannerRRT.ConnectionMethod","type":"property","refpurpose":"姿勢の接続に使用する手法","href":"ref\/pathplannerrrt.html"},{"name":"pathPlannerRRT.ConnectionDistance","type":"property","refpurpose":"姿勢間の最大距離","href":"ref\/pathplannerrrt.html"},{"name":"pathPlannerRRT.MinTurningRadius","type":"property","refpurpose":"ビークルの最小回転半径","href":"ref\/pathplannerrrt.html"},{"name":"pathPlannerRRT.MinIterations","type":"property","refpurpose":"プランナーの最小反復回数","href":"ref\/pathplannerrrt.html"},{"name":"pathPlannerRRT.MaxIterations","type":"property","refpurpose":"プランナーの最大反復回数","href":"ref\/pathplannerrrt.html"},{"name":"pathPlannerRRT.ApproximateSearch","type":"property","refpurpose":"近似最近傍探索の有効化","href":"ref\/pathplannerrrt.html"},{"name":"angvel","type":"function","fcntype":"instancemethod","refpurpose":"quaternion 配列による角速度","href":"ref\/quaternion.angvel.html"},{"name":"quaternion.angvel","type":"method","fcntype":"instancemethod","refpurpose":"quaternion 配列による角速度","href":"ref\/quaternion.angvel.html"},{"name":"classUnderlying","type":"function","fcntype":"instancemethod","refpurpose":"quaternion の各部分のクラス","href":"ref\/quaternion.classunderlying.html"},{"name":"quaternion.classUnderlying","type":"method","fcntype":"instancemethod","refpurpose":"quaternion の各部分のクラス","href":"ref\/quaternion.classunderlying.html"},{"name":"compact","type":"function","fcntype":"instancemethod","refpurpose":"quaternion 配列を N 行 4 列の行列に変換","href":"ref\/quaternion.compact.html"},{"name":"quaternion.compact","type":"method","fcntype":"instancemethod","refpurpose":"quaternion 配列を N 行 4 列の行列に変換","href":"ref\/quaternion.compact.html"},{"name":"conj","type":"function","fcntype":"instancemethod","refpurpose":"四元数の複素共役","href":"ref\/quaternion.conj.html"},{"name":"quaternion.conj","type":"method","fcntype":"instancemethod","refpurpose":"四元数の複素共役","href":"ref\/quaternion.conj.html"},{"name":"ctranspose","type":"function","fcntype":"instancemethod","refpurpose":"quaternion 配列の複素共役転置","href":"ref\/quaternion.ctranspose.html"},{"name":"'","type":"function","fcntype":"instancemethod","refpurpose":"quaternion 配列の複素共役転置","href":"ref\/quaternion.ctranspose.html"},{"name":"quaternion.ctranspose","type":"method","fcntype":"instancemethod","refpurpose":"quaternion 配列の複素共役転置","href":"ref\/quaternion.ctranspose.html"},{"name":"dist","type":"function","fcntype":"instancemethod","refpurpose":"角距離 (ラジアン)","href":"ref\/quaternion.dist.html"},{"name":"quaternion.dist","type":"method","fcntype":"instancemethod","refpurpose":"角距離 (ラジアン)","href":"ref\/quaternion.dist.html"},{"name":"euler","type":"function","fcntype":"instancemethod","refpurpose":"四元数をオイラー角 (ラジアン) に変換","href":"ref\/quaternion.euler.html"},{"name":"quaternion.euler","type":"method","fcntype":"instancemethod","refpurpose":"四元数をオイラー角 (ラジアン) に変換","href":"ref\/quaternion.euler.html"},{"name":"eulerd","type":"function","fcntype":"instancemethod","refpurpose":"四元数をオイラー角 (度) に変換","href":"ref\/quaternion.eulerd.html"},{"name":"quaternion.eulerd","type":"method","fcntype":"instancemethod","refpurpose":"四元数をオイラー角 (度) に変換","href":"ref\/quaternion.eulerd.html"},{"name":"exp","type":"function","fcntype":"instancemethod","refpurpose":"quaternion 配列の指数","href":"ref\/quaternion.exp.html"},{"name":"quaternion.exp","type":"method","fcntype":"instancemethod","refpurpose":"quaternion 配列の指数","href":"ref\/quaternion.exp.html"},{"name":"interp1","type":"function","fcntype":"instancemethod","refpurpose":"四元数の内挿 (テーブル ルックアップ)","href":"ref\/quaternion.interp1.html"},{"name":"quaternion.interp1","type":"method","fcntype":"instancemethod","refpurpose":"四元数の内挿 (テーブル ルックアップ)","href":"ref\/quaternion.interp1.html"},{"name":"ldivide","type":"function","fcntype":"instancemethod","refpurpose":"要素単位の四元数の左除算","href":"ref\/quaternion.ldivide.html"},{"name":".\\","type":"function","fcntype":"instancemethod","refpurpose":"要素単位の四元数の左除算","href":"ref\/quaternion.ldivide.html"},{"name":"quaternion.ldivide","type":"method","fcntype":"instancemethod","refpurpose":"要素単位の四元数の左除算","href":"ref\/quaternion.ldivide.html"},{"name":"log","type":"function","fcntype":"instancemethod","refpurpose":"quaternion 配列の自然対数","href":"ref\/quaternion.log.html"},{"name":"quaternion.log","type":"method","fcntype":"instancemethod","refpurpose":"quaternion 配列の自然対数","href":"ref\/quaternion.log.html"},{"name":"meanrot","type":"function","fcntype":"instancemethod","refpurpose":"四元数の平均回転","href":"ref\/quaternion.meanrot.html"},{"name":"quaternion.meanrot","type":"method","fcntype":"instancemethod","refpurpose":"四元数の平均回転","href":"ref\/quaternion.meanrot.html"},{"name":"minus","type":"function","fcntype":"instancemethod","refpurpose":"四元数の減算","href":"ref\/quaternion.minus.html"},{"name":"-","type":"function","fcntype":"instancemethod","refpurpose":"四元数の減算","href":"ref\/quaternion.minus.html"},{"name":"quaternion.minus","type":"method","fcntype":"instancemethod","refpurpose":"四元数の減算","href":"ref\/quaternion.minus.html"},{"name":"mtimes","type":"function","fcntype":"instancemethod","refpurpose":"四元数の乗算","href":"ref\/quaternion.mtimes.html"},{"name":"*","type":"function","fcntype":"instancemethod","refpurpose":"四元数の乗算","href":"ref\/quaternion.mtimes.html"},{"name":"quaternion.mtimes","type":"method","fcntype":"instancemethod","refpurpose":"四元数の乗算","href":"ref\/quaternion.mtimes.html"},{"name":"ノルム","type":"function","fcntype":"instancemethod","refpurpose":"四元数のノルム","href":"ref\/quaternion.norm.html"},{"name":"quaternion.norm","type":"method","fcntype":"instancemethod","refpurpose":"四元数のノルム","href":"ref\/quaternion.norm.html"},{"name":"正規化","type":"function","fcntype":"instancemethod","refpurpose":"四元数正規化","href":"ref\/quaternion.normalize.html"},{"name":"quaternion.normalize","type":"method","fcntype":"instancemethod","refpurpose":"四元数正規化","href":"ref\/quaternion.normalize.html"},{"name":"ones","type":"function","fcntype":"instancemethod","refpurpose":"実数部が 1 に設定され、虚数部が 0 に設定された quaternion 配列を作成","href":"ref\/quaternion.ones.html"},{"name":"quaternion.ones","type":"method","fcntype":"instancemethod","refpurpose":"実数部が 1 に設定され、虚数部が 0 に設定された quaternion 配列を作成","href":"ref\/quaternion.ones.html"},{"name":"部分","type":"function","fcntype":"instancemethod","refpurpose":"四元数の各部分の抽出","href":"ref\/quaternion.parts.html"},{"name":"quaternion.parts","type":"method","fcntype":"instancemethod","refpurpose":"四元数の各部分の抽出","href":"ref\/quaternion.parts.html"},{"name":"power","type":"function","fcntype":"instancemethod","refpurpose":"要素単位の四元数のべき乗","href":"ref\/quaternion.power.html"},{"name":".^","type":"function","fcntype":"instancemethod","refpurpose":"要素単位の四元数のべき乗","href":"ref\/quaternion.power.html"},{"name":"quaternion.power","type":"method","fcntype":"instancemethod","refpurpose":"要素単位の四元数のべき乗","href":"ref\/quaternion.power.html"},{"name":"prod","type":"function","fcntype":"instancemethod","refpurpose":"quaternion 配列の積","href":"ref\/quaternion.prod.html"},{"name":"quaternion.prod","type":"method","fcntype":"instancemethod","refpurpose":"quaternion 配列の積","href":"ref\/quaternion.prod.html"},{"name":"randrot","type":"function","fcntype":"instancemethod","refpurpose":"一様分布のランダムな回転","href":"ref\/quaternion.randrot.html"},{"name":"quaternion.randrot","type":"method","fcntype":"instancemethod","refpurpose":"一様分布のランダムな回転","href":"ref\/quaternion.randrot.html"},{"name":"rdivide","type":"function","fcntype":"instancemethod","refpurpose":"要素単位の四元数の右除算","href":"ref\/quaternion.rdivide.html"},{"name":".\/","type":"function","fcntype":"instancemethod","refpurpose":"要素単位の四元数の右除算","href":"ref\/quaternion.rdivide.html"},{"name":"quaternion.rdivide","type":"method","fcntype":"instancemethod","refpurpose":"要素単位の四元数の右除算","href":"ref\/quaternion.rdivide.html"},{"name":"rotateframe","type":"function","fcntype":"instancemethod","refpurpose":"四元数の座標系の回転","href":"ref\/quaternion.rotateframe.html"},{"name":"quaternion.rotateframe","type":"method","fcntype":"instancemethod","refpurpose":"四元数の座標系の回転","href":"ref\/quaternion.rotateframe.html"},{"name":"rotatepoint","type":"function","fcntype":"instancemethod","refpurpose":"四元数の点の回転","href":"ref\/quaternion.rotatepoint.html"},{"name":"quaternion.rotatepoint","type":"method","fcntype":"instancemethod","refpurpose":"四元数の点の回転","href":"ref\/quaternion.rotatepoint.html"},{"name":"rotmat","type":"function","fcntype":"instancemethod","refpurpose":"四元数の回転行列への変換","href":"ref\/quaternion.rotmat.html"},{"name":"quaternion.rotmat","type":"method","fcntype":"instancemethod","refpurpose":"四元数の回転行列への変換","href":"ref\/quaternion.rotmat.html"},{"name":"rotvec","type":"function","fcntype":"instancemethod","refpurpose":"四元数の回転ベクトルへの変換 (ラジアン単位)","href":"ref\/quaternion.rotvec.html"},{"name":"quaternion.rotvec","type":"method","fcntype":"instancemethod","refpurpose":"四元数の回転ベクトルへの変換 (ラジアン単位)","href":"ref\/quaternion.rotvec.html"},{"name":"rotvecd","type":"function","fcntype":"instancemethod","refpurpose":"四元数の回転ベクトルへの変換 (度単位)","href":"ref\/quaternion.rotvecd.html"},{"name":"quaternion.rotvecd","type":"method","fcntype":"instancemethod","refpurpose":"四元数の回転ベクトルへの変換 (度単位)","href":"ref\/quaternion.rotvecd.html"},{"name":"slerp","type":"function","fcntype":"instancemethod","refpurpose":"球面線形内挿","href":"ref\/quaternion.slerp.html"},{"name":"quaternion.slerp","type":"method","fcntype":"instancemethod","refpurpose":"球面線形内挿","href":"ref\/quaternion.slerp.html"},{"name":"times","type":"function","fcntype":"instancemethod","refpurpose":"要素単位の四元数の乗算","href":"ref\/quaternion.times.html"},{"name":".*","type":"function","fcntype":"instancemethod","refpurpose":"要素単位の四元数の乗算","href":"ref\/quaternion.times.html"},{"name":"quaternion.times","type":"method","fcntype":"instancemethod","refpurpose":"要素単位の四元数の乗算","href":"ref\/quaternion.times.html"},{"name":"transpose","type":"function","fcntype":"instancemethod","refpurpose":"quaternion 配列の転置","href":"ref\/quaternion.transpose.html"},{"name":".'","type":"function","fcntype":"instancemethod","refpurpose":"quaternion 配列の転置","href":"ref\/quaternion.transpose.html"},{"name":"quaternion.transpose","type":"method","fcntype":"instancemethod","refpurpose":"quaternion 配列の転置","href":"ref\/quaternion.transpose.html"},{"name":"uminus","type":"function","fcntype":"instancemethod","refpurpose":"四元数の単項マイナス","href":"ref\/quaternion.uminus.html"},{"name":"-","type":"function","fcntype":"instancemethod","refpurpose":"四元数の単項マイナス","href":"ref\/quaternion.uminus.html"},{"name":"quaternion.uminus","type":"method","fcntype":"instancemethod","refpurpose":"四元数の単項マイナス","href":"ref\/quaternion.uminus.html"},{"name":"zeros","type":"function","fcntype":"instancemethod","refpurpose":"すべての部分が 0 に設定された quaternion 配列を作成","href":"ref\/quaternion.zeros.html"},{"name":"quaternion.zeros","type":"method","fcntype":"instancemethod","refpurpose":"すべての部分が 0 に設定された quaternion 配列を作成","href":"ref\/quaternion.zeros.html"},{"name":"quaternion","type":"function","fcntype":"constructor","refpurpose":"quaternion 配列の作成","href":"ref\/quaternion.html"},{"name":"quaternion","type":"object","refpurpose":"quaternion 配列の作成","href":"ref\/quaternion.html"},{"name":"roadrunner","type":"function","fcntype":"constructor","refpurpose":"MATLAB を使用した RoadRunner アプリケーションの起動","href":"ref\/roadrunner.html"},{"name":"roadrunner","type":"object","refpurpose":"MATLAB を使用した RoadRunner アプリケーションの起動","href":"ref\/roadrunner.html"},{"name":"roadrunner.ProjectFolder","type":"property","refpurpose":"RoadRunner プロジェクト フォルダーのパス","href":"ref\/roadrunner.html"},{"name":"roadrunner.InstallationFolder","type":"property","refpurpose":"ローカルの RoadRunner インストール フォルダーの場所","href":"ref\/roadrunner.html"},{"name":"roadrunner.NoDisplay","type":"property","refpurpose":"コンソール モードでの RoadRunner の起動","href":"ref\/roadrunner.html"},{"name":"roadrunner.Ports","type":"property","refpurpose":"指定された apiPort および cosimPort での RoadRunner の起動","href":"ref\/roadrunner.html"},{"name":"RoadRunner Scenario","type":"block","refpurpose":"Simulink アクター モデルのインターフェイスを定義する","href":"ref\/roadrunnerscenario.html"},{"name":"ScenarioSimulation","type":"object","refpurpose":"MATLAB の RoadRunner Scenario シミュレーションの作成、アクセス、および制御","href":"ref\/scenariosimulation.html"},{"name":"Sedan","type":"nonstandard","refpurpose":"セダン車両の寸法","href":"ref\/sedan.html"},{"name":"open","type":"function","fcntype":"instancemethod","refpurpose":"Unreal Editor を開く","href":"ref\/sim3d.editor.open.html"},{"name":"sim3d.Editor.open","type":"method","fcntype":"instancemethod","refpurpose":"Unreal Editor を開く","href":"ref\/sim3d.editor.open.html"},{"name":"sim3d.Editor","type":"function","fcntype":"constructor","refpurpose":"Unreal Engine プロジェクトへのインターフェイス","href":"ref\/sim3d.editor.html"},{"name":"sim3d.Editor","type":"object","refpurpose":"Unreal Engine プロジェクトへのインターフェイス","href":"ref\/sim3d.editor.html"},{"name":"sim3d.Editor.Uproject","type":"property","refpurpose":"プロジェクトのパスと名前","href":"ref\/sim3d.editor.html"},{"name":"Small Pickup Truck","type":"nonstandard","refpurpose":"小型ピックアップ トラック車両の寸法","href":"ref\/smallpickuptruck.html"},{"name":"smoothPathSpline","type":"function","fcntype":"simple","refpurpose":"3 次スプライン内挿を使用した滑らかな車両パス","href":"ref\/smoothpathspline.html"},{"name":"Sport Utility Vehicle","type":"nonstandard","refpurpose":"SUV の寸法","href":"ref\/sportutilityvehicle.html"},{"name":"Straight Road","type":"scene","refpurpose":"直線道路の 3D 環境","href":"ref\/straightroad.html"},{"name":"output","type":"function","fcntype":"instancemethod","refpurpose":"追跡ロジックの現在の状態を取得","href":"ref\/trackhistorylogic.output.html"},{"name":"trackHistoryLogic.output","type":"method","fcntype":"instancemethod","refpurpose":"追跡ロジックの現在の状態を取得","href":"ref\/trackhistorylogic.output.html"},{"name":"trackScoreLogic.output","type":"method","fcntype":"instancemethod","refpurpose":"追跡ロジックの現在の状態を取得","href":"ref\/trackhistorylogic.output.html"},{"name":"sync","type":"function","fcntype":"instancemethod","refpurpose":"複数の trackHistoryLogic オブジェクトの同期","href":"ref\/trackhistorylogic.sync.html"},{"name":"trackHistoryLogic.sync","type":"method","fcntype":"instancemethod","refpurpose":"複数の trackHistoryLogic オブジェクトの同期","href":"ref\/trackhistorylogic.sync.html"},{"name":"vehicleDetectorACF","type":"function","fcntype":"simple","refpurpose":"集約チャネル特徴を使用した車両検出器の読み込み","href":"ref\/vehicledetectoracf.html"},{"name":"vehicleDetectorFasterRCNN","type":"function","fcntype":"simple","refpurpose":"Faster R-CNN を使用した車両検出","href":"ref\/vehicledetectorfasterrcnn.html"},{"name":"vehicleDimensions","type":"function","fcntype":"constructor","refpurpose":"車両の寸法の保存","href":"ref\/vehicledimensions.html"},{"name":"vehicleDimensions","type":"object","refpurpose":"車両の寸法の保存","href":"ref\/vehicledimensions.html"},{"name":"vehicleDimensions.Length","type":"property","refpurpose":"車両の長さ","href":"ref\/vehicledimensions.html"},{"name":"vehicleDimensions.Width","type":"property","refpurpose":"車両の幅","href":"ref\/vehicledimensions.html"},{"name":"vehicleDimensions.Height","type":"property","refpurpose":"車両の高さ","href":"ref\/vehicledimensions.html"},{"name":"vehicleDimensions.FrontOverhang","type":"property","refpurpose":"車両のフロント オーバーハング","href":"ref\/vehicledimensions.html"},{"name":"vehicleDimensions.RearOverhang","type":"property","refpurpose":"車両のリア オーバーハング","href":"ref\/vehicledimensions.html"},{"name":"vehicleDimensions.Wheelbase","type":"property","refpurpose":"車軸間の距離","href":"ref\/vehicledimensions.html"},{"name":"vehicleDimensions.WorldUnits","type":"property","refpurpose":"測定単位","href":"ref\/vehicledimensions.html"},{"name":"Vehicle To World","type":"block","refpurpose":"自車座標からワールド座標へのアクターの変換","href":"ref\/vehicletoworld.html"},{"name":"Virtual Mcity","type":"scene","refpurpose":"Virtual Mcity の 3D 環境","href":"ref\/virtualmcity.html"},{"name":"World To Vehicle","type":"block","refpurpose":"ワールド座標から自車座標へのアクターの変換","href":"ref\/worldtovehicle.html"}]}