{"schema":"referenceapi_lookup_schema.json","schemaVersion":"1.0","docVersion":"doc25a.2968260.Bdoc25a.2967890.pass.r2025a","productName":"DSP System Toolbox","baseCode":"DS","helpFolder":"dsp","helpLocation":"dsp",  "refItems" : [{"name":"getAudioDevices","type":"function","fcntype":"instancemethod","refpurpose":"사용 가능한 오디오 장치 나열","href":"ref\/audiodevicewriter.getaudiodevices.html"},{"name":"audioDeviceWriter.getAudioDevices","type":"method","fcntype":"instancemethod","refpurpose":"사용 가능한 오디오 장치 나열","href":"ref\/audiodevicewriter.getaudiodevices.html"},{"name":"butter","type":"function","fcntype":"simple","refpurpose":"버터워스 IIR 디지털 필터 설계","href":"ref\/butter.html"},{"name":"cheby1","type":"function","fcntype":"simple","refpurpose":"사양 객체를 사용한 체비쇼프 유형 I 필터","href":"ref\/cheby1.html"},{"name":"cheby2","type":"function","fcntype":"simple","refpurpose":"사양 객체를 사용한 체비쇼프 유형 II 필터","href":"ref\/cheby2.html"},{"name":"Convolution","type":"block","refpurpose":"두 입력의 컨벌루션","href":"ref\/convolution.html"},{"name":"dfilt.delay","type":"function","fcntype":"simple","refpurpose":"지연 필터","href":"ref\/dfilt.delay.html"},{"name":"coeffs","type":"function","fcntype":"instancemethod","refpurpose":"필터 System object 계수를 구조체로 반환","href":"ref\/dsp.allpassfilter.coeffs.html"},{"name":"dsp.AllpassFilter.coeffs","type":"method","fcntype":"instancemethod","refpurpose":"필터 System object 계수를 구조체로 반환","href":"ref\/dsp.allpassfilter.coeffs.html"},{"name":"dsp.AllpoleFilter.coeffs","type":"method","fcntype":"instancemethod","refpurpose":"필터 System object 계수를 구조체로 반환","href":"ref\/dsp.allpassfilter.coeffs.html"},{"name":"dsp.CICCompensationDecimator.coeffs","type":"method","fcntype":"instancemethod","refpurpose":"필터 System object 계수를 구조체로 반환","href":"ref\/dsp.allpassfilter.coeffs.html"},{"name":"dsp.CICCompensationInterpolator.coeffs","type":"method","fcntype":"instancemethod","refpurpose":"필터 System object 계수를 구조체로 반환","href":"ref\/dsp.allpassfilter.coeffs.html"},{"name":"dsp.CoupledAllpassFilter.coeffs","type":"method","fcntype":"instancemethod","refpurpose":"필터 System object 계수를 구조체로 반환","href":"ref\/dsp.allpassfilter.coeffs.html"},{"name":"dsp.DCBlocker.coeffs","type":"method","fcntype":"instancemethod","refpurpose":"필터 System object 계수를 구조체로 반환","href":"ref\/dsp.allpassfilter.coeffs.html"},{"name":"dsp.Delay.coeffs","type":"method","fcntype":"instancemethod","refpurpose":"필터 System object 계수를 구조체로 반환","href":"ref\/dsp.allpassfilter.coeffs.html"},{"name":"dsp.Differentiator.coeffs","type":"method","fcntype":"instancemethod","refpurpose":"필터 System object 계수를 구조체로 반환","href":"ref\/dsp.allpassfilter.coeffs.html"},{"name":"dsp.FilterCascade.coeffs","type":"method","fcntype":"instancemethod","refpurpose":"필터 System object 계수를 구조체로 반환","href":"ref\/dsp.allpassfilter.coeffs.html"},{"name":"dsp.FIRDecimator.coeffs","type":"method","fcntype":"instancemethod","refpurpose":"필터 System object 계수를 구조체로 반환","href":"ref\/dsp.allpassfilter.coeffs.html"},{"name":"dsp.FIRFilter.coeffs","type":"method","fcntype":"instancemethod","refpurpose":"필터 System object 계수를 구조체로 반환","href":"ref\/dsp.allpassfilter.coeffs.html"},{"name":"dsp.FIRHalfbandDecimator.coeffs","type":"method","fcntype":"instancemethod","refpurpose":"필터 System object 계수를 구조체로 반환","href":"ref\/dsp.allpassfilter.coeffs.html"},{"name":"dsp.FIRHalfbandInterpolator.coeffs","type":"method","fcntype":"instancemethod","refpurpose":"필터 System object 계수를 구조체로 반환","href":"ref\/dsp.allpassfilter.coeffs.html"},{"name":"dsp.FIRInterpolator.coeffs","type":"method","fcntype":"instancemethod","refpurpose":"필터 System object 계수를 구조체로 반환","href":"ref\/dsp.allpassfilter.coeffs.html"},{"name":"dsp.FIRRateConverter.coeffs","type":"method","fcntype":"instancemethod","refpurpose":"필터 System object 계수를 구조체로 반환","href":"ref\/dsp.allpassfilter.coeffs.html"},{"name":"dsp.FourthOrderSectionFilter.coeffs","type":"method","fcntype":"instancemethod","refpurpose":"필터 System object 계수를 구조체로 반환","href":"ref\/dsp.allpassfilter.coeffs.html"},{"name":"dsp.HighpassFilter.coeffs","type":"method","fcntype":"instancemethod","refpurpose":"필터 System object 계수를 구조체로 반환","href":"ref\/dsp.allpassfilter.coeffs.html"},{"name":"dsp.IIRFilter.coeffs","type":"method","fcntype":"instancemethod","refpurpose":"필터 System object 계수를 구조체로 반환","href":"ref\/dsp.allpassfilter.coeffs.html"},{"name":"dsp.IIRHalfbandDecimator.coeffs","type":"method","fcntype":"instancemethod","refpurpose":"필터 System object 계수를 구조체로 반환","href":"ref\/dsp.allpassfilter.coeffs.html"},{"name":"dsp.IIRHalfbandInterpolator.coeffs","type":"method","fcntype":"instancemethod","refpurpose":"필터 System object 계수를 구조체로 반환","href":"ref\/dsp.allpassfilter.coeffs.html"},{"name":"dsp.LowpassFilter.coeffs","type":"method","fcntype":"instancemethod","refpurpose":"필터 System object 계수를 구조체로 반환","href":"ref\/dsp.allpassfilter.coeffs.html"},{"name":"dsp.NotchPeakFilter.coeffs","type":"method","fcntype":"instancemethod","refpurpose":"필터 System object 계수를 구조체로 반환","href":"ref\/dsp.allpassfilter.coeffs.html"},{"name":"dsp.ParallelFilter.coeffs","type":"method","fcntype":"instancemethod","refpurpose":"필터 System object 계수를 구조체로 반환","href":"ref\/dsp.allpassfilter.coeffs.html"},{"name":"dsp.SOSFilter.coeffs","type":"method","fcntype":"instancemethod","refpurpose":"필터 System object 계수를 구조체로 반환","href":"ref\/dsp.allpassfilter.coeffs.html"},{"name":"dsp.VariableBandwidthFIRFilter.coeffs","type":"method","fcntype":"instancemethod","refpurpose":"필터 System object 계수를 구조체로 반환","href":"ref\/dsp.allpassfilter.coeffs.html"},{"name":"dsp.VariableBandwidthIIRFilter.coeffs","type":"method","fcntype":"instancemethod","refpurpose":"필터 System object 계수를 구조체로 반환","href":"ref\/dsp.allpassfilter.coeffs.html"},{"name":"dsp.VariableFIRDecimator.coeffs","type":"method","fcntype":"instancemethod","refpurpose":"필터 System object 계수를 구조체로 반환","href":"ref\/dsp.allpassfilter.coeffs.html"},{"name":"dsp.VariableFIRInterpolator.coeffs","type":"method","fcntype":"instancemethod","refpurpose":"필터 System object 계수를 구조체로 반환","href":"ref\/dsp.allpassfilter.coeffs.html"},{"name":"fvtool","type":"function","fcntype":"instancemethod","refpurpose":"(제거될 예정임) DSP 필터의 주파수 응답 시각화","deprecated":"true","href":"ref\/dsp.allpassfilter.fvtool.html"},{"name":"dsp.AllpassFilter.fvtool","type":"method","fcntype":"instancemethod","refpurpose":"(제거될 예정임) DSP 필터의 주파수 응답 시각화","deprecated":"true","href":"ref\/dsp.allpassfilter.fvtool.html"},{"name":"dsp.AllpoleFilter.fvtool","type":"method","fcntype":"instancemethod","refpurpose":"(제거될 예정임) DSP 필터의 주파수 응답 시각화","deprecated":"true","href":"ref\/dsp.allpassfilter.fvtool.html"},{"name":"dsp.CICCompensationDecimator.fvtool","type":"method","fcntype":"instancemethod","refpurpose":"(제거될 예정임) DSP 필터의 주파수 응답 시각화","deprecated":"true","href":"ref\/dsp.allpassfilter.fvtool.html"},{"name":"dsp.CICCompensationInterpolator.fvtool","type":"method","fcntype":"instancemethod","refpurpose":"(제거될 예정임) DSP 필터의 주파수 응답 시각화","deprecated":"true","href":"ref\/dsp.allpassfilter.fvtool.html"},{"name":"dsp.CICDecimator.fvtool","type":"method","fcntype":"instancemethod","refpurpose":"(제거될 예정임) DSP 필터의 주파수 응답 시각화","deprecated":"true","href":"ref\/dsp.allpassfilter.fvtool.html"},{"name":"dsp.CICInterpolator.fvtool","type":"method","fcntype":"instancemethod","refpurpose":"(제거될 예정임) DSP 필터의 주파수 응답 시각화","deprecated":"true","href":"ref\/dsp.allpassfilter.fvtool.html"},{"name":"dsp.DCBlocker.fvtool","type":"method","fcntype":"instancemethod","refpurpose":"(제거될 예정임) DSP 필터의 주파수 응답 시각화","deprecated":"true","href":"ref\/dsp.allpassfilter.fvtool.html"},{"name":"dsp.Delay.fvtool","type":"method","fcntype":"instancemethod","refpurpose":"(제거될 예정임) DSP 필터의 주파수 응답 시각화","deprecated":"true","href":"ref\/dsp.allpassfilter.fvtool.html"},{"name":"dsp.Differentiator.fvtool","type":"method","fcntype":"instancemethod","refpurpose":"(제거될 예정임) DSP 필터의 주파수 응답 시각화","deprecated":"true","href":"ref\/dsp.allpassfilter.fvtool.html"},{"name":"dsp.FarrowRateConverter.fvtool","type":"method","fcntype":"instancemethod","refpurpose":"(제거될 예정임) DSP 필터의 주파수 응답 시각화","deprecated":"true","href":"ref\/dsp.allpassfilter.fvtool.html"},{"name":"dsp.FilterCascade.fvtool","type":"method","fcntype":"instancemethod","refpurpose":"(제거될 예정임) DSP 필터의 주파수 응답 시각화","deprecated":"true","href":"ref\/dsp.allpassfilter.fvtool.html"},{"name":"dsp.FIRDecimator.fvtool","type":"method","fcntype":"instancemethod","refpurpose":"(제거될 예정임) DSP 필터의 주파수 응답 시각화","deprecated":"true","href":"ref\/dsp.allpassfilter.fvtool.html"},{"name":"dsp.FIRFilter.fvtool","type":"method","fcntype":"instancemethod","refpurpose":"(제거될 예정임) DSP 필터의 주파수 응답 시각화","deprecated":"true","href":"ref\/dsp.allpassfilter.fvtool.html"},{"name":"dsp.FIRHalfbandDecimator.fvtool","type":"method","fcntype":"instancemethod","refpurpose":"(제거될 예정임) DSP 필터의 주파수 응답 시각화","deprecated":"true","href":"ref\/dsp.allpassfilter.fvtool.html"},{"name":"dsp.FIRHalfbandInterpolator.fvtool","type":"method","fcntype":"instancemethod","refpurpose":"(제거될 예정임) DSP 필터의 주파수 응답 시각화","deprecated":"true","href":"ref\/dsp.allpassfilter.fvtool.html"},{"name":"dsp.FIRInterpolator.fvtool","type":"method","fcntype":"instancemethod","refpurpose":"(제거될 예정임) DSP 필터의 주파수 응답 시각화","deprecated":"true","href":"ref\/dsp.allpassfilter.fvtool.html"},{"name":"dsp.FIRRateConverter.fvtool","type":"method","fcntype":"instancemethod","refpurpose":"(제거될 예정임) DSP 필터의 주파수 응답 시각화","deprecated":"true","href":"ref\/dsp.allpassfilter.fvtool.html"},{"name":"dsp.FourthOrderSectionFilter.fvtool","type":"method","fcntype":"instancemethod","refpurpose":"(제거될 예정임) DSP 필터의 주파수 응답 시각화","deprecated":"true","href":"ref\/dsp.allpassfilter.fvtool.html"},{"name":"dsp.HighpassFilter.fvtool","type":"method","fcntype":"instancemethod","refpurpose":"(제거될 예정임) DSP 필터의 주파수 응답 시각화","deprecated":"true","href":"ref\/dsp.allpassfilter.fvtool.html"},{"name":"dsp.IIRFilter.fvtool","type":"method","fcntype":"instancemethod","refpurpose":"(제거될 예정임) DSP 필터의 주파수 응답 시각화","deprecated":"true","href":"ref\/dsp.allpassfilter.fvtool.html"},{"name":"dsp.IIRHalfbandDecimator.fvtool","type":"method","fcntype":"instancemethod","refpurpose":"(제거될 예정임) DSP 필터의 주파수 응답 시각화","deprecated":"true","href":"ref\/dsp.allpassfilter.fvtool.html"},{"name":"dsp.IIRHalfbandInterpolator.fvtool","type":"method","fcntype":"instancemethod","refpurpose":"(제거될 예정임) DSP 필터의 주파수 응답 시각화","deprecated":"true","href":"ref\/dsp.allpassfilter.fvtool.html"},{"name":"dsp.LowpassFilter.fvtool","type":"method","fcntype":"instancemethod","refpurpose":"(제거될 예정임) DSP 필터의 주파수 응답 시각화","deprecated":"true","href":"ref\/dsp.allpassfilter.fvtool.html"},{"name":"dsp.NotchPeakFilter.fvtool","type":"method","fcntype":"instancemethod","refpurpose":"(제거될 예정임) DSP 필터의 주파수 응답 시각화","deprecated":"true","href":"ref\/dsp.allpassfilter.fvtool.html"},{"name":"dsp.ParallelFilter.fvtool","type":"method","fcntype":"instancemethod","refpurpose":"(제거될 예정임) DSP 필터의 주파수 응답 시각화","deprecated":"true","href":"ref\/dsp.allpassfilter.fvtool.html"},{"name":"dsp.SOSFilter.fvtool","type":"method","fcntype":"instancemethod","refpurpose":"(제거될 예정임) DSP 필터의 주파수 응답 시각화","deprecated":"true","href":"ref\/dsp.allpassfilter.fvtool.html"},{"name":"dsp.VariableBandwidthFIRFilter.fvtool","type":"method","fcntype":"instancemethod","refpurpose":"(제거될 예정임) DSP 필터의 주파수 응답 시각화","deprecated":"true","href":"ref\/dsp.allpassfilter.fvtool.html"},{"name":"dsp.VariableBandwidthIIRFilter.fvtool","type":"method","fcntype":"instancemethod","refpurpose":"(제거될 예정임) DSP 필터의 주파수 응답 시각화","deprecated":"true","href":"ref\/dsp.allpassfilter.fvtool.html"},{"name":"order","type":"function","fcntype":"instancemethod","refpurpose":"이산시간 필터 System object의 차수","href":"ref\/dsp.allpassfilter.order.html"},{"name":"dsp.AllpassFilter.order","type":"method","fcntype":"instancemethod","refpurpose":"이산시간 필터 System object의 차수","href":"ref\/dsp.allpassfilter.order.html"},{"name":"dsp.AllpoleFilter.order","type":"method","fcntype":"instancemethod","refpurpose":"이산시간 필터 System object의 차수","href":"ref\/dsp.allpassfilter.order.html"},{"name":"dsp.Channelizer.order","type":"method","fcntype":"instancemethod","refpurpose":"이산시간 필터 System object의 차수","href":"ref\/dsp.allpassfilter.order.html"},{"name":"dsp.CICCompensationDecimator.order","type":"method","fcntype":"instancemethod","refpurpose":"이산시간 필터 System object의 차수","href":"ref\/dsp.allpassfilter.order.html"},{"name":"dsp.CICCompensationInterpolator.order","type":"method","fcntype":"instancemethod","refpurpose":"이산시간 필터 System object의 차수","href":"ref\/dsp.allpassfilter.order.html"},{"name":"dsp.CICDecimator.order","type":"method","fcntype":"instancemethod","refpurpose":"이산시간 필터 System object의 차수","href":"ref\/dsp.allpassfilter.order.html"},{"name":"dsp.CICInterpolator.order","type":"method","fcntype":"instancemethod","refpurpose":"이산시간 필터 System object의 차수","href":"ref\/dsp.allpassfilter.order.html"},{"name":"dsp.CoupledAllpassFilter.order","type":"method","fcntype":"instancemethod","refpurpose":"이산시간 필터 System object의 차수","href":"ref\/dsp.allpassfilter.order.html"},{"name":"dsp.DCBlocker.order","type":"method","fcntype":"instancemethod","refpurpose":"이산시간 필터 System object의 차수","href":"ref\/dsp.allpassfilter.order.html"},{"name":"dsp.Delay.order","type":"method","fcntype":"instancemethod","refpurpose":"이산시간 필터 System object의 차수","href":"ref\/dsp.allpassfilter.order.html"},{"name":"dsp.Differentiator.order","type":"method","fcntype":"instancemethod","refpurpose":"이산시간 필터 System object의 차수","href":"ref\/dsp.allpassfilter.order.html"},{"name":"dsp.FarrowRateConverter.order","type":"method","fcntype":"instancemethod","refpurpose":"이산시간 필터 System object의 차수","href":"ref\/dsp.allpassfilter.order.html"},{"name":"dsp.FilterCascade.order","type":"method","fcntype":"instancemethod","refpurpose":"이산시간 필터 System object의 차수","href":"ref\/dsp.allpassfilter.order.html"},{"name":"dsp.FIRDecimator.order","type":"method","fcntype":"instancemethod","refpurpose":"이산시간 필터 System object의 차수","href":"ref\/dsp.allpassfilter.order.html"},{"name":"dsp.FIRFilter.order","type":"method","fcntype":"instancemethod","refpurpose":"이산시간 필터 System object의 차수","href":"ref\/dsp.allpassfilter.order.html"},{"name":"dsp.FIRHalfbandDecimator.order","type":"method","fcntype":"instancemethod","refpurpose":"이산시간 필터 System object의 차수","href":"ref\/dsp.allpassfilter.order.html"},{"name":"dsp.FIRHalfbandInterpolator.order","type":"method","fcntype":"instancemethod","refpurpose":"이산시간 필터 System object의 차수","href":"ref\/dsp.allpassfilter.order.html"},{"name":"dsp.FIRInterpolator.order","type":"method","fcntype":"instancemethod","refpurpose":"이산시간 필터 System object의 차수","href":"ref\/dsp.allpassfilter.order.html"},{"name":"dsp.FIRRateConverter.order","type":"method","fcntype":"instancemethod","refpurpose":"이산시간 필터 System object의 차수","href":"ref\/dsp.allpassfilter.order.html"},{"name":"dsp.FourthOrderSectionFilter.order","type":"method","fcntype":"instancemethod","refpurpose":"이산시간 필터 System object의 차수","href":"ref\/dsp.allpassfilter.order.html"},{"name":"dsp.HighpassFilter.order","type":"method","fcntype":"instancemethod","refpurpose":"이산시간 필터 System object의 차수","href":"ref\/dsp.allpassfilter.order.html"},{"name":"dsp.IIRFilter.order","type":"method","fcntype":"instancemethod","refpurpose":"이산시간 필터 System object의 차수","href":"ref\/dsp.allpassfilter.order.html"},{"name":"dsp.IIRHalfbandDecimator.order","type":"method","fcntype":"instancemethod","refpurpose":"이산시간 필터 System object의 차수","href":"ref\/dsp.allpassfilter.order.html"},{"name":"dsp.IIRHalfbandInterpolator.order","type":"method","fcntype":"instancemethod","refpurpose":"이산시간 필터 System object의 차수","href":"ref\/dsp.allpassfilter.order.html"},{"name":"dsp.LowpassFilter.order","type":"method","fcntype":"instancemethod","refpurpose":"이산시간 필터 System object의 차수","href":"ref\/dsp.allpassfilter.order.html"},{"name":"dsp.NotchPeakFilter.order","type":"method","fcntype":"instancemethod","refpurpose":"이산시간 필터 System object의 차수","href":"ref\/dsp.allpassfilter.order.html"},{"name":"dsp.ParallelFilter.order","type":"method","fcntype":"instancemethod","refpurpose":"이산시간 필터 System object의 차수","href":"ref\/dsp.allpassfilter.order.html"},{"name":"dsp.SOSFilter.order","type":"method","fcntype":"instancemethod","refpurpose":"이산시간 필터 System object의 차수","href":"ref\/dsp.allpassfilter.order.html"},{"name":"dsp.VariableBandwidthFIRFilter.order","type":"method","fcntype":"instancemethod","refpurpose":"이산시간 필터 System object의 차수","href":"ref\/dsp.allpassfilter.order.html"},{"name":"dsp.VariableBandwidthIIRFilter.order","type":"method","fcntype":"instancemethod","refpurpose":"이산시간 필터 System object의 차수","href":"ref\/dsp.allpassfilter.order.html"},{"name":"dsp.VariableFIRDecimator.order","type":"method","fcntype":"instancemethod","refpurpose":"이산시간 필터 System object의 차수","href":"ref\/dsp.allpassfilter.order.html"},{"name":"dsp.VariableFIRInterpolator.order","type":"method","fcntype":"instancemethod","refpurpose":"이산시간 필터 System object의 차수","href":"ref\/dsp.allpassfilter.order.html"},{"name":"tf","type":"function","fcntype":"instancemethod","refpurpose":"이산시간 필터 System object를 전달 함수로 변환","href":"ref\/dsp.allpassfilter.tf.html"},{"name":"dsp.AllpassFilter.tf","type":"method","fcntype":"instancemethod","refpurpose":"이산시간 필터 System object를 전달 함수로 변환","href":"ref\/dsp.allpassfilter.tf.html"},{"name":"dsp.AllpoleFilter.tf","type":"method","fcntype":"instancemethod","refpurpose":"이산시간 필터 System object를 전달 함수로 변환","href":"ref\/dsp.allpassfilter.tf.html"},{"name":"dsp.CICCompensationDecimator.tf","type":"method","fcntype":"instancemethod","refpurpose":"이산시간 필터 System object를 전달 함수로 변환","href":"ref\/dsp.allpassfilter.tf.html"},{"name":"dsp.CICCompensationInterpolator.tf","type":"method","fcntype":"instancemethod","refpurpose":"이산시간 필터 System object를 전달 함수로 변환","href":"ref\/dsp.allpassfilter.tf.html"},{"name":"dsp.CICDecimator.tf","type":"method","fcntype":"instancemethod","refpurpose":"이산시간 필터 System object를 전달 함수로 변환","href":"ref\/dsp.allpassfilter.tf.html"},{"name":"dsp.CICInterpolator.tf","type":"method","fcntype":"instancemethod","refpurpose":"이산시간 필터 System object를 전달 함수로 변환","href":"ref\/dsp.allpassfilter.tf.html"},{"name":"dsp.CoupledAllpassFilter.tf","type":"method","fcntype":"instancemethod","refpurpose":"이산시간 필터 System object를 전달 함수로 변환","href":"ref\/dsp.allpassfilter.tf.html"},{"name":"dsp.DCBlocker.tf","type":"method","fcntype":"instancemethod","refpurpose":"이산시간 필터 System object를 전달 함수로 변환","href":"ref\/dsp.allpassfilter.tf.html"},{"name":"dsp.Delay.tf","type":"method","fcntype":"instancemethod","refpurpose":"이산시간 필터 System object를 전달 함수로 변환","href":"ref\/dsp.allpassfilter.tf.html"},{"name":"dsp.Differentiator.tf","type":"method","fcntype":"instancemethod","refpurpose":"이산시간 필터 System object를 전달 함수로 변환","href":"ref\/dsp.allpassfilter.tf.html"},{"name":"dsp.FarrowRateConverter.tf","type":"method","fcntype":"instancemethod","refpurpose":"이산시간 필터 System object를 전달 함수로 변환","href":"ref\/dsp.allpassfilter.tf.html"},{"name":"dsp.FilterCascade.tf","type":"method","fcntype":"instancemethod","refpurpose":"이산시간 필터 System object를 전달 함수로 변환","href":"ref\/dsp.allpassfilter.tf.html"},{"name":"dsp.FIRDecimator.tf","type":"method","fcntype":"instancemethod","refpurpose":"이산시간 필터 System object를 전달 함수로 변환","href":"ref\/dsp.allpassfilter.tf.html"},{"name":"dsp.FIRFilter.tf","type":"method","fcntype":"instancemethod","refpurpose":"이산시간 필터 System object를 전달 함수로 변환","href":"ref\/dsp.allpassfilter.tf.html"},{"name":"dsp.FIRHalfbandDecimator.tf","type":"method","fcntype":"instancemethod","refpurpose":"이산시간 필터 System object를 전달 함수로 변환","href":"ref\/dsp.allpassfilter.tf.html"},{"name":"dsp.FIRHalfbandInterpolator.tf","type":"method","fcntype":"instancemethod","refpurpose":"이산시간 필터 System object를 전달 함수로 변환","href":"ref\/dsp.allpassfilter.tf.html"},{"name":"dsp.FIRInterpolator.tf","type":"method","fcntype":"instancemethod","refpurpose":"이산시간 필터 System object를 전달 함수로 변환","href":"ref\/dsp.allpassfilter.tf.html"},{"name":"dsp.FIRRateConverter.tf","type":"method","fcntype":"instancemethod","refpurpose":"이산시간 필터 System object를 전달 함수로 변환","href":"ref\/dsp.allpassfilter.tf.html"},{"name":"dsp.FourthOrderSectionFilter.tf","type":"method","fcntype":"instancemethod","refpurpose":"이산시간 필터 System object를 전달 함수로 변환","href":"ref\/dsp.allpassfilter.tf.html"},{"name":"dsp.HighpassFilter.tf","type":"method","fcntype":"instancemethod","refpurpose":"이산시간 필터 System object를 전달 함수로 변환","href":"ref\/dsp.allpassfilter.tf.html"},{"name":"dsp.IIRFilter.tf","type":"method","fcntype":"instancemethod","refpurpose":"이산시간 필터 System object를 전달 함수로 변환","href":"ref\/dsp.allpassfilter.tf.html"},{"name":"dsp.IIRHalfbandDecimator.tf","type":"method","fcntype":"instancemethod","refpurpose":"이산시간 필터 System object를 전달 함수로 변환","href":"ref\/dsp.allpassfilter.tf.html"},{"name":"dsp.IIRHalfbandInterpolator.tf","type":"method","fcntype":"instancemethod","refpurpose":"이산시간 필터 System object를 전달 함수로 변환","href":"ref\/dsp.allpassfilter.tf.html"},{"name":"dsp.LowpassFilter.tf","type":"method","fcntype":"instancemethod","refpurpose":"이산시간 필터 System object를 전달 함수로 변환","href":"ref\/dsp.allpassfilter.tf.html"},{"name":"dsp.ParallelFilter.tf","type":"method","fcntype":"instancemethod","refpurpose":"이산시간 필터 System object를 전달 함수로 변환","href":"ref\/dsp.allpassfilter.tf.html"},{"name":"dsp.SOSFilter.tf","type":"method","fcntype":"instancemethod","refpurpose":"이산시간 필터 System object를 전달 함수로 변환","href":"ref\/dsp.allpassfilter.tf.html"},{"name":"dsp.VariableBandwidthFIRFilter.tf","type":"method","fcntype":"instancemethod","refpurpose":"이산시간 필터 System object를 전달 함수로 변환","href":"ref\/dsp.allpassfilter.tf.html"},{"name":"dsp.VariableBandwidthIIRFilter.tf","type":"method","fcntype":"instancemethod","refpurpose":"이산시간 필터 System object를 전달 함수로 변환","href":"ref\/dsp.allpassfilter.tf.html"},{"name":"dsp.VariableFIRDecimator.tf","type":"method","fcntype":"instancemethod","refpurpose":"이산시간 필터 System object를 전달 함수로 변환","href":"ref\/dsp.allpassfilter.tf.html"},{"name":"dsp.VariableFIRInterpolator.tf","type":"method","fcntype":"instancemethod","refpurpose":"이산시간 필터 System object를 전달 함수로 변환","href":"ref\/dsp.allpassfilter.tf.html"},{"name":"zpk","type":"function","fcntype":"instancemethod","refpurpose":"이산시간 필터 System object의 영점-극점-이득 변환","href":"ref\/dsp.allpassfilter.zpk.html"},{"name":"dsp.AllpassFilter.zpk","type":"method","fcntype":"instancemethod","refpurpose":"이산시간 필터 System object의 영점-극점-이득 변환","href":"ref\/dsp.allpassfilter.zpk.html"},{"name":"dsp.AllpoleFilter.zpk","type":"method","fcntype":"instancemethod","refpurpose":"이산시간 필터 System object의 영점-극점-이득 변환","href":"ref\/dsp.allpassfilter.zpk.html"},{"name":"dsp.CICCompensationDecimator.zpk","type":"method","fcntype":"instancemethod","refpurpose":"이산시간 필터 System object의 영점-극점-이득 변환","href":"ref\/dsp.allpassfilter.zpk.html"},{"name":"dsp.CICCompensationInterpolator.zpk","type":"method","fcntype":"instancemethod","refpurpose":"이산시간 필터 System object의 영점-극점-이득 변환","href":"ref\/dsp.allpassfilter.zpk.html"},{"name":"dsp.CICDecimator.zpk","type":"method","fcntype":"instancemethod","refpurpose":"이산시간 필터 System object의 영점-극점-이득 변환","href":"ref\/dsp.allpassfilter.zpk.html"},{"name":"dsp.CICInterpolator.zpk","type":"method","fcntype":"instancemethod","refpurpose":"이산시간 필터 System object의 영점-극점-이득 변환","href":"ref\/dsp.allpassfilter.zpk.html"},{"name":"dsp.CoupledAllpassFilter.zpk","type":"method","fcntype":"instancemethod","refpurpose":"이산시간 필터 System object의 영점-극점-이득 변환","href":"ref\/dsp.allpassfilter.zpk.html"},{"name":"dsp.DCBlocker.zpk","type":"method","fcntype":"instancemethod","refpurpose":"이산시간 필터 System object의 영점-극점-이득 변환","href":"ref\/dsp.allpassfilter.zpk.html"},{"name":"dsp.Differentiator.zpk","type":"method","fcntype":"instancemethod","refpurpose":"이산시간 필터 System object의 영점-극점-이득 변환","href":"ref\/dsp.allpassfilter.zpk.html"},{"name":"dsp.FarrowRateConverter.zpk","type":"method","fcntype":"instancemethod","refpurpose":"이산시간 필터 System object의 영점-극점-이득 변환","href":"ref\/dsp.allpassfilter.zpk.html"},{"name":"dsp.FilterCascade.zpk","type":"method","fcntype":"instancemethod","refpurpose":"이산시간 필터 System object의 영점-극점-이득 변환","href":"ref\/dsp.allpassfilter.zpk.html"},{"name":"dsp.FIRDecimator.zpk","type":"method","fcntype":"instancemethod","refpurpose":"이산시간 필터 System object의 영점-극점-이득 변환","href":"ref\/dsp.allpassfilter.zpk.html"},{"name":"dsp.FIRFilter.zpk","type":"method","fcntype":"instancemethod","refpurpose":"이산시간 필터 System object의 영점-극점-이득 변환","href":"ref\/dsp.allpassfilter.zpk.html"},{"name":"dsp.FIRHalfbandDecimator.zpk","type":"method","fcntype":"instancemethod","refpurpose":"이산시간 필터 System object의 영점-극점-이득 변환","href":"ref\/dsp.allpassfilter.zpk.html"},{"name":"dsp.FIRHalfbandInterpolator.zpk","type":"method","fcntype":"instancemethod","refpurpose":"이산시간 필터 System object의 영점-극점-이득 변환","href":"ref\/dsp.allpassfilter.zpk.html"},{"name":"dsp.FIRInterpolator.zpk","type":"method","fcntype":"instancemethod","refpurpose":"이산시간 필터 System object의 영점-극점-이득 변환","href":"ref\/dsp.allpassfilter.zpk.html"},{"name":"dsp.FIRRateConverter.zpk","type":"method","fcntype":"instancemethod","refpurpose":"이산시간 필터 System object의 영점-극점-이득 변환","href":"ref\/dsp.allpassfilter.zpk.html"},{"name":"dsp.FourthOrderSectionFilter.zpk","type":"method","fcntype":"instancemethod","refpurpose":"이산시간 필터 System object의 영점-극점-이득 변환","href":"ref\/dsp.allpassfilter.zpk.html"},{"name":"dsp.HighpassFilter.zpk","type":"method","fcntype":"instancemethod","refpurpose":"이산시간 필터 System object의 영점-극점-이득 변환","href":"ref\/dsp.allpassfilter.zpk.html"},{"name":"dsp.IIRFilter.zpk","type":"method","fcntype":"instancemethod","refpurpose":"이산시간 필터 System object의 영점-극점-이득 변환","href":"ref\/dsp.allpassfilter.zpk.html"},{"name":"dsp.IIRHalfbandDecimator.zpk","type":"method","fcntype":"instancemethod","refpurpose":"이산시간 필터 System object의 영점-극점-이득 변환","href":"ref\/dsp.allpassfilter.zpk.html"},{"name":"dsp.IIRHalfbandInterpolator.zpk","type":"method","fcntype":"instancemethod","refpurpose":"이산시간 필터 System object의 영점-극점-이득 변환","href":"ref\/dsp.allpassfilter.zpk.html"},{"name":"dsp.LowpassFilter.zpk","type":"method","fcntype":"instancemethod","refpurpose":"이산시간 필터 System object의 영점-극점-이득 변환","href":"ref\/dsp.allpassfilter.zpk.html"},{"name":"dsp.NotchPeakFilter.zpk","type":"method","fcntype":"instancemethod","refpurpose":"이산시간 필터 System object의 영점-극점-이득 변환","href":"ref\/dsp.allpassfilter.zpk.html"},{"name":"dsp.ParallelFilter.zpk","type":"method","fcntype":"instancemethod","refpurpose":"이산시간 필터 System object의 영점-극점-이득 변환","href":"ref\/dsp.allpassfilter.zpk.html"},{"name":"dsp.VariableBandwidthFIRFilter.zpk","type":"method","fcntype":"instancemethod","refpurpose":"이산시간 필터 System object의 영점-극점-이득 변환","href":"ref\/dsp.allpassfilter.zpk.html"},{"name":"dsp.VariableBandwidthIIRFilter.zpk","type":"method","fcntype":"instancemethod","refpurpose":"이산시간 필터 System object의 영점-극점-이득 변환","href":"ref\/dsp.allpassfilter.zpk.html"},{"name":"dsp.VariableFIRDecimator.zpk","type":"method","fcntype":"instancemethod","refpurpose":"이산시간 필터 System object의 영점-극점-이득 변환","href":"ref\/dsp.allpassfilter.zpk.html"},{"name":"dsp.VariableFIRInterpolator.zpk","type":"method","fcntype":"instancemethod","refpurpose":"이산시간 필터 System object의 영점-극점-이득 변환","href":"ref\/dsp.allpassfilter.zpk.html"},{"name":"zplane","type":"function","fcntype":"instancemethod","refpurpose":"이산시간 필터 System object에 대한 z 평면 영점-극점 플로팅","href":"ref\/dsp.allpassfilter.zplane.html"},{"name":"dsp.AllpassFilter.zplane","type":"method","fcntype":"instancemethod","refpurpose":"이산시간 필터 System object에 대한 z 평면 영점-극점 플로팅","href":"ref\/dsp.allpassfilter.zplane.html"},{"name":"dsp.AllpoleFilter.zplane","type":"method","fcntype":"instancemethod","refpurpose":"이산시간 필터 System object에 대한 z 평면 영점-극점 플로팅","href":"ref\/dsp.allpassfilter.zplane.html"},{"name":"dsp.Channelizer.zplane","type":"method","fcntype":"instancemethod","refpurpose":"이산시간 필터 System object에 대한 z 평면 영점-극점 플로팅","href":"ref\/dsp.allpassfilter.zplane.html"},{"name":"dsp.CICCompensationDecimator.zplane","type":"method","fcntype":"instancemethod","refpurpose":"이산시간 필터 System object에 대한 z 평면 영점-극점 플로팅","href":"ref\/dsp.allpassfilter.zplane.html"},{"name":"dsp.CICCompensationInterpolator.zplane","type":"method","fcntype":"instancemethod","refpurpose":"이산시간 필터 System object에 대한 z 평면 영점-극점 플로팅","href":"ref\/dsp.allpassfilter.zplane.html"},{"name":"dsp.CICDecimator.zplane","type":"method","fcntype":"instancemethod","refpurpose":"이산시간 필터 System object에 대한 z 평면 영점-극점 플로팅","href":"ref\/dsp.allpassfilter.zplane.html"},{"name":"dsp.CICInterpolator.zplane","type":"method","fcntype":"instancemethod","refpurpose":"이산시간 필터 System object에 대한 z 평면 영점-극점 플로팅","href":"ref\/dsp.allpassfilter.zplane.html"},{"name":"dsp.CoupledAllpassFilter.zplane","type":"method","fcntype":"instancemethod","refpurpose":"이산시간 필터 System object에 대한 z 평면 영점-극점 플로팅","href":"ref\/dsp.allpassfilter.zplane.html"},{"name":"dsp.DCBlocker.zplane","type":"method","fcntype":"instancemethod","refpurpose":"이산시간 필터 System object에 대한 z 평면 영점-극점 플로팅","href":"ref\/dsp.allpassfilter.zplane.html"},{"name":"dsp.Delay.zplane","type":"method","fcntype":"instancemethod","refpurpose":"이산시간 필터 System object에 대한 z 평면 영점-극점 플로팅","href":"ref\/dsp.allpassfilter.zplane.html"},{"name":"dsp.Differentiator.zplane","type":"method","fcntype":"instancemethod","refpurpose":"이산시간 필터 System object에 대한 z 평면 영점-극점 플로팅","href":"ref\/dsp.allpassfilter.zplane.html"},{"name":"dsp.FarrowRateConverter.zplane","type":"method","fcntype":"instancemethod","refpurpose":"이산시간 필터 System object에 대한 z 평면 영점-극점 플로팅","href":"ref\/dsp.allpassfilter.zplane.html"},{"name":"dsp.FilterCascade.zplane","type":"method","fcntype":"instancemethod","refpurpose":"이산시간 필터 System object에 대한 z 평면 영점-극점 플로팅","href":"ref\/dsp.allpassfilter.zplane.html"},{"name":"dsp.FIRDecimator.zplane","type":"method","fcntype":"instancemethod","refpurpose":"이산시간 필터 System object에 대한 z 평면 영점-극점 플로팅","href":"ref\/dsp.allpassfilter.zplane.html"},{"name":"dsp.FIRFilter.zplane","type":"method","fcntype":"instancemethod","refpurpose":"이산시간 필터 System object에 대한 z 평면 영점-극점 플로팅","href":"ref\/dsp.allpassfilter.zplane.html"},{"name":"dsp.FIRHalfbandDecimator.zplane","type":"method","fcntype":"instancemethod","refpurpose":"이산시간 필터 System object에 대한 z 평면 영점-극점 플로팅","href":"ref\/dsp.allpassfilter.zplane.html"},{"name":"dsp.FIRHalfbandInterpolator.zplane","type":"method","fcntype":"instancemethod","refpurpose":"이산시간 필터 System object에 대한 z 평면 영점-극점 플로팅","href":"ref\/dsp.allpassfilter.zplane.html"},{"name":"dsp.FIRInterpolator.zplane","type":"method","fcntype":"instancemethod","refpurpose":"이산시간 필터 System object에 대한 z 평면 영점-극점 플로팅","href":"ref\/dsp.allpassfilter.zplane.html"},{"name":"dsp.FIRRateConverter.zplane","type":"method","fcntype":"instancemethod","refpurpose":"이산시간 필터 System object에 대한 z 평면 영점-극점 플로팅","href":"ref\/dsp.allpassfilter.zplane.html"},{"name":"dsp.FourthOrderSectionFilter.zplane","type":"method","fcntype":"instancemethod","refpurpose":"이산시간 필터 System object에 대한 z 평면 영점-극점 플로팅","href":"ref\/dsp.allpassfilter.zplane.html"},{"name":"dsp.HighpassFilter.zplane","type":"method","fcntype":"instancemethod","refpurpose":"이산시간 필터 System object에 대한 z 평면 영점-극점 플로팅","href":"ref\/dsp.allpassfilter.zplane.html"},{"name":"dsp.IIRFilter.zplane","type":"method","fcntype":"instancemethod","refpurpose":"이산시간 필터 System object에 대한 z 평면 영점-극점 플로팅","href":"ref\/dsp.allpassfilter.zplane.html"},{"name":"dsp.IIRHalfbandDecimator.zplane","type":"method","fcntype":"instancemethod","refpurpose":"이산시간 필터 System object에 대한 z 평면 영점-극점 플로팅","href":"ref\/dsp.allpassfilter.zplane.html"},{"name":"dsp.IIRHalfbandInterpolator.zplane","type":"method","fcntype":"instancemethod","refpurpose":"이산시간 필터 System object에 대한 z 평면 영점-극점 플로팅","href":"ref\/dsp.allpassfilter.zplane.html"},{"name":"dsp.LowpassFilter.zplane","type":"method","fcntype":"instancemethod","refpurpose":"이산시간 필터 System object에 대한 z 평면 영점-극점 플로팅","href":"ref\/dsp.allpassfilter.zplane.html"},{"name":"dsp.NotchPeakFilter.zplane","type":"method","fcntype":"instancemethod","refpurpose":"이산시간 필터 System object에 대한 z 평면 영점-극점 플로팅","href":"ref\/dsp.allpassfilter.zplane.html"},{"name":"dsp.ParallelFilter.zplane","type":"method","fcntype":"instancemethod","refpurpose":"이산시간 필터 System object에 대한 z 평면 영점-극점 플로팅","href":"ref\/dsp.allpassfilter.zplane.html"},{"name":"dsp.SOSFilter.zplane","type":"method","fcntype":"instancemethod","refpurpose":"이산시간 필터 System object에 대한 z 평면 영점-극점 플로팅","href":"ref\/dsp.allpassfilter.zplane.html"},{"name":"dsp.VariableBandwidthFIRFilter.zplane","type":"method","fcntype":"instancemethod","refpurpose":"이산시간 필터 System object에 대한 z 평면 영점-극점 플로팅","href":"ref\/dsp.allpassfilter.zplane.html"},{"name":"dsp.VariableBandwidthIIRFilter.zplane","type":"method","fcntype":"instancemethod","refpurpose":"이산시간 필터 System object에 대한 z 평면 영점-극점 플로팅","href":"ref\/dsp.allpassfilter.zplane.html"},{"name":"dsp.VariableFIRDecimator.zplane","type":"method","fcntype":"instancemethod","refpurpose":"이산시간 필터 System object에 대한 z 평면 영점-극점 플로팅","href":"ref\/dsp.allpassfilter.zplane.html"},{"name":"dsp.VariableFIRInterpolator.zplane","type":"method","fcntype":"instancemethod","refpurpose":"이산시간 필터 System object에 대한 z 평면 영점-극점 플로팅","href":"ref\/dsp.allpassfilter.zplane.html"},{"name":"tf","type":"function","fcntype":"instancemethod","refpurpose":"전체 프로토타입 저역통과 필터의 전달 함수 반환","href":"ref\/dsp.channelizer.tf.html"},{"name":"dsp.Channelizer.tf","type":"method","fcntype":"instancemethod","refpurpose":"전체 프로토타입 저역통과 필터의 전달 함수 반환","href":"ref\/dsp.channelizer.tf.html"},{"name":"dsp.ChannelSynthesizer.tf","type":"method","fcntype":"instancemethod","refpurpose":"전체 프로토타입 저역통과 필터의 전달 함수 반환","href":"ref\/dsp.channelizer.tf.html"},{"name":"dsp.DCBlocker","type":"function","fcntype":"constructor","refpurpose":"입력 신호에서 DC 성분(오프셋) 차단","href":"ref\/dsp.dcblocker-system-object.html"},{"name":"dsp.DCBlocker","type":"sysobj","refpurpose":"입력 신호에서 DC 성분(오프셋) 차단","href":"ref\/dsp.dcblocker-system-object.html"},{"name":"dsp.DCBlocker.Algorithm","type":"property","refpurpose":"DC 오프셋 추정을 위한 알고리즘","href":"ref\/dsp.dcblocker-system-object.html"},{"name":"dsp.DCBlocker.NormalizedBandwidth","type":"property","refpurpose":"저역통과 IIR 또는 CIC 필터의 정규화된 대역폭","href":"ref\/dsp.dcblocker-system-object.html"},{"name":"dsp.DCBlocker.Order","type":"property","refpurpose":"저역통과 IIR 타원 필터의 차수","href":"ref\/dsp.dcblocker-system-object.html"},{"name":"dsp.DCBlocker.Length","type":"property","refpurpose":"FIR 알고리즘에서 사용되는 과거 입력 샘플 수","href":"ref\/dsp.dcblocker-system-object.html"},{"name":"tf","type":"function","fcntype":"instancemethod","refpurpose":"전달 함수","href":"ref\/dsp.notchpeakfilter.tf.html"},{"name":"dsp.NotchPeakFilter.tf","type":"method","fcntype":"instancemethod","refpurpose":"전달 함수","href":"ref\/dsp.notchpeakfilter.tf.html"},{"name":"dsplib","type":"function","fcntype":"simple","refpurpose":"DSP System Toolbox 최상위 라이브러리 열기","href":"ref\/dsplib.html"},{"name":"DWT","type":"block","refpurpose":"입력의 이산 웨이블릿 변환을 계산하거나 신호를 대역폭이 더 작고 샘플 레이트가 더 느린 서브대역으로 분해합니다.","href":"ref\/dwt.html"},{"name":"ellip","type":"function","fcntype":"simple","refpurpose":"사양 객체를 사용한 타원 필터","href":"ref\/ellip.html"},{"name":"Filter Builder","type":"app","refpurpose":"원하는 주파수 사양과 크기 사양을 선택해 필터를 설계합니다(filterBuilder)","href":"ref\/filterbuilder-app.html"},{"name":"filterBuilder","type":"function","fcntype":"applauncher","refpurpose":"원하는 주파수 사양과 크기 사양을 선택해 필터를 설계합니다(filterBuilder)","href":"ref\/filterbuilder-app.html"},{"name":"filterDesigner","type":"function","fcntype":"simple","refpurpose":"필터 디자이너 앱 열기","href":"ref\/filterdesigner.html"},{"name":"iirnotch","type":"function","fcntype":"simple","refpurpose":"(제거될 예정임) 2차 IIR 노치 필터","deprecated":"true","href":"ref\/iirnotch.html"},{"name":"int","type":"function","fcntype":"simple","refpurpose":"CIC 필터 상태","href":"ref\/int.html"},{"name":"lagrange","type":"function","fcntype":"simple","refpurpose":"fdesign.fracdelay 사양 객체의 분수 지연 필터","href":"ref\/lagrange.html"},{"name":"Logic Analyzer","type":"app","refpurpose":"시간의 경과에 따른 천이 및 상태를 시각화, 측정, 분석","href":"ref\/logicanalyzer-app.html"},{"name":"LU Inverse","type":"block","refpurpose":"LU 분해를 사용하여 정사각 행렬의 역행렬 계산","href":"ref\/luinverse.html"},{"name":"Matrix Exponential","type":"block","refpurpose":"행렬 지수 계산","href":"ref\/matrixexponential.html"},{"name":"Sample and Hold","type":"block","refpurpose":"입력 신호에 대해 샘플 앤 홀드 수행","href":"ref\/sampleandhold.html"},{"name":"Wavelet Scattering","type":"block","refpurpose":"Simulink에서 웨이블릿 산란 신경망 모델링","href":"ref\/waveletscattering.html"},{"name":"window","type":"function","fcntype":"simple","refpurpose":"윈도우가 적용된 임펄스 응답을 사용하는 FIR 필터","href":"ref\/window.html"}]}