{"schema":"referenceapi_lookup_schema.json","schemaVersion":"1.0","docVersion":"doc25a.2968260.Bdoc25a.2967890.pass.r2025a","productName":"Fixed-Point Designer","baseCode":"PO","helpFolder":"fixedpoint","helpLocation":"fixedpoint",  "refItems" : [{"name":"fi","type":"properties","refpurpose":"Dateneigenschaften des fi-Objekts","href":"ref\/embedded.fi-properties.html"},{"name":"embedded.fi","type":"properties","refpurpose":"Dateneigenschaften des fi-Objekts","href":"ref\/embedded.fi-properties.html"},{"name":"embedded.fi.bin","type":"property","refpurpose":"Gespeicherter Integerwert des fi-Objekts","href":"ref\/embedded.fi-properties.html"},{"name":"embedded.fi.data","type":"property","refpurpose":"Numerischer Echtwelt-Wert des fi-Objekts","href":"ref\/embedded.fi-properties.html"},{"name":"embedded.fi.dec","type":"property","refpurpose":"Gespeicherter Integerwert des fi-Objekts","href":"ref\/embedded.fi-properties.html"},{"name":"embedded.fi.double","type":"property","refpurpose":"Echtwelt-Wert des fi-Objekts","href":"ref\/embedded.fi-properties.html"},{"name":"embedded.fi.hex","type":"property","refpurpose":"Gespeicherter Integerwert des fi-Objekts","href":"ref\/embedded.fi-properties.html"},{"name":"embedded.fi.int","type":"property","refpurpose":"Gespeicherter Integerwert des fi-Objekts","href":"ref\/embedded.fi-properties.html"},{"name":"embedded.fi.oct","type":"property","refpurpose":"Gespeicherter Integerwert des fi-Objekts","href":"ref\/embedded.fi-properties.html"},{"name":"embedded.fi.Value","type":"property","refpurpose":"Echtwelt-Wert mit Full-Precision des fi-Objekts","href":"ref\/embedded.fi-properties.html"},{"name":"lowerbound","type":"function","fcntype":"instancemethod","refpurpose":"Untergrenze des Bereichs eines fi-Objekts","href":"ref\/embedded.fi.lowerbound.html"},{"name":"embedded.fi.lowerbound","type":"method","fcntype":"instancemethod","refpurpose":"Untergrenze des Bereichs eines fi-Objekts","href":"ref\/embedded.fi.lowerbound.html"},{"name":"for","type":"function","fcntype":"simple","refpurpose":"for-Schleife, die eine bestimmte Anzahl mal wiederholt wird","href":"ref\/for.html"},{"name":"int","type":"function","fcntype":"simple","refpurpose":"Abrufen des gespeicherten Integerwerts eines fi-Objekts","href":"ref\/int.html"},{"name":"isdouble","type":"function","fcntype":"simple","refpurpose":"Bestimmen, ob es sich bei der Eingabe um einen Datentyp mit doppelter Genauigkeit handelt","href":"ref\/isdouble.html"},{"name":"numel","type":"function","fcntype":"simple","refpurpose":"Anzahl der Datenelemente im fi-Array","href":"ref\/numel.html"}]}