{"schema":"referenceapi_lookup_schema.json","schemaVersion":"1.0","docVersion":"doc25a.2968260.Bdoc25a.2967890.pass.r2025a","productName":"Fixed-Point Designer","baseCode":"PO","helpFolder":"fixedpoint","helpLocation":"fixedpoint",  "refItems" : [{"name":"bin2num","type":"function","fcntype":"simple","refpurpose":"Convertir una cadena binaria de complemento a dos en un número utilizando el objeto quantizer","href":"ref\/bin2num.html"},{"name":"bitsll","type":"function","fcntype":"simple","refpurpose":"Desplazamiento lógico de bits hacia la izquierda","href":"ref\/bitsll.html"},{"name":"bitsra","type":"function","fcntype":"simple","refpurpose":"Desplazamiento aritmético de bits hacia la derecha","href":"ref\/bitsra.html"},{"name":"ceil","type":"function","fcntype":"simple","refpurpose":"Redondea hacia infinito positivo","href":"ref\/ceil.html"},{"name":"conv","type":"function","fcntype":"simple","refpurpose":"Convolución y multiplicación polinómica de objetos fi","href":"ref\/conv.html"},{"name":"fi","type":"properties","refpurpose":"Propiedades de datos del objeto fi","href":"ref\/embedded.fi-properties.html"},{"name":"embedded.fi","type":"properties","refpurpose":"Propiedades de datos del objeto fi","href":"ref\/embedded.fi-properties.html"},{"name":"embedded.fi.bin","type":"property","refpurpose":"Valor entero almacenado del objeto fi","href":"ref\/embedded.fi-properties.html"},{"name":"embedded.fi.data","type":"property","refpurpose":"Valor numérico real del objeto fi","href":"ref\/embedded.fi-properties.html"},{"name":"embedded.fi.dec","type":"property","refpurpose":"Valor entero almacenado del objeto fi","href":"ref\/embedded.fi-properties.html"},{"name":"embedded.fi.double","type":"property","refpurpose":"Valor real del objeto fi","href":"ref\/embedded.fi-properties.html"},{"name":"embedded.fi.hex","type":"property","refpurpose":"Valor entero almacenado del objeto fi","href":"ref\/embedded.fi-properties.html"},{"name":"embedded.fi.int","type":"property","refpurpose":"Valor entero almacenado del objeto fi","href":"ref\/embedded.fi-properties.html"},{"name":"embedded.fi.oct","type":"property","refpurpose":"Valor entero almacenado del objeto fi","href":"ref\/embedded.fi-properties.html"},{"name":"embedded.fi.Value","type":"property","refpurpose":"Valor real de precisión completa del objeto fi","href":"ref\/embedded.fi-properties.html"},{"name":"bin","type":"function","fcntype":"instancemethod","refpurpose":"Representación binaria sin signo del entero almacenado del objeto fi","href":"ref\/embedded.fi.bin.html"},{"name":"embedded.fi.bin","type":"method","fcntype":"instancemethod","refpurpose":"Representación binaria sin signo del entero almacenado del objeto fi","href":"ref\/embedded.fi.bin.html"},{"name":"dec","type":"function","fcntype":"instancemethod","refpurpose":"Representación decimal sin signo del entero almacenado del objeto fi","href":"ref\/embedded.fi.dec.html"},{"name":"embedded.fi.dec","type":"method","fcntype":"instancemethod","refpurpose":"Representación decimal sin signo del entero almacenado del objeto fi","href":"ref\/embedded.fi.dec.html"},{"name":"getmsb","type":"function","fcntype":"instancemethod","refpurpose":"Bit más significativo","href":"ref\/embedded.fi.getmsb.html"},{"name":"embedded.fi.getmsb","type":"method","fcntype":"instancemethod","refpurpose":"Bit más significativo","href":"ref\/embedded.fi.getmsb.html"},{"name":"lowerbound","type":"function","fcntype":"instancemethod","refpurpose":"Límite inferior del rango del objeto fi","href":"ref\/embedded.fi.lowerbound.html"},{"name":"embedded.fi.lowerbound","type":"method","fcntype":"instancemethod","refpurpose":"Límite inferior del rango del objeto fi","href":"ref\/embedded.fi.lowerbound.html"},{"name":"mrdivide","type":"function","fcntype":"instancemethod","refpurpose":"División derecha de matrices","href":"ref\/embedded.fi.mrdivide.html"},{"name":"\/","type":"function","fcntype":"instancemethod","refpurpose":"División derecha de matrices","href":"ref\/embedded.fi.mrdivide.html"},{"name":"embedded.fi.mrdivide","type":"method","fcntype":"instancemethod","refpurpose":"División derecha de matrices","href":"ref\/embedded.fi.mrdivide.html"},{"name":"times","type":"function","fcntype":"instancemethod","refpurpose":"Multiplicación elemento por elemento de objetos fi","href":"ref\/embedded.fi.times.html"},{"name":".*","type":"function","fcntype":"instancemethod","refpurpose":"Multiplicación elemento por elemento de objetos fi","href":"ref\/embedded.fi.times.html"},{"name":"embedded.fi.times","type":"method","fcntype":"instancemethod","refpurpose":"Multiplicación elemento por elemento de objetos fi","href":"ref\/embedded.fi.times.html"},{"name":"tostring","type":"function","fcntype":"instancemethod","refpurpose":"Convertir un objeto fi, fimath, numerictype o quantizer en una cadena","href":"ref\/embedded.fi.tostring.html"},{"name":"embedded.fi.tostring","type":"method","fcntype":"instancemethod","refpurpose":"Convertir un objeto fi, fimath, numerictype o quantizer en una cadena","href":"ref\/embedded.fi.tostring.html"},{"name":"fi","type":"function","fcntype":"constructor","refpurpose":"Crear un objeto numérico de punto fijo","href":"ref\/embedded.fi.html"},{"name":"embedded.fi","type":"object","refpurpose":"Crear un objeto numérico de punto fijo","href":"ref\/embedded.fi.html"},{"name":"quantize","type":"function","fcntype":"instancemethod","refpurpose":"Cuantizar datos numéricos mediante el objeto quantizer","href":"ref\/embedded.quantizer.quantize.html"},{"name":"embedded.quantizer.quantize","type":"method","fcntype":"instancemethod","refpurpose":"Cuantizar datos numéricos mediante el objeto quantizer","href":"ref\/embedded.quantizer.quantize.html"},{"name":"eps","type":"function","fcntype":"simple","refpurpose":"Precisión relativa cuantizada para objetos fi o quantizer","href":"ref\/eps.html"},{"name":"fix","type":"function","fcntype":"simple","refpurpose":"Redondeo hacia cero","href":"ref\/fix.html"},{"name":"fixed.Interval","type":"function","fcntype":"constructor","refpurpose":"Definir el intervalo de valores","href":"ref\/fixed.interval.html"},{"name":"fixed.Interval","type":"object","refpurpose":"Definir el intervalo de valores","href":"ref\/fixed.interval.html"},{"name":"fixed.Interval.LeftEnd","type":"property","refpurpose":"Extremo izquierdo del intervalo","href":"ref\/fixed.interval.html"},{"name":"fixed.Interval.RightEnd","type":"property","refpurpose":"Extremo derecho del intervalo","href":"ref\/fixed.interval.html"},{"name":"fixed.Interval.IsLeftClosed","type":"property","refpurpose":"Si el extremo izquierdo del intervalo está cerrado","href":"ref\/fixed.interval.html"},{"name":"fixed.Interval.IsRightClosed","type":"property","refpurpose":"Si el extremo derecho del intervalo está cerrado","href":"ref\/fixed.interval.html"},{"name":"floor","type":"function","fcntype":"simple","refpurpose":"Redondeo hacia infinito negativo","href":"ref\/floor.html"},{"name":"for","type":"function","fcntype":"simple","refpurpose":"Bucle for para repetir el número de veces especificado","href":"ref\/for.html"},{"name":"FunctionApproximation.Problem.solve","type":"method","fcntype":"instancemethod","refpurpose":"Método solve para una solución optimizada el problema de aproximación de funciones","href":"ref\/functionapproximation.problem.solve.html"},{"name":"pow10","type":"function","fcntype":"instancemethod","refpurpose":"Elevar a la potencia de base 10 y escalar números de media precisión","href":"ref\/half.pow10.html"},{"name":"half.pow10","type":"method","fcntype":"instancemethod","refpurpose":"Elevar a la potencia de base 10 y escalar números de media precisión","href":"ref\/half.pow10.html"},{"name":"Hyperbolic Tangent HDL Optimized","type":"block","refpurpose":"Calcular la tangente hiperbólica basada en CORDIC y generar código HDL optimizado","href":"ref\/hyperbolictangenthdloptimized.html"},{"name":"int","type":"function","fcntype":"simple","refpurpose":"Obtener el valor entero almacenado de un objeto fi","href":"ref\/int.html"},{"name":"intmax","type":"function","fcntype":"simple","refpurpose":"Valor entero positivo almacenado más grande representable mediante numerictype de un objeto fi","href":"ref\/intmax.html"},{"name":"isboolean","type":"function","fcntype":"simple","refpurpose":"Determinar si la entrada es booleana","href":"ref\/isboolean.html"},{"name":"isdouble","type":"function","fcntype":"simple","refpurpose":"Determinar si la entrada es un tipo de datos de precisión doble","href":"ref\/isdouble.html"},{"name":"mat2str","type":"function","fcntype":"simple","refpurpose":"Convertir matriz en cadena","href":"ref\/mat2str.html"},{"name":"mean","type":"function","fcntype":"simple","refpurpose":"Media o promedio de un arreglo de punto fijo","href":"ref\/mean.html"},{"name":"nearest","type":"function","fcntype":"simple","refpurpose":"Redondear hacia el entero más cercano con los empates redondeando hacia infinito positivo","href":"ref\/nearest.html"},{"name":"num2str","type":"function","fcntype":"simple","refpurpose":"Convertir números a arreglo de caracteres","href":"ref\/num2str.html"},{"name":"numel","type":"function","fcntype":"simple","refpurpose":"Número de elementos de datos en un arreglo fi","href":"ref\/numel.html"},{"name":"Single Precision Converter","type":"tool","refpurpose":"Convertir un sistema de precisión doble en uno de precisión simple","href":"ref\/singleprecisionconverter.html"},{"name":"sum","type":"function","fcntype":"simple","refpurpose":"Suma de elementos del arreglo fi","href":"ref\/sum.html"},{"name":"upperbound","type":"function","fcntype":"simple","refpurpose":"Límite superior del rango del objeto fi","href":"ref\/upperbound.html"}]}