{"schema":"referenceapi_lookup_schema.json","schemaVersion":"1.0","docVersion":"doc25a.2968260.Bdoc25a.2967890.pass.r2025a","productName":"Fixed-Point Designer","baseCode":"PO","helpFolder":"fixedpoint","helpLocation":"fixedpoint",  "refItems" : [{"name":"atan2","type":"function","fcntype":"simple","refpurpose":"고정소수점 값의 4사분면 역탄젠트","href":"ref\/atan2.html"},{"name":"bin2num","type":"function","fcntype":"simple","refpurpose":"quantizer 객체를 사용하여 2의 보수 이진 문자열을 숫자로 변환","href":"ref\/bin2num.html"},{"name":"bitand","type":"function","fcntype":"simple","refpurpose":"두 fi 객체의 비트별 AND","href":"ref\/bitand.html"},{"name":"bitcmp","type":"function","fcntype":"simple","refpurpose":"fi 객체의 비트별 보수","href":"ref\/bitcmp.html"},{"name":"bitconcat","type":"function","fcntype":"simple","refpurpose":"fi 객체의 비트 결합","href":"ref\/bitconcat.html"},{"name":"bitsliceget","type":"function","fcntype":"simple","refpurpose":"연속된 비트 슬라이스 가져오기","href":"ref\/bitsliceget.html"},{"name":"bitsll","type":"function","fcntype":"simple","refpurpose":"비트를 왼쪽으로 논리 시프트","href":"ref\/bitsll.html"},{"name":"bitsra","type":"function","fcntype":"simple","refpurpose":"비트를 오른쪽으로 산술 시프트","href":"ref\/bitsra.html"},{"name":"bitsrl","type":"function","fcntype":"simple","refpurpose":"비트를 오른쪽으로 논리 시프트","href":"ref\/bitsrl.html"},{"name":"cast","type":"function","fcntype":"simple","refpurpose":"변수를 다른 데이터형으로 형변환","href":"ref\/cast.html"},{"name":"ceil","type":"function","fcntype":"simple","refpurpose":"양수 무한대 방향으로 올림(Rounds toward positive infinity)","href":"ref\/ceil.html"},{"name":"ceilDiv","type":"function","fcntype":"simple","refpurpose":"나눗셈 결과를 양수 무한대 방향으로 올림","href":"ref\/ceildiv.html"},{"name":"coder.allowpcode","type":"function","fcntype":"simple","refpurpose":"P 코드 파일로부터 코드 생성","href":"ref\/coder.allowpcode.html"},{"name":"coder.ArrayType","type":"class","refpurpose":"입력 사양에 허용되는 MATLAB 배열 집합 표현","href":"ref\/coder.arraytype-class.html"},{"name":"coder.ArrayType.ClassName","type":"property","refpurpose":"값 클래스 이름","href":"ref\/coder.arraytype-class.html"},{"name":"coder.ArrayType.SizeVector","type":"property","refpurpose":"배열 크기의 상한","href":"ref\/coder.arraytype-class.html"},{"name":"coder.ArrayType.VariableDims","type":"property","refpurpose":"가변 크기를 지정하는 옵션","href":"ref\/coder.arraytype-class.html"},{"name":"coder.CellType.makeHeterogeneous","type":"method","fcntype":"instancemethod","refpurpose":"셀형 배열 유형에 대한 이종 복사본 만들기","href":"ref\/coder.celltype.makeheterogeneous.html"},{"name":"coder.ClassType","type":"class","refpurpose":"입력 사양에 허용되는 MATLAB 클래스 집합 표현","href":"ref\/coder.classtype-class.html"},{"name":"coder.config","type":"function","fcntype":"simple","refpurpose":"고정소수점 변환 또는 단정밀도 변환을 위한 구성 객체 생성","href":"ref\/coder.config.html"},{"name":"coder.extrinsic","type":"function","fcntype":"simple","refpurpose":"함수를 외재적 함수로 선언하고 MATLAB에서 실행","href":"ref\/coder.extrinsic.html"},{"name":"coder.FixPtConfig.clearDesignRangeSpecifications","type":"method","fcntype":"instancemethod","refpurpose":"모든 설계 범위 사양 지우기","href":"ref\/coder.fixptconfig.cleardesignrangespecifications.html"},{"name":"coder.ignoreConst","type":"function","fcntype":"simple","refpurpose":"표현식의 상수 값을 사용한 함수 특수화 금지","href":"ref\/coder.ignoreconst.html"},{"name":"coder.nullcopy","type":"function","fcntype":"simple","refpurpose":"생성 코드에서 초기화되지 않은 변수 선언하기","href":"ref\/coder.nullcopy.html"},{"name":"coder.PrimitiveType","type":"class","refpurpose":"입력 사양에 허용되는 논리형 배열, 숫자형 배열 또는 문자형 배열 집합 표현","href":"ref\/coder.primitivetype-class.html"},{"name":"coder.PrimitiveType.complex","type":"property","refpurpose":"복소수 값을 나타내는 옵션","href":"ref\/coder.primitivetype-class.html"},{"name":"coder.PrimitiveType.sparse","type":"property","refpurpose":"희소 데이터를 나타내는 옵션","href":"ref\/coder.primitivetype-class.html"},{"name":"coder.PrimitiveType.gpu","type":"property","refpurpose":"GPU 데이터를 나타내는 옵션","href":"ref\/coder.primitivetype-class.html"},{"name":"coder.resize","type":"function","fcntype":"simple","refpurpose":"coder.Type 객체의 크기 변경","href":"ref\/coder.resize.html"},{"name":"coder.StructType","type":"class","refpurpose":"입력 사양에 허용되는 MATLAB 구조체형 배열 집합 표현","href":"ref\/coder.structtype-class.html"},{"name":"coder.StructType.Alignment","type":"property","refpurpose":"런타임 메모리 정렬","href":"ref\/coder.structtype-class.html"},{"name":"coder.StructType.ClassName","type":"property","refpurpose":"값 클래스 이름","href":"ref\/coder.structtype-class.html"},{"name":"coder.StructType.Extern","type":"property","refpurpose":"구조체가 외부에서 정의되었는지 여부를 나타냄","href":"ref\/coder.structtype-class.html"},{"name":"coder.StructType.Fields","type":"property","refpurpose":"필드 유형","href":"ref\/coder.structtype-class.html"},{"name":"coder.StructType.HeaderFile","type":"property","refpurpose":"외부 헤더 파일 이름","href":"ref\/coder.structtype-class.html"},{"name":"coder.StructType.SizeVector","type":"property","refpurpose":"type 객체의 상한","href":"ref\/coder.structtype-class.html"},{"name":"coder.StructType.VariableDims","type":"property","refpurpose":"가변 크기를 지정하는 옵션","href":"ref\/coder.structtype-class.html"},{"name":"coder.Type","type":"class","refpurpose":"입력 사양에 허용되는 MATLAB 값 집합 표현","href":"ref\/coder.type-class.html"},{"name":"coder.Type.ClassName","type":"property","refpurpose":"값 클래스 이름","href":"ref\/coder.type-class.html"},{"name":"colon, :","type":"function","fcntype":"simple","refpurpose":"벡터 생성, 배열 첨자","href":"ref\/colon.html"},{"name":"complex","type":"function","fcntype":"simple","refpurpose":"실수부와 허수부에서 복소수 fi 객체 생성","href":"ref\/complex.html"},{"name":"conj","type":"function","fcntype":"simple","refpurpose":"fi 객체의 켤레 복소수","href":"ref\/conj.html"},{"name":"conv","type":"function","fcntype":"simple","refpurpose":"fi 객체의 컨벌루션과 다항식 곱셈","href":"ref\/conv.html"},{"name":"convergent","type":"function","fcntype":"simple","refpurpose":"가장 가까운 정수로 반올림(반올림 경계에 놓인 숫자면 가장 가까운 짝수로 반올림)","href":"ref\/convergent.html"},{"name":"CORDIC Sigmoid HDL Optimized","type":"block","refpurpose":"CORDIC 기반 시그모이드 활성화 계산 및 최적화된 HDL 코드 생성","href":"ref\/cordicsigmoidhdloptimized.html"},{"name":"ctranspose","type":"function","fcntype":"simple","refpurpose":"fi 객체의 켤레 복소수 전치","href":"ref\/ctranspose.html"},{"name":"results","type":"function","fcntype":"instancemethod","refpurpose":"converter 객체에서 선택된 시스템에 대한 결과 찾기","href":"ref\/datatypeworkflow.converter.results.html"},{"name":"DataTypeWorkflow.Converter.results","type":"method","fcntype":"instancemethod","refpurpose":"converter 객체에서 선택된 시스템에 대한 결과 찾기","href":"ref\/datatypeworkflow.converter.results.html"},{"name":"Divide by Constant and Round","type":"block","refpurpose":"입력값을 상수로 나누고 정수로 반올림","href":"ref\/dividebyconstantandround.html"},{"name":"double","type":"function","fcntype":"simple","refpurpose":"fi 객체의 배정밀도 부동소수점 실제 값","href":"ref\/double.html"},{"name":"fi","type":"properties","refpurpose":"fi 객체의 데이터 속성","href":"ref\/embedded.fi-properties.html"},{"name":"embedded.fi","type":"properties","refpurpose":"fi 객체의 데이터 속성","href":"ref\/embedded.fi-properties.html"},{"name":"embedded.fi.bin","type":"property","refpurpose":"fi 객체의 저장된 정수 값","href":"ref\/embedded.fi-properties.html"},{"name":"embedded.fi.data","type":"property","refpurpose":"fi 객체의 숫자형 실제 값","href":"ref\/embedded.fi-properties.html"},{"name":"embedded.fi.dec","type":"property","refpurpose":"fi 객체의 저장된 정수 값","href":"ref\/embedded.fi-properties.html"},{"name":"embedded.fi.double","type":"property","refpurpose":"fi 객체의 실제 값","href":"ref\/embedded.fi-properties.html"},{"name":"embedded.fi.hex","type":"property","refpurpose":"fi 객체의 저장된 정수 값","href":"ref\/embedded.fi-properties.html"},{"name":"embedded.fi.int","type":"property","refpurpose":"fi 객체의 저장된 정수 값","href":"ref\/embedded.fi-properties.html"},{"name":"embedded.fi.oct","type":"property","refpurpose":"fi 객체의 저장된 정수 값","href":"ref\/embedded.fi-properties.html"},{"name":"embedded.fi.Value","type":"property","refpurpose":"fi 객체의 최대 정밀도 실제 값","href":"ref\/embedded.fi-properties.html"},{"name":"bin","type":"function","fcntype":"instancemethod","refpurpose":"fi 객체의 저장된 정수에 대한 부호 없는 이진수 표현","href":"ref\/embedded.fi.bin.html"},{"name":"embedded.fi.bin","type":"method","fcntype":"instancemethod","refpurpose":"fi 객체의 저장된 정수에 대한 부호 없는 이진수 표현","href":"ref\/embedded.fi.bin.html"},{"name":"cos","type":"function","fcntype":"instancemethod","refpurpose":"fi 객체의 코사인(단위: 라디안)","href":"ref\/embedded.fi.cos.html"},{"name":"embedded.fi.cos","type":"method","fcntype":"instancemethod","refpurpose":"fi 객체의 코사인(단위: 라디안)","href":"ref\/embedded.fi.cos.html"},{"name":"dec2bin","type":"function","fcntype":"instancemethod","refpurpose":"fi 객체의 10진수 정수를 2진수 표현으로 변환","href":"ref\/embedded.fi.dec2bin.html"},{"name":"embedded.fi.dec2bin","type":"method","fcntype":"instancemethod","refpurpose":"fi 객체의 10진수 정수를 2진수 표현으로 변환","href":"ref\/embedded.fi.dec2bin.html"},{"name":"dec2hex","type":"function","fcntype":"instancemethod","refpurpose":"fi 객체에 대해 10진수 정수를 16진수 표현으로 변환","href":"ref\/embedded.fi.dec2hex.html"},{"name":"embedded.fi.dec2hex","type":"method","fcntype":"instancemethod","refpurpose":"fi 객체에 대해 10진수 정수를 16진수 표현으로 변환","href":"ref\/embedded.fi.dec2hex.html"},{"name":"dec","type":"function","fcntype":"instancemethod","refpurpose":"fi 객체의 저장된 정수에 대한 부호 없는 10진수 표현","href":"ref\/embedded.fi.dec.html"},{"name":"embedded.fi.dec","type":"method","fcntype":"instancemethod","refpurpose":"fi 객체의 저장된 정수에 대한 부호 없는 10진수 표현","href":"ref\/embedded.fi.dec.html"},{"name":"getlsb","type":"function","fcntype":"instancemethod","refpurpose":"최하위 비트","href":"ref\/embedded.fi.getlsb.html"},{"name":"embedded.fi.getlsb","type":"method","fcntype":"instancemethod","refpurpose":"최하위 비트","href":"ref\/embedded.fi.getlsb.html"},{"name":"getmsb","type":"function","fcntype":"instancemethod","refpurpose":"최상위 비트","href":"ref\/embedded.fi.getmsb.html"},{"name":"embedded.fi.getmsb","type":"method","fcntype":"instancemethod","refpurpose":"최상위 비트","href":"ref\/embedded.fi.getmsb.html"},{"name":"hex","type":"function","fcntype":"instancemethod","refpurpose":"fi 객체의 저장된 정수에 대한 16진수 표현","href":"ref\/embedded.fi.hex.html"},{"name":"embedded.fi.hex","type":"method","fcntype":"instancemethod","refpurpose":"fi 객체의 저장된 정수에 대한 16진수 표현","href":"ref\/embedded.fi.hex.html"},{"name":"lowerbound","type":"function","fcntype":"instancemethod","refpurpose":"fi 객체 범위의 하한","href":"ref\/embedded.fi.lowerbound.html"},{"name":"embedded.fi.lowerbound","type":"method","fcntype":"instancemethod","refpurpose":"fi 객체 범위의 하한","href":"ref\/embedded.fi.lowerbound.html"},{"name":"minus","type":"function","fcntype":"instancemethod","refpurpose":"fi 객체 간의 행렬 차이","href":"ref\/embedded.fi.minus.html"},{"name":"-","type":"function","fcntype":"instancemethod","refpurpose":"fi 객체 간의 행렬 차이","href":"ref\/embedded.fi.minus.html"},{"name":"embedded.fi.minus","type":"method","fcntype":"instancemethod","refpurpose":"fi 객체 간의 행렬 차이","href":"ref\/embedded.fi.minus.html"},{"name":"mrdivide","type":"function","fcntype":"instancemethod","refpurpose":"오른쪽 행렬 나누기","href":"ref\/embedded.fi.mrdivide.html"},{"name":"\/","type":"function","fcntype":"instancemethod","refpurpose":"오른쪽 행렬 나누기","href":"ref\/embedded.fi.mrdivide.html"},{"name":"embedded.fi.mrdivide","type":"method","fcntype":"instancemethod","refpurpose":"오른쪽 행렬 나누기","href":"ref\/embedded.fi.mrdivide.html"},{"name":"nnz","type":"function","fcntype":"instancemethod","refpurpose":"fi 객체에서 0이 아닌 요소 개수","href":"ref\/embedded.fi.nnz.html"},{"name":"embedded.fi.nnz","type":"method","fcntype":"instancemethod","refpurpose":"fi 객체에서 0이 아닌 요소 개수","href":"ref\/embedded.fi.nnz.html"},{"name":"oct","type":"function","fcntype":"instancemethod","refpurpose":"fi 객체의 저장된 정수에 대한 8진수 표현","href":"ref\/embedded.fi.oct.html"},{"name":"embedded.fi.oct","type":"method","fcntype":"instancemethod","refpurpose":"fi 객체의 저장된 정수에 대한 8진수 표현","href":"ref\/embedded.fi.oct.html"},{"name":"power","type":"function","fcntype":"instancemethod","refpurpose":"고정소수점 요소별 거듭제곱","href":"ref\/embedded.fi.power.html"},{"name":".^","type":"function","fcntype":"instancemethod","refpurpose":"고정소수점 요소별 거듭제곱","href":"ref\/embedded.fi.power.html"},{"name":"embedded.fi.power","type":"method","fcntype":"instancemethod","refpurpose":"고정소수점 요소별 거듭제곱","href":"ref\/embedded.fi.power.html"},{"name":"quantize","type":"function","fcntype":"instancemethod","refpurpose":"고정소수점 숫자 양자화","href":"ref\/embedded.fi.quantize.html"},{"name":"embedded.fi.quantize","type":"method","fcntype":"instancemethod","refpurpose":"고정소수점 숫자 양자화","href":"ref\/embedded.fi.quantize.html"},{"name":"rdivide","type":"function","fcntype":"instancemethod","refpurpose":"오른쪽 배열 나누기","href":"ref\/embedded.fi.rdivide.html"},{"name":".\/","type":"function","fcntype":"instancemethod","refpurpose":"오른쪽 배열 나누기","href":"ref\/embedded.fi.rdivide.html"},{"name":"embedded.fi.rdivide","type":"method","fcntype":"instancemethod","refpurpose":"오른쪽 배열 나누기","href":"ref\/embedded.fi.rdivide.html"},{"name":"storedInteger","type":"function","fcntype":"instancemethod","refpurpose":"fi 객체의 저장된 정수 값","href":"ref\/embedded.fi.storedinteger.html"},{"name":"embedded.fi.storedInteger","type":"method","fcntype":"instancemethod","refpurpose":"fi 객체의 저장된 정수 값","href":"ref\/embedded.fi.storedinteger.html"},{"name":"times","type":"function","fcntype":"instancemethod","refpurpose":"fi 객체의 요소별 곱셈","href":"ref\/embedded.fi.times.html"},{"name":".*","type":"function","fcntype":"instancemethod","refpurpose":"fi 객체의 요소별 곱셈","href":"ref\/embedded.fi.times.html"},{"name":"embedded.fi.times","type":"method","fcntype":"instancemethod","refpurpose":"fi 객체의 요소별 곱셈","href":"ref\/embedded.fi.times.html"},{"name":"tostring","type":"function","fcntype":"instancemethod","refpurpose":"fi, fimath, numerictype 또는 quantizer 객체를 문자열로 변환","href":"ref\/embedded.fi.tostring.html"},{"name":"embedded.fi.tostring","type":"method","fcntype":"instancemethod","refpurpose":"fi, fimath, numerictype 또는 quantizer 객체를 문자열로 변환","href":"ref\/embedded.fi.tostring.html"},{"name":"uint8","type":"function","fcntype":"instancemethod","refpurpose":"fi 객체를 부호 없는 8비트 정수로 변환","href":"ref\/embedded.fi.uint8.html"},{"name":"embedded.fi.uint8","type":"method","fcntype":"instancemethod","refpurpose":"fi 객체를 부호 없는 8비트 정수로 변환","href":"ref\/embedded.fi.uint8.html"},{"name":"fi","type":"function","fcntype":"constructor","refpurpose":"고정소수점 숫자형 객체 생성","href":"ref\/embedded.fi.html"},{"name":"embedded.fi","type":"object","refpurpose":"고정소수점 숫자형 객체 생성","href":"ref\/embedded.fi.html"},{"name":"fimath","type":"properties","refpurpose":"fimath 객체의 속성","href":"ref\/embedded.fimath-properties.html"},{"name":"embedded.fimath","type":"properties","refpurpose":"fimath 객체의 속성","href":"ref\/embedded.fimath-properties.html"},{"name":"embedded.fimath.CastBeforeSum","type":"property","refpurpose":"피연산자를 덧셈 전에 합산 데이터형으로 형변환","href":"ref\/embedded.fimath-properties.html"},{"name":"embedded.fimath.MaxSumWordLength","type":"property","refpurpose":"합산 데이터형에 대해 허용 가능한 최대 워드 길이","href":"ref\/embedded.fimath-properties.html"},{"name":"embedded.fimath.SumBias","type":"property","refpurpose":"합산 데이터형의 편향","href":"ref\/embedded.fimath-properties.html"},{"name":"embedded.fimath.SumFixedExponent","type":"property","refpurpose":"합산 데이터형의 고정 지수","href":"ref\/embedded.fimath-properties.html"},{"name":"embedded.fimath.SumFractionLength","type":"property","refpurpose":"합산 데이터형의 소수부 길이(비트)","href":"ref\/embedded.fimath-properties.html"},{"name":"embedded.fimath.SumMode","type":"property","refpurpose":"합산 데이터형이 결정되는 방식","href":"ref\/embedded.fimath-properties.html"},{"name":"embedded.fimath.SumSlope","type":"property","refpurpose":"합산 데이터형의 기울기","href":"ref\/embedded.fimath-properties.html"},{"name":"embedded.fimath.SumSlopeAdjustmentFactor","type":"property","refpurpose":"합산 데이터형의 기울기 조정 인자","href":"ref\/embedded.fimath-properties.html"},{"name":"embedded.fimath.SumWordLength","type":"property","refpurpose":"합산 데이터형의 워드 길이(비트)","href":"ref\/embedded.fimath-properties.html"},{"name":"embedded.fimath.MaxProductWordLength","type":"property","refpurpose":"곱셈 데이터형에 대해 허용 가능한 최대 워드 길이","href":"ref\/embedded.fimath-properties.html"},{"name":"embedded.fimath.ProductBias","type":"property","refpurpose":"곱셈 데이터형의 편향","href":"ref\/embedded.fimath-properties.html"},{"name":"embedded.fimath.ProductFixedExponent","type":"property","refpurpose":"곱셈 데이터형의 고정 지수","href":"ref\/embedded.fimath-properties.html"},{"name":"embedded.fimath.ProductFractionLength","type":"property","refpurpose":"곱셈 데이터형의 소수부 길이(비트)","href":"ref\/embedded.fimath-properties.html"},{"name":"embedded.fimath.ProductMode","type":"property","refpurpose":"곱셈 데이터형이 결정되는 방식","href":"ref\/embedded.fimath-properties.html"},{"name":"embedded.fimath.ProductSlope","type":"property","refpurpose":"곱셈 데이터형의 기울기","href":"ref\/embedded.fimath-properties.html"},{"name":"embedded.fimath.ProductSlopeAdjustmentFactor","type":"property","refpurpose":"곱셈 데이터형의 기울기 조정 인자","href":"ref\/embedded.fimath-properties.html"},{"name":"embedded.fimath.ProductWordLength","type":"property","refpurpose":"곱셈 데이터형의 워드 길이(비트)","href":"ref\/embedded.fimath-properties.html"},{"name":"embedded.fimath.OverflowAction","type":"property","refpurpose":"오버플로인 경우 수행할 동작","href":"ref\/embedded.fimath-properties.html"},{"name":"embedded.fimath.RoundingMethod","type":"property","refpurpose":"사용할 반올림 방법","href":"ref\/embedded.fimath-properties.html"},{"name":"add","type":"function","fcntype":"instancemethod","refpurpose":"fimath 객체를 사용한 두 배열의 덧셈","href":"ref\/embedded.fimath.add.html"},{"name":"embedded.fimath.add","type":"method","fcntype":"instancemethod","refpurpose":"fimath 객체를 사용한 두 배열의 덧셈","href":"ref\/embedded.fimath.add.html"},{"name":"mpy","type":"function","fcntype":"instancemethod","refpurpose":"fimath 객체를 사용한 두 배열의 곱셈","href":"ref\/embedded.fimath.mpy.html"},{"name":"embedded.fimath.mpy","type":"method","fcntype":"instancemethod","refpurpose":"fimath 객체를 사용한 두 배열의 곱셈","href":"ref\/embedded.fimath.mpy.html"},{"name":"sub","type":"function","fcntype":"instancemethod","refpurpose":"fimath 객체를 사용한 두 배열의 뺄셈","href":"ref\/embedded.fimath.sub.html"},{"name":"embedded.fimath.sub","type":"method","fcntype":"instancemethod","refpurpose":"fimath 객체를 사용한 두 배열의 뺄셈","href":"ref\/embedded.fimath.sub.html"},{"name":"fimath","type":"function","fcntype":"instancemethod","refpurpose":"고정소수점 수학 연산 설정 지정","href":"ref\/embedded.fimath.html"},{"name":"embedded.fimath","type":"method","fcntype":"instancemethod","refpurpose":"고정소수점 수학 연산 설정 지정","href":"ref\/embedded.fimath.html"},{"name":"divide","type":"function","fcntype":"instancemethod","refpurpose":"두 fi 객체 나누기","href":"ref\/embedded.numerictype.divide.html"},{"name":"embedded.numerictype.divide","type":"method","fcntype":"instancemethod","refpurpose":"두 fi 객체 나누기","href":"ref\/embedded.numerictype.divide.html"},{"name":"numerictype","type":"function","fcntype":"instancemethod","refpurpose":"고정소수점 또는 부동소수점 데이터형을 나타내는 embedded.numerictype 객체 생성","href":"ref\/embedded.numerictype.html"},{"name":"embedded.numerictype","type":"method","fcntype":"instancemethod","refpurpose":"고정소수점 또는 부동소수점 데이터형을 나타내는 embedded.numerictype 객체 생성","href":"ref\/embedded.numerictype.html"},{"name":"errmean","type":"function","fcntype":"instancemethod","refpurpose":"양자화 오차의 평균","href":"ref\/embedded.quantizer.errmean.html"},{"name":"embedded.quantizer.errmean","type":"method","fcntype":"instancemethod","refpurpose":"양자화 오차의 평균","href":"ref\/embedded.quantizer.errmean.html"},{"name":"quantize","type":"function","fcntype":"instancemethod","refpurpose":"quantizer 객체를 사용한 숫자형 데이터 양자화","href":"ref\/embedded.quantizer.quantize.html"},{"name":"embedded.quantizer.quantize","type":"method","fcntype":"instancemethod","refpurpose":"quantizer 객체를 사용한 숫자형 데이터 양자화","href":"ref\/embedded.quantizer.quantize.html"},{"name":"unitquantize","type":"function","fcntype":"instancemethod","refpurpose":"+1을 기준으로 eps 범위 내의 숫자를 제외하고 quantizer 객체를 사용하여 숫자형 데이터 양자화","href":"ref\/embedded.quantizer.unitquantize.html"},{"name":"embedded.quantizer.unitquantize","type":"method","fcntype":"instancemethod","refpurpose":"+1을 기준으로 eps 범위 내의 숫자를 제외하고 quantizer 객체를 사용하여 숫자형 데이터 양자화","href":"ref\/embedded.quantizer.unitquantize.html"},{"name":"wordlength","type":"function","fcntype":"instancemethod","refpurpose":"quantizer 객체의 워드 길이","href":"ref\/embedded.quantizer.wordlength.html"},{"name":"embedded.quantizer.wordlength","type":"method","fcntype":"instancemethod","refpurpose":"quantizer 객체의 워드 길이","href":"ref\/embedded.quantizer.wordlength.html"},{"name":"quantizer","type":"function","fcntype":"constructor","refpurpose":"quantizer 객체 만들기","href":"ref\/embedded.quantizer.html"},{"name":"embedded.quantizer","type":"object","refpurpose":"quantizer 객체 만들기","href":"ref\/embedded.quantizer.html"},{"name":"embedded.quantizer.DataMode","type":"property","refpurpose":"데이터형 모드","href":"ref\/embedded.quantizer.html"},{"name":"embedded.quantizer.RoundMode","type":"property","refpurpose":"사용할 반올림 방법","href":"ref\/embedded.quantizer.html"},{"name":"embedded.quantizer.OverflowMode","type":"property","refpurpose":"오버플로인 경우 수행할 동작","href":"ref\/embedded.quantizer.html"},{"name":"embedded.quantizer.Format","type":"property","refpurpose":"quantizer 객체의 데이터 형식","href":"ref\/embedded.quantizer.html"},{"name":"embedded.quantizer.max","type":"property","refpurpose":"양자화하기 전의 최댓값","href":"ref\/embedded.quantizer.html"},{"name":"embedded.quantizer.min","type":"property","refpurpose":"양자화하기 전의 최솟값","href":"ref\/embedded.quantizer.html"},{"name":"embedded.quantizer.noverflows","type":"property","refpurpose":"오버플로 수","href":"ref\/embedded.quantizer.html"},{"name":"embedded.quantizer.nunderflows","type":"property","refpurpose":"언더플로 수","href":"ref\/embedded.quantizer.html"},{"name":"embedded.quantizer.noperations","type":"property","refpurpose":"양자화된 데이터 점 개수","href":"ref\/embedded.quantizer.html"},{"name":"eps","type":"function","fcntype":"simple","refpurpose":"fi 또는 quantizer 객체의 양자화의 상대 정확도","href":"ref\/eps.html"},{"name":"errvar","type":"function","fcntype":"simple","refpurpose":"양자화 오차의 분산","href":"ref\/errvar.html"},{"name":"exponentbias","type":"function","fcntype":"simple","refpurpose":"quantizer 객체의 지수 편향","href":"ref\/exponentbias.html"},{"name":"exponentmax","type":"function","fcntype":"simple","refpurpose":"quantizer 객체에 대한 최대 지수","href":"ref\/exponentmax.html"},{"name":"exponentmin","type":"function","fcntype":"simple","refpurpose":"quantizer 객체에 대한 최소 지수","href":"ref\/exponentmin.html"},{"name":"eye","type":"function","fcntype":"simple","refpurpose":"고정소수점 속성을 갖는 단위 행렬 만들기","href":"ref\/eye.html"},{"name":"fix","type":"function","fcntype":"simple","refpurpose":"0 방향으로 반올림","href":"ref\/fix.html"},{"name":"fixDiv","type":"function","fcntype":"simple","refpurpose":"나눗셈 결과를 0 방향으로 반올림","href":"ref\/fixdiv.html"},{"name":"fixed.backwardSubstitute","type":"function","fcntype":"simple","refpurpose":"후진 대입을 통해 상부 삼각 연립방정식 풀기","href":"ref\/fixed.backwardsubstitute.html"},{"name":"fixed.forwardSubstitute","type":"function","fcntype":"simple","refpurpose":"전진 대입을 통해 하부 삼각 연립방정식 풀기","href":"ref\/fixed.forwardsubstitute.html"},{"name":"intersect","type":"function","fcntype":"instancemethod","refpurpose":"fixed.Interval 객체의 교집합","href":"ref\/fixed.interval.intersect.html"},{"name":"fixed.Interval.intersect","type":"method","fcntype":"instancemethod","refpurpose":"fixed.Interval 객체의 교집합","href":"ref\/fixed.interval.intersect.html"},{"name":"overlaps","type":"function","fcntype":"instancemethod","refpurpose":"두 fixed.Interval 객체가 겹치는지 확인","href":"ref\/fixed.interval.overlaps.html"},{"name":"fixed.Interval.overlaps","type":"method","fcntype":"instancemethod","refpurpose":"두 fixed.Interval 객체가 겹치는지 확인","href":"ref\/fixed.interval.overlaps.html"},{"name":"unique","type":"function","fcntype":"instancemethod","refpurpose":"fixed.Interval 객체의 고유 값 세트 가져오기","href":"ref\/fixed.interval.unique.html"},{"name":"fixed.Interval.unique","type":"method","fcntype":"instancemethod","refpurpose":"fixed.Interval 객체의 고유 값 세트 가져오기","href":"ref\/fixed.interval.unique.html"},{"name":"fixed.Interval","type":"function","fcntype":"constructor","refpurpose":"값의 구간 정의","href":"ref\/fixed.interval.html"},{"name":"fixed.Interval","type":"object","refpurpose":"값의 구간 정의","href":"ref\/fixed.interval.html"},{"name":"fixed.Interval.LeftEnd","type":"property","refpurpose":"구간의 왼쪽 끝점","href":"ref\/fixed.interval.html"},{"name":"fixed.Interval.RightEnd","type":"property","refpurpose":"구간의 오른쪽 끝점","href":"ref\/fixed.interval.html"},{"name":"fixed.Interval.IsLeftClosed","type":"property","refpurpose":"구간의 왼쪽 끝이 닫혔는지 여부","href":"ref\/fixed.interval.html"},{"name":"fixed.Interval.IsRightClosed","type":"property","refpurpose":"구간의 오른쪽 끝이 닫혔는지 여부","href":"ref\/fixed.interval.html"},{"name":"Fixed-Point Converter","type":"app","refpurpose":"(권장되지 않음) MATLAB 코드를 고정소수점으로 변환","deprecated":"true","href":"ref\/fixedpointconverter-app.html"},{"name":"fixedPointConverter","type":"function","fcntype":"applauncher","refpurpose":"(권장되지 않음) MATLAB 코드를 고정소수점으로 변환","deprecated":"true","href":"ref\/fixedpointconverter-app.html"},{"name":"floor","type":"function","fcntype":"simple","refpurpose":"음수 무한대 방향으로 내림(Round Toward Negative Infinity)","href":"ref\/floor.html"},{"name":"floorDiv","type":"function","fcntype":"simple","refpurpose":"나눗셈 결과를 음수 무한대 방향으로 내림","href":"ref\/floordiv.html"},{"name":"for","type":"function","fcntype":"simple","refpurpose":"지정된 횟수를 반복하기 위한 for 루프","href":"ref\/for.html"},{"name":"fractionlength","type":"function","fcntype":"simple","refpurpose":"quantizer 객체의 소수부 길이","href":"ref\/fractionlength.html"},{"name":"FunctionApproximation.Problem.solve","type":"method","fcntype":"instancemethod","refpurpose":"함수 근사 문제에 최적화된 해 구하기","href":"ref\/functionapproximation.problem.solve.html"},{"name":"fma","type":"function","fcntype":"instancemethod","refpurpose":"단일 곱셈-누산 방식을 사용한 곱셈 및 덧셈","href":"ref\/half.fma.html"},{"name":"half.fma","type":"method","fcntype":"instancemethod","refpurpose":"단일 곱셈-누산 방식을 사용한 곱셈 및 덧셈","href":"ref\/half.fma.html"},{"name":"pow10","type":"function","fcntype":"instancemethod","refpurpose":"밑 10의 거듭제곱 및 스케일링 반정밀도 숫자","href":"ref\/half.pow10.html"},{"name":"half.pow10","type":"method","fcntype":"instancemethod","refpurpose":"밑 10의 거듭제곱 및 스케일링 반정밀도 숫자","href":"ref\/half.pow10.html"},{"name":"rsqrt","type":"function","fcntype":"instancemethod","refpurpose":"역수 제곱근","href":"ref\/half.rsqrt.html"},{"name":"half.rsqrt","type":"method","fcntype":"instancemethod","refpurpose":"역수 제곱근","href":"ref\/half.rsqrt.html"},{"name":"half","type":"function","fcntype":"constructor","refpurpose":"반정밀도 숫자형 객체 생성","href":"ref\/half.html"},{"name":"half","type":"object","refpurpose":"반정밀도 숫자형 객체 생성","href":"ref\/half.html"},{"name":"horzcat","type":"function","fcntype":"simple","refpurpose":"여러 개의 fi 객체를 가로로 결합","href":"ref\/horzcat.html"},{"name":"Hyperbolic Tangent HDL Optimized","type":"block","refpurpose":"CORDIC 기반 쌍곡탄젠트 계산 및 최적화된 HDL 코드 생성","href":"ref\/hyperbolictangenthdloptimized.html"},{"name":"int16","type":"function","fcntype":"simple","refpurpose":"fi 객체를 부호 있는 16비트 정수로 변환","href":"ref\/int16.html"},{"name":"int32","type":"function","fcntype":"simple","refpurpose":"fi 객체를 부호 있는 32비트 정수로 변환","href":"ref\/int32.html"},{"name":"int64","type":"function","fcntype":"simple","refpurpose":"fi 객체를 부호 있는 64비트 정수로 변환","href":"ref\/int64.html"},{"name":"int8","type":"function","fcntype":"simple","refpurpose":"fi 객체를 부호 있는 8비트 정수로 변환","href":"ref\/int8.html"},{"name":"int","type":"function","fcntype":"simple","refpurpose":"fi 객체의 저장된 정수 값 가져오기","href":"ref\/int.html"},{"name":"intmax","type":"function","fcntype":"simple","refpurpose":"fi 객체의 numerictype으로 표현 가능한 저장된 최대 양의 정수 값","href":"ref\/intmax.html"},{"name":"intmin","type":"function","fcntype":"simple","refpurpose":"fi 객체의 numerictype으로 표현 가능한 저장된 최소 정수 값","href":"ref\/intmin.html"},{"name":"isboolean","type":"function","fcntype":"simple","refpurpose":"입력값이 부울인지 확인","href":"ref\/isboolean.html"},{"name":"isdouble","type":"function","fcntype":"simple","refpurpose":"입력값이 배정밀도 데이터형인지 확인","href":"ref\/isdouble.html"},{"name":"isfi","type":"function","fcntype":"simple","refpurpose":"변수가 fi 객체인지 확인","href":"ref\/isfi.html"},{"name":"isfimath","type":"function","fcntype":"simple","refpurpose":"변수가 fimath 객체인지 확인","href":"ref\/isfimath.html"},{"name":"isfimathlocal","type":"function","fcntype":"simple","refpurpose":"fi 객체에 로컬 fimath가 있는지 확인","href":"ref\/isfimathlocal.html"},{"name":"isfipref","type":"function","fcntype":"simple","refpurpose":"입력값이 fipref 객체인지 확인","href":"ref\/isfipref.html"},{"name":"isfixed","type":"function","fcntype":"simple","refpurpose":"입력값이 고정소수점 데이터형인지 확인","href":"ref\/isfixed.html"},{"name":"isfloat","type":"function","fcntype":"simple","refpurpose":"입력값이 부동소수점 데이터형인지 확인","href":"ref\/isfloat.html"},{"name":"isnumerictype","type":"function","fcntype":"simple","refpurpose":"입력값이 numerictype 객체인지 확인","href":"ref\/isnumerictype.html"},{"name":"isquantizer","type":"function","fcntype":"simple","refpurpose":"입력값이 quantizer 객체인지 확인","href":"ref\/isquantizer.html"},{"name":"issigned","type":"function","fcntype":"simple","refpurpose":"fi 객체에 부호가 있는지 확인","href":"ref\/issigned.html"},{"name":"issingle","type":"function","fcntype":"simple","refpurpose":"입력값이 단정밀도 데이터형인지 확인","href":"ref\/issingle.html"},{"name":"mat2str","type":"function","fcntype":"simple","refpurpose":"행렬을 문자열로 변환","href":"ref\/mat2str.html"},{"name":"max","type":"function","fcntype":"simple","refpurpose":"fi 객체로 구성된 배열의 가장 큰 요소","href":"ref\/max.html"},{"name":"mean","type":"function","fcntype":"simple","refpurpose":"고정소수점 배열의 평균 또는 평균값","href":"ref\/mean.html"},{"name":"median","type":"function","fcntype":"simple","refpurpose":"고정소수점 배열의 중앙값","href":"ref\/median.html"},{"name":"min","type":"function","fcntype":"simple","refpurpose":"fi 객체로 구성된 배열의 가장 작은 요소","href":"ref\/min.html"},{"name":"mod","type":"function","fcntype":"simple","refpurpose":"fi 객체 간의 나눗셈의 나머지(Modulus)","href":"ref\/mod.html"},{"name":"Modulo by Constant","type":"block","refpurpose":"상수 분모로 모듈로 연산 수행","href":"ref\/modulobyconstant.html"},{"name":"mtimes","type":"function","fcntype":"simple","refpurpose":"fi 객체의 행렬 곱","href":"ref\/mtimes.html"},{"name":"nearest","type":"function","fcntype":"simple","refpurpose":"가장 가까운 정수로 반올림(반올림 경계에 놓인 숫자는 양수 무한대 방향으로 올림)","href":"ref\/nearest.html"},{"name":"nearestDiv","type":"function","fcntype":"simple","refpurpose":"나눗셈 결과를 가장 가까운 정수 방향으로 반올림","href":"ref\/nearestdiv.html"},{"name":"num2bin","type":"function","fcntype":"simple","refpurpose":"quantizer 객체를 사용하여 숫자를 이진수 표현으로 변환","href":"ref\/num2bin.html"},{"name":"num2int","type":"function","fcntype":"simple","refpurpose":"quantizer 객체를 사용하여 숫자를 부호 있는 정수로 변환","href":"ref\/num2int.html"},{"name":"num2str","type":"function","fcntype":"simple","refpurpose":"숫자를 문자형 배열로 변환","href":"ref\/num2str.html"},{"name":"numel","type":"function","fcntype":"simple","refpurpose":"fi 배열의 데이터 요소 개수","href":"ref\/numel.html"},{"name":"ones","type":"function","fcntype":"simple","refpurpose":"고정소수점 속성을 갖는 모두 1로 구성된 배열 생성","href":"ref\/ones.html"},{"name":"OptimizationResult.openSimulationManager","type":"method","fcntype":"instancemethod","refpurpose":"시뮬레이션 관리자에서 최적화 중에 실행되는 시뮬레이션 검사","href":"ref\/optimizationresult.opensimulationmanager.html"},{"name":"qr","type":"function","fcntype":"simple","refpurpose":"직교 삼각 분해","href":"ref\/qr.html"},{"name":"range","type":"function","fcntype":"simple","refpurpose":"fi 또는 quantizer 객체의 수치 범위","href":"ref\/range.html"},{"name":"realmin","type":"function","fcntype":"simple","refpurpose":"정규화된 최소 양의 고정소수점 값 또는 양자화된 숫자","href":"ref\/realmin.html"},{"name":"reinterpretcast","type":"function","fcntype":"simple","refpurpose":"기본 데이터를 변경하지 않고 고정소수점 또는 정수 데이터형 변환","href":"ref\/reinterpretcast.html"},{"name":"rescale","type":"function","fcntype":"simple","refpurpose":"fi 객체의 스케일링 변경","href":"ref\/rescale.html"},{"name":"reset","type":"function","fcntype":"simple","refpurpose":"객체를 초기 조건으로 재설정","href":"ref\/reset.html"},{"name":"round","type":"function","fcntype":"simple","refpurpose":"fi 객체를 가장 가까운 정수로 반올림 또는 quantizer 객체를 사용하여 입력 데이터 반올림","href":"ref\/round.html"},{"name":"sdec","type":"function","fcntype":"simple","refpurpose":"fi 객체의 저장된 정수에 대한 부호 있는 10진수 표현","href":"ref\/sdec.html"},{"name":"set","type":"function","fcntype":"simple","refpurpose":"quantizer 객체의 속성값 설정 또는 표시","href":"ref\/set.html"},{"name":"sfi","type":"function","fcntype":"simple","refpurpose":"(권장되지 않음) 부호 있는 고정소수점 숫자 객체 생성","href":"ref\/sfi.html"},{"name":"sign","type":"function","fcntype":"simple","refpurpose":"배열에 부호 함수(Signum Function) 실행","href":"ref\/sign.html"},{"name":"Simulation Data Inspector","type":"tool","refpurpose":"데이터와 시뮬레이션 결과를 검사하고 비교하여 모델 설계 검증 및 반복","href":"ref\/simulationdatainspector.html"},{"name":"sin","type":"function","fcntype":"simple","refpurpose":"고정소수점 값의 사인","href":"ref\/sin.html"},{"name":"single","type":"function","fcntype":"simple","refpurpose":"fi 객체의 단정밀도 부동소수점 실제 값","href":"ref\/single.html"},{"name":"Single Precision Converter","type":"tool","refpurpose":"배정밀도 시스템을 단정밀도로 변환","href":"ref\/singleprecisionconverter.html"},{"name":"sort","type":"function","fcntype":"simple","refpurpose":"실수 값 fi 객체의 요소를 오름차순 또는 내림차순으로 정렬","href":"ref\/sort.html"},{"name":"sqrt","type":"function","fcntype":"simple","refpurpose":"fi 객체의 제곱근","href":"ref\/sqrt.html"},{"name":"subsref","type":"function","fcntype":"simple","refpurpose":"첨자를 사용한 참조","href":"ref\/subsref.html"},{"name":"sum","type":"function","fcntype":"simple","refpurpose":"fi 배열 요소의 합","href":"ref\/sum.html"},{"name":"ufi","type":"function","fcntype":"simple","refpurpose":"(권장되지 않음) 부호 없는 고정소수점 숫자 객체 생성","href":"ref\/ufi.html"},{"name":"uint16","type":"function","fcntype":"simple","refpurpose":"fi 객체를 부호 없는 16비트 정수로 변환","href":"ref\/uint16.html"},{"name":"uint32","type":"function","fcntype":"simple","refpurpose":"fi 객체의 저장된 정수 값을 내장 uint32형으로 반환","href":"ref\/uint32.html"},{"name":"uint64","type":"function","fcntype":"simple","refpurpose":"fi 객체를 부호 없는 64비트 정수로 변환","href":"ref\/uint64.html"},{"name":"upperbound","type":"function","fcntype":"simple","refpurpose":"fi 객체 범위의 상한","href":"ref\/upperbound.html"},{"name":"zeros","type":"function","fcntype":"simple","refpurpose":"고정소수점 속성을 갖는 모두 0으로 구성된 배열 생성","href":"ref\/zeros.html"}]}