{"schema":"referenceapi_lookup_schema.json","schemaVersion":"1.0","docVersion":"doc25a.2968260.Bdoc25a.2967890.pass.r2025a","productName":"Sensor Fusion and Tracking Toolbox","baseCode":"TF","helpFolder":"fusion","helpLocation":"fusion",  "refItems" : [{"name":"accelcal","type":"function","fcntype":"simple","refpurpose":"加速度計のキャリブレーション パラメーター","href":"ref\/accelcal.html"},{"name":"accelparams","type":"function","fcntype":"constructor","refpurpose":"加速度計センサー パラメーター","href":"ref\/accelparams.html"},{"name":"accelparams","type":"object","refpurpose":"加速度計センサー パラメーター","href":"ref\/accelparams.html"},{"name":"accelparams.MeasurementRange","type":"property","refpurpose":"センサーの最大読み取り値 (m\/s^{2})","href":"ref\/accelparams.html"},{"name":"accelparams.Resolution","type":"property","refpurpose":"センサー測定の分解能 ((m\/s^{2})\/LSB)","href":"ref\/accelparams.html"},{"name":"accelparams.ConstantBias","type":"property","refpurpose":"定数のセンサー オフセット バイアス (m\/s^{2})","href":"ref\/accelparams.html"},{"name":"accelparams.AxesMisalignment","type":"property","refpurpose":"センサーの座標軸のせん断変形 (%)","href":"ref\/accelparams.html"},{"name":"accelparams.NoiseDensity","type":"property","refpurpose":"センサー ノイズのパワー スペクトル密度 (m\/s^{2}\/√Hz)","href":"ref\/accelparams.html"},{"name":"accelparams.BiasInstabilityCoefficients","type":"property","refpurpose":"バイアス不安定性ノイズ生成用のフィルター係数","href":"ref\/accelparams.html"},{"name":"accelparams.BiasInstability","type":"property","refpurpose":"バイアス オフセットの不安定性 (m\/s^{2})","href":"ref\/accelparams.html"},{"name":"accelparams.RandomWalk","type":"property","refpurpose":"センサーの積分されたホワイト ノイズ ((m\/s^{2})*(√Hz))","href":"ref\/accelparams.html"},{"name":"accelparams.NoiseType","type":"property","refpurpose":"ランダム ノイズのタイプ","href":"ref\/accelparams.html"},{"name":"accelparams.TemperatureBias","type":"property","refpurpose":"温度によるセンサー バイアス ((m\/s^{2})\/℃)","href":"ref\/accelparams.html"},{"name":"accelparams.TemperatureScaleFactor","type":"property","refpurpose":"温度によるスケール係数誤差 (%\/℃)","href":"ref\/accelparams.html"},{"name":"pose","type":"function","fcntype":"instancemethod","refpurpose":"ahrs10filter の現在の向きおよび位置の推定値","href":"ref\/ahrs10filter.pose.html"},{"name":"ahrs10filter.pose","type":"method","fcntype":"instancemethod","refpurpose":"ahrs10filter の現在の向きおよび位置の推定値","href":"ref\/ahrs10filter.pose.html"},{"name":"allanvar","type":"function","fcntype":"simple","refpurpose":"アラン分散","href":"ref\/allanvar.html"},{"name":"pose","type":"function","fcntype":"instancemethod","refpurpose":"insfilterAsync の現在の位置、向きおよび速度の推定値","href":"ref\/asyncmarggpsfuser.pose.html"},{"name":"AsyncMARGGPSFuser.pose","type":"method","fcntype":"instancemethod","refpurpose":"insfilterAsync の現在の位置、向きおよび速度の推定値","href":"ref\/asyncmarggpsfuser.pose.html"},{"name":"enu2lla","type":"function","fcntype":"simple","refpurpose":"ローカルの東-北-上座標を測地座標に変換","href":"ref\/enu2lla.html"},{"name":"GPS","type":"block","refpurpose":"ノイズのある GPS センサー読み取りのシミュレーション","href":"ref\/gps.html"},{"name":"gpsSensor","type":"function","fcntype":"constructor","refpurpose":"GPS 受信機シミュレーション モデル","href":"ref\/gpssensor-system-object.html"},{"name":"gpsSensor","type":"sysobj","refpurpose":"GPS 受信機シミュレーション モデル","href":"ref\/gpssensor-system-object.html"},{"name":"gpsSensor.SampleRate","type":"property","refpurpose":"受信機の更新頻度 (Hz)","href":"ref\/gpssensor-system-object.html"},{"name":"gpsSensor.ReferenceLocation","type":"property","refpurpose":"ローカル ナビゲーション基準座標系の原点","href":"ref\/gpssensor-system-object.html"},{"name":"gpsSensor.PositionInputFormat","type":"property","refpurpose":"位置座標の入力形式","href":"ref\/gpssensor-system-object.html"},{"name":"gpsSensor.HorizontalPositionAccuracy","type":"property","refpurpose":"水平方向の位置の精度 (m)","href":"ref\/gpssensor-system-object.html"},{"name":"gpsSensor.VerticalPositionAccuracy","type":"property","refpurpose":"垂直方向の位置の精度 (m)","href":"ref\/gpssensor-system-object.html"},{"name":"gpsSensor.VelocityAccuracy","type":"property","refpurpose":"速度の精度 (m\/s)","href":"ref\/gpssensor-system-object.html"},{"name":"gpsSensor.DecayFactor","type":"property","refpurpose":"グローバル位置のノイズ減衰係数","href":"ref\/gpssensor-system-object.html"},{"name":"gpsSensor.RandomStream","type":"property","refpurpose":"乱数ソース","href":"ref\/gpssensor-system-object.html"},{"name":"gpsSensor.Seed","type":"property","refpurpose":"初期シード","href":"ref\/gpssensor-system-object.html"},{"name":"gyroparams","type":"function","fcntype":"constructor","refpurpose":"ジャイロスコープ センサー パラメーター","href":"ref\/gyroparams.html"},{"name":"gyroparams","type":"object","refpurpose":"ジャイロスコープ センサー パラメーター","href":"ref\/gyroparams.html"},{"name":"gyroparams.MeasurementRange","type":"property","refpurpose":"センサーの最大読み取り値 (rad\/s)","href":"ref\/gyroparams.html"},{"name":"gyroparams.Resolution","type":"property","refpurpose":"センサー測定の分解能 ((rad\/s)\/LSB)","href":"ref\/gyroparams.html"},{"name":"gyroparams.ConstantBias","type":"property","refpurpose":"定数のセンサー オフセット バイアス (rad\/s)","href":"ref\/gyroparams.html"},{"name":"gyroparams.AxesMisalignment","type":"property","refpurpose":"センサーの座標軸のせん断変形 (%)","href":"ref\/gyroparams.html"},{"name":"gyroparams.NoiseDensity","type":"property","refpurpose":"センサー ノイズのパワー スペクトル密度 ((rad\/s)\/√Hz)","href":"ref\/gyroparams.html"},{"name":"gyroparams.BiasInstabilityCoefficients","type":"property","refpurpose":"バイアス不安定性ノイズ生成用のフィルター係数","href":"ref\/gyroparams.html"},{"name":"gyroparams.BiasInstability","type":"property","refpurpose":"バイアス オフセットの不安定性 (rad\/s)","href":"ref\/gyroparams.html"},{"name":"gyroparams.RandomWalk","type":"property","refpurpose":"センサーの積分されたホワイト ノイズ ((rad\/s)(√Hz))","href":"ref\/gyroparams.html"},{"name":"gyroparams.NoiseType","type":"property","refpurpose":"ランダム ノイズのタイプ","href":"ref\/gyroparams.html"},{"name":"gyroparams.TemperatureBias","type":"property","refpurpose":"温度によるセンサー バイアス ((rad\/s)\/℃)","href":"ref\/gyroparams.html"},{"name":"gyroparams.TemperatureScaleFactor","type":"property","refpurpose":"温度によるスケール係数誤差 (%\/℃)","href":"ref\/gyroparams.html"},{"name":"gyroparams.AccelerationBias","type":"property","refpurpose":"線形加速度によるセンサー バイアス (rad\/s)\/(m\/s^{2})","href":"ref\/gyroparams.html"},{"name":"insfilter","type":"function","fcntype":"simple","refpurpose":"慣性ナビゲーション フィルターを作成","href":"ref\/insfilter.html"},{"name":"lla2enu","type":"function","fcntype":"simple","refpurpose":"測地座標をローカルの東-北-上座標に変換","href":"ref\/lla2enu.html"},{"name":"lla2ned","type":"function","fcntype":"simple","refpurpose":"測地座標をローカルの北-東-下座標に変換","href":"ref\/lla2ned.html"},{"name":"magparams","type":"function","fcntype":"constructor","refpurpose":"磁力計センサー パラメーター","href":"ref\/magparams.html"},{"name":"magparams","type":"object","refpurpose":"磁力計センサー パラメーター","href":"ref\/magparams.html"},{"name":"magparams.MeasurementRange","type":"property","refpurpose":"センサーの最大読み取り値 (μT)","href":"ref\/magparams.html"},{"name":"magparams.Resolution","type":"property","refpurpose":"センサー測定の分解能 (μT\/LSB)","href":"ref\/magparams.html"},{"name":"magparams.ConstantBias","type":"property","refpurpose":"定数のセンサー オフセット バイアス (μT)","href":"ref\/magparams.html"},{"name":"magparams.AxesMisalignment","type":"property","refpurpose":"センサーの座標軸のせん断変形 (%)","href":"ref\/magparams.html"},{"name":"magparams.NoiseDensity","type":"property","refpurpose":"センサー ノイズのパワー スペクトル密度 (μT\/√Hz)","href":"ref\/magparams.html"},{"name":"magparams.BiasInstabilityCoefficients","type":"property","refpurpose":"バイアス不安定性ノイズ生成用のフィルター係数","href":"ref\/magparams.html"},{"name":"magparams.BiasInstability","type":"property","refpurpose":"バイアス オフセットの不安定性 (μT)","href":"ref\/magparams.html"},{"name":"magparams.RandomWalk","type":"property","refpurpose":"センサーの積分されたホワイト ノイズ (μT\/√Hz)","href":"ref\/magparams.html"},{"name":"magparams.NoiseType","type":"property","refpurpose":"ランダム ノイズのタイプ","href":"ref\/magparams.html"},{"name":"magparams.TemperatureBias","type":"property","refpurpose":"温度によるセンサー バイアス (μT\/℃)","href":"ref\/magparams.html"},{"name":"magparams.TemperatureScaleFactor","type":"property","refpurpose":"温度によるスケール係数誤差 (%\/℃)","href":"ref\/magparams.html"},{"name":"pose","type":"function","fcntype":"instancemethod","refpurpose":"insfilterMARG の現在の向きおよび位置の推定値","href":"ref\/marggpsfuser.pose.html"},{"name":"MARGGPSFuser.pose","type":"method","fcntype":"instancemethod","refpurpose":"insfilterMARG の現在の向きおよび位置の推定値","href":"ref\/marggpsfuser.pose.html"},{"name":"ned2lla","type":"function","fcntype":"simple","refpurpose":"ローカルの北-東-下座標を測地座標に変換","href":"ref\/ned2lla.html"},{"name":"pose","type":"function","fcntype":"instancemethod","refpurpose":"insfilterNonholonomic の現在の向きおよび位置の推定値","href":"ref\/nhconstrainedimugpsfuser.pose.html"},{"name":"NHConstrainedIMUGPSFuser.pose","type":"method","fcntype":"instancemethod","refpurpose":"insfilterNonholonomic の現在の向きおよび位置の推定値","href":"ref\/nhconstrainedimugpsfuser.pose.html"},{"name":"objectDetection","type":"function","fcntype":"constructor","refpurpose":"単一オブジェクトの検出のレポート","href":"ref\/objectdetection.html"},{"name":"objectDetection","type":"object","refpurpose":"単一オブジェクトの検出のレポート","href":"ref\/objectdetection.html"},{"name":"objectDetection.Time","type":"property","refpurpose":"検出時間","href":"ref\/objectdetection.html"},{"name":"objectDetection.Measurement","type":"property","refpurpose":"オブジェクト測定","href":"ref\/objectdetection.html"},{"name":"objectDetection.MeasurementNoise","type":"property","refpurpose":"測定ノイズ共分散","href":"ref\/objectdetection.html"},{"name":"objectDetection.SensorIndex","type":"property","refpurpose":"センサー識別子","href":"ref\/objectdetection.html"},{"name":"objectDetection.ObjectClassID","type":"property","refpurpose":"オブジェクト クラス識別子","href":"ref\/objectdetection.html"},{"name":"objectDetection.ObjectClassParameters","type":"property","refpurpose":"検出分類器のパラメーター","href":"ref\/objectdetection.html"},{"name":"objectDetection.MeasurementParameters","type":"property","refpurpose":"測定関数パラメーター","href":"ref\/objectdetection.html"},{"name":"objectDetection.ObjectAttributes","type":"property","refpurpose":"オブジェクト属性","href":"ref\/objectdetection.html"},{"name":"poseplot","type":"function","fcntype":"simple","refpurpose":"3 次元姿勢プロット","href":"ref\/poseplot.html"},{"name":"angvel","type":"function","fcntype":"instancemethod","refpurpose":"quaternion 配列による角速度","href":"ref\/quaternion.angvel.html"},{"name":"quaternion.angvel","type":"method","fcntype":"instancemethod","refpurpose":"quaternion 配列による角速度","href":"ref\/quaternion.angvel.html"},{"name":"classUnderlying","type":"function","fcntype":"instancemethod","refpurpose":"quaternion の各部分のクラス","href":"ref\/quaternion.classunderlying.html"},{"name":"quaternion.classUnderlying","type":"method","fcntype":"instancemethod","refpurpose":"quaternion の各部分のクラス","href":"ref\/quaternion.classunderlying.html"},{"name":"compact","type":"function","fcntype":"instancemethod","refpurpose":"quaternion 配列を N 行 4 列の行列に変換","href":"ref\/quaternion.compact.html"},{"name":"quaternion.compact","type":"method","fcntype":"instancemethod","refpurpose":"quaternion 配列を N 行 4 列の行列に変換","href":"ref\/quaternion.compact.html"},{"name":"conj","type":"function","fcntype":"instancemethod","refpurpose":"四元数の複素共役","href":"ref\/quaternion.conj.html"},{"name":"quaternion.conj","type":"method","fcntype":"instancemethod","refpurpose":"四元数の複素共役","href":"ref\/quaternion.conj.html"},{"name":"ctranspose","type":"function","fcntype":"instancemethod","refpurpose":"quaternion 配列の複素共役転置","href":"ref\/quaternion.ctranspose.html"},{"name":"'","type":"function","fcntype":"instancemethod","refpurpose":"quaternion 配列の複素共役転置","href":"ref\/quaternion.ctranspose.html"},{"name":"quaternion.ctranspose","type":"method","fcntype":"instancemethod","refpurpose":"quaternion 配列の複素共役転置","href":"ref\/quaternion.ctranspose.html"},{"name":"dist","type":"function","fcntype":"instancemethod","refpurpose":"角距離 (ラジアン)","href":"ref\/quaternion.dist.html"},{"name":"quaternion.dist","type":"method","fcntype":"instancemethod","refpurpose":"角距離 (ラジアン)","href":"ref\/quaternion.dist.html"},{"name":"euler","type":"function","fcntype":"instancemethod","refpurpose":"四元数をオイラー角 (ラジアン) に変換","href":"ref\/quaternion.euler.html"},{"name":"quaternion.euler","type":"method","fcntype":"instancemethod","refpurpose":"四元数をオイラー角 (ラジアン) に変換","href":"ref\/quaternion.euler.html"},{"name":"eulerd","type":"function","fcntype":"instancemethod","refpurpose":"四元数をオイラー角 (度) に変換","href":"ref\/quaternion.eulerd.html"},{"name":"quaternion.eulerd","type":"method","fcntype":"instancemethod","refpurpose":"四元数をオイラー角 (度) に変換","href":"ref\/quaternion.eulerd.html"},{"name":"exp","type":"function","fcntype":"instancemethod","refpurpose":"quaternion 配列の指数","href":"ref\/quaternion.exp.html"},{"name":"quaternion.exp","type":"method","fcntype":"instancemethod","refpurpose":"quaternion 配列の指数","href":"ref\/quaternion.exp.html"},{"name":"ldivide","type":"function","fcntype":"instancemethod","refpurpose":"要素単位の四元数の左除算","href":"ref\/quaternion.ldivide.html"},{"name":".\\","type":"function","fcntype":"instancemethod","refpurpose":"要素単位の四元数の左除算","href":"ref\/quaternion.ldivide.html"},{"name":"quaternion.ldivide","type":"method","fcntype":"instancemethod","refpurpose":"要素単位の四元数の左除算","href":"ref\/quaternion.ldivide.html"},{"name":"log","type":"function","fcntype":"instancemethod","refpurpose":"quaternion 配列の自然対数","href":"ref\/quaternion.log.html"},{"name":"quaternion.log","type":"method","fcntype":"instancemethod","refpurpose":"quaternion 配列の自然対数","href":"ref\/quaternion.log.html"},{"name":"meanrot","type":"function","fcntype":"instancemethod","refpurpose":"四元数の平均回転","href":"ref\/quaternion.meanrot.html"},{"name":"quaternion.meanrot","type":"method","fcntype":"instancemethod","refpurpose":"四元数の平均回転","href":"ref\/quaternion.meanrot.html"},{"name":"minus","type":"function","fcntype":"instancemethod","refpurpose":"四元数の減算","href":"ref\/quaternion.minus.html"},{"name":"-","type":"function","fcntype":"instancemethod","refpurpose":"四元数の減算","href":"ref\/quaternion.minus.html"},{"name":"quaternion.minus","type":"method","fcntype":"instancemethod","refpurpose":"四元数の減算","href":"ref\/quaternion.minus.html"},{"name":"mtimes","type":"function","fcntype":"instancemethod","refpurpose":"四元数の乗算","href":"ref\/quaternion.mtimes.html"},{"name":"*","type":"function","fcntype":"instancemethod","refpurpose":"四元数の乗算","href":"ref\/quaternion.mtimes.html"},{"name":"quaternion.mtimes","type":"method","fcntype":"instancemethod","refpurpose":"四元数の乗算","href":"ref\/quaternion.mtimes.html"},{"name":"ノルム","type":"function","fcntype":"instancemethod","refpurpose":"四元数のノルム","href":"ref\/quaternion.norm.html"},{"name":"quaternion.norm","type":"method","fcntype":"instancemethod","refpurpose":"四元数のノルム","href":"ref\/quaternion.norm.html"},{"name":"正規化","type":"function","fcntype":"instancemethod","refpurpose":"四元数正規化","href":"ref\/quaternion.normalize.html"},{"name":"quaternion.normalize","type":"method","fcntype":"instancemethod","refpurpose":"四元数正規化","href":"ref\/quaternion.normalize.html"},{"name":"ones","type":"function","fcntype":"instancemethod","refpurpose":"実数部が 1 に設定され、虚数部が 0 に設定された quaternion 配列を作成","href":"ref\/quaternion.ones.html"},{"name":"quaternion.ones","type":"method","fcntype":"instancemethod","refpurpose":"実数部が 1 に設定され、虚数部が 0 に設定された quaternion 配列を作成","href":"ref\/quaternion.ones.html"},{"name":"部分","type":"function","fcntype":"instancemethod","refpurpose":"四元数の各部分の抽出","href":"ref\/quaternion.parts.html"},{"name":"quaternion.parts","type":"method","fcntype":"instancemethod","refpurpose":"四元数の各部分の抽出","href":"ref\/quaternion.parts.html"},{"name":"power","type":"function","fcntype":"instancemethod","refpurpose":"要素単位の四元数のべき乗","href":"ref\/quaternion.power.html"},{"name":".^","type":"function","fcntype":"instancemethod","refpurpose":"要素単位の四元数のべき乗","href":"ref\/quaternion.power.html"},{"name":"quaternion.power","type":"method","fcntype":"instancemethod","refpurpose":"要素単位の四元数のべき乗","href":"ref\/quaternion.power.html"},{"name":"prod","type":"function","fcntype":"instancemethod","refpurpose":"quaternion 配列の積","href":"ref\/quaternion.prod.html"},{"name":"quaternion.prod","type":"method","fcntype":"instancemethod","refpurpose":"quaternion 配列の積","href":"ref\/quaternion.prod.html"},{"name":"randrot","type":"function","fcntype":"instancemethod","refpurpose":"一様分布のランダムな回転","href":"ref\/quaternion.randrot.html"},{"name":"quaternion.randrot","type":"method","fcntype":"instancemethod","refpurpose":"一様分布のランダムな回転","href":"ref\/quaternion.randrot.html"},{"name":"rdivide","type":"function","fcntype":"instancemethod","refpurpose":"要素単位の四元数の右除算","href":"ref\/quaternion.rdivide.html"},{"name":".\/","type":"function","fcntype":"instancemethod","refpurpose":"要素単位の四元数の右除算","href":"ref\/quaternion.rdivide.html"},{"name":"quaternion.rdivide","type":"method","fcntype":"instancemethod","refpurpose":"要素単位の四元数の右除算","href":"ref\/quaternion.rdivide.html"},{"name":"rotateframe","type":"function","fcntype":"instancemethod","refpurpose":"四元数の座標系の回転","href":"ref\/quaternion.rotateframe.html"},{"name":"quaternion.rotateframe","type":"method","fcntype":"instancemethod","refpurpose":"四元数の座標系の回転","href":"ref\/quaternion.rotateframe.html"},{"name":"rotatepoint","type":"function","fcntype":"instancemethod","refpurpose":"四元数の点の回転","href":"ref\/quaternion.rotatepoint.html"},{"name":"quaternion.rotatepoint","type":"method","fcntype":"instancemethod","refpurpose":"四元数の点の回転","href":"ref\/quaternion.rotatepoint.html"},{"name":"rotmat","type":"function","fcntype":"instancemethod","refpurpose":"四元数の回転行列への変換","href":"ref\/quaternion.rotmat.html"},{"name":"quaternion.rotmat","type":"method","fcntype":"instancemethod","refpurpose":"四元数の回転行列への変換","href":"ref\/quaternion.rotmat.html"},{"name":"rotvec","type":"function","fcntype":"instancemethod","refpurpose":"四元数の回転ベクトルへの変換 (ラジアン単位)","href":"ref\/quaternion.rotvec.html"},{"name":"quaternion.rotvec","type":"method","fcntype":"instancemethod","refpurpose":"四元数の回転ベクトルへの変換 (ラジアン単位)","href":"ref\/quaternion.rotvec.html"},{"name":"rotvecd","type":"function","fcntype":"instancemethod","refpurpose":"四元数の回転ベクトルへの変換 (度単位)","href":"ref\/quaternion.rotvecd.html"},{"name":"quaternion.rotvecd","type":"method","fcntype":"instancemethod","refpurpose":"四元数の回転ベクトルへの変換 (度単位)","href":"ref\/quaternion.rotvecd.html"},{"name":"slerp","type":"function","fcntype":"instancemethod","refpurpose":"球面線形内挿","href":"ref\/quaternion.slerp.html"},{"name":"quaternion.slerp","type":"method","fcntype":"instancemethod","refpurpose":"球面線形内挿","href":"ref\/quaternion.slerp.html"},{"name":"times","type":"function","fcntype":"instancemethod","refpurpose":"要素単位の四元数の乗算","href":"ref\/quaternion.times.html"},{"name":".*","type":"function","fcntype":"instancemethod","refpurpose":"要素単位の四元数の乗算","href":"ref\/quaternion.times.html"},{"name":"quaternion.times","type":"method","fcntype":"instancemethod","refpurpose":"要素単位の四元数の乗算","href":"ref\/quaternion.times.html"},{"name":"transpose","type":"function","fcntype":"instancemethod","refpurpose":"quaternion 配列の転置","href":"ref\/quaternion.transpose.html"},{"name":".'","type":"function","fcntype":"instancemethod","refpurpose":"quaternion 配列の転置","href":"ref\/quaternion.transpose.html"},{"name":"quaternion.transpose","type":"method","fcntype":"instancemethod","refpurpose":"quaternion 配列の転置","href":"ref\/quaternion.transpose.html"},{"name":"uminus","type":"function","fcntype":"instancemethod","refpurpose":"四元数の単項マイナス","href":"ref\/quaternion.uminus.html"},{"name":"-","type":"function","fcntype":"instancemethod","refpurpose":"四元数の単項マイナス","href":"ref\/quaternion.uminus.html"},{"name":"quaternion.uminus","type":"method","fcntype":"instancemethod","refpurpose":"四元数の単項マイナス","href":"ref\/quaternion.uminus.html"},{"name":"zeros","type":"function","fcntype":"instancemethod","refpurpose":"すべての部分が 0 に設定された quaternion 配列を作成","href":"ref\/quaternion.zeros.html"},{"name":"quaternion.zeros","type":"method","fcntype":"instancemethod","refpurpose":"すべての部分が 0 に設定された quaternion 配列を作成","href":"ref\/quaternion.zeros.html"},{"name":"quaternion","type":"function","fcntype":"constructor","refpurpose":"quaternion 配列の作成","href":"ref\/quaternion.html"},{"name":"quaternion","type":"object","refpurpose":"quaternion 配列の作成","href":"ref\/quaternion.html"},{"name":"Scenario To Platform","type":"block","refpurpose":"プラットフォーム姿勢をシナリオの座標系からプラットフォームのボディ座標系に変換する","href":"ref\/scenariotoplatform.html"},{"name":"dist","type":"function","fcntype":"instancemethod","refpurpose":"変換間の距離を計算する","href":"ref\/se2.dist.html"},{"name":"se2.dist","type":"method","fcntype":"instancemethod","refpurpose":"変換間の距離を計算する","href":"ref\/se2.dist.html"},{"name":"se3.dist","type":"method","fcntype":"instancemethod","refpurpose":"変換間の距離を計算する","href":"ref\/se2.dist.html"},{"name":"so2.dist","type":"method","fcntype":"instancemethod","refpurpose":"変換間の距離を計算する","href":"ref\/se2.dist.html"},{"name":"so3.dist","type":"method","fcntype":"instancemethod","refpurpose":"変換間の距離を計算する","href":"ref\/se2.dist.html"},{"name":"interp","type":"function","fcntype":"instancemethod","refpurpose":"変換の間で内挿する","href":"ref\/se2.interp.html"},{"name":"se2.interp","type":"method","fcntype":"instancemethod","refpurpose":"変換の間で内挿する","href":"ref\/se2.interp.html"},{"name":"se3.interp","type":"method","fcntype":"instancemethod","refpurpose":"変換の間で内挿する","href":"ref\/se2.interp.html"},{"name":"so2.interp","type":"method","fcntype":"instancemethod","refpurpose":"変換の間で内挿する","href":"ref\/se2.interp.html"},{"name":"so3.interp","type":"method","fcntype":"instancemethod","refpurpose":"変換の間で内挿する","href":"ref\/se2.interp.html"},{"name":"mrdivide","type":"function","fcntype":"instancemethod","refpurpose":"変換または回転の右除算","href":"ref\/se2.mrdivide.html"},{"name":"\/","type":"function","fcntype":"instancemethod","refpurpose":"変換または回転の右除算","href":"ref\/se2.mrdivide.html"},{"name":"se2.mrdivide","type":"method","fcntype":"instancemethod","refpurpose":"変換または回転の右除算","href":"ref\/se2.mrdivide.html"},{"name":"se3.mrdivide","type":"method","fcntype":"instancemethod","refpurpose":"変換または回転の右除算","href":"ref\/se2.mrdivide.html"},{"name":"so2.mrdivide","type":"method","fcntype":"instancemethod","refpurpose":"変換または回転の右除算","href":"ref\/se2.mrdivide.html"},{"name":"so3.mrdivide","type":"method","fcntype":"instancemethod","refpurpose":"変換または回転の右除算","href":"ref\/se2.mrdivide.html"},{"name":"mtimes","type":"function","fcntype":"instancemethod","refpurpose":"変換または回転の乗算","href":"ref\/se2.mtimes.html"},{"name":"*","type":"function","fcntype":"instancemethod","refpurpose":"変換または回転の乗算","href":"ref\/se2.mtimes.html"},{"name":"se2.mtimes","type":"method","fcntype":"instancemethod","refpurpose":"変換または回転の乗算","href":"ref\/se2.mtimes.html"},{"name":"se3.mtimes","type":"method","fcntype":"instancemethod","refpurpose":"変換または回転の乗算","href":"ref\/se2.mtimes.html"},{"name":"so2.mtimes","type":"method","fcntype":"instancemethod","refpurpose":"変換または回転の乗算","href":"ref\/se2.mtimes.html"},{"name":"so3.mtimes","type":"method","fcntype":"instancemethod","refpurpose":"変換または回転の乗算","href":"ref\/se2.mtimes.html"},{"name":"normalize","type":"function","fcntype":"instancemethod","refpurpose":"変換行列または回転行列を正規化する","href":"ref\/se2.normalize.html"},{"name":"se2.normalize","type":"method","fcntype":"instancemethod","refpurpose":"変換行列または回転行列を正規化する","href":"ref\/se2.normalize.html"},{"name":"se3.normalize","type":"method","fcntype":"instancemethod","refpurpose":"変換行列または回転行列を正規化する","href":"ref\/se2.normalize.html"},{"name":"so2.normalize","type":"method","fcntype":"instancemethod","refpurpose":"変換行列または回転行列を正規化する","href":"ref\/se2.normalize.html"},{"name":"so3.normalize","type":"method","fcntype":"instancemethod","refpurpose":"変換行列または回転行列を正規化する","href":"ref\/se2.normalize.html"},{"name":"rdivide","type":"function","fcntype":"instancemethod","refpurpose":"要素単位の変換または回転の右除算","href":"ref\/se2.rdivide.html"},{"name":".\/","type":"function","fcntype":"instancemethod","refpurpose":"要素単位の変換または回転の右除算","href":"ref\/se2.rdivide.html"},{"name":"se2.rdivide","type":"method","fcntype":"instancemethod","refpurpose":"要素単位の変換または回転の右除算","href":"ref\/se2.rdivide.html"},{"name":"se3.rdivide","type":"method","fcntype":"instancemethod","refpurpose":"要素単位の変換または回転の右除算","href":"ref\/se2.rdivide.html"},{"name":"so2.rdivide","type":"method","fcntype":"instancemethod","refpurpose":"要素単位の変換または回転の右除算","href":"ref\/se2.rdivide.html"},{"name":"so3.rdivide","type":"method","fcntype":"instancemethod","refpurpose":"要素単位の変換または回転の右除算","href":"ref\/se2.rdivide.html"},{"name":"rotm","type":"function","fcntype":"instancemethod","refpurpose":"回転行列の抽出","href":"ref\/se2.rotm.html"},{"name":"se2.rotm","type":"method","fcntype":"instancemethod","refpurpose":"回転行列の抽出","href":"ref\/se2.rotm.html"},{"name":"se3.rotm","type":"method","fcntype":"instancemethod","refpurpose":"回転行列の抽出","href":"ref\/se2.rotm.html"},{"name":"so2.rotm","type":"method","fcntype":"instancemethod","refpurpose":"回転行列の抽出","href":"ref\/se2.rotm.html"},{"name":"so3.rotm","type":"method","fcntype":"instancemethod","refpurpose":"回転行列の抽出","href":"ref\/se2.rotm.html"},{"name":"tform","type":"function","fcntype":"instancemethod","refpurpose":"同次変換の抽出","href":"ref\/se2.tform.html"},{"name":"se2.tform","type":"method","fcntype":"instancemethod","refpurpose":"同次変換の抽出","href":"ref\/se2.tform.html"},{"name":"se3.tform","type":"method","fcntype":"instancemethod","refpurpose":"同次変換の抽出","href":"ref\/se2.tform.html"},{"name":"theta","type":"function","fcntype":"instancemethod","refpurpose":"変換または回転を 2 次元回転角度に変換する","href":"ref\/se2.theta.html"},{"name":"se2.theta","type":"method","fcntype":"instancemethod","refpurpose":"変換または回転を 2 次元回転角度に変換する","href":"ref\/se2.theta.html"},{"name":"so2.theta","type":"method","fcntype":"instancemethod","refpurpose":"変換または回転を 2 次元回転角度に変換する","href":"ref\/se2.theta.html"},{"name":"times","type":"function","fcntype":"instancemethod","refpurpose":"要素単位の変換または回転の乗算","href":"ref\/se2.times.html"},{"name":".*","type":"function","fcntype":"instancemethod","refpurpose":"要素単位の変換または回転の乗算","href":"ref\/se2.times.html"},{"name":"se2.times","type":"method","fcntype":"instancemethod","refpurpose":"要素単位の変換または回転の乗算","href":"ref\/se2.times.html"},{"name":"se3.times","type":"method","fcntype":"instancemethod","refpurpose":"要素単位の変換または回転の乗算","href":"ref\/se2.times.html"},{"name":"so2.times","type":"method","fcntype":"instancemethod","refpurpose":"要素単位の変換または回転の乗算","href":"ref\/se2.times.html"},{"name":"so3.times","type":"method","fcntype":"instancemethod","refpurpose":"要素単位の変換または回転の乗算","href":"ref\/se2.times.html"},{"name":"transform","type":"function","fcntype":"instancemethod","refpurpose":"剛体変換を点に適用する","href":"ref\/se2.transform.html"},{"name":"se2.transform","type":"method","fcntype":"instancemethod","refpurpose":"剛体変換を点に適用する","href":"ref\/se2.transform.html"},{"name":"se3.transform","type":"method","fcntype":"instancemethod","refpurpose":"剛体変換を点に適用する","href":"ref\/se2.transform.html"},{"name":"so2.transform","type":"method","fcntype":"instancemethod","refpurpose":"剛体変換を点に適用する","href":"ref\/se2.transform.html"},{"name":"so3.transform","type":"method","fcntype":"instancemethod","refpurpose":"剛体変換を点に適用する","href":"ref\/se2.transform.html"},{"name":"trvec","type":"function","fcntype":"instancemethod","refpurpose":"並進ベクトルを抽出する","href":"ref\/se2.trvec.html"},{"name":"se2.trvec","type":"method","fcntype":"instancemethod","refpurpose":"並進ベクトルを抽出する","href":"ref\/se2.trvec.html"},{"name":"se3.trvec","type":"method","fcntype":"instancemethod","refpurpose":"並進ベクトルを抽出する","href":"ref\/se2.trvec.html"},{"name":"xytheta","type":"function","fcntype":"instancemethod","refpurpose":"変換または回転をコンパクトな 2 次元姿勢表現に変換する","href":"ref\/se2.xytheta.html"},{"name":"se2.xytheta","type":"method","fcntype":"instancemethod","refpurpose":"変換または回転をコンパクトな 2 次元姿勢表現に変換する","href":"ref\/se2.xytheta.html"},{"name":"so2.xytheta","type":"method","fcntype":"instancemethod","refpurpose":"変換または回転をコンパクトな 2 次元姿勢表現に変換する","href":"ref\/se2.xytheta.html"},{"name":"se2","type":"function","fcntype":"constructor","refpurpose":"SE(2) 同次変換","href":"ref\/se2.html"},{"name":"se2","type":"object","refpurpose":"SE(2) 同次変換","href":"ref\/se2.html"},{"name":"axang","type":"function","fcntype":"instancemethod","refpurpose":"変換または回転を軸角度回転に変換する","href":"ref\/se3.axang.html"},{"name":"se3.axang","type":"method","fcntype":"instancemethod","refpurpose":"変換または回転を軸角度回転に変換する","href":"ref\/se3.axang.html"},{"name":"so3.axang","type":"method","fcntype":"instancemethod","refpurpose":"変換または回転を軸角度回転に変換する","href":"ref\/se3.axang.html"},{"name":"eul","type":"function","fcntype":"instancemethod","refpurpose":"変換または回転をオイラー角に変換する","href":"ref\/se3.eul.html"},{"name":"se3.eul","type":"method","fcntype":"instancemethod","refpurpose":"変換または回転をオイラー角に変換する","href":"ref\/se3.eul.html"},{"name":"so3.eul","type":"method","fcntype":"instancemethod","refpurpose":"変換または回転をオイラー角に変換する","href":"ref\/se3.eul.html"},{"name":"quat","type":"function","fcntype":"instancemethod","refpurpose":"変換または回転を四元数に変換する","href":"ref\/se3.quat.html"},{"name":"se3.quat","type":"method","fcntype":"instancemethod","refpurpose":"変換または回転を四元数に変換する","href":"ref\/se3.quat.html"},{"name":"so3.quat","type":"method","fcntype":"instancemethod","refpurpose":"変換または回転を四元数に変換する","href":"ref\/se3.quat.html"},{"name":"xyzquat","type":"function","fcntype":"instancemethod","refpurpose":"変換または回転をコンパクトな 3 次元姿勢表現に変換する","href":"ref\/se3.xyzquat.html"},{"name":"se3.xyzquat","type":"method","fcntype":"instancemethod","refpurpose":"変換または回転をコンパクトな 3 次元姿勢表現に変換する","href":"ref\/se3.xyzquat.html"},{"name":"so3.xyzquat","type":"method","fcntype":"instancemethod","refpurpose":"変換または回転をコンパクトな 3 次元姿勢表現に変換する","href":"ref\/se3.xyzquat.html"},{"name":"se3","type":"function","fcntype":"constructor","refpurpose":"SE(3) 同次変換","href":"ref\/se3.html"},{"name":"se3","type":"object","refpurpose":"SE(3) 同次変換","href":"ref\/se3.html"},{"name":"so2","type":"function","fcntype":"constructor","refpurpose":"SO(2) 回転","href":"ref\/so2.html"},{"name":"so2","type":"object","refpurpose":"SO(2) 回転","href":"ref\/so2.html"},{"name":"so3","type":"function","fcntype":"constructor","refpurpose":"SO(3) 回転","href":"ref\/so3.html"},{"name":"so3","type":"object","refpurpose":"SO(3) 回転","href":"ref\/so3.html"},{"name":"sync","type":"function","fcntype":"instancemethod","refpurpose":"複数の trackHistoryLogic オブジェクトの同期","href":"ref\/trackhistorylogic.sync.html"},{"name":"trackHistoryLogic.sync","type":"method","fcntype":"instancemethod","refpurpose":"複数の trackHistoryLogic オブジェクトの同期","href":"ref\/trackhistorylogic.sync.html"},{"name":"Tracking Scenario Designer","type":"app","refpurpose":"トラッキング シナリオの設計、プラットフォームとセンサーの構成、合成オブジェクト検出の生成","href":"ref\/trackingscenariodesigner-app.html"},{"name":"trackingScenarioDesigner","type":"function","fcntype":"applauncher","refpurpose":"トラッキング シナリオの設計、プラットフォームとセンサーの構成、合成オブジェクト検出の生成","href":"ref\/trackingscenariodesigner-app.html"},{"name":"plotTrajectory","type":"function","fcntype":"instancemethod","refpurpose":"軌跡プロッターで一連の軌跡をプロットする","href":"ref\/trajectoryplotter.plottrajectory.html"},{"name":"trajectoryPlotter.plotTrajectory","type":"method","fcntype":"instancemethod","refpurpose":"軌跡プロッターで一連の軌跡をプロットする","href":"ref\/trajectoryplotter.plottrajectory.html"},{"name":"waypointTrajectory","type":"function","fcntype":"constructor","refpurpose":"ウェイポイント軌跡ジェネレーター","href":"ref\/waypointtrajectory-system-object.html"},{"name":"waypointTrajectory","type":"sysobj","refpurpose":"ウェイポイント軌跡ジェネレーター","href":"ref\/waypointtrajectory-system-object.html"},{"name":"waypointTrajectory.SampleRate","type":"property","refpurpose":"軌跡のサンプル レート (Hz)","href":"ref\/waypointtrajectory-system-object.html"},{"name":"waypointTrajectory.SamplesPerFrame","type":"property","refpurpose":"出力フレームあたりのサンプル数","href":"ref\/waypointtrajectory-system-object.html"},{"name":"waypointTrajectory.Waypoints","type":"property","refpurpose":"ナビゲーション座標系における位置 (m)","href":"ref\/waypointtrajectory-system-object.html"},{"name":"waypointTrajectory.TimeOfArrival","type":"property","refpurpose":"各ウェイポイントにおける時間 (s)","href":"ref\/waypointtrajectory-system-object.html"},{"name":"waypointTrajectory.Velocities","type":"property","refpurpose":"各ウェイポイントにおけるナビゲーション座標系での速度 (m\/s)","href":"ref\/waypointtrajectory-system-object.html"},{"name":"waypointTrajectory.Course","type":"property","refpurpose":"水平方向の進行方向 (度)","href":"ref\/waypointtrajectory-system-object.html"},{"name":"waypointTrajectory.GroundSpeed","type":"property","refpurpose":"各ウェイポイントにおける対地速度 (m\/s)","href":"ref\/waypointtrajectory-system-object.html"},{"name":"waypointTrajectory.ClimbRate","type":"property","refpurpose":"各ウェイポイントにおける上昇率 (m\/s)","href":"ref\/waypointtrajectory-system-object.html"},{"name":"waypointTrajectory.JerkLimit","type":"property","refpurpose":"縦加加速度の範囲 (m\/s^{3})","href":"ref\/waypointtrajectory-system-object.html"},{"name":"waypointTrajectory.InitialTime","type":"property","refpurpose":"軌跡が開始するまでの時間 (s)","href":"ref\/waypointtrajectory-system-object.html"},{"name":"waypointTrajectory.WaitTime","type":"property","refpurpose":"各ウェイポイントにおける待機時間 (s)","href":"ref\/waypointtrajectory-system-object.html"},{"name":"waypointTrajectory.Orientation","type":"property","refpurpose":"各ウェイポイントにおける方向","href":"ref\/waypointtrajectory-system-object.html"},{"name":"waypointTrajectory.AutoPitch","type":"property","refpurpose":"ピッチ角を運動方向に合わせる","href":"ref\/waypointtrajectory-system-object.html"},{"name":"waypointTrajectory.AutoBank","type":"property","refpurpose":"ロール角を調整して向心力に抗する","href":"ref\/waypointtrajectory-system-object.html"},{"name":"waypointTrajectory.ReferenceFrame","type":"property","refpurpose":"軌跡の基準座標系","href":"ref\/waypointtrajectory-system-object.html"},{"name":"lookupPose","type":"function","fcntype":"instancemethod","refpurpose":"特定時間の姿勢情報を取得する","href":"ref\/waypointtrajectory.lookuppose.html"},{"name":"waypointTrajectory.lookupPose","type":"method","fcntype":"instancemethod","refpurpose":"特定時間の姿勢情報を取得する","href":"ref\/waypointtrajectory.lookuppose.html"},{"name":"waypointInfo","type":"function","fcntype":"instancemethod","refpurpose":"ウェイポイント情報の table を取得する","href":"ref\/waypointtrajectory.waypointinfo.html"},{"name":"waypointTrajectory.waypointInfo","type":"method","fcntype":"instancemethod","refpurpose":"ウェイポイント情報の table を取得する","href":"ref\/waypointtrajectory.waypointinfo.html"}]}