{"schema":"referenceapi_lookup_schema.json","schemaVersion":"1.0","docVersion":"doc25a.2968260.Bdoc25a.2967890.pass.r2025a","productName":"Global Optimization Toolbox","baseCode":"GD","helpFolder":"gads","helpLocation":"gads",  "refItems" : [{"name":"createOptimProblem","type":"function","fcntype":"simple","refpurpose":"Creare una struttura di problema di ottimizzazione","href":"createoptimproblem.html"},{"name":"ga","type":"function","fcntype":"simple","refpurpose":"Trova il minimo della funzione usando l'algoritmo genetico","href":"ga.html"},{"name":"gamultiobj","type":"function","fcntype":"simple","refpurpose":"Trova il fronte di Pareto di più funzioni di fitness utilizzando l'algoritmo genetico","href":"gamultiobj.html"},{"name":"GlobalOptimSolution","type":"object","refpurpose":"Soluzione di ottimizzazione","href":"globaloptimsolution.html"},{"name":"GlobalOptimSolution.Exitflag","type":"property","refpurpose":"Condizione di uscita del risolutore locale","href":"globaloptimsolution.html"},{"name":"GlobalOptimSolution.Fval","type":"property","refpurpose":"Valore della funzione obiettivo","href":"globaloptimsolution.html"},{"name":"GlobalOptimSolution.Output","type":"property","refpurpose":"Struttura di output restituita dal risolutore locale","href":"globaloptimsolution.html"},{"name":"GlobalOptimSolution.X","type":"property","refpurpose":"Soluzione locale","href":"globaloptimsolution.html"},{"name":"GlobalOptimSolution.X0","type":"property","refpurpose":"Punti di partenza che portano alla soluzione attuale","href":"globaloptimsolution.html"},{"name":"GlobalSearch","type":"function","fcntype":"constructor","refpurpose":"Trova il minimo globale","href":"globalsearch.html"},{"name":"GlobalSearch","type":"object","refpurpose":"Trova il minimo globale","href":"globalsearch.html"},{"name":"GlobalSearch.BasinRadiusFactor","type":"property","refpurpose":"Fattore di riduzione del raggio del bacino","href":"globalsearch.html"},{"name":"GlobalSearch.Display","type":"property","refpurpose":"Livello di visualizzazione della finestra di comando","href":"globalsearch.html"},{"name":"GlobalSearch.DistanceThresholdFactor","type":"property","refpurpose":"Moltiplicatore per determinare se il punto di prova si trova nel bacino esistente","href":"globalsearch.html"},{"name":"GlobalSearch.FunctionTolerance","type":"property","refpurpose":"Tolleranza sui valori della funzione per considerare le soluzioni uguali","href":"globalsearch.html"},{"name":"GlobalSearch.MaxTime","type":"property","refpurpose":"Tempo massimo in secondi di esecuzione di GlobalSearch","href":"globalsearch.html"},{"name":"GlobalSearch.MaxWaitCycle","type":"property","refpurpose":"Parametro di controllo dell'algoritmo","href":"globalsearch.html"},{"name":"GlobalSearch.NumStageOnePoints","type":"property","refpurpose":"Numero di punti Fase 1","href":"globalsearch.html"},{"name":"GlobalSearch.NumTrialPoints","type":"property","refpurpose":"Numero di potenziali punti di partenza","href":"globalsearch.html"},{"name":"GlobalSearch.OutputFcn","type":"property","refpurpose":"Segnalare l'avanzamento del risolutore o interromperlo","href":"globalsearch.html"},{"name":"GlobalSearch.PenaltyThresholdFactor","type":"property","refpurpose":"Aumento della soglia di sanzione","href":"globalsearch.html"},{"name":"GlobalSearch.PlotFcn","type":"property","refpurpose":"Progresso del risolutore di grafici","href":"globalsearch.html"},{"name":"GlobalSearch.StartPointsToRun","type":"property","refpurpose":"Punti di partenza per la corsa","href":"globalsearch.html"},{"name":"GlobalSearch.XTolerance","type":"property","refpurpose":"Tolleranza sulla distanza per considerare le soluzioni uguali","href":"globalsearch.html"},{"name":"MultiStart","type":"function","fcntype":"constructor","refpurpose":"Trova più minimi locali","href":"multistart.html"},{"name":"MultiStart","type":"object","refpurpose":"Trova più minimi locali","href":"multistart.html"},{"name":"MultiStart.Display","type":"property","refpurpose":"Livello di visualizzazione della finestra di comando","href":"multistart.html"},{"name":"MultiStart.FunctionTolerance","type":"property","refpurpose":"Tolleranza sui valori della funzione per considerare le soluzioni uguali","href":"multistart.html"},{"name":"MultiStart.MaxTime","type":"property","refpurpose":"Tempo massimo in secondi di esecuzione di MultiStart","href":"multistart.html"},{"name":"MultiStart.OutputFcn","type":"property","refpurpose":"Segnalare l'avanzamento del risolutore o interromperlo","href":"multistart.html"},{"name":"MultiStart.PlotFcn","type":"property","refpurpose":"Progresso del risolutore di grafici","href":"multistart.html"},{"name":"MultiStart.StartPointsToRun","type":"property","refpurpose":"Punti di partenza per la corsa","href":"multistart.html"},{"name":"MultiStart.UseParallel","type":"property","refpurpose":"Distribuisci le chiamate del risolutore locale a più processori","href":"multistart.html"},{"name":"MultiStart.XTolerance","type":"property","refpurpose":"Tolleranza sulla distanza per considerare le soluzioni uguali","href":"multistart.html"},{"name":"particleswarm","type":"function","fcntype":"simple","refpurpose":"Ottimizzazione dello sciame di particelle","href":"particleswarm.html"},{"name":"patternsearch","type":"function","fcntype":"simple","refpurpose":"Trova il minimo della funzione usando la ricerca di pattern","href":"patternsearch.html"},{"name":"simulannealbnd","type":"function","fcntype":"simple","refpurpose":"Trova il minimo della funzione utilizzando l'algoritmo di ricottura simulata","href":"simulannealbnd.html"}]}