{"schema":"referenceapi_lookup_schema.json","schemaVersion":"1.0","docVersion":"doc25a.2968260.Bdoc25a.2967890.pass.r2025a","productName":"Global Optimization Toolbox","baseCode":"GD","helpFolder":"gads","helpLocation":"gads",  "refItems" : [{"name":"createOptimProblem","type":"function","fcntype":"simple","refpurpose":"Create optimization problem structure","href":"createoptimproblem.html"},{"name":"CustomStartPointSet","type":"function","fcntype":"constructor","refpurpose":"Custom start points","href":"customstartpointset.html"},{"name":"CustomStartPointSet","type":"object","refpurpose":"Custom start points","href":"customstartpointset.html"},{"name":"CustomStartPointSet.NumStartPoints","type":"property","refpurpose":"Number of start points","href":"customstartpointset.html"},{"name":"CustomStartPointSet.StartPointsDimension","type":"property","refpurpose":"Dimension of each start point","href":"customstartpointset.html"},{"name":"ga","type":"function","fcntype":"simple","refpurpose":"Find minimum of function using genetic algorithm","href":"ga.html"},{"name":"gamultiobj","type":"function","fcntype":"simple","refpurpose":"Find Pareto front of multiple fitness functions using genetic algorithm","href":"gamultiobj.html"},{"name":"gaoptimget","type":"function","fcntype":"simple","refpurpose":"(Not recommended) Obtain values of genetic algorithm options structure","deprecated":"true","href":"gaoptimget.html"},{"name":"gaoptimset","type":"function","fcntype":"simple","refpurpose":"(Not recommended) Create genetic algorithm options structure","deprecated":"true","href":"gaoptimset.html"},{"name":"GlobalOptimSolution","type":"object","refpurpose":"Optimization solution","href":"globaloptimsolution.html"},{"name":"GlobalOptimSolution.Exitflag","type":"property","refpurpose":"Exit condition of local solver","href":"globaloptimsolution.html"},{"name":"GlobalOptimSolution.Fval","type":"property","refpurpose":"Objective function value","href":"globaloptimsolution.html"},{"name":"GlobalOptimSolution.Output","type":"property","refpurpose":"Output structure returned by the local solver","href":"globaloptimsolution.html"},{"name":"GlobalOptimSolution.X","type":"property","refpurpose":"Local solution","href":"globaloptimsolution.html"},{"name":"GlobalOptimSolution.X0","type":"property","refpurpose":"Start points that lead to current solution","href":"globaloptimsolution.html"},{"name":"run","type":"function","fcntype":"instancemethod","refpurpose":"Run multiple-start solver","href":"globalsearch.run.html"},{"name":"GlobalSearch.run","type":"method","fcntype":"instancemethod","refpurpose":"Run multiple-start solver","href":"globalsearch.run.html"},{"name":"MultiStart.run","type":"method","fcntype":"instancemethod","refpurpose":"Run multiple-start solver","href":"globalsearch.run.html"},{"name":"GlobalSearch","type":"function","fcntype":"constructor","refpurpose":"Find global minimum","href":"globalsearch.html"},{"name":"GlobalSearch","type":"object","refpurpose":"Find global minimum","href":"globalsearch.html"},{"name":"GlobalSearch.BasinRadiusFactor","type":"property","refpurpose":"Basin radius decrease factor","href":"globalsearch.html"},{"name":"GlobalSearch.Display","type":"property","refpurpose":"Level of display to the Command Window","href":"globalsearch.html"},{"name":"GlobalSearch.DistanceThresholdFactor","type":"property","refpurpose":"Multiplier for determining trial point is in existing basin","href":"globalsearch.html"},{"name":"GlobalSearch.FunctionTolerance","type":"property","refpurpose":"Tolerance on function values for considering solutions equal","href":"globalsearch.html"},{"name":"GlobalSearch.MaxTime","type":"property","refpurpose":"Maximum time in seconds that GlobalSearch runs","href":"globalsearch.html"},{"name":"GlobalSearch.MaxWaitCycle","type":"property","refpurpose":"Algorithm control parameter","href":"globalsearch.html"},{"name":"GlobalSearch.NumStageOnePoints","type":"property","refpurpose":"Number of Stage 1 points","href":"globalsearch.html"},{"name":"GlobalSearch.NumTrialPoints","type":"property","refpurpose":"Number of potential start points","href":"globalsearch.html"},{"name":"GlobalSearch.OutputFcn","type":"property","refpurpose":"Report on solver progress or halt solver","href":"globalsearch.html"},{"name":"GlobalSearch.PenaltyThresholdFactor","type":"property","refpurpose":"Increase in penalty threshold","href":"globalsearch.html"},{"name":"GlobalSearch.PlotFcn","type":"property","refpurpose":"Plot solver progress","href":"globalsearch.html"},{"name":"GlobalSearch.StartPointsToRun","type":"property","refpurpose":"Start points to run","href":"globalsearch.html"},{"name":"GlobalSearch.XTolerance","type":"property","refpurpose":"Tolerance on distance for considering solutions equal","href":"globalsearch.html"},{"name":"MultiStart","type":"function","fcntype":"constructor","refpurpose":"Find multiple local minima","href":"multistart.html"},{"name":"MultiStart","type":"object","refpurpose":"Find multiple local minima","href":"multistart.html"},{"name":"MultiStart.Display","type":"property","refpurpose":"Level of display to the Command Window","href":"multistart.html"},{"name":"MultiStart.FunctionTolerance","type":"property","refpurpose":"Tolerance on function values for considering solutions equal","href":"multistart.html"},{"name":"MultiStart.MaxTime","type":"property","refpurpose":"Maximum time in seconds that MultiStart runs","href":"multistart.html"},{"name":"MultiStart.OutputFcn","type":"property","refpurpose":"Report on solver progress or halt solver","href":"multistart.html"},{"name":"MultiStart.PlotFcn","type":"property","refpurpose":"Plot solver progress","href":"multistart.html"},{"name":"MultiStart.StartPointsToRun","type":"property","refpurpose":"Start points to run","href":"multistart.html"},{"name":"MultiStart.UseParallel","type":"property","refpurpose":"Distribute local solver calls to multiple processors","href":"multistart.html"},{"name":"MultiStart.XTolerance","type":"property","refpurpose":"Tolerance on distance for considering solutions equal","href":"multistart.html"},{"name":"packfcn","type":"function","fcntype":"simple","refpurpose":"Combine objective and nonlinear constraint functions","href":"packfcn.html"},{"name":"paretosearch","type":"function","fcntype":"simple","refpurpose":"Find points in Pareto set","href":"paretosearch.html"},{"name":"particleswarm","type":"function","fcntype":"simple","refpurpose":"Particle swarm optimization","href":"particleswarm.html"},{"name":"patternsearch","type":"function","fcntype":"simple","refpurpose":"Find minimum of function using pattern search","href":"patternsearch.html"},{"name":"psoptimget","type":"function","fcntype":"simple","refpurpose":"(Not recommended) Obtain values of pattern search options structure","deprecated":"true","href":"psoptimget.html"},{"name":"psoptimset","type":"function","fcntype":"simple","refpurpose":"(Not recommended) Create pattern search options structure","deprecated":"true","href":"psoptimset.html"},{"name":"list","type":"function","fcntype":"instancemethod","refpurpose":"List start points","href":"randomstartpointset.list.html"},{"name":"RandomStartPointSet.list","type":"method","fcntype":"instancemethod","refpurpose":"List start points","href":"randomstartpointset.list.html"},{"name":"CustomStartPointSet.list","type":"method","fcntype":"instancemethod","refpurpose":"List start points","href":"randomstartpointset.list.html"},{"name":"RandomStartPointSet","type":"function","fcntype":"constructor","refpurpose":"Random start points","href":"randomstartpointset.html"},{"name":"RandomStartPointSet","type":"object","refpurpose":"Random start points","href":"randomstartpointset.html"},{"name":"RandomStartPointSet.ArtificialBound","type":"property","refpurpose":"Absolute value of default bounds for unbounded components","href":"randomstartpointset.html"},{"name":"RandomStartPointSet.NumStartPoints","type":"property","refpurpose":"Number of start points","href":"randomstartpointset.html"},{"name":"saoptimget","type":"function","fcntype":"simple","refpurpose":"(Not recommended) Values of simulated annealing options structure","deprecated":"true","href":"saoptimget.html"},{"name":"saoptimset","type":"function","fcntype":"simple","refpurpose":"(Not recommended) Create simulated annealing options structure","deprecated":"true","href":"saoptimset.html"},{"name":"simulannealbnd","type":"function","fcntype":"simple","refpurpose":"Find minimum of function using simulated annealing algorithm","href":"simulannealbnd.html"},{"name":"surrogateopt","type":"function","fcntype":"simple","refpurpose":"Surrogate optimization for global minimization of time-consuming objective functions","href":"surrogateopt.html"}]}