{"schema":"referenceapi_lookup_schema.json","schemaVersion":"1.0","docVersion":"doc25a.2968260.Bdoc25a.2967890.pass.r2025a","productName":"Instrument Control Toolbox","baseCode":"IC","helpFolder":"instrument","helpLocation":"instrument",  "refItems" : [{"name":"icdevice","type":"function","fcntype":"constructor","refpurpose":"创建设备对象","href":"icdevice.html"},{"name":"icdevice","type":"object","refpurpose":"创建设备对象","href":"icdevice.html"},{"name":"TCP\/IP Receive","type":"block","refpurpose":"通过 TCP\/IP 网络从指定的远程机器接收数据","href":"tcpipreceive.html"}]}