{"schema":"referenceapi_lookup_schema.json","schemaVersion":"1.0","docVersion":"doc25a.2968260.Bdoc25a.2967890.pass.r2025a","productName":"설치 및 라이선싱","baseCode":"","helpFolder":"install","helpLocation":"install",  "refItems" : [{"name":"mpm download","type":"function","fcntype":"simple","refpurpose":"(Linux, Windows, Mac) 운영 체제 명령줄에서 제품 다운로드","href":"ug\/mpmdownload.html"},{"name":"mpm --help","type":"function","fcntype":"simple","refpurpose":"(Linux, Windows, Mac) MATLAB Package Manager 사용 도움말 표시","href":"ug\/mpmhelp.html"},{"name":"mpm install","type":"function","fcntype":"simple","refpurpose":"(Linux, Windows, Mac) 운영 체제 명령줄에서 제품 설치","href":"ug\/mpminstall.html"},{"name":"mpm install-doc","type":"function","fcntype":"simple","refpurpose":"(Linux, Windows, Mac) 운영 체제 명령줄에서 문서 설치","href":"ug\/mpminstalldoc.html"},{"name":"mpm --version","type":"function","fcntype":"simple","refpurpose":"‌‌‌(Linux, Windows, Mac) MATLAB Package Manager 버전 정보 확인","href":"ug\/mpmversion.html"}]}