{"schema":"referenceapi_lookup_schema.json","schemaVersion":"1.0","docVersion":"doc25a.2968260.Bdoc25a.2967890.pass.r2025a","productName":"インストールおよびライセンス","baseCode":"","helpFolder":"install","helpLocation":"install",  "refItems" : [{"name":"mpm download","type":"function","fcntype":"simple","refpurpose":"(Linux、Windows、Mac) オペレーティング システムのコマンド ラインからの製品のダウンロード","href":"ug\/mpmdownload.html"},{"name":"mpm --help","type":"function","fcntype":"simple","refpurpose":"(Linux、Windows、Mac) MATLAB パッケージ マネージャーを使用したヘルプの取得","href":"ug\/mpmhelp.html"},{"name":"mpm install","type":"function","fcntype":"simple","refpurpose":"(Linux、Windows、Mac) オペレーティング システムのコマンド ラインからの製品のインストール","href":"ug\/mpminstall.html"},{"name":"mpm install-doc","type":"function","fcntype":"simple","refpurpose":"(Linux、Windows、Mac) オペレーティング システムのコマンド ラインからのドキュメンテーションのインストール","href":"ug\/mpminstalldoc.html"},{"name":"mpm --version","type":"function","fcntype":"simple","refpurpose":"(Linux、Windows、Mac) MATLAB パッケージ マネージャーのバージョン情報の取得","href":"ug\/mpmversion.html"}]}