{"schema":"referenceapi_lookup_schema.json","schemaVersion":"1.0","docVersion":"doc25a.2968260.Bdoc25a.2967890.pass.r2025a","productName":"Lidar Toolbox","baseCode":"LP","helpFolder":"lidar","helpLocation":"lidar","addons":"VELODYNE_LIDAR LIDAR_OUSTER LIDAR_HOKUYO OPENPCDET LIDAR_RANDLANET LIDAR_POINTNET",  "refItems" : [{"name":"e57FileReader","type":"function","fcntype":"constructor","refpurpose":"E57 파일에서 포인트 클라우드 데이터 읽어오기","href":"ref\/e57filereader.html"},{"name":"e57FileReader","type":"object","refpurpose":"E57 파일에서 포인트 클라우드 데이터 읽어오기","href":"ref\/e57filereader.html"},{"name":"e57FileReader.FileName","type":"property","refpurpose":"E57 파일의 이름","href":"ref\/e57filereader.html"},{"name":"e57FileReader.FormatName","type":"property","refpurpose":"E57 파일 헤더의 형식 이름","href":"ref\/e57filereader.html"},{"name":"e57FileReader.GUID","type":"property","refpurpose":"E57 파일 헤더의 전역 고유 식별자","href":"ref\/e57filereader.html"},{"name":"e57FileReader.Version","type":"property","refpurpose":"E57 파일 버전","href":"ref\/e57filereader.html"},{"name":"e57FileReader.LibraryVersion","type":"property","refpurpose":"E57 파일을 저장하는 데 사용하는 라이브러리 버전","href":"ref\/e57filereader.html"},{"name":"e57FileReader.FileCreationTime","type":"property","refpurpose":"파일 생성 날짜 및 시간","href":"ref\/e57filereader.html"},{"name":"e57FileReader.NumPointClouds","type":"property","refpurpose":"포인트 클라우드 개수","href":"ref\/e57filereader.html"},{"name":"eigenFeature","type":"object","refpurpose":"고유값 기반 특징을 저장하기 위한 객체","href":"ref\/eigenfeature.html"},{"name":"eigenFeature","type":"function","fcntype":"constructor","refpurpose":"고유값 기반 특징을 저장하기 위한 객체","href":"ref\/eigenfeature.html"},{"name":"eigenFeature.Feature","type":"property","refpurpose":"특징 벡터","href":"ref\/eigenfeature.html"},{"name":"eigenFeature.Centroid","type":"property","refpurpose":"중심","href":"ref\/eigenfeature.html"},{"name":"lasFileReader","type":"function","fcntype":"constructor","refpurpose":"LAS 파일 또는 LAZ 파일 리더","href":"ref\/lasfilereader.html"},{"name":"lasFileReader","type":"object","refpurpose":"LAS 파일 또는 LAZ 파일 리더","href":"ref\/lasfilereader.html"},{"name":"lasFileReader.FileName","type":"property","refpurpose":"LAS 파일 또는 LAZ 파일의 이름","href":"ref\/lasfilereader.html"},{"name":"lasFileReader.Count","type":"property","refpurpose":"사용 가능한 점 레코드 개수","href":"ref\/lasfilereader.html"},{"name":"lasFileReader.LasVersion","type":"property","refpurpose":"LAS 파일 버전 또는 LAZ 파일 버전","href":"ref\/lasfilereader.html"},{"name":"lasFileReader.XLimits","type":"property","refpurpose":"x축 상의 좌표 범위","href":"ref\/lasfilereader.html"},{"name":"lasFileReader.YLimits","type":"property","refpurpose":"y축상의 좌표 범위","href":"ref\/lasfilereader.html"},{"name":"lasFileReader.ZLimits","type":"property","refpurpose":"z축상의 좌표 범위","href":"ref\/lasfilereader.html"},{"name":"lasFileReader.GPSTimeLimits","type":"property","refpurpose":"GPS 타임스탬프의 범위","href":"ref\/lasfilereader.html"},{"name":"lasFileReader.NumReturns","type":"property","refpurpose":"모든 점 레이저 반환의 최대 개수","href":"ref\/lasfilereader.html"},{"name":"lasFileReader.NumClasses","type":"property","refpurpose":"모든 점 분류 값의 최대 개수","href":"ref\/lasfilereader.html"},{"name":"lasFileReader.SystemIdentifier","type":"property","refpurpose":"하드웨어 센서 시스템 식별자의 이름","href":"ref\/lasfilereader.html"},{"name":"lasFileReader.GeneratingSoftware","type":"property","refpurpose":"생성 소프트웨어의 이름","href":"ref\/lasfilereader.html"},{"name":"lasFileReader.FileCreationDate","type":"property","refpurpose":"파일 생성 날짜","href":"ref\/lasfilereader.html"},{"name":"lasFileReader.FileSourceID","type":"property","refpurpose":"LAS 파일 소스 식별자","href":"ref\/lasfilereader.html"},{"name":"lasFileReader.ProjectID","type":"property","refpurpose":"프로젝트 ID","href":"ref\/lasfilereader.html"},{"name":"lasFileReader.PointDataFormat","type":"property","refpurpose":"PDRF(Point Data Record Format) ID","href":"ref\/lasfilereader.html"},{"name":"lasFileReader.ClassificationInfo","type":"property","refpurpose":"분류 정보","href":"ref\/lasfilereader.html"},{"name":"lasFileReader.LaserReturnInfo","type":"property","refpurpose":"레이저 반환 정보","href":"ref\/lasfilereader.html"},{"name":"lasFileReader.VariableLengthRecords","type":"property","refpurpose":"가변 길이 레코드 정보","href":"ref\/lasfilereader.html"},{"name":"writePointCloud","type":"function","fcntype":"instancemethod","refpurpose":"포인트 클라우드 데이터를 LAS 파일 또는 LAZ 파일에 쓰기","href":"ref\/lasfilewriter.writepointcloud.html"},{"name":"lasFileWriter.writePointCloud","type":"method","fcntype":"instancemethod","refpurpose":"포인트 클라우드 데이터를 LAS 파일 또는 LAZ 파일에 쓰기","href":"ref\/lasfilewriter.writepointcloud.html"},{"name":"Lidar Camera Calibrator","type":"app","refpurpose":"센서 데이터를 융합하기 위해 대화형 방식으로 라이다 센서와 카메라 간의 대응점 설정","href":"ref\/lidarcameracalibrator-app.html"},{"name":"lidarCameraCalibrator","type":"function","fcntype":"applauncher","refpurpose":"센서 데이터를 융합하기 위해 대화형 방식으로 라이다 센서와 카메라 간의 대응점 설정","href":"ref\/lidarcameracalibrator-app.html"},{"name":"Lidar Registration Analyzer","type":"app","refpurpose":"라이다 포인트 클라우드 정합 결과 분석","href":"ref\/lidarregistrationanalyzer-app.html"},{"name":"lidarRegistrationAnalyzer","type":"function","fcntype":"applauncher","refpurpose":"라이다 포인트 클라우드 정합 결과 분석","href":"ref\/lidarregistrationanalyzer-app.html"},{"name":"lidarScan","type":"function","fcntype":"constructor","refpurpose":"2차원 라이다 스캔을 저장하기 위한 객체 생성","href":"ref\/lidarscan.html"},{"name":"lidarScan","type":"object","refpurpose":"2차원 라이다 스캔을 저장하기 위한 객체 생성","href":"ref\/lidarscan.html"},{"name":"lidarScan.Ranges","type":"property","refpurpose":"라이다의 거리 측정값(단위: 미터)","href":"ref\/lidarscan.html"},{"name":"lidarScan.Angles","type":"property","refpurpose":"라이다의 각도 측정값(단위: 라디안)","href":"ref\/lidarscan.html"},{"name":"lidarScan.Cartesian","type":"property","refpurpose":"라이다 측정값의 카테시안 좌표(단위: 미터)","href":"ref\/lidarscan.html"},{"name":"lidarScan.Count","type":"property","refpurpose":"라이다 측정값 개수","href":"ref\/lidarscan.html"},{"name":"Lidar Viewer","type":"app","refpurpose":"라이다 데이터 시각화 및 분석","href":"ref\/lidarviewer-app.html"},{"name":"lidarViewer","type":"function","fcntype":"applauncher","refpurpose":"라이다 데이터 시각화 및 분석","href":"ref\/lidarviewer-app.html"},{"name":"pc2surfacemesh","type":"function","fcntype":"simple","refpurpose":"3차원 포인트 클라우드에서 곡면 메시 생성","href":"ref\/pc2surfacemesh.html"},{"name":"pcorganize","type":"function","fcntype":"simple","refpurpose":"3차원 포인트 클라우드를 정렬 포인트 클라우드로 변환","href":"ref\/pcorganize.html"},{"name":"projectLidarPointsOnImage","type":"function","fcntype":"simple","refpurpose":"영상 좌표 프레임에 라이다 포인트 클라우드 데이터 투영","href":"ref\/projectlidarpointsonimage.html"},{"name":"readSurfaceMesh","type":"function","fcntype":"simple","refpurpose":"표준 메시 파일 형식에서 곡면 메시 데이터 읽어오기","href":"ref\/readsurfacemesh.html"},{"name":"computeNormals","type":"function","fcntype":"instancemethod","refpurpose":"메시 꼭짓점과 메시 면에 대한 단위 법선 계산","href":"ref\/surfacemesh.computenormals.html"},{"name":"surfaceMesh.computeNormals","type":"method","fcntype":"instancemethod","refpurpose":"메시 꼭짓점과 메시 면에 대한 단위 법선 계산","href":"ref\/surfacemesh.computenormals.html"},{"name":"crop","type":"function","fcntype":"instancemethod","refpurpose":"곡면 메시 자르기","href":"ref\/surfacemesh.crop.html"},{"name":"surfaceMesh.crop","type":"method","fcntype":"instancemethod","refpurpose":"곡면 메시 자르기","href":"ref\/surfacemesh.crop.html"},{"name":"isWatertight","type":"function","fcntype":"instancemethod","refpurpose":"곡면 메시가 밀폐되어 있는지 확인","href":"ref\/surfacemesh.iswatertight.html"},{"name":"surfaceMesh.isWatertight","type":"method","fcntype":"instancemethod","refpurpose":"곡면 메시가 밀폐되어 있는지 확인","href":"ref\/surfacemesh.iswatertight.html"},{"name":"surfaceMesh","type":"function","fcntype":"constructor","refpurpose":"곡면 메시 생성","href":"ref\/surfacemesh.html"},{"name":"surfaceMesh","type":"object","refpurpose":"곡면 메시 생성","href":"ref\/surfacemesh.html"},{"name":"surfaceMesh.Vertices","type":"property","refpurpose":"메시 꼭짓점","href":"ref\/surfacemesh.html"},{"name":"surfaceMesh.Faces","type":"property","refpurpose":"메시 삼각형 면","href":"ref\/surfacemesh.html"},{"name":"surfaceMesh.VertexNormals","type":"property","refpurpose":"메시 꼭짓점에 대한 법선 벡터","href":"ref\/surfacemesh.html"},{"name":"surfaceMesh.VertexColors","type":"property","refpurpose":"메시 꼭짓점에 대한 색 값","href":"ref\/surfacemesh.html"},{"name":"surfaceMesh.FaceNormals","type":"property","refpurpose":"메시 면에 대한 법선","href":"ref\/surfacemesh.html"},{"name":"surfaceMesh.FaceColors","type":"property","refpurpose":"메시 면에 대한 색","href":"ref\/surfacemesh.html"},{"name":"surfaceMesh.NumVertices","type":"property","refpurpose":"메시 꼭짓점 개수","href":"ref\/surfacemesh.html"},{"name":"surfaceMesh.NumFaces","type":"property","refpurpose":"메시 면 개수","href":"ref\/surfacemesh.html"},{"name":"surfaceMeshShow","type":"function","fcntype":"simple","refpurpose":"곡면 메시 표시","href":"ref\/surfacemeshshow.html"},{"name":"writeSurfaceMesh","type":"function","fcntype":"simple","refpurpose":"표준 메시 파일 형식으로 곡면 메시 쓰기","href":"ref\/writesurfacemesh.html"}]}