{"schema":"referenceapi_lookup_schema.json","schemaVersion":"1.0","docVersion":"doc25a.2968260.Bdoc25a.2967890.pass.r2025a","productName":"MATLAB Grader","baseCode":"GR","helpFolder":"matlabgrader","helpLocation":"matlabgrader",  "refItems" : [{"name":"assessFunctionAbsence","type":"function","fcntype":"simple","refpurpose":"학습자 답안에 특정 함수나 키워드가 없는지 확인","href":"ug\/assessfunctionabsence.html"},{"name":"assessFunctionPresence","type":"function","fcntype":"simple","refpurpose":"제출 답안에 특정 함수나 특정 키워드가 있는지 확인","href":"ug\/assessfunctionpresence.html"},{"name":"assessVariableEqual","type":"function","fcntype":"simple","refpurpose":"변수의 존재 및 동등성 여부에 대해 여러 번의 확인 수행","href":"ug\/assessvariableequal.html"}]}