{"schema":"referenceapi_lookup_schema.json","schemaVersion":"1.0","docVersion":"doc25a.2968260.Bdoc25a.2967890.pass.r2025a","productName":"MATLAB Grader","baseCode":"GR","helpFolder":"matlabgrader","helpLocation":"matlabgrader",  "refItems" : [{"name":"assessFunctionAbsence","type":"function","fcntype":"simple","refpurpose":"Verificare che alcune funzioni o parole chiave non siano presenti nella soluzione dello studente","href":"ug\/assessfunctionabsence.html"},{"name":"assessFunctionPresence","type":"function","fcntype":"simple","refpurpose":"Verificare la presenza di funzioni o parole chiave specifiche nella presentazione","href":"ug\/assessfunctionpresence.html"},{"name":"assessVariableEqual","type":"function","fcntype":"simple","refpurpose":"Eseguire più controlli per la presenza e l'uguaglianza delle variabili","href":"ug\/assessvariableequal.html"}]}