{"schema":"referenceapi_lookup_schema.json","schemaVersion":"1.0","docVersion":"doc25a.2968260.Bdoc25a.2967890.pass.r2025a","productName":"MATLAB Grader","baseCode":"GR","helpFolder":"matlabgrader","helpLocation":"matlabgrader",  "refItems" : [{"name":"assessFunctionAbsence","type":"function","fcntype":"simple","refpurpose":"Comprobar si determinadas funciones o palabras clave no están presentes en la solución de su estudiante","href":"ug\/assessfunctionabsence.html"},{"name":"assessFunctionPresence","type":"function","fcntype":"simple","refpurpose":"Comprobar la presencia de funciones o palabras clave específicas en el intento","href":"ug\/assessfunctionpresence.html"},{"name":"assessVariableEqual","type":"function","fcntype":"simple","refpurpose":"Realizar múltiples comprobaciones de la presencia de una variable y su igualdad","href":"ug\/assessvariableequal.html"}]}