{"schema":"referenceapi_lookup_schema.json","schemaVersion":"1.0","docVersion":"doc25a.2968260.Bdoc25a.2967890.pass.r2025a","productName":"MATLAB","baseCode":"ML","helpFolder":"matlab","helpLocation":"matlab","addons":"ML_LEGO_EV3 ML_BEAGLEBONE_BLACK_IO ML_ARDUINO RASPPIIO ML_PARROT_DRONES USBWEBCAM ML_IP_CAMERAS RYZEIO QUANTUM",  "refItems" : [{"name":"abs","type":"function","fcntype":"simple","refpurpose":"Valeur absolue et amplitude complexe","href":"ref\/abs.html"},{"name":"angle","type":"function","fcntype":"simple","refpurpose":"Angle de phase","href":"ref\/angle.html"},{"name":"atan","type":"function","fcntype":"simple","refpurpose":"Tangente inverse en radians","href":"ref\/atan.html"},{"name":"break","type":"function","fcntype":"simple","refpurpose":"Mettre fin à l’exécution d’une boucle for ou while","href":"ref\/break.html"},{"name":"cell2mat","type":"function","fcntype":"simple","refpurpose":"Convertir un cell array en tableau ordinaire du type de données sous-jacent","href":"ref\/cell2mat.html"},{"name":"clc","type":"function","fcntype":"simple","refpurpose":"Effacer la fenêtre de commande","href":"ref\/clc.html"},{"name":"colormap","type":"function","fcntype":"simple","refpurpose":"Afficher et définir la palette de couleurs actuelle","href":"ref\/colormap.html"},{"name":"conj","type":"function","fcntype":"simple","refpurpose":"Conjugué d'un nombre complexe","href":"ref\/conj.html"},{"name":"conv","type":"function","fcntype":"simple","refpurpose":"Convolution et multiplication polynomiale","href":"ref\/conv.html"},{"name":"disp","type":"function","fcntype":"simple","refpurpose":"Afficher la valeur d’une variable","href":"ref\/disp.html"},{"name":"cat","type":"function","fcntype":"instancemethod","refpurpose":"Concaténer des tableaux","href":"ref\/double.cat.html"},{"name":"double.cat","type":"method","fcntype":"instancemethod","refpurpose":"Concaténer des tableaux","href":"ref\/double.cat.html"},{"name":"table.cat","type":"method","fcntype":"instancemethod","refpurpose":"Concaténer des tableaux","href":"ref\/double.cat.html"},{"name":"timetable.cat","type":"method","fcntype":"instancemethod","refpurpose":"Concaténer des tableaux","href":"ref\/double.cat.html"},{"name":"categorical.cat","type":"method","fcntype":"instancemethod","refpurpose":"Concaténer des tableaux","href":"ref\/double.cat.html"},{"name":"datetime.cat","type":"method","fcntype":"instancemethod","refpurpose":"Concaténer des tableaux","href":"ref\/double.cat.html"},{"name":"duration.cat","type":"method","fcntype":"instancemethod","refpurpose":"Concaténer des tableaux","href":"ref\/double.cat.html"},{"name":"calendarDuration.cat","type":"method","fcntype":"instancemethod","refpurpose":"Concaténer des tableaux","href":"ref\/double.cat.html"},{"name":"tall.cat","type":"method","fcntype":"instancemethod","refpurpose":"Concaténer des tableaux","href":"ref\/double.cat.html"},{"name":"numel","type":"function","fcntype":"instancemethod","refpurpose":"Nombre d’éléments de tableau","href":"ref\/double.numel.html"},{"name":"double.numel","type":"method","fcntype":"instancemethod","refpurpose":"Nombre d’éléments de tableau","href":"ref\/double.numel.html"},{"name":"table.numel","type":"method","fcntype":"instancemethod","refpurpose":"Nombre d’éléments de tableau","href":"ref\/double.numel.html"},{"name":"timetable.numel","type":"method","fcntype":"instancemethod","refpurpose":"Nombre d’éléments de tableau","href":"ref\/double.numel.html"},{"name":"categorical.numel","type":"method","fcntype":"instancemethod","refpurpose":"Nombre d’éléments de tableau","href":"ref\/double.numel.html"},{"name":"datetime.numel","type":"method","fcntype":"instancemethod","refpurpose":"Nombre d’éléments de tableau","href":"ref\/double.numel.html"},{"name":"duration.numel","type":"method","fcntype":"instancemethod","refpurpose":"Nombre d’éléments de tableau","href":"ref\/double.numel.html"},{"name":"calendarDuration.numel","type":"method","fcntype":"instancemethod","refpurpose":"Nombre d’éléments de tableau","href":"ref\/double.numel.html"},{"name":"tall.numel","type":"method","fcntype":"instancemethod","refpurpose":"Nombre d’éléments de tableau","href":"ref\/double.numel.html"},{"name":"transpose","type":"function","fcntype":"instancemethod","refpurpose":"Transposer un vecteur ou une matrice","href":"ref\/double.transpose.html"},{"name":".'","type":"function","fcntype":"instancemethod","refpurpose":"Transposer un vecteur ou une matrice","href":"ref\/double.transpose.html"},{"name":"double.transpose","type":"method","fcntype":"instancemethod","refpurpose":"Transposer un vecteur ou une matrice","href":"ref\/double.transpose.html"},{"name":"datetime.transpose","type":"method","fcntype":"instancemethod","refpurpose":"Transposer un vecteur ou une matrice","href":"ref\/double.transpose.html"},{"name":"duration.transpose","type":"method","fcntype":"instancemethod","refpurpose":"Transposer un vecteur ou une matrice","href":"ref\/double.transpose.html"},{"name":"calendarDuration.transpose","type":"method","fcntype":"instancemethod","refpurpose":"Transposer un vecteur ou une matrice","href":"ref\/double.transpose.html"},{"name":"categorical.transpose","type":"method","fcntype":"instancemethod","refpurpose":"Transposer un vecteur ou une matrice","href":"ref\/double.transpose.html"},{"name":"double","type":"function","fcntype":"constructor","refpurpose":"Tableaux en double précision","href":"ref\/double.html"},{"name":"double","type":"object","refpurpose":"Tableaux en double précision","href":"ref\/double.html"},{"name":"eval","type":"function","fcntype":"simple","refpurpose":"Évaluer une expression MATLAB","href":"ref\/eval.html"},{"name":"exit","type":"function","fcntype":"simple","refpurpose":"Terminer un programme MATLAB (revient à le quitter)","href":"ref\/exit.html"},{"name":"exp","type":"function","fcntype":"simple","refpurpose":"Exponentielle","href":"ref\/exp.html"},{"name":"fftshift","type":"function","fcntype":"simple","refpurpose":"Décaler le composant à fréquence nulle au centre du spectre","href":"ref\/fftshift.html"},{"name":"fieldnames","type":"function","fcntype":"simple","refpurpose":"Noms des champs d’une structure, ou champs publics d’un objet Microsoft COM ou Java","href":"ref\/fieldnames.html"},{"name":"find","type":"function","fcntype":"simple","refpurpose":"Rechercher des indices et des valeurs d’éléments non nuls","href":"ref\/find.html"},{"name":"flip","type":"function","fcntype":"simple","refpurpose":"Inverser l’ordre des éléments","href":"ref\/flip.html"},{"name":"floor","type":"function","fcntype":"simple","refpurpose":"Arrondir vers l’infini négatif","href":"ref\/floor.html"},{"name":"for","type":"function","fcntype":"simple","refpurpose":"boucle for se répétant un nombre de fois spécifié","href":"ref\/for.html"},{"name":"function","type":"function","fcntype":"simple","refpurpose":"Déclarer le nom, les entrées et les sorties d'une fonction","href":"ref\/function.html"},{"name":"gca","type":"function","fcntype":"simple","refpurpose":"Axes ou graphiques courants","href":"ref\/gca.html"},{"name":"gcf","type":"function","fcntype":"simple","refpurpose":"Handle de la figure courante","href":"ref\/gcf.html"},{"name":"hold","type":"function","fcntype":"simple","refpurpose":"Conserver le tracé courant lors de l’ajout de nouveaux tracés","href":"ref\/hold.html"},{"name":"if","type":"function","fcntype":"simple","refpurpose":"Exécuter les instructions si la condition est vraie","href":"ref\/if.html"},{"name":"elseif","type":"function","fcntype":"simple","refpurpose":"Exécuter les instructions si la condition est vraie","href":"ref\/if.html"},{"name":"else","type":"function","fcntype":"simple","refpurpose":"Exécuter les instructions si la condition est vraie","href":"ref\/if.html"},{"name":"input","type":"function","fcntype":"simple","refpurpose":"Demander une entrée utilisateur","href":"ref\/input.html"},{"name":"inv","type":"function","fcntype":"simple","refpurpose":"Inverse de matrice","href":"ref\/inv.html"},{"name":"isnan","type":"function","fcntype":"simple","refpurpose":"Déterminer les éléments NaN d'un tableau","href":"ref\/isnan.html"},{"name":"length","type":"function","fcntype":"simple","refpurpose":"Longueur de la plus grande dimension d'un tableau","href":"ref\/length.html"},{"name":"linspace","type":"function","fcntype":"simple","refpurpose":"Générer un vecteur espacé linéairement","href":"ref\/linspace.html"},{"name":"log","type":"function","fcntype":"simple","refpurpose":"Logarithme naturel","href":"ref\/log.html"},{"name":"logical","type":"function","fcntype":"simple","refpurpose":"Convertir des valeurs numériques en expressions logiques","href":"ref\/logical.html"},{"name":"mean","type":"function","fcntype":"simple","refpurpose":"Valeur moyenne ou moyennée d’un tableau","href":"ref\/mean.html"},{"name":"meshgrid","type":"function","fcntype":"simple","refpurpose":"Grilles 2D et 3D","href":"ref\/meshgrid.html"},{"name":"mod","type":"function","fcntype":"simple","refpurpose":"Reste d’une division (opération modulo)","href":"ref\/mod.html"},{"name":"newline","type":"function","fcntype":"simple","refpurpose":"Créer un caractère de retour à la ligne","href":"ref\/newline.html"},{"name":"norm","type":"function","fcntype":"simple","refpurpose":"Normes de vecteurs et de matrices","href":"ref\/norm.html"},{"name":"permute","type":"function","fcntype":"simple","refpurpose":"Permuter les dimensions d’un tableau","href":"ref\/permute.html"},{"name":"pi","type":"function","fcntype":"simple","refpurpose":"Ratio de la circonférence du cercle par rapport à son diamètre","href":"ref\/pi.html"},{"name":"plot","type":"function","fcntype":"simple","refpurpose":"Tracé linéaire 2D","href":"ref\/plot.html"},{"name":"polyfit","type":"function","fcntype":"simple","refpurpose":"Ajuster des courbes polynomiales","href":"ref\/polyfit.html"},{"name":"pwd","type":"function","fcntype":"simple","refpurpose":"Identifier le dossier courant","href":"ref\/pwd.html"},{"name":"rand","type":"function","fcntype":"simple","refpurpose":"Nombres aléatoires uniformément distribués","href":"ref\/rand.html"},{"name":"real","type":"function","fcntype":"simple","refpurpose":"Partie réelle de nombre complexe","href":"ref\/real.html"},{"name":"refresh","type":"function","fcntype":"simple","refpurpose":"Redessiner la figure actuelle","href":"ref\/refresh.html"},{"name":"repmat","type":"function","fcntype":"simple","refpurpose":"Répéter les copies de tableau","href":"ref\/repmat.html"},{"name":"reshape","type":"function","fcntype":"simple","refpurpose":"Redimensionner le tableau en réorganisant les éléments existants","href":"ref\/reshape.html"},{"name":"rmfield","type":"function","fcntype":"simple","refpurpose":"Supprimer des champs d'une structure","href":"ref\/rmfield.html"},{"name":"roots","type":"function","fcntype":"simple","refpurpose":"Racines polynomiales","href":"ref\/roots.html"},{"name":"sin","type":"function","fcntype":"simple","refpurpose":"Sinus de l’argument en radians","href":"ref\/sin.html"},{"name":"size","type":"function","fcntype":"simple","refpurpose":"Taille d'un tableau","href":"ref\/size.html"},{"name":"squeeze","type":"function","fcntype":"simple","refpurpose":"Supprimer les dimensions de longueur 1","href":"ref\/squeeze.html"},{"name":"strcat","type":"function","fcntype":"simple","refpurpose":"Concaténer les chaînes de caractères horizontalement","href":"ref\/strcat.html"},{"name":"subplot","type":"function","fcntype":"simple","refpurpose":"Créer des axes dans des mosaïques de figure","href":"ref\/subplot.html"},{"name":"switch","type":"function","fcntype":"simple","refpurpose":"Exécuter un ou plusieurs groupes d’instructions","href":"ref\/switch.html"},{"name":"case","type":"function","fcntype":"simple","refpurpose":"Exécuter un ou plusieurs groupes d’instructions","href":"ref\/switch.html"},{"name":"otherwise","type":"function","fcntype":"simple","refpurpose":"Exécuter un ou plusieurs groupes d’instructions","href":"ref\/switch.html"},{"name":"tempdir","type":"function","fcntype":"simple","refpurpose":"Nom du dossier temporaire du système","href":"ref\/tempdir.html"},{"name":"transpose","type":"function","fcntype":"simple","refpurpose":"Transposer un vecteur ou une matrice","href":"ref\/transpose.html"},{"name":".'","type":"function","fcntype":"simple","refpurpose":"Transposer un vecteur ou une matrice","href":"ref\/transpose.html"},{"name":"while","type":"function","fcntype":"simple","refpurpose":"Boucle while permet de répéter tant que la condition est vraie","href":"ref\/while.html"},{"name":"zeros","type":"function","fcntype":"simple","refpurpose":"Créer un tableau avec uniquement des zéros","href":"ref\/zeros.html"}]}