{"schema":"referenceapi_lookup_schema.json","schemaVersion":"1.0","docVersion":"doc25a.2968260.Bdoc25a.2967890.pass.r2025a","productName":"MATLAB","baseCode":"ML","helpFolder":"matlab","helpLocation":"matlab","addons":"ML_LEGO_EV3 ML_BEAGLEBONE_BLACK_IO ML_ARDUINO RASPPIIO ML_PARROT_DRONES USBWEBCAM ML_IP_CAMERAS RYZEIO QUANTUM",  "refItems" : [{"name":"addpath","type":"function","fcntype":"simple","refpurpose":"Hinzufügen von Ordnern zum Suchpfad","href":"ref\/addpath.html"},{"name":"angle","type":"function","fcntype":"simple","refpurpose":"Phasenwinkel","href":"ref\/angle.html"},{"name":"break","type":"function","fcntype":"simple","refpurpose":"Beenden der Ausführung einer for- oder while-Schleife","href":"ref\/break.html"},{"name":"cell2mat","type":"function","fcntype":"simple","refpurpose":"Konvertieren eines Zellenarrays in ein gewöhnliches Array des zugrunde liegenden Datentyps","href":"ref\/cell2mat.html"},{"name":"cell","type":"function","fcntype":"constructor","refpurpose":"Zellenarray","href":"ref\/cell.html"},{"name":"cell","type":"object","refpurpose":"Zellenarray","href":"ref\/cell.html"},{"name":"class","type":"function","fcntype":"simple","refpurpose":"Objektklasse","href":"ref\/class.html"},{"name":"clc","type":"function","fcntype":"simple","refpurpose":"Löschen der Inhalte des Befehlsfensters","href":"ref\/clc.html"},{"name":"colormap","type":"function","fcntype":"simple","refpurpose":"Anzeigen und Festlegen der aktuellen Farbtabelle","href":"ref\/colormap.html"},{"name":"conj","type":"function","fcntype":"simple","refpurpose":"Komplexe Konjugation","href":"ref\/conj.html"},{"name":"continue","type":"function","fcntype":"simple","refpurpose":"Übergeben der Kontrolle an die nächste Iteration einer for- oder while-Schleife","href":"ref\/continue.html"},{"name":"conv","type":"function","fcntype":"simple","refpurpose":"Faltung und polynomiale Multiplikation","href":"ref\/conv.html"},{"name":"csvread","type":"function","fcntype":"simple","refpurpose":"(Nicht empfohlen) Einlesen einer CSV-Datei","deprecated":"true","href":"ref\/csvread.html"},{"name":"dir","type":"function","fcntype":"simple","refpurpose":"Auflisten von Ordnerinhalten","href":"ref\/dir.html"},{"name":"disp","type":"function","fcntype":"simple","refpurpose":"Anzeigen des Werts einer Variablen","href":"ref\/disp.html"},{"name":"abs","type":"function","fcntype":"instancemethod","refpurpose":"Absoluter Wert und komplexer Betrag","href":"ref\/double.abs.html"},{"name":"double.abs","type":"method","fcntype":"instancemethod","refpurpose":"Absoluter Wert und komplexer Betrag","href":"ref\/double.abs.html"},{"name":"duration.abs","type":"method","fcntype":"instancemethod","refpurpose":"Absoluter Wert und komplexer Betrag","href":"ref\/double.abs.html"},{"name":"table.abs","type":"method","fcntype":"instancemethod","refpurpose":"Absoluter Wert und komplexer Betrag","href":"ref\/double.abs.html"},{"name":"timetable.abs","type":"method","fcntype":"instancemethod","refpurpose":"Absoluter Wert und komplexer Betrag","href":"ref\/double.abs.html"},{"name":"acot","type":"function","fcntype":"instancemethod","refpurpose":"Arkuskotangens in Radiant","href":"ref\/double.acot.html"},{"name":"double.acot","type":"method","fcntype":"instancemethod","refpurpose":"Arkuskotangens in Radiant","href":"ref\/double.acot.html"},{"name":"table.acot","type":"method","fcntype":"instancemethod","refpurpose":"Arkuskotangens in Radiant","href":"ref\/double.acot.html"},{"name":"timetable.acot","type":"method","fcntype":"instancemethod","refpurpose":"Arkuskotangens in Radiant","href":"ref\/double.acot.html"},{"name":"atan","type":"function","fcntype":"instancemethod","refpurpose":"Arkustangens in Radiant","href":"ref\/double.atan.html"},{"name":"double.atan","type":"method","fcntype":"instancemethod","refpurpose":"Arkustangens in Radiant","href":"ref\/double.atan.html"},{"name":"table.atan","type":"method","fcntype":"instancemethod","refpurpose":"Arkustangens in Radiant","href":"ref\/double.atan.html"},{"name":"timetable.atan","type":"method","fcntype":"instancemethod","refpurpose":"Arkustangens in Radiant","href":"ref\/double.atan.html"},{"name":"cat","type":"function","fcntype":"instancemethod","refpurpose":"Verknüpfen von Arrays","href":"ref\/double.cat.html"},{"name":"double.cat","type":"method","fcntype":"instancemethod","refpurpose":"Verknüpfen von Arrays","href":"ref\/double.cat.html"},{"name":"table.cat","type":"method","fcntype":"instancemethod","refpurpose":"Verknüpfen von Arrays","href":"ref\/double.cat.html"},{"name":"timetable.cat","type":"method","fcntype":"instancemethod","refpurpose":"Verknüpfen von Arrays","href":"ref\/double.cat.html"},{"name":"categorical.cat","type":"method","fcntype":"instancemethod","refpurpose":"Verknüpfen von Arrays","href":"ref\/double.cat.html"},{"name":"datetime.cat","type":"method","fcntype":"instancemethod","refpurpose":"Verknüpfen von Arrays","href":"ref\/double.cat.html"},{"name":"duration.cat","type":"method","fcntype":"instancemethod","refpurpose":"Verknüpfen von Arrays","href":"ref\/double.cat.html"},{"name":"calendarDuration.cat","type":"method","fcntype":"instancemethod","refpurpose":"Verknüpfen von Arrays","href":"ref\/double.cat.html"},{"name":"tall.cat","type":"method","fcntype":"instancemethod","refpurpose":"Verknüpfen von Arrays","href":"ref\/double.cat.html"},{"name":"cos","type":"function","fcntype":"instancemethod","refpurpose":"Cosinusfunktion eines Arguments in Radiant","href":"ref\/double.cos.html"},{"name":"double.cos","type":"method","fcntype":"instancemethod","refpurpose":"Cosinusfunktion eines Arguments in Radiant","href":"ref\/double.cos.html"},{"name":"single.cos","type":"method","fcntype":"instancemethod","refpurpose":"Cosinusfunktion eines Arguments in Radiant","href":"ref\/double.cos.html"},{"name":"tall.cos","type":"method","fcntype":"instancemethod","refpurpose":"Cosinusfunktion eines Arguments in Radiant","href":"ref\/double.cos.html"},{"name":"distributed.cos","type":"method","fcntype":"instancemethod","refpurpose":"Cosinusfunktion eines Arguments in Radiant","href":"ref\/double.cos.html"},{"name":"codistributed.cos","type":"method","fcntype":"instancemethod","refpurpose":"Cosinusfunktion eines Arguments in Radiant","href":"ref\/double.cos.html"},{"name":"gpuArray.cos","type":"method","fcntype":"instancemethod","refpurpose":"Cosinusfunktion eines Arguments in Radiant","href":"ref\/double.cos.html"},{"name":"table.cos","type":"method","fcntype":"instancemethod","refpurpose":"Cosinusfunktion eines Arguments in Radiant","href":"ref\/double.cos.html"},{"name":"timetable.cos","type":"method","fcntype":"instancemethod","refpurpose":"Cosinusfunktion eines Arguments in Radiant","href":"ref\/double.cos.html"},{"name":"exp","type":"function","fcntype":"instancemethod","refpurpose":"Exponentialfunktion","href":"ref\/double.exp.html"},{"name":"double.exp","type":"method","fcntype":"instancemethod","refpurpose":"Exponentialfunktion","href":"ref\/double.exp.html"},{"name":"table.exp","type":"method","fcntype":"instancemethod","refpurpose":"Exponentialfunktion","href":"ref\/double.exp.html"},{"name":"timetable.exp","type":"method","fcntype":"instancemethod","refpurpose":"Exponentialfunktion","href":"ref\/double.exp.html"},{"name":"floor","type":"function","fcntype":"instancemethod","refpurpose":"Runden gegen negative Unendlichkeit","href":"ref\/double.floor.html"},{"name":"double.floor","type":"method","fcntype":"instancemethod","refpurpose":"Runden gegen negative Unendlichkeit","href":"ref\/double.floor.html"},{"name":"duration.floor","type":"method","fcntype":"instancemethod","refpurpose":"Runden gegen negative Unendlichkeit","href":"ref\/double.floor.html"},{"name":"table.floor","type":"method","fcntype":"instancemethod","refpurpose":"Runden gegen negative Unendlichkeit","href":"ref\/double.floor.html"},{"name":"timetable.floor","type":"method","fcntype":"instancemethod","refpurpose":"Runden gegen negative Unendlichkeit","href":"ref\/double.floor.html"},{"name":"isempty","type":"function","fcntype":"instancemethod","refpurpose":"Ermitteln, ob ein Array leer ist","href":"ref\/double.isempty.html"},{"name":"double.isempty","type":"method","fcntype":"instancemethod","refpurpose":"Ermitteln, ob ein Array leer ist","href":"ref\/double.isempty.html"},{"name":"single.isempty","type":"method","fcntype":"instancemethod","refpurpose":"Ermitteln, ob ein Array leer ist","href":"ref\/double.isempty.html"},{"name":"table.isempty","type":"method","fcntype":"instancemethod","refpurpose":"Ermitteln, ob ein Array leer ist","href":"ref\/double.isempty.html"},{"name":"timetable.isempty","type":"method","fcntype":"instancemethod","refpurpose":"Ermitteln, ob ein Array leer ist","href":"ref\/double.isempty.html"},{"name":"categorical.isempty","type":"method","fcntype":"instancemethod","refpurpose":"Ermitteln, ob ein Array leer ist","href":"ref\/double.isempty.html"},{"name":"cell.isempty","type":"method","fcntype":"instancemethod","refpurpose":"Ermitteln, ob ein Array leer ist","href":"ref\/double.isempty.html"},{"name":"datetime.isempty","type":"method","fcntype":"instancemethod","refpurpose":"Ermitteln, ob ein Array leer ist","href":"ref\/double.isempty.html"},{"name":"duration.isempty","type":"method","fcntype":"instancemethod","refpurpose":"Ermitteln, ob ein Array leer ist","href":"ref\/double.isempty.html"},{"name":"calendarDuration.isempty","type":"method","fcntype":"instancemethod","refpurpose":"Ermitteln, ob ein Array leer ist","href":"ref\/double.isempty.html"},{"name":"tall.isempty","type":"method","fcntype":"instancemethod","refpurpose":"Ermitteln, ob ein Array leer ist","href":"ref\/double.isempty.html"},{"name":"isnan","type":"function","fcntype":"instancemethod","refpurpose":"Bestimmen der Array-Elemente, die NaN sind","href":"ref\/double.isnan.html"},{"name":"double.isnan","type":"method","fcntype":"instancemethod","refpurpose":"Bestimmen der Array-Elemente, die NaN sind","href":"ref\/double.isnan.html"},{"name":"duration.isnan","type":"method","fcntype":"instancemethod","refpurpose":"Bestimmen der Array-Elemente, die NaN sind","href":"ref\/double.isnan.html"},{"name":"calendarDuration.isnan","type":"method","fcntype":"instancemethod","refpurpose":"Bestimmen der Array-Elemente, die NaN sind","href":"ref\/double.isnan.html"},{"name":"length","type":"function","fcntype":"instancemethod","refpurpose":"Länge der größten Array-Dimension","href":"ref\/double.length.html"},{"name":"double.length","type":"method","fcntype":"instancemethod","refpurpose":"Länge der größten Array-Dimension","href":"ref\/double.length.html"},{"name":"datetime.length","type":"method","fcntype":"instancemethod","refpurpose":"Länge der größten Array-Dimension","href":"ref\/double.length.html"},{"name":"duration.length","type":"method","fcntype":"instancemethod","refpurpose":"Länge der größten Array-Dimension","href":"ref\/double.length.html"},{"name":"calendarDuration.length","type":"method","fcntype":"instancemethod","refpurpose":"Länge der größten Array-Dimension","href":"ref\/double.length.html"},{"name":"categorical.length","type":"method","fcntype":"instancemethod","refpurpose":"Länge der größten Array-Dimension","href":"ref\/double.length.html"},{"name":"linspace","type":"function","fcntype":"instancemethod","refpurpose":"Generieren eines Vektors mit Werten in linearen Abständen","href":"ref\/double.linspace.html"},{"name":"double.linspace","type":"method","fcntype":"instancemethod","refpurpose":"Generieren eines Vektors mit Werten in linearen Abständen","href":"ref\/double.linspace.html"},{"name":"datetime.linspace","type":"method","fcntype":"instancemethod","refpurpose":"Generieren eines Vektors mit Werten in linearen Abständen","href":"ref\/double.linspace.html"},{"name":"duration.linspace","type":"method","fcntype":"instancemethod","refpurpose":"Generieren eines Vektors mit Werten in linearen Abständen","href":"ref\/double.linspace.html"},{"name":"log","type":"function","fcntype":"instancemethod","refpurpose":"Natürlicher Logarithmus","href":"ref\/double.log.html"},{"name":"double.log","type":"method","fcntype":"instancemethod","refpurpose":"Natürlicher Logarithmus","href":"ref\/double.log.html"},{"name":"table.log","type":"method","fcntype":"instancemethod","refpurpose":"Natürlicher Logarithmus","href":"ref\/double.log.html"},{"name":"timetable.log","type":"method","fcntype":"instancemethod","refpurpose":"Natürlicher Logarithmus","href":"ref\/double.log.html"},{"name":"numel","type":"function","fcntype":"instancemethod","refpurpose":"Anzahl von Array-Elementen","href":"ref\/double.numel.html"},{"name":"double.numel","type":"method","fcntype":"instancemethod","refpurpose":"Anzahl von Array-Elementen","href":"ref\/double.numel.html"},{"name":"table.numel","type":"method","fcntype":"instancemethod","refpurpose":"Anzahl von Array-Elementen","href":"ref\/double.numel.html"},{"name":"timetable.numel","type":"method","fcntype":"instancemethod","refpurpose":"Anzahl von Array-Elementen","href":"ref\/double.numel.html"},{"name":"categorical.numel","type":"method","fcntype":"instancemethod","refpurpose":"Anzahl von Array-Elementen","href":"ref\/double.numel.html"},{"name":"datetime.numel","type":"method","fcntype":"instancemethod","refpurpose":"Anzahl von Array-Elementen","href":"ref\/double.numel.html"},{"name":"duration.numel","type":"method","fcntype":"instancemethod","refpurpose":"Anzahl von Array-Elementen","href":"ref\/double.numel.html"},{"name":"calendarDuration.numel","type":"method","fcntype":"instancemethod","refpurpose":"Anzahl von Array-Elementen","href":"ref\/double.numel.html"},{"name":"tall.numel","type":"method","fcntype":"instancemethod","refpurpose":"Anzahl von Array-Elementen","href":"ref\/double.numel.html"},{"name":"permute","type":"function","fcntype":"instancemethod","refpurpose":"Permutieren von Array-Dimensionen","href":"ref\/double.permute.html"},{"name":"double.permute","type":"method","fcntype":"instancemethod","refpurpose":"Permutieren von Array-Dimensionen","href":"ref\/double.permute.html"},{"name":"datetime.permute","type":"method","fcntype":"instancemethod","refpurpose":"Permutieren von Array-Dimensionen","href":"ref\/double.permute.html"},{"name":"duration.permute","type":"method","fcntype":"instancemethod","refpurpose":"Permutieren von Array-Dimensionen","href":"ref\/double.permute.html"},{"name":"calendarDuration.permute","type":"method","fcntype":"instancemethod","refpurpose":"Permutieren von Array-Dimensionen","href":"ref\/double.permute.html"},{"name":"categorical.permute","type":"method","fcntype":"instancemethod","refpurpose":"Permutieren von Array-Dimensionen","href":"ref\/double.permute.html"},{"name":"reshape","type":"function","fcntype":"instancemethod","refpurpose":"Umformen eines Arrays durch Neuanordnung vorhandener Elemente","href":"ref\/double.reshape.html"},{"name":"double.reshape","type":"method","fcntype":"instancemethod","refpurpose":"Umformen eines Arrays durch Neuanordnung vorhandener Elemente","href":"ref\/double.reshape.html"},{"name":"datetime.reshape","type":"method","fcntype":"instancemethod","refpurpose":"Umformen eines Arrays durch Neuanordnung vorhandener Elemente","href":"ref\/double.reshape.html"},{"name":"duration.reshape","type":"method","fcntype":"instancemethod","refpurpose":"Umformen eines Arrays durch Neuanordnung vorhandener Elemente","href":"ref\/double.reshape.html"},{"name":"calendarDuration.reshape","type":"method","fcntype":"instancemethod","refpurpose":"Umformen eines Arrays durch Neuanordnung vorhandener Elemente","href":"ref\/double.reshape.html"},{"name":"categorical.reshape","type":"method","fcntype":"instancemethod","refpurpose":"Umformen eines Arrays durch Neuanordnung vorhandener Elemente","href":"ref\/double.reshape.html"},{"name":"sin","type":"function","fcntype":"instancemethod","refpurpose":"Sinusfunktion eines Arguments in Radiant","href":"ref\/double.sin.html"},{"name":"double.sin","type":"method","fcntype":"instancemethod","refpurpose":"Sinusfunktion eines Arguments in Radiant","href":"ref\/double.sin.html"},{"name":"table.sin","type":"method","fcntype":"instancemethod","refpurpose":"Sinusfunktion eines Arguments in Radiant","href":"ref\/double.sin.html"},{"name":"timetable.sin","type":"method","fcntype":"instancemethod","refpurpose":"Sinusfunktion eines Arguments in Radiant","href":"ref\/double.sin.html"},{"name":"size","type":"function","fcntype":"instancemethod","refpurpose":"Array-Größe","href":"ref\/double.size.html"},{"name":"double.size","type":"method","fcntype":"instancemethod","refpurpose":"Array-Größe","href":"ref\/double.size.html"},{"name":"datetime.size","type":"method","fcntype":"instancemethod","refpurpose":"Array-Größe","href":"ref\/double.size.html"},{"name":"duration.size","type":"method","fcntype":"instancemethod","refpurpose":"Array-Größe","href":"ref\/double.size.html"},{"name":"calendarDuration.size","type":"method","fcntype":"instancemethod","refpurpose":"Array-Größe","href":"ref\/double.size.html"},{"name":"categorical.size","type":"method","fcntype":"instancemethod","refpurpose":"Array-Größe","href":"ref\/double.size.html"},{"name":"table.size","type":"method","fcntype":"instancemethod","refpurpose":"Array-Größe","href":"ref\/double.size.html"},{"name":"timetable.size","type":"method","fcntype":"instancemethod","refpurpose":"Array-Größe","href":"ref\/double.size.html"},{"name":"sum","type":"function","fcntype":"instancemethod","refpurpose":"Summe von Array-Elementen","href":"ref\/double.sum.html"},{"name":"double.sum","type":"method","fcntype":"instancemethod","refpurpose":"Summe von Array-Elementen","href":"ref\/double.sum.html"},{"name":"duration.sum","type":"method","fcntype":"instancemethod","refpurpose":"Summe von Array-Elementen","href":"ref\/double.sum.html"},{"name":"table.sum","type":"method","fcntype":"instancemethod","refpurpose":"Summe von Array-Elementen","href":"ref\/double.sum.html"},{"name":"timetable.sum","type":"method","fcntype":"instancemethod","refpurpose":"Summe von Array-Elementen","href":"ref\/double.sum.html"},{"name":"transpose","type":"function","fcntype":"instancemethod","refpurpose":"Transponieren eines Vektors oder einer Matrix","href":"ref\/double.transpose.html"},{"name":".'","type":"function","fcntype":"instancemethod","refpurpose":"Transponieren eines Vektors oder einer Matrix","href":"ref\/double.transpose.html"},{"name":"double.transpose","type":"method","fcntype":"instancemethod","refpurpose":"Transponieren eines Vektors oder einer Matrix","href":"ref\/double.transpose.html"},{"name":"datetime.transpose","type":"method","fcntype":"instancemethod","refpurpose":"Transponieren eines Vektors oder einer Matrix","href":"ref\/double.transpose.html"},{"name":"duration.transpose","type":"method","fcntype":"instancemethod","refpurpose":"Transponieren eines Vektors oder einer Matrix","href":"ref\/double.transpose.html"},{"name":"calendarDuration.transpose","type":"method","fcntype":"instancemethod","refpurpose":"Transponieren eines Vektors oder einer Matrix","href":"ref\/double.transpose.html"},{"name":"categorical.transpose","type":"method","fcntype":"instancemethod","refpurpose":"Transponieren eines Vektors oder einer Matrix","href":"ref\/double.transpose.html"},{"name":"double","type":"function","fcntype":"constructor","refpurpose":"Arrays mit doppelter Genauigkeit","href":"ref\/double.html"},{"name":"double","type":"object","refpurpose":"Arrays mit doppelter Genauigkeit","href":"ref\/double.html"},{"name":"eval","type":"function","fcntype":"simple","refpurpose":"Auswerten eines MATLAB-Ausdrucks","href":"ref\/eval.html"},{"name":"exit","type":"function","fcntype":"simple","refpurpose":"Beenden des MATLAB-Programms (identisch mit „quit“)","href":"ref\/exit.html"},{"name":"fieldnames","type":"function","fcntype":"simple","refpurpose":"Feldnamen einer Struktur oder öffentliche Felder eines Java- oder Microsoft-COM-Objekts","href":"ref\/fieldnames.html"},{"name":"figure","type":"function","fcntype":"simple","refpurpose":"Erstellen von Abbildungsfenstern","href":"ref\/figure.html"},{"name":"find","type":"function","fcntype":"simple","refpurpose":"Ermitteln von Indizes und Werten von Elementen ungleich null","href":"ref\/find.html"},{"name":"flip","type":"function","fcntype":"simple","refpurpose":"Spiegeln einer Elementreihenfolge","href":"ref\/flip.html"},{"name":"for","type":"function","fcntype":"simple","refpurpose":"Ausführung der for-Schleife für eine bestimmte Anzahl von Wiederholungen","href":"ref\/for.html"},{"name":"format","type":"function","fcntype":"simple","refpurpose":"Festlegen des Ausgabe-Anzeigeformats","href":"ref\/format.html"},{"name":"function","type":"function","fcntype":"simple","refpurpose":"Deklarieren von Funktionsname, Eingaben und Ausgaben","href":"ref\/function.html"},{"name":"gca","type":"function","fcntype":"simple","refpurpose":"Aktuelle Achsen oder aktuelles Diagramm","href":"ref\/gca.html"},{"name":"gcf","type":"function","fcntype":"simple","refpurpose":"Handle der aktuellen Abbildung","href":"ref\/gcf.html"},{"name":"if","type":"function","fcntype":"simple","refpurpose":"Ausführen von Anweisungen, wenn eine Bedingung wahr ist","href":"ref\/if.html"},{"name":"elseif","type":"function","fcntype":"simple","refpurpose":"Ausführen von Anweisungen, wenn eine Bedingung wahr ist","href":"ref\/if.html"},{"name":"else","type":"function","fcntype":"simple","refpurpose":"Ausführen von Anweisungen, wenn eine Bedingung wahr ist","href":"ref\/if.html"},{"name":"imag","type":"function","fcntype":"simple","refpurpose":"Imaginärteil der komplexen Zahl","href":"ref\/imag.html"},{"name":"input","type":"function","fcntype":"simple","refpurpose":"Anfordern einer Benutzereingabe","href":"ref\/input.html"},{"name":"int16","type":"function","fcntype":"constructor","refpurpose":"Arrays vorzeichenbehafteter 16-Bit-Ganzzahlen","href":"ref\/int16.html"},{"name":"int16","type":"object","refpurpose":"Arrays vorzeichenbehafteter 16-Bit-Ganzzahlen","href":"ref\/int16.html"},{"name":"int32","type":"function","fcntype":"constructor","refpurpose":"Arrays vorzeichenbehafteter 32-Bit-Ganzzahlen","href":"ref\/int32.html"},{"name":"int32","type":"object","refpurpose":"Arrays vorzeichenbehafteter 32-Bit-Ganzzahlen","href":"ref\/int32.html"},{"name":"int8","type":"function","fcntype":"constructor","refpurpose":"Arrays vorzeichenbehafteter 8-Bit-Ganzzahlen","href":"ref\/int8.html"},{"name":"int8","type":"object","refpurpose":"Arrays vorzeichenbehafteter 8-Bit-Ganzzahlen","href":"ref\/int8.html"},{"name":"inv","type":"function","fcntype":"simple","refpurpose":"Matrixinverse","href":"ref\/inv.html"},{"name":"isstr","type":"function","fcntype":"simple","refpurpose":"(Nicht empfohlen) Ermittelt, ob die Eingabe ein Character Array (Zeichenarray) ist","deprecated":"true","href":"ref\/isstr.html"},{"name":"logical","type":"function","fcntype":"simple","refpurpose":"Konvertieren numerischer Werte in logische Werte","href":"ref\/logical.html"},{"name":"logspace","type":"function","fcntype":"simple","refpurpose":"Generieren eines Vektors mit Werten in logarithmischen Abständen","href":"ref\/logspace.html"},{"name":"matlab.net.http","type":"package","refpurpose":"Übersicht der Namespaces und Klassen in der HTTP-Schnittstelle von MATLAB","href":"ref\/matlab.net.http-package.html"},{"name":"matlab.net.http.field","type":"package","refpurpose":"Übersicht der Headerfeld-Klassen in der HTTP-Schnittstelle von MATLAB","href":"ref\/matlab.net.http.field-package.html"},{"name":"meshgrid","type":"function","fcntype":"simple","refpurpose":"Zwei- und dreidimensionale Raster","href":"ref\/meshgrid.html"},{"name":"newline","type":"function","fcntype":"simple","refpurpose":"Erstellen des Zeichens für eine neue Zeile","href":"ref\/newline.html"},{"name":"norm","type":"function","fcntype":"simple","refpurpose":"Vektor- und Matrixnormen","href":"ref\/norm.html"},{"name":"ones","type":"function","fcntype":"simple","refpurpose":"Erstellen eines ausschließlich aus Einsen bestehenden Arrays","href":"ref\/ones.html"},{"name":"pi","type":"function","fcntype":"simple","refpurpose":"Verhältnis des Kreisumfangs zum Kreisdurchmesser","href":"ref\/pi.html"},{"name":"plot","type":"function","fcntype":"simple","refpurpose":"2D-Liniendiagramm","href":"ref\/plot.html"},{"name":"polyfit","type":"function","fcntype":"simple","refpurpose":"Polynomiale Kurvenanpassung","href":"ref\/polyfit.html"},{"name":"pwd","type":"function","fcntype":"simple","refpurpose":"Ermitteln des aktuellen Ordners","href":"ref\/pwd.html"},{"name":"rand","type":"function","fcntype":"simple","refpurpose":"Gleichmäßig verteilte Zufallszahlen","href":"ref\/rand.html"},{"name":"randi","type":"function","fcntype":"simple","refpurpose":"Gleichmäßig verteilte zufällige Ganzzahlen","href":"ref\/randi.html"},{"name":"real","type":"function","fcntype":"simple","refpurpose":"Realteil einer komplexen Zahl","href":"ref\/real.html"},{"name":"refresh","type":"function","fcntype":"simple","refpurpose":"Neuzeichnen der aktuellen Abbildung","href":"ref\/refresh.html"},{"name":"repmat","type":"function","fcntype":"simple","refpurpose":"Wiederholen von Kopien eines Arrays","href":"ref\/repmat.html"},{"name":"rmfield","type":"function","fcntype":"simple","refpurpose":"Entfernen von Feldern aus einer Struktur","href":"ref\/rmfield.html"},{"name":"roots","type":"function","fcntype":"simple","refpurpose":"Polynomwurzeln","href":"ref\/roots.html"},{"name":"run","type":"function","fcntype":"simple","refpurpose":"Ausführen eines MATLAB-Skripts","href":"ref\/run.html"},{"name":"squeeze","type":"function","fcntype":"simple","refpurpose":"Entfernen von Dimensionen der Länge 1","href":"ref\/squeeze.html"},{"name":"strcat","type":"function","fcntype":"simple","refpurpose":"Horizontales Verknüpfen von Zeichenfolgen","href":"ref\/strcat.html"},{"name":"strcmp","type":"function","fcntype":"simple","refpurpose":"Vergleichen von Zeichenfolgen","href":"ref\/strcmp.html"},{"name":"contains","type":"function","fcntype":"instancemethod","refpurpose":"Ermitteln, ob ein Muster in Zeichenfolgen ausgedrückt ist","href":"ref\/string.contains.html"},{"name":"string.contains","type":"method","fcntype":"instancemethod","refpurpose":"Ermitteln, ob ein Muster in Zeichenfolgen ausgedrückt ist","href":"ref\/string.contains.html"},{"name":"struct","type":"function","fcntype":"constructor","refpurpose":"Strukturarray","href":"ref\/struct.html"},{"name":"struct","type":"object","refpurpose":"Strukturarray","href":"ref\/struct.html"},{"name":"subplot","type":"function","fcntype":"simple","refpurpose":"Erstellen von Achsen in kachelartiger Anordnung","href":"ref\/subplot.html"},{"name":"switch","type":"function","fcntype":"simple","refpurpose":"Ausführen einer von mehreren Anweisungsgruppen","href":"ref\/switch.html"},{"name":"case","type":"function","fcntype":"simple","refpurpose":"Ausführen einer von mehreren Anweisungsgruppen","href":"ref\/switch.html"},{"name":"otherwise","type":"function","fcntype":"simple","refpurpose":"Ausführen einer von mehreren Anweisungsgruppen","href":"ref\/switch.html"},{"name":"try","type":"function","fcntype":"simple","refpurpose":"Ausführen von Anweisungen und Erfassen der resultierenden Fehler","href":"ref\/try.html"},{"name":"catch","type":"function","fcntype":"simple","refpurpose":"Ausführen von Anweisungen und Erfassen der resultierenden Fehler","href":"ref\/try.html"},{"name":"uint16","type":"function","fcntype":"constructor","refpurpose":"Arrays vorzeichenloser 16-Bit-Ganzzahlen","href":"ref\/uint16.html"},{"name":"uint16","type":"object","refpurpose":"Arrays vorzeichenloser 16-Bit-Ganzzahlen","href":"ref\/uint16.html"},{"name":"uint32","type":"function","fcntype":"constructor","refpurpose":"Arrays vorzeichenloser 32-Bit-Ganzzahlen","href":"ref\/uint32.html"},{"name":"uint32","type":"object","refpurpose":"Arrays vorzeichenloser 32-Bit-Ganzzahlen","href":"ref\/uint32.html"},{"name":"uint8","type":"function","fcntype":"constructor","refpurpose":"Arrays vorzeichenloser 8-Bit-Ganzzahlen","href":"ref\/uint8.html"},{"name":"uint8","type":"object","refpurpose":"Arrays vorzeichenloser 8-Bit-Ganzzahlen","href":"ref\/uint8.html"},{"name":"while","type":"function","fcntype":"simple","refpurpose":"Zu wiederholende while-Schleife, wenn eine Bedingung wahr ist","href":"ref\/while.html"},{"name":"zeros","type":"function","fcntype":"simple","refpurpose":"Erstellen eines ausschließlich aus Nullen bestehenden Arrays","href":"ref\/zeros.html"}]}