{"schema":"referenceapi_lookup_schema.json","schemaVersion":"1.0","docVersion":"doc25a.2968260.Bdoc25a.2967890.pass.r2025a","productName":"MATLAB Grader","baseCode":"GR","helpFolder":"matlabgrader","helpLocation":"matlabgrader",  "refItems" : [{"name":"assessFunctionAbsence","type":"function","fcntype":"simple","refpurpose":"Prüfen, dass bestimmte Funktionen oder Schlüsselwörter nicht in der Lösung der Lernenden enthalten sind","href":"ug\/assessfunctionabsence.html"},{"name":"assessFunctionPresence","type":"function","fcntype":"simple","refpurpose":"Überprüfen der eingereichten Arbeit auf bestimmte Funktionen oder Schlüsselwörter","href":"ug\/assessfunctionpresence.html"},{"name":"assessVariableEqual","type":"function","fcntype":"simple","refpurpose":"Mehrere Prüfungen zum Vorhandensein und zur Übereinstimmung von Variablen ausführen","href":"ug\/assessvariableequal.html"}]}