{"schema":"referenceapi_lookup_schema.json","schemaVersion":"1.0","docVersion":"doc25a.2968260.Bdoc25a.2967890.pass.r2025a","productName":"MATLAB Online Server","baseCode":"OS","helpFolder":"matlab-online-server","helpLocation":"matlab-online-server",  "refItems" : [{"name":"Installation Configuration","type":"properties","refpurpose":"Configure MATLAB Online Server installation","href":"admin\/mos.installation-properties.html"},{"name":"mos.installation","type":"properties","refpurpose":"Configure MATLAB Online Server installation","href":"admin\/mos.installation-properties.html"},{"name":"mos.installation.DOMAIN_BASE","type":"property","refpurpose":"Fully qualified domain name used to access MATLAB Online Server","href":"admin\/mos.installation-properties.html"},{"name":"mos.installation.DOCKER_REGISTRY","type":"property","refpurpose":"Remote Docker registry to push Docker images to","href":"admin\/mos.installation-properties.html"},{"name":"mos.installation.DOCKER_REPOSITORY","type":"property","refpurpose":"Remote Docker repository","href":"admin\/mos.installation-properties.html"},{"name":"mos.installation.IMAGE_PULL_SECRET","type":"property","refpurpose":"User-friendly name for Kubernetes secret object","href":"admin\/mos.installation-properties.html"},{"name":"mos.installation.NAMESPACE","type":"property","refpurpose":"Deployment namespace","href":"admin\/mos.installation-properties.html"},{"name":"mos.installation.ML_PASSWORD","type":"property","refpurpose":"MATLAB Online sign-in password","href":"admin\/mos.installation-properties.html"},{"name":"mos.installation.MOS_LICENSE_SERVER","type":"property","refpurpose":"MATLAB Online Server license server","href":"admin\/mos.installation-properties.html"},{"name":"mos.installation.MATLAB_LICENSE_SERVER","type":"property","refpurpose":"MATLAB license server","href":"admin\/mos.installation-properties.html"},{"name":"mos.installation.IS_TLS_ENABLED","type":"property","refpurpose":"Option to enable transport layer security","href":"admin\/mos.installation-properties.html"},{"name":"mos.installation.TLS_KEY_FILE","type":"property","refpurpose":"Path to TLS key file","href":"admin\/mos.installation-properties.html"},{"name":"mos.installation.TLS_CERT_FILE","type":"property","refpurpose":"Path to TLS certification file","href":"admin\/mos.installation-properties.html"},{"name":"mos.installation.KUBERNETES_CERTIFICATE_NAME","type":"property","refpurpose":"Kubernetes certificate name","href":"admin\/mos.installation-properties.html"},{"name":"mos.installation.BASE_IMAGE_FLAVOR","type":"property","refpurpose":"Base container image flavor","href":"admin\/mos.installation-properties.html"},{"name":"mos.installation.OFFLINE_MODE","type":"property","refpurpose":"Option to enable offline mode","href":"admin\/mos.installation-properties.html"},{"name":"mos.installation.CLIENT_ONLY","type":"property","refpurpose":"Option to enable client-only mode","href":"admin\/mos.installation-properties.html"},{"name":"mos.installation.LOG_LEVEL","type":"property","refpurpose":"Log level of MATLAB Online Server","href":"admin\/mos.installation-properties.html"},{"name":"mos.installation.IS_HA_ENABLED","type":"property","refpurpose":"Option to enable high availability","href":"admin\/mos.installation-properties.html"},{"name":"mos.installation.DEPLOY_DASHBOARDS","type":"property","refpurpose":"Deploy Grafana dashboards","href":"admin\/mos.installation-properties.html"},{"name":"mos.installation.ENABLE_TRACING","type":"property","refpurpose":"Option to enable tracing","href":"admin\/mos.installation-properties.html"},{"name":"mos.installation.FIREWALL_RULES_UPSERT","type":"property","refpurpose":"Option to update or insert MATLAB Online Server firewall policy","href":"admin\/mos.installation-properties.html"},{"name":"mosadm bootstrap-node","type":"function","fcntype":"simple","refpurpose":"Install Kubernetes and configure single-node Kubernetes cluster for MATLAB Online Server","href":"admin\/mosadmbootstrapnode.html"},{"name":"mosadm build-matlab-image","type":"function","fcntype":"simple","refpurpose":"Build MATLAB Docker image for use in MATLAB Online Server","href":"admin\/mosadmbuildmatlabimage.html"},{"name":"mosadm build-offline-installer","type":"function","fcntype":"simple","refpurpose":"Build offline installer for MATLAB Online Server","href":"admin\/mosadmbuildofflineinstaller.html"},{"name":"mosadm copy-helm-charts","type":"function","fcntype":"simple","refpurpose":"Copy Helm charts into install location for MATLAB Online Server","href":"admin\/mosadmcopyhelmcharts.html"},{"name":"mosadm deploy","type":"function","fcntype":"simple","refpurpose":"Deploy MATLAB Online Server services to Kubernetes cluster","href":"admin\/mosadmdeploy.html"},{"name":"mosadm gather-system-info","type":"function","fcntype":"simple","refpurpose":"Gather system information for MATLAB Online Server","href":"admin\/mosadmgathersysteminfo.html"},{"name":"mosadm generate-overrides","type":"function","fcntype":"simple","refpurpose":"Generate override files for configuring MATLAB Online Server","href":"admin\/mosadmgenerateoverrides.html"},{"name":"mosadm help","type":"function","fcntype":"simple","refpurpose":"Display help for MATLAB Online Server system administration commands","href":"admin\/mosadmhelp.html"},{"name":"mosadm install-ingress","type":"function","fcntype":"simple","refpurpose":"Install NGINX ingress controller for MATLAB Online Server","href":"admin\/mosadminstallingress.html"},{"name":"mosadm install-matlab","type":"function","fcntype":"simple","refpurpose":"Install MATLAB on MATLAB Online Server","href":"admin\/mosadminstallmatlab.html"},{"name":"mosadm list-docker-images","type":"function","fcntype":"simple","refpurpose":"List Docker images used by MATLAB Online Server","href":"admin\/mosadmlistdockerimages.html"},{"name":"mosadm load-docker-images","type":"function","fcntype":"simple","refpurpose":"Load Docker images into MATLAB Online Server","href":"admin\/mosadmloaddockerimages.html"},{"name":"mosadm merge-kube-config","type":"function","fcntype":"simple","refpurpose":"Merge Kubernetes configuration files into MATLAB Online Server installation","href":"admin\/mosadmmergekubeconfig.html"},{"name":"mosadm push-docker-images","type":"function","fcntype":"simple","refpurpose":"Push Docker images loaded from MATLAB Online Server to image registry","href":"admin\/mosadmpushdockerimages.html"},{"name":"mosadm renew-node","type":"function","fcntype":"simple","refpurpose":"Renew single-node Kubernetes certificates for MATLAB Online Server","href":"admin\/mosadmrenewnode.html"},{"name":"mosadm reset-node","type":"function","fcntype":"simple","refpurpose":"Reset single-node Kubernetes cluster running MATLAB Online Server","href":"admin\/mosadmresetnode.html"},{"name":"mosadm run-smoke-tests","type":"function","fcntype":"simple","refpurpose":"Run smoke tests on MATLAB Online Server","href":"admin\/mosadmrunsmoketests.html"},{"name":"mosadm undeploy","type":"function","fcntype":"simple","refpurpose":"Remove MATLAB Online Server services from Kubernetes cluster","href":"admin\/mosadmundeploy.html"},{"name":"mosadm uninstall-ingress","type":"function","fcntype":"simple","refpurpose":"Uninstall NGINX ingress controller for MATLAB Online Server","href":"admin\/mosadmuninstallingress.html"},{"name":"mosadm upgrade","type":"function","fcntype":"simple","refpurpose":"Upgrade MATLAB Online Server services in Kubernetes cluster","href":"admin\/mosadmupgrade.html"}]}