{"schema":"referenceapi_lookup_schema.json","schemaVersion":"1.0","docVersion":"doc25a.2968260.Bdoc25a.2967890.pass.r2025a","productName":"MATLAB Grader","baseCode":"GR","helpFolder":"matlabgrader","helpLocation":"matlabgrader",  "refItems" : [{"name":"assessFunctionAbsence","type":"function","fcntype":"simple","refpurpose":"检查学生答案中是否不包含某些函数或关键字","href":"ug\/assessfunctionabsence.html"},{"name":"assessFunctionPresence","type":"function","fcntype":"simple","refpurpose":"检查提交的答案中是否存在特定函数或关键字","href":"ug\/assessfunctionpresence.html"},{"name":"assessVariableEqual","type":"function","fcntype":"simple","refpurpose":"针对变量存在情况和等式执行多项检查","href":"ug\/assessvariableequal.html"}]}