{"schema":"referenceapi_lookup_schema.json","schemaVersion":"1.0","docVersion":"doc25a.2968260.Bdoc25a.2967890.pass.r2025a","productName":"Motor Control Blockset","baseCode":"MT","helpFolder":"mcb","helpLocation":"mcb",  "refItems" : [{"name":"3-Phase Sine Voltage Generator","type":"block","refpurpose":"평형 3상 정현파 신호 생성","href":"ref\/3phasesinevoltagegenerator.html"},{"name":"ACIM Mechanical Parameter Estimator","type":"block","refpurpose":"AC 유도 모터(ACIM)의 회전자 관성 및 점성 감쇠 추정","href":"ref\/acimmechanicalparameterestimator.html"},{"name":"atan2","type":"block","refpurpose":"4사분면 역탄젠트 계산","href":"ref\/atan2.html"},{"name":"Average-Value Inverter","type":"block","refpurpose":"인버터 DC 전압에서 3상 AC 전압 계산","href":"ref\/averagevalueinverter.html"},{"name":"BLDC","type":"block","refpurpose":"사다리꼴 플럭스 분포를 갖는 3상 브러시리스 DC 모터","href":"ref\/bldc.html"},{"name":"BLDC Average-Value Inverter","type":"block","refpurpose":"인버터 DC 전압에서 3상 사다리꼴 AC 전압 계산","href":"ref\/bldcaveragevalueinverter.html"},{"name":"BLDC Configuration","type":"block","refpurpose":"BLDC 시스템 파라미터 구성","href":"ref\/bldcconfiguration.html"},{"name":"Clarke Transform","type":"block","refpurpose":"ab에서 αβ로의 변환 구현","href":"ref\/clarketransform.html"},{"name":"Extended EMF Observer","type":"block","refpurpose":"영구 자석 동기 모터(PMSM)의 전기적 위치 및 기계적 속도 계산","href":"ref\/extendedemfobserver.html"},{"name":"IIR Filter","type":"block","refpurpose":"무한 임펄스 응답(IIR) 필터 구현","href":"ref\/iirfilter.html"},{"name":"Induction Motor","type":"block","refpurpose":"3상 유도 모터","href":"ref\/inductionmotor.html"},{"name":"Interior PMSM","type":"block","refpurpose":"정현파 역기전력을 갖는 3상 매립형 영구 자석 동기 모터","href":"ref\/interiorpmsm.html"},{"name":"Inverse Clarke Transform","type":"block","refpurpose":"αβ에서 abc로의 변환 구현","href":"ref\/inverseclarketransform.html"},{"name":"Inverse Park Transform","type":"block","refpurpose":"dq에서 αβ로의 변환 구현","href":"ref\/inverseparktransform.html"},{"name":"MTPA Control Reference","type":"block","refpurpose":"암페어당 최대 토크(MTPA) 및 약계자 작동을 위한 기준 전류 계산","href":"ref\/mtpacontrolreference.html"},{"name":"Park Transform","type":"block","refpurpose":"αβ에서 dq로의 변환 구현","href":"ref\/parktransform.html"},{"name":"PMSM Configuration","type":"block","refpurpose":"PMSM 시스템 파라미터 구성","href":"ref\/pmsmconfiguration.html"},{"name":"Position Generator","type":"block","refpurpose":"고정 주파수의 위치 램프 생성","href":"ref\/positiongenerator.html"},{"name":"PWM Reference Generator","type":"block","refpurpose":"상 전압에서 변조 신호 생성","href":"ref\/pwmreferencegenerator.html"},{"name":"Six Step Commutation","type":"block","refpurpose":"브러시리스 DC(BLDC) 모터의 6단계 정류를 위한 스위칭 시퀀스 생성","href":"ref\/sixstepcommutation.html"},{"name":"Sliding Mode Observer","type":"block","refpurpose":"표면부착형 PMSM의 전기적 위치 및 기계적 속도 계산","href":"ref\/slidingmodeobserver.html"},{"name":"Speed Measurement","type":"block","refpurpose":"회전자 각위치로부터 속도 계산","href":"ref\/speedmeasurement.html"},{"name":"Surface Mount PMSM","type":"block","refpurpose":"정현파 역기전력을 가진 3상 외부 영구 자석 동기 모터","href":"ref\/surfacemountpmsm.html"}]}