{"schema":"referenceapi_lookup_schema.json","schemaVersion":"1.0","docVersion":"doc25a.2968260.Bdoc25a.2967890.pass.r2025a","productName":"MATLAB Production Server","baseCode":"PR","helpFolder":"mps","helpLocation":"mps",  "refItems" : [{"name":"acquire","type":"function","fcntype":"simple","refpurpose":"永続性サービスのミューテックスのアドバイザリ ロックを取得","href":"ml_code\/acquire.html"},{"name":"bytes","type":"function","fcntype":"simple","refpurpose":"各キーに保存される値に対して使用されるストレージのバイト数を返す","href":"ml_code\/bytes.html"},{"name":"clear","type":"function","fcntype":"simple","refpurpose":"キャッシュからすべてのキーと値を削除","href":"ml_code\/clear.html"},{"name":"flush","type":"function","fcntype":"simple","refpurpose":"ローカルで変更したすべてのキーを永続性サービスに書き込む","href":"ml_code\/flush.html"},{"name":"get","type":"function","fcntype":"simple","refpurpose":"キャッシュからキーの値を取得","href":"ml_code\/get.html"},{"name":"getp","type":"function","fcntype":"simple","refpurpose":"パブリック キャッシュ プロパティの値の取得","href":"ml_code\/getp.html"},{"name":"isKey","type":"function","fcntype":"simple","refpurpose":"キャッシュに指定されたキーが含まれているかどうかの確認","href":"ml_code\/iskey.html"},{"name":"keys","type":"function","fcntype":"simple","refpurpose":"キャッシュからすべてのキーを取得","href":"ml_code\/keys.html"},{"name":"length","type":"function","fcntype":"simple","refpurpose":"データ キャッシュ内のキーと値のペア数","href":"ml_code\/length.html"},{"name":"startServer","type":"function","fcntype":"instancemethod","refpurpose":"ローカル テスト サーバーを起動する","href":"ml_code\/matlab.io.stream.event.eventstreamprocessor.startserver.html"},{"name":"matlab.io.stream.event.EventStreamProcessor.startServer","type":"method","fcntype":"instancemethod","refpurpose":"ローカル テスト サーバーを起動する","href":"ml_code\/matlab.io.stream.event.eventstreamprocessor.startserver.html"},{"name":"readtimetable","type":"function","fcntype":"instancemethod","refpurpose":"イベント ストリームから timetable を読み取る","href":"ml_code\/matlab.io.stream.event.kafkastream.readtimetable.html"},{"name":"matlab.io.stream.event.KafkaStream.readtimetable","type":"method","fcntype":"instancemethod","refpurpose":"イベント ストリームから timetable を読み取る","href":"ml_code\/matlab.io.stream.event.kafkastream.readtimetable.html"},{"name":"matlab.io.stream.event.TestStream.readtimetable","type":"method","fcntype":"instancemethod","refpurpose":"イベント ストリームから timetable を読み取る","href":"ml_code\/matlab.io.stream.event.kafkastream.readtimetable.html"},{"name":"matlab.io.stream.event.InMemoryStream.readtimetable","type":"method","fcntype":"instancemethod","refpurpose":"イベント ストリームから timetable を読み取る","href":"ml_code\/matlab.io.stream.event.kafkastream.readtimetable.html"},{"name":"mps.cache.connect","type":"function","fcntype":"simple","refpurpose":"キャッシュに接続するか、キャッシュが存在しない場合にキャッシュを作成","href":"ml_code\/mps.cache.connect.html"},{"name":"mps.cache.control","type":"function","fcntype":"simple","refpurpose":"永続性サービス コントローラー オブジェクトを作成する","href":"ml_code\/mps.cache.control.html"},{"name":"attach","type":"function","fcntype":"instancemethod","refpurpose":"既に実行されている永続性サービスに MATLAB セッションを接続","href":"ml_code\/mps.cache.controller.attach.html"},{"name":"mps.cache.Controller.attach","type":"method","fcntype":"instancemethod","refpurpose":"既に実行されている永続性サービスに MATLAB セッションを接続","href":"ml_code\/mps.cache.controller.attach.html"},{"name":"detach","type":"function","fcntype":"instancemethod","refpurpose":"既に実行されている永続性サービスから MATLAB セッションを切断","href":"ml_code\/mps.cache.controller.detach.html"},{"name":"mps.cache.Controller.detach","type":"method","fcntype":"instancemethod","refpurpose":"既に実行されている永続性サービスから MATLAB セッションを切断","href":"ml_code\/mps.cache.controller.detach.html"},{"name":"mps.cache.Controller","type":"object","refpurpose":"MATLAB のテスト環境で永続性サービスのライフサイクルを管理する","href":"ml_code\/mps.cache.controller.html"},{"name":"mps.cache.Controller.ActiveConnection","type":"property","refpurpose":"接続インジケーター","href":"ml_code\/mps.cache.controller.html"},{"name":"mps.cache.Controller.ManageService","type":"property","refpurpose":"サービス管理インジケーター","href":"ml_code\/mps.cache.controller.html"},{"name":"mps.cache.Controller.Host","type":"property","refpurpose":"ホスト名","href":"ml_code\/mps.cache.controller.html"},{"name":"mps.cache.Controller.Port","type":"property","refpurpose":"ポート番号","href":"ml_code\/mps.cache.controller.html"},{"name":"mps.cache.Controller.ProviderName","type":"property","refpurpose":"永続性プロバイダーの名前","href":"ml_code\/mps.cache.controller.html"},{"name":"mps.cache.Controller.ConnectionName","type":"property","refpurpose":"接続名","href":"ml_code\/mps.cache.controller.html"},{"name":"mps.cache.Controller.Folder*","type":"property","refpurpose":"ストレージ フォルダー パス","href":"ml_code\/mps.cache.controller.html"},{"name":"mps.cache.DataCache","type":"object","refpurpose":"MATLAB コード内のキャッシュ概念を表現","href":"ml_code\/mps.cache.datacache.html"},{"name":"mps.sync.TimedMATFileMutex","type":"object","refpurpose":"MAT ファイル永続性サービスのミューテックスの表現","href":"ml_code\/mps.sync.timedmatfilemutex.html"},{"name":"mps.sync.TimedMATFileMutex.Expiration","type":"property","refpurpose":"ロックの持続時間 (秒単位)","href":"ml_code\/mps.sync.timedmatfilemutex.html"},{"name":"mps.sync.TimedMATFileMutex.ConnectionName","type":"property","refpurpose":"接続名","href":"ml_code\/mps.sync.timedmatfilemutex.html"},{"name":"mps.sync.TimedMATFileMutex.MutexName","type":"property","refpurpose":"ロックの名前","href":"ml_code\/mps.sync.timedmatfilemutex.html"},{"name":"mps.sync.TimedRedisMutex","type":"object","refpurpose":"Redis 永続性サービスのミューテックスの表現","href":"ml_code\/mps.sync.timedredismutex.html"},{"name":"mps.sync.TimedRedisMutex.Expiration","type":"property","refpurpose":"ロックの持続時間 (秒単位)","href":"ml_code\/mps.sync.timedredismutex.html"},{"name":"mps.sync.TimedRedisMutex.ConnectionName","type":"property","refpurpose":"接続名","href":"ml_code\/mps.sync.timedredismutex.html"},{"name":"mps.sync.TimedRedisMutex.MutexName","type":"property","refpurpose":"ミューテックスの名前","href":"ml_code\/mps.sync.timedredismutex.html"},{"name":"own","type":"function","fcntype":"simple","refpurpose":"永続性サービスのミューテックス オブジェクトでアドバイザリ ロックの所有権を確認する","href":"ml_code\/own.html"},{"name":"ping","type":"function","fcntype":"simple","refpurpose":"永続性サービスに到達可能かどうかをテスト","href":"ml_code\/ping.html"},{"name":"purge","type":"function","fcntype":"simple","refpurpose":"すべてのローカル データを永続性サービスにフラッシュする","href":"ml_code\/purge.html"},{"name":"put","type":"function","fcntype":"simple","refpurpose":"キーと値のペアをキャッシュに書き込む","href":"ml_code\/put.html"},{"name":"release","type":"function","fcntype":"simple","refpurpose":"永続性サービスのミューテックスのアドバイザリ ロックを解除","href":"ml_code\/release.html"},{"name":"remove","type":"function","fcntype":"simple","refpurpose":"キャッシュからキーを削除する","href":"ml_code\/remove.html"},{"name":"restart","type":"function","fcntype":"simple","refpurpose":"永続性サービスを再起動して MATLAB セッションに接続","href":"ml_code\/restart.html"},{"name":"retain","type":"function","fcntype":"simple","refpurpose":"リモート キーをキャッシュからローカルに保存するか、ローカルに保存されたキーを返す","href":"ml_code\/retain.html"},{"name":"start","type":"function","fcntype":"simple","refpurpose":"永続性サービスを開始して MATLAB セッションに接続","href":"ml_code\/start.html"},{"name":"stop","type":"function","fcntype":"simple","refpurpose":"永続性サービスを停止して MATLAB セッションから切り離す","href":"ml_code\/stop.html"},{"name":"version","type":"function","fcntype":"simple","refpurpose":"永続性プロバイダーのバージョン番号","href":"ml_code\/version.html"},{"name":"DELETE Request","type":"nonstandard","refpurpose":"サーバーからリクエストを削除する","href":"restfuljson\/deleterequest.html"},{"name":"GET Collection of Requests","type":"nonstandard","refpurpose":"リクエストのコレクションを表示する","href":"restfuljson\/getcollectionofrequests.html"},{"name":"GET Discovery Information","type":"nonstandard","refpurpose":"サーバーにデプロイされている MATLAB 関数を検出する","href":"restfuljson\/getdiscoveryinformation.html"},{"name":"GET Metrics","type":"nonstandard","refpurpose":"サーバーのメトリクスを取得する","href":"restfuljson\/getmetrics.html"},{"name":"GET Representation of Asynchronous Request","type":"nonstandard","refpurpose":"サーバーに対して行われた非同期リクエストがどのように表されるのかを表示する","href":"restfuljson\/getrepresentationofasynchronousrequest.html"},{"name":"GET Result of Request","type":"nonstandard","refpurpose":"リクエストの結果を取得する","href":"restfuljson\/getresultofrequest.html"},{"name":"GET Server Health","type":"nonstandard","refpurpose":"サーバーの全体的な健全性に関する情報を取得する","href":"restfuljson\/getserverhealth.html"},{"name":"GET State Information","type":"nonstandard","refpurpose":"リクエストの状態情報を取得する","href":"restfuljson\/getstateinformation.html"},{"name":"POST Asynchronous Request","type":"nonstandard","refpurpose":"サーバーに対して非同期リクエストを行う","href":"restfuljson\/postasynchronousrequest.html"},{"name":"POST Cancel Request","type":"nonstandard","refpurpose":"リクエストのキャンセル","href":"restfuljson\/postcancelrequest.html"},{"name":"POST Synchronous Request","type":"nonstandard","refpurpose":"サーバーに同期リクエストを行ってレスポンスを待つ","href":"restfuljson\/postsynchronousrequest.html"},{"name":"mps-setup","type":"nonstandard","refpurpose":"Windows システム、Linux システム、および macOS システムでコマンド ラインからサーバー環境を設定する","href":"server\/mpssetup.html"},{"name":"mps-start","type":"nonstandard","refpurpose":"Windows システム、Linux システム、および macOS システムでコマンド ラインからサーバー インスタンスを開始する","href":"server\/mpsstart.html"},{"name":"mps-status","type":"nonstandard","refpurpose":"Windows システム、Linux システム、および macOS システムでコマンド ラインからサーバー インスタンスのステータスを表示する","href":"server\/mpsstatus.html"},{"name":"mps-stop","type":"nonstandard","refpurpose":"Windows システム、Linux システム、および macOS システムでコマンド ラインからサーバー インスタンスを停止する","href":"server\/mpsstop.html"},{"name":"mps-support-info","type":"nonstandard","refpurpose":"Windows システム、Linux システム、および macOS システムでコマンド ラインからサーバー インスタンスのライセンス情報と構成情報を表示する","href":"server\/mpssupportinfo.html"}]}