{"schema":"referenceapi_lookup_schema.json","schemaVersion":"1.0","docVersion":"doc25a.2968260.Bdoc25a.2967890.pass.r2025a","productName":"Mixed-Signal Blockset","baseCode":"AM","helpFolder":"msblks","helpLocation":"msblks",  "refItems" : [{"name":"ac0Reader","type":"function","fcntype":"simple","refpurpose":"Converts AC analysis simulation results from Synopsys to CSV file or MATLAB table","href":"ref\/ac0reader.html"},{"name":"ADC AC Measurement","type":"block","refpurpose":"Measure AC performance metrics of ADC output","href":"ref\/adcacmeasurement.html"},{"name":"ADC DC Measurement","type":"block","refpurpose":"Measure DC performance metrics of ADC output","href":"ref\/adcdcmeasurement.html"},{"name":"ADC Testbench","type":"block","refpurpose":"Measures DC and AC performance metrics of ADC output","href":"ref\/adctestbench.html"},{"name":"ade2metric","type":"function","fcntype":"simple","refpurpose":"Extract metric data from Cadence simulation run","href":"ref\/ade2metric.html"},{"name":"ade2wave","type":"function","fcntype":"simple","refpurpose":"Extract waveform data from Cadence simulation run","href":"ref\/ade2wave.html"},{"name":"getWaveData","type":"function","fcntype":"instancemethod","refpurpose":"Retrieve waveform data from adeDataReader object","href":"ref\/adedatareader.getwavedata.html"},{"name":"adeDataReader.getWaveData","type":"method","fcntype":"instancemethod","refpurpose":"Retrieve waveform data from adeDataReader object","href":"ref\/adedatareader.getwavedata.html"},{"name":"adeDataReader","type":"function","fcntype":"constructor","refpurpose":"Read adeInfo object and extract metrics for visualization and analysis","href":"ref\/adedatareader.html"},{"name":"adeDataReader","type":"object","refpurpose":"Read adeInfo object and extract metrics for visualization and analysis","href":"ref\/adedatareader.html"},{"name":"adeDataReader.InputSource","type":"property","refpurpose":"Path to input file","href":"ref\/adedatareader.html"},{"name":"adeDataReader.MetricsInfo","type":"property","refpurpose":"Metrics data extracted","href":"ref\/adedatareader.html"},{"name":"adeDataReader.TrendChartFields","type":"property","refpurpose":"Available variables to plot trend chart","href":"ref\/adedatareader.html"},{"name":"adeDataReader.WaveInfo","type":"property","refpurpose":"Available waveform details","href":"ref\/adedatareader.html"},{"name":"adeGet","type":"function","fcntype":"simple","refpurpose":"Extract simulation parameters and variables from Cadence Maestro","href":"ref\/adeget.html"},{"name":"adeinfo2msa","type":"function","fcntype":"simple","refpurpose":"Extract simulation data from Cadence to Mixed Signal Analyzer app","href":"ref\/adeinfo2msa.html"},{"name":"adeSet","type":"function","fcntype":"simple","refpurpose":"Set simulation parameters and variables in Cadence ADE Maestro","href":"ref\/adeset.html"},{"name":"adeSim","type":"function","fcntype":"simple","refpurpose":"Run simulation as setup in the Cadence ADE Maestro view","href":"ref\/adesim.html"},{"name":"Aperture Jitter Measurement","type":"block","refpurpose":"Measure aperture jitter of periodic signals","href":"ref\/aperturejittermeasurement.html"},{"name":"Baseband PLL","type":"block","refpurpose":"Phase-domain model of PLL","href":"ref\/basebandpll.html"},{"name":"Binary Vector Conversion","type":"block","refpurpose":"Convert scalar integer to binary logic vector and vice versa","href":"ref\/binaryvectorconversion.html"},{"name":"Binary Weighted DAC","type":"block","refpurpose":"N-bit DAC based on R-2R weighted resistor architecture","href":"ref\/binaryweighteddac.html"},{"name":"calibrateADC","type":"function","fcntype":"simple","refpurpose":"Remove offset and gain errors from ADC output","href":"ref\/calibrateadc.html"},{"name":"calibrateDAC","type":"function","fcntype":"simple","refpurpose":"Compensate DAC input for offset and gain errors","href":"ref\/calibratedac.html"},{"name":"Charge Pump","type":"block","refpurpose":"Output a current proportional to the difference in duty cycle between two input ports","href":"ref\/chargepump.html"},{"name":"circuitWizard","type":"object","refpurpose":"Build block or analyze circuit from circuit object","href":"ref\/circuitwizard.html"},{"name":"circuitWizard","type":"function","fcntype":"constructor","refpurpose":"Build block or analyze circuit from circuit object","href":"ref\/circuitwizard.html"},{"name":"circuitWizard.cktobj","type":"property","refpurpose":"Circuit object from which to build block or run analysis","href":"ref\/circuitwizard.html"},{"name":"circuitWizard.operation","type":"property","refpurpose":"Determine whether to build block or run analysis","href":"ref\/circuitwizard.html"},{"name":"circuitWizard.simulinkModel","type":"property","refpurpose":"Simulink model name where to place block","href":"ref\/circuitwizard.html"},{"name":"Clock Generator","type":"block","refpurpose":"Generate clock signal with one or more phases","href":"ref\/clockgenerator.html"},{"name":"Clock Jitter Measurement","type":"block","refpurpose":"Measure jitter in periodic signals","href":"ref\/clockjittermeasurement.html"},{"name":"closedContour","type":"function","fcntype":"simple","refpurpose":"Measure closed contour of eye diagram","href":"ref\/closedcontour.html"},{"name":"Continuous Time Delta Sigma Modulator","type":"block","refpurpose":"ADC based on continuous-time delta-sigma modulator","href":"ref\/continuoustimedeltasigmamodulator.html"},{"name":"DAC AC Measurement","type":"block","refpurpose":"Measure AC performance metrics of DAC output","href":"ref\/dacacmeasurement.html"},{"name":"DAC DC Measurement","type":"block","refpurpose":"Measure DC performance metrics of DAC output","href":"ref\/dacdcmeasurement.html"},{"name":"DAC Testbench","type":"block","refpurpose":"Measure DC and AC performance metrics of DAC output","href":"ref\/dactestbench.html"},{"name":"Delta Sigma Modulator","type":"block","refpurpose":"ADC based on delta-sigma modulator","href":"ref\/deltasigmamodulator.html"},{"name":"Dual Modulus Prescaler","type":"block","refpurpose":"Integer clock divider with two divider ratios","href":"ref\/dualmodulusprescaler.html"},{"name":"lowerContour","type":"function","fcntype":"instancemethod","refpurpose":"Measure lower contour of eye diagram","href":"ref\/eyecontour.lowercontour.html"},{"name":"eyeContour.lowerContour","type":"method","fcntype":"instancemethod","refpurpose":"Measure lower contour of eye diagram","href":"ref\/eyecontour.lowercontour.html"},{"name":"upperContour","type":"function","fcntype":"instancemethod","refpurpose":"Measure upper contour of eye diagram","href":"ref\/eyecontour.uppercontour.html"},{"name":"eyeContour.upperContour","type":"method","fcntype":"instancemethod","refpurpose":"Measure upper contour of eye diagram","href":"ref\/eyecontour.uppercontour.html"},{"name":"eyeContour","type":"object","refpurpose":"Contour of eye opening from eye diagram","href":"ref\/eyecontour.html"},{"name":"eyeContour","type":"function","fcntype":"constructor","refpurpose":"Contour of eye opening from eye diagram","href":"ref\/eyecontour.html"},{"name":"eyeContour.Contour","type":"property","refpurpose":"Numeric contour data for each eye opening","href":"ref\/eyecontour.html"},{"name":"eyeContour.OuterContour","type":"property","refpurpose":"Numeric contour data of outer contours","href":"ref\/eyecontour.html"},{"name":"eyeContour.SER","type":"property","refpurpose":"Symbol error rate to generate contour","href":"ref\/eyecontour.html"},{"name":"eyeContour.Extrapolation","type":"property","refpurpose":"Extrapolation method to generate contour","href":"ref\/eyecontour.html"},{"name":"eyeContour.SampleInterval","type":"property","refpurpose":"Time between adjacent samples in input data","href":"ref\/eyecontour.html"},{"name":"eyeContour.SymbolTime","type":"property","refpurpose":"Time span of one symbol","href":"ref\/eyecontour.html"},{"name":"eyeContour.SymbolThresholds","type":"property","refpurpose":"Nominal center amplitude for eye opening","href":"ref\/eyecontour.html"},{"name":"Eye Diagram","type":"block","refpurpose":"Display eye diagram of time-domain signal","href":"ref\/eyediagramscope.html"},{"name":"eyeDiagramSI","type":"function","fcntype":"constructor","refpurpose":"Create eye diagram from time-domain data","href":"ref\/eyediagramsi-system-object.html"},{"name":"eyeDiagramSI","type":"sysobj","refpurpose":"Create eye diagram from time-domain data","href":"ref\/eyediagramsi-system-object.html"},{"name":"eyeDiagramSI.SymbolThresholds","type":"property","refpurpose":"Nominal center amplitude for eye opening","href":"ref\/eyediagramsi-system-object.html"},{"name":"eyeDiagramSI.SampleInterval","type":"property","refpurpose":"Time between adjacent samples in input data","href":"ref\/eyediagramsi-system-object.html"},{"name":"eyeDiagramSI.SymbolTime","type":"property","refpurpose":"Time span of one symbol","href":"ref\/eyediagramsi-system-object.html"},{"name":"eyeDiagramSI.ClockThresholds","type":"property","refpurpose":"Edge detection threshold for waveform clock signals","href":"ref\/eyediagramsi-system-object.html"},{"name":"eyeDiagramSI.Modulation","type":"property","refpurpose":"Number of symbol levels in eye diagram","href":"ref\/eyediagramsi-system-object.html"},{"name":"eyeDiagramSI.SampleOn","type":"property","refpurpose":"Method to sample waveform clock signals","href":"ref\/eyediagramsi-system-object.html"},{"name":"eyeDiagramSI.ClockMode","type":"property","refpurpose":"Method used by recovered clock to capture data","href":"ref\/eyediagramsi-system-object.html"},{"name":"eyeDiagramSI.PhaseDetector","type":"property","refpurpose":"Clock phase detector algorithm","href":"ref\/eyediagramsi-system-object.html"},{"name":"eyeDiagramSI.PhaseOffset","type":"property","refpurpose":"Delay between clock edge and timing origin","href":"ref\/eyediagramsi-system-object.html"},{"name":"eyeDiagramSI.PhaseOffsetUnit","type":"property","refpurpose":"Unit for phase offset","href":"ref\/eyediagramsi-system-object.html"},{"name":"eyeDiagramSI.SymbolsPerDiagram","type":"property","refpurpose":"Width of eye diagram in symbols","href":"ref\/eyediagramsi-system-object.html"},{"name":"eyeDiagramSI.TimeBins","type":"property","refpurpose":"Number of time bins in eye diagram","href":"ref\/eyediagramsi-system-object.html"},{"name":"eyeDiagramSI.AmplitudeBins","type":"property","refpurpose":"Number of amplitude bins in eye diagram","href":"ref\/eyediagramsi-system-object.html"},{"name":"eyeDiagramSI.AmplitudeLimits","type":"property","refpurpose":"Minimum and maximum eye amplitudes in eye diagram","href":"ref\/eyediagramsi-system-object.html"},{"name":"eyeDiagramSI.SymbolPDFs","type":"property","refpurpose":"Eye diagram stack for each symbol","href":"ref\/eyediagramsi-system-object.html"},{"name":"eyeDiagramSI.EyeHistogram","type":"property","refpurpose":"2-D eye histogram","href":"ref\/eyediagramsi-system-object.html"},{"name":"eyeDiagramSI.ClockEdgeTimes","type":"property","refpurpose":"Histogram of clock edge times","href":"ref\/eyediagramsi-system-object.html"},{"name":"bathtub","type":"function","fcntype":"instancemethod","refpurpose":"Plot bathtub curves","href":"ref\/eyediagramsi.bathtub.html"},{"name":"eyeDiagramSI.bathtub","type":"method","fcntype":"instancemethod","refpurpose":"Plot bathtub curves","href":"ref\/eyediagramsi.bathtub.html"},{"name":"com","type":"function","fcntype":"instancemethod","refpurpose":"Measure channel operating margin","href":"ref\/eyediagramsi.com.html"},{"name":"eyeDiagramSI.com","type":"method","fcntype":"instancemethod","refpurpose":"Measure channel operating margin","href":"ref\/eyediagramsi.com.html"},{"name":"eyeAmplitude","type":"function","fcntype":"instancemethod","refpurpose":"Measure eye amplitude","href":"ref\/eyediagramsi.eyeamplitude.html"},{"name":"eyeDiagramSI.eyeAmplitude","type":"method","fcntype":"instancemethod","refpurpose":"Measure eye amplitude","href":"ref\/eyediagramsi.eyeamplitude.html"},{"name":"eyeArea","type":"function","fcntype":"instancemethod","refpurpose":"Measure eye area","href":"ref\/eyediagramsi.eyearea.html"},{"name":"eyeDiagramSI.eyeArea","type":"method","fcntype":"instancemethod","refpurpose":"Measure eye area","href":"ref\/eyediagramsi.eyearea.html"},{"name":"eyeContour.eyeArea","type":"method","fcntype":"instancemethod","refpurpose":"Measure eye area","href":"ref\/eyediagramsi.eyearea.html"},{"name":"eyeCenter","type":"function","fcntype":"instancemethod","refpurpose":"Measure eye center point","href":"ref\/eyediagramsi.eyecenter.html"},{"name":"eyeDiagramSI.eyeCenter","type":"method","fcntype":"instancemethod","refpurpose":"Measure eye center point","href":"ref\/eyediagramsi.eyecenter.html"},{"name":"eyeCrossing","type":"function","fcntype":"instancemethod","refpurpose":"Measure eye crossing points","href":"ref\/eyediagramsi.eyecrossing.html"},{"name":"eyeDiagramSI.eyeCrossing","type":"method","fcntype":"instancemethod","refpurpose":"Measure eye crossing points","href":"ref\/eyediagramsi.eyecrossing.html"},{"name":"eyeHeight","type":"function","fcntype":"instancemethod","refpurpose":"Measure vertical eye opening","href":"ref\/eyediagramsi.eyeheight.html"},{"name":"eyeDiagramSI.eyeHeight","type":"method","fcntype":"instancemethod","refpurpose":"Measure vertical eye opening","href":"ref\/eyediagramsi.eyeheight.html"},{"name":"eyeContour.eyeHeight","type":"method","fcntype":"instancemethod","refpurpose":"Measure vertical eye opening","href":"ref\/eyediagramsi.eyeheight.html"},{"name":"eyeLevels","type":"function","fcntype":"instancemethod","refpurpose":"Measure symbol level statistics from eye diagram","href":"ref\/eyediagramsi.eyelevels.html"},{"name":"eyeDiagramSI.eyeLevels","type":"method","fcntype":"instancemethod","refpurpose":"Measure symbol level statistics from eye diagram","href":"ref\/eyediagramsi.eyelevels.html"},{"name":"eyeLinearity","type":"function","fcntype":"instancemethod","refpurpose":"Measure eye linearity","href":"ref\/eyediagramsi.eyelinearity.html"},{"name":"eyeDiagramSI.eyeLinearity","type":"method","fcntype":"instancemethod","refpurpose":"Measure eye linearity","href":"ref\/eyediagramsi.eyelinearity.html"},{"name":"eyeWidth","type":"function","fcntype":"instancemethod","refpurpose":"Measure horizontal eye opening","href":"ref\/eyediagramsi.eyewidth.html"},{"name":"eyeDiagramSI.eyeWidth","type":"method","fcntype":"instancemethod","refpurpose":"Measure horizontal eye opening","href":"ref\/eyediagramsi.eyewidth.html"},{"name":"eyeContour.eyeWidth","type":"method","fcntype":"instancemethod","refpurpose":"Measure horizontal eye opening","href":"ref\/eyediagramsi.eyewidth.html"},{"name":"falltime","type":"function","fcntype":"instancemethod","refpurpose":"Measure fall time from eye diagram","href":"ref\/eyediagramsi.falltime.html"},{"name":"eyeDiagramSI.falltime","type":"method","fcntype":"instancemethod","refpurpose":"Measure fall time from eye diagram","href":"ref\/eyediagramsi.falltime.html"},{"name":"margin","type":"function","fcntype":"instancemethod","refpurpose":"Calculate margins of eye contour from mask","href":"ref\/eyediagramsi.margin.html"},{"name":"eyeDiagramSI.margin","type":"method","fcntype":"instancemethod","refpurpose":"Calculate margins of eye contour from mask","href":"ref\/eyediagramsi.margin.html"},{"name":"eyeMask.margin","type":"method","fcntype":"instancemethod","refpurpose":"Calculate margins of eye contour from mask","href":"ref\/eyediagramsi.margin.html"},{"name":"risetime","type":"function","fcntype":"instancemethod","refpurpose":"Measure rise time from eye diagram","href":"ref\/eyediagramsi.risetime.html"},{"name":"eyeDiagramSI.risetime","type":"method","fcntype":"instancemethod","refpurpose":"Measure rise time from eye diagram","href":"ref\/eyediagramsi.risetime.html"},{"name":"slice","type":"function","fcntype":"instancemethod","refpurpose":"Extract slice from eye diagram","href":"ref\/eyediagramsi.slice.html"},{"name":"eyeDiagramSI.slice","type":"method","fcntype":"instancemethod","refpurpose":"Extract slice from eye diagram","href":"ref\/eyediagramsi.slice.html"},{"name":"vec","type":"function","fcntype":"instancemethod","refpurpose":"Measure vertical eye closure","href":"ref\/eyediagramsi.vec.html"},{"name":"eyeDiagramSI.vec","type":"method","fcntype":"instancemethod","refpurpose":"Measure vertical eye closure","href":"ref\/eyediagramsi.vec.html"},{"name":"plot","type":"function","fcntype":"instancemethod","refpurpose":"Plot eye diagram, eye contour, or eye mask object","href":"ref\/eyemask.plot.html"},{"name":"eyeMask.plot","type":"method","fcntype":"instancemethod","refpurpose":"Plot eye diagram, eye contour, or eye mask object","href":"ref\/eyemask.plot.html"},{"name":"eyeDiagramSI.plot","type":"method","fcntype":"instancemethod","refpurpose":"Plot eye diagram, eye contour, or eye mask object","href":"ref\/eyemask.plot.html"},{"name":"eyeContour.plot","type":"method","fcntype":"instancemethod","refpurpose":"Plot eye diagram, eye contour, or eye mask object","href":"ref\/eyemask.plot.html"},{"name":"eyeMask","type":"object","refpurpose":"Shape and size mask of eye opening","href":"ref\/eyemask.html"},{"name":"eyeMask","type":"function","fcntype":"constructor","refpurpose":"Shape and size mask of eye opening","href":"ref\/eyemask.html"},{"name":"eyeMask.Shape","type":"property","refpurpose":"Shape of eye mask","href":"ref\/eyemask.html"},{"name":"eyeMask.Position","type":"property","refpurpose":"Default position of origin of shape of mask in eye diagram","href":"ref\/eyemask.html"},{"name":"eyeMask.OptimizeTime","type":"property","refpurpose":"How to optimize time coordinates of position of mask","href":"ref\/eyemask.html"},{"name":"eyeMask.TimeUnit","type":"property","refpurpose":"Unit for time coordinates for position and shape","href":"ref\/eyemask.html"},{"name":"eyeMask.UpperLimit","type":"property","refpurpose":"Upper amplitude limit of eye mask","href":"ref\/eyemask.html"},{"name":"eyeMask.LowerLimit","type":"property","refpurpose":"Lower amplitude limit of eye mask","href":"ref\/eyemask.html"},{"name":"eyeMask.UserData","type":"property","refpurpose":"User specified data","href":"ref\/eyemask.html"},{"name":"eyeMask.w1","type":"property","refpurpose":"Width of rectangle, diamond, and center of hexagon eye masks","href":"ref\/eyemask.html"},{"name":"eyeMask.w2","type":"property","refpurpose":"Width of top and bottom of hexagon eye mask","href":"ref\/eyemask.html"},{"name":"eyeMask.h","type":"property","refpurpose":"Height of rectangle, diamond, or hexagon eye masks","href":"ref\/eyemask.html"},{"name":"eyeMask.FileName","type":"property","refpurpose":"Name of rules file or MAT file that defines eyeMask object","href":"ref\/eyemask.html"},{"name":"Eye Measurement","type":"block","refpurpose":"Calculate metrics from eye diagram","href":"ref\/eyemeasurement.html"},{"name":"Flash ADC","type":"block","refpurpose":"N-bit ADC with flash architecture","href":"ref\/flashadc.html"},{"name":"Fractional Clock Divider with Accumulator","type":"block","refpurpose":"Clock divider that divides frequency of input signal by fractional number","href":"ref\/fractionalclockdividerwithaccumulator.html"},{"name":"Fractional Clock Divider with DSM","type":"block","refpurpose":"Delta Sigma Modulator based fractional clock divider","href":"ref\/fractionalclockdividerwithdsm.html"},{"name":"Fractional N PLL with Accumulator","type":"block","refpurpose":"Frequency synthesizer with accumulator based fractional N PLL architecture","href":"ref\/fractionalnpllwithaccumulator.html"},{"name":"Fractional N PLL with Delta Sigma Modulator","type":"block","refpurpose":"Frequency synthesizer with delta sigma modulator based fractional N PLL architecture","href":"ref\/fractionalnpllwithdeltasigmamodulator.html"},{"name":"inldnl","type":"function","fcntype":"simple","refpurpose":"Integral nonlinearity (INL) and differential nonlinearity (DNL) of data converters","href":"ref\/inldnl.html"},{"name":"Integer N PLL with Dual Modulus Prescaler","type":"block","refpurpose":"Frequency synthesizer with dual modulus prescaler based integer N PLL architecture","href":"ref\/integernpllwithdualmodulusprescaler.html"},{"name":"Integer N PLL with Single Modulus Prescaler","type":"block","refpurpose":"Frequency synthesizer with single modulus prescaler based integer N PLL architecture","href":"ref\/integernpllwithsinglemodulusprescaler.html"},{"name":"Interleaved ADC","type":"block","refpurpose":"Time-interleaved ADC model","href":"ref\/interleavedadc.html"},{"name":"jitter","type":"function","fcntype":"simple","refpurpose":"Measure jitter metrics from waveforms","href":"ref\/jitter.html"},{"name":"jitterDataDependent","type":"function","fcntype":"simple","refpurpose":"Measure data-dependent jitter from waveform","href":"ref\/jitterdatadependent.html"},{"name":"jitterDeterministic","type":"function","fcntype":"simple","refpurpose":"Measure deterministic jitter from waveform","href":"ref\/jitterdeterministic.html"},{"name":"jitterDutyCycle","type":"function","fcntype":"simple","refpurpose":"Measure jitter correlated with duty cycle distortion","href":"ref\/jitterdutycycle.html"},{"name":"jitterIntersymbol","type":"function","fcntype":"simple","refpurpose":"Measure jitter correlated with intersymbol interference","href":"ref\/jitterintersymbol.html"},{"name":"jitterPeriodic","type":"function","fcntype":"simple","refpurpose":"Measure periodic jitter from waveform","href":"ref\/jitterperiodic.html"},{"name":"jitterRandom","type":"function","fcntype":"simple","refpurpose":"Measure random jitter from waveform","href":"ref\/jitterrandom.html"},{"name":"jitterSinusoidal","type":"function","fcntype":"simple","refpurpose":"Measure sinusoidal jitter from waveform","href":"ref\/jittersinusoidal.html"},{"name":"jitterTotal","type":"function","fcntype":"simple","refpurpose":"Measure total jitter metric from waveform","href":"ref\/jittertotal.html"},{"name":"Eye Diagram","type":"block","refpurpose":"(Removed) Display eye diagram of time-domain signal","href":"ref\/legacyeyediagramscope.html"},{"name":"Linear Circuit Wizard","type":"block","refpurpose":"Generate or modify linear circuit","href":"ref\/linearcircuitwizard.html"},{"name":"Lock Time Measurement","type":"block","refpurpose":"Measure time a PLL takes to reach target frequency within given tolerance","href":"ref\/locktimemeasurement.html"},{"name":"Logic Decision","type":"block","refpurpose":"Threshold crossing detector at input to binary process","href":"ref\/logicdecision.html"},{"name":"Loop Filter","type":"block","refpurpose":"Model second-, third-, or fourth-order passive loop filter","href":"ref\/loopfilter.html"},{"name":"lowpassResample","type":"function","fcntype":"simple","refpurpose":"Convert signal from one sample time to another","href":"ref\/lowpassresample.html"},{"name":"Lowpass Resampler","type":"block","refpurpose":"Convert signal from one sample time to another","href":"ref\/lowpassresampler.html"},{"name":"Mixed-Signal Analyzer","type":"app","refpurpose":"Analyze circuit simulation data","href":"ref\/mixedsignalanalyzer-app.html"},{"name":"msaSessionUpdate","type":"function","fcntype":"simple","refpurpose":"Update saved session of Mixed Signal Analyzer app","href":"ref\/msasessionupdate.html"},{"name":"optimizeDesign","type":"function","fcntype":"instancemethod","refpurpose":"Optimize circuit design in simulation environment","href":"ref\/msboptimizer.optimizedesign.html"},{"name":"msbOptimizer.optimizeDesign","type":"method","fcntype":"instancemethod","refpurpose":"Optimize circuit design in simulation environment","href":"ref\/msboptimizer.optimizedesign.html"},{"name":"msbOptimizer","type":"object","refpurpose":"Optimize device parameters to set up simulation environment","href":"ref\/msboptimizer.html"},{"name":"Operational Amplifier","type":"block","refpurpose":"Model operational amplifier with two or more poles","href":"ref\/operationalamplifier.html"},{"name":"PFD","type":"block","refpurpose":"Phase\/frequency detector that compares phase and frequency between two signals","href":"ref\/pfd.html"},{"name":"PFD and Charge Pump Testbench","type":"block","refpurpose":"Generic test environment for phase\/frequency detectors and charge pumps","href":"ref\/pfdandchargepumptestbench.html"},{"name":"phaseNoiseMeasure","type":"function","fcntype":"simple","refpurpose":"Measure and plot phase noise profile of time or frequency-domain signal","href":"ref\/phasenoisemeasure.html"},{"name":"Phase Noise Measurement","type":"block","refpurpose":"Compute phase noise at specific frequency offset vectors","href":"ref\/phasenoisemeasurement.html"},{"name":"phaseNoiseToJitter","type":"function","fcntype":"simple","refpurpose":"Measure RMS phase jitter from phase noise data","href":"ref\/phasenoisetojitter.html"},{"name":"PLL Testbench","type":"block","refpurpose":"Validate PLL system by measuring operating frequency, lock time, and phase noise","href":"ref\/plltestbench.html"},{"name":"Ring Oscillator VCO","type":"block","refpurpose":"Model ring oscillator VCO","href":"ref\/ringoscillatorvco.html"},{"name":"Sampling Clock Source","type":"block","refpurpose":"Generate clock signal with aperture jitter","href":"ref\/samplingclocksource.html"},{"name":"SAR ADC","type":"block","refpurpose":"N-bit successive approximation register (SAR) based ADC","href":"ref\/saradc.html"},{"name":"Segmented DAC","type":"block","refpurpose":"Convert large digital input to analog signal using arrangement of smaller DACs","href":"ref\/segmenteddac.html"},{"name":"Signal Sampler","type":"block","refpurpose":"Sample incoming signal at the edge of incoming clock","href":"ref\/signalsampler.html"},{"name":"Single Modulus Prescaler","type":"block","refpurpose":"Integer clock divider that divides frequency of input signal","href":"ref\/singlemodulusprescaler.html"},{"name":"Slew Rate","type":"block","refpurpose":"Model amplitude, rise and fall times, and propagation delay of logic gates","href":"ref\/slewrate.html"},{"name":"ssc2cw","type":"function","fcntype":"simple","refpurpose":"Create variable and statement structures from circuit diagram","href":"ref\/ssc2cw.html"},{"name":"sw0Reader","type":"function","fcntype":"simple","refpurpose":"Converts DC analysis simulation results from Synopsys to CSV file or MATLAB table","href":"ref\/sw0reader.html"},{"name":"timeDomainSignal2DutyCycle","type":"function","fcntype":"simple","refpurpose":"Measure duty cycle of time-domain signal","href":"ref\/timedomainsignal2dutycycle.html"},{"name":"timeDomainSignal2FallTime","type":"function","fcntype":"simple","refpurpose":"Measure fall time of time domain signal","href":"ref\/timedomainsignal2falltime.html"},{"name":"timeDomainSignal2RiseTime","type":"function","fcntype":"simple","refpurpose":"Measure rise time of time domain signal","href":"ref\/timedomainsignal2risetime.html"},{"name":"timeIntervalError","type":"function","fcntype":"simple","refpurpose":"Measure time interval error","href":"ref\/timeintervalerror.html"},{"name":"timingError","type":"function","fcntype":"simple","refpurpose":"Measure timing error from waveform","href":"ref\/timingerror.html"},{"name":"Timing Measurement","type":"block","refpurpose":"Measure period, frequency, duty cycle, rise time, fall time, and delay of a signal","href":"ref\/timingmeasurement.html"},{"name":"tr0Reader","type":"function","fcntype":"simple","refpurpose":"Converts transient analysis simulation results from Synopsys to CSV file or MATLAB table","href":"ref\/tr0reader.html"},{"name":"trendChart","type":"function","fcntype":"constructor","refpurpose":"Plot trend analysis charts","href":"ref\/trendchart.html"},{"name":"trendChart","type":"object","refpurpose":"Plot trend analysis charts","href":"ref\/trendchart.html"},{"name":"Variable Pulse Delay","type":"block","refpurpose":"Delay samples by controlled, continuously variable amount","href":"ref\/variablepulsedelay.html"},{"name":"VCO","type":"block","refpurpose":"Model voltage controlled oscillator","href":"ref\/vco.html"},{"name":"VCO Testbench","type":"block","refpurpose":"Validate voltage controlled oscillator (VCO) by measuring phase noise metrics or VCO characteristics","href":"ref\/vcotestbench.html"}]}