{"schema":"referenceapi_lookup_schema.json","schemaVersion":"1.0","docVersion":"doc25a.2968260.Bdoc25a.2967890.pass.r2025a","productName":"Navigation Toolbox","baseCode":"NV","helpFolder":"nav","helpLocation":"nav",  "refItems" : [{"name":"accelcal","type":"function","fcntype":"simple","refpurpose":"가속도계에 대한 파라미터 보정","href":"ref\/accelcal.html"},{"name":"accelparams","type":"function","fcntype":"constructor","refpurpose":"가속도계 센서 파라미터","href":"ref\/accelparams.html"},{"name":"accelparams","type":"object","refpurpose":"가속도계 센서 파라미터","href":"ref\/accelparams.html"},{"name":"accelparams.MeasurementRange","type":"property","refpurpose":"최대 센서 측정값(m\/s^{2})","href":"ref\/accelparams.html"},{"name":"accelparams.Resolution","type":"property","refpurpose":"센서 측정값의 분해능((m\/s^{2})\/LSB)","href":"ref\/accelparams.html"},{"name":"accelparams.ConstantBias","type":"property","refpurpose":"상수 센서 오프셋 편향(m\/s^{2})","href":"ref\/accelparams.html"},{"name":"accelparams.AxesMisalignment","type":"property","refpurpose":"센서 축 왜도(%)","href":"ref\/accelparams.html"},{"name":"accelparams.NoiseDensity","type":"property","refpurpose":"센서 잡음의 파워 스펙트럼 밀도(m\/s^{2}\/√Hz)","href":"ref\/accelparams.html"},{"name":"accelparams.BiasInstabilityCoefficients","type":"property","refpurpose":"편향 불안정성 잡음 생성을 위한 필터 계수","href":"ref\/accelparams.html"},{"name":"accelparams.BiasInstability","type":"property","refpurpose":"편향 오프셋의 불안정성(m\/s^{2})","href":"ref\/accelparams.html"},{"name":"accelparams.RandomWalk","type":"property","refpurpose":"센서의 적분된 백색 잡음((m\/s^{2})*(√Hz))","href":"ref\/accelparams.html"},{"name":"accelparams.NoiseType","type":"property","refpurpose":"랜덤 잡음 유형","href":"ref\/accelparams.html"},{"name":"accelparams.TemperatureBias","type":"property","refpurpose":"온도에 의한 센서 편향((m\/s^{2})\/℃)","href":"ref\/accelparams.html"},{"name":"accelparams.TemperatureScaleFactor","type":"property","refpurpose":"온도에 의한 스케일링 인자 오차(%\/℃)","href":"ref\/accelparams.html"},{"name":"pose","type":"function","fcntype":"instancemethod","refpurpose":"ahrs10filter에 대한 현재 방향 추정값과 위치 추정값","href":"ref\/ahrs10filter.pose.html"},{"name":"ahrs10filter.pose","type":"method","fcntype":"instancemethod","refpurpose":"ahrs10filter에 대한 현재 방향 추정값과 위치 추정값","href":"ref\/ahrs10filter.pose.html"},{"name":"allanvar","type":"function","fcntype":"simple","refpurpose":"Allan 분산","href":"ref\/allanvar.html"},{"name":"angdiff","type":"function","fcntype":"simple","refpurpose":"두 각도 간의 차이","href":"ref\/angdiff.html"},{"name":"pose","type":"function","fcntype":"instancemethod","refpurpose":"insfilterAsync에 대한 현재 위치, 방향, 속도의 추정값","href":"ref\/asyncmarggpsfuser.pose.html"},{"name":"AsyncMARGGPSFuser.pose","type":"method","fcntype":"instancemethod","refpurpose":"insfilterAsync에 대한 현재 위치, 방향, 속도의 추정값","href":"ref\/asyncmarggpsfuser.pose.html"},{"name":"axang2quat","type":"function","fcntype":"simple","refpurpose":"축-각도 회전을 쿼터니언으로 변환","href":"ref\/axang2quat.html"},{"name":"axang2rotm","type":"function","fcntype":"simple","refpurpose":"축-각도 회전을 회전 행렬로 변환","href":"ref\/axang2rotm.html"},{"name":"axang2tform","type":"function","fcntype":"simple","refpurpose":"축-각도 회전을 동차 변환으로 변환하기","href":"ref\/axang2tform.html"},{"name":"derivative","type":"function","fcntype":"instancemethod","refpurpose":"자전거 이동체 모델의 시간 도함수","href":"ref\/bicyclekinematics.derivative.html"},{"name":"bicycleKinematics.derivative","type":"method","fcntype":"instancemethod","refpurpose":"자전거 이동체 모델의 시간 도함수","href":"ref\/bicyclekinematics.derivative.html"},{"name":"bicycleKinematics","type":"function","fcntype":"constructor","refpurpose":"자전거 이동체 모델","href":"ref\/bicyclekinematics.html"},{"name":"bicycleKinematics","type":"object","refpurpose":"자전거 이동체 모델","href":"ref\/bicyclekinematics.html"},{"name":"bicycleKinematics.WheelBase","type":"property","refpurpose":"앞 차축과 뒤 차축 간의 거리","href":"ref\/bicyclekinematics.html"},{"name":"bicycleKinematics.VehicleSpeedRange","type":"property","refpurpose":"이동체 속도의 범위","href":"ref\/bicyclekinematics.html"},{"name":"bicycleKinematics.MaxSteeringAngle","type":"property","refpurpose":"최대 조향각","href":"ref\/bicyclekinematics.html"},{"name":"bicycleKinematics.MinimumTurningRadius","type":"property","refpurpose":"이동체의 최소 회전 반경","href":"ref\/bicyclekinematics.html"},{"name":"bicycleKinematics.VehicleInputs","type":"property","refpurpose":"이동체에 대한 모션 입력의 유형","href":"ref\/bicyclekinematics.html"},{"name":"grid2local","type":"function","fcntype":"instancemethod","refpurpose":"그리드 인덱스를 로컬 좌표로 변환","href":"ref\/binaryoccupancymap.grid2local.html"},{"name":"binaryOccupancyMap.grid2local","type":"method","fcntype":"instancemethod","refpurpose":"그리드 인덱스를 로컬 좌표로 변환","href":"ref\/binaryoccupancymap.grid2local.html"},{"name":"grid2world","type":"function","fcntype":"instancemethod","refpurpose":"그리드 인덱스를 세계 좌표로 변환","href":"ref\/binaryoccupancymap.grid2world.html"},{"name":"binaryOccupancyMap.grid2world","type":"method","fcntype":"instancemethod","refpurpose":"그리드 인덱스를 세계 좌표로 변환","href":"ref\/binaryoccupancymap.grid2world.html"},{"name":"inflate","type":"function","fcntype":"instancemethod","refpurpose":"각 점유 위치 확장","href":"ref\/binaryoccupancymap.inflate.html"},{"name":"binaryOccupancyMap.inflate","type":"method","fcntype":"instancemethod","refpurpose":"각 점유 위치 확장","href":"ref\/binaryoccupancymap.inflate.html"},{"name":"occupancyMatrix","type":"function","fcntype":"instancemethod","refpurpose":"점유 그리드를 행렬로 변환","href":"ref\/binaryoccupancymap.occupancymatrix.html"},{"name":"binaryOccupancyMap.occupancyMatrix","type":"method","fcntype":"instancemethod","refpurpose":"점유 그리드를 행렬로 변환","href":"ref\/binaryoccupancymap.occupancymatrix.html"},{"name":"world2grid","type":"function","fcntype":"instancemethod","refpurpose":"세계 좌표를 그리드 인덱스로 변환","href":"ref\/binaryoccupancymap.world2grid.html"},{"name":"binaryOccupancyMap.world2grid","type":"method","fcntype":"instancemethod","refpurpose":"세계 좌표를 그리드 인덱스로 변환","href":"ref\/binaryoccupancymap.world2grid.html"},{"name":"binaryOccupancyMap","type":"function","fcntype":"constructor","refpurpose":"이진 값으로 점유 그리드 생성","href":"ref\/binaryoccupancymap.html"},{"name":"binaryOccupancyMap","type":"object","refpurpose":"이진 값으로 점유 그리드 생성","href":"ref\/binaryoccupancymap.html"},{"name":"binaryOccupancyMap.GridSize","type":"property","refpurpose":"그리드의 행과 열의 개수","href":"ref\/binaryoccupancymap.html"},{"name":"binaryOccupancyMap.Resolution","type":"property","refpurpose":"그리드 해상도","href":"ref\/binaryoccupancymap.html"},{"name":"binaryOccupancyMap.XLocalLimits","type":"property","refpurpose":"로컬 프레임에서 x 좌표의 최솟값과 최댓값","href":"ref\/binaryoccupancymap.html"},{"name":"binaryOccupancyMap.YLocalLimits","type":"property","refpurpose":"로컬 프레임에서 y 좌표의 최솟값과 최댓값","href":"ref\/binaryoccupancymap.html"},{"name":"binaryOccupancyMap.XWorldLimits","type":"property","refpurpose":"세계 프레임에서 x 좌표의 최솟값과 최댓값","href":"ref\/binaryoccupancymap.html"},{"name":"binaryOccupancyMap.YWorldLimits","type":"property","refpurpose":"y 좌표의 최솟값과 최댓값","href":"ref\/binaryoccupancymap.html"},{"name":"binaryOccupancyMap.GridLocationInWorld","type":"property","refpurpose":"세계 좌표에서 그리드의 위치","href":"ref\/binaryoccupancymap.html"},{"name":"binaryOccupancyMap.LocalOriginInWorld","type":"property","refpurpose":"세계 좌표에서 로컬 프레임의 위치","href":"ref\/binaryoccupancymap.html"},{"name":"binaryOccupancyMap.GridOriginInLocal","type":"property","refpurpose":"로컬 좌표에서 그리드의 위치","href":"ref\/binaryoccupancymap.html"},{"name":"binaryOccupancyMap.DefaultValue","type":"property","refpurpose":"지정되지 않은 맵 위치의 디폴트 값","href":"ref\/binaryoccupancymap.html"},{"name":"buildMap","type":"function","fcntype":"simple","refpurpose":"라이다 스캔을 이용해 점유 맵 작성하기","href":"ref\/buildmap.html"},{"name":"cart2hom","type":"function","fcntype":"simple","refpurpose":"카테시안 좌표를 동차 좌표로 변환","href":"ref\/cart2hom.html"},{"name":"checkCollision","type":"function","fcntype":"instancemethod","refpurpose":"두 기하 도형이 충돌하는지 검사","href":"ref\/collisionbox.checkcollision.html"},{"name":"collisionBox.checkCollision","type":"method","fcntype":"instancemethod","refpurpose":"두 기하 도형이 충돌하는지 검사","href":"ref\/collisionbox.checkcollision.html"},{"name":"collisionCapsule.checkCollision","type":"method","fcntype":"instancemethod","refpurpose":"두 기하 도형이 충돌하는지 검사","href":"ref\/collisionbox.checkcollision.html"},{"name":"collisionCylinder.checkCollision","type":"method","fcntype":"instancemethod","refpurpose":"두 기하 도형이 충돌하는지 검사","href":"ref\/collisionbox.checkcollision.html"},{"name":"collisionMesh.checkCollision","type":"method","fcntype":"instancemethod","refpurpose":"두 기하 도형이 충돌하는지 검사","href":"ref\/collisionbox.checkcollision.html"},{"name":"collisionSphere.checkCollision","type":"method","fcntype":"instancemethod","refpurpose":"두 기하 도형이 충돌하는지 검사","href":"ref\/collisionbox.checkcollision.html"},{"name":"show","type":"function","fcntype":"instancemethod","refpurpose":"충돌 기하 도형 표시","href":"ref\/collisionbox.show.html"},{"name":"collisionBox.show","type":"method","fcntype":"instancemethod","refpurpose":"충돌 기하 도형 표시","href":"ref\/collisionbox.show.html"},{"name":"collisionCylinder.show","type":"method","fcntype":"instancemethod","refpurpose":"충돌 기하 도형 표시","href":"ref\/collisionbox.show.html"},{"name":"collisionMesh.show","type":"method","fcntype":"instancemethod","refpurpose":"충돌 기하 도형 표시","href":"ref\/collisionbox.show.html"},{"name":"collisionSphere.show","type":"method","fcntype":"instancemethod","refpurpose":"충돌 기하 도형 표시","href":"ref\/collisionbox.show.html"},{"name":"collisionCapsule.show","type":"method","fcntype":"instancemethod","refpurpose":"충돌 기하 도형 표시","href":"ref\/collisionbox.show.html"},{"name":"collisionBox","type":"function","fcntype":"constructor","refpurpose":"상자 충돌 기하 도형 생성","href":"ref\/collisionbox.html"},{"name":"collisionBox","type":"object","refpurpose":"상자 충돌 기하 도형 생성","href":"ref\/collisionbox.html"},{"name":"collisionBox.X","type":"property","refpurpose":"상자 기하 도형의 변 길이","href":"ref\/collisionbox.html"},{"name":"collisionBox.Y","type":"property","refpurpose":"상자 기하 도형의 변 길이","href":"ref\/collisionbox.html"},{"name":"collisionBox.Z","type":"property","refpurpose":"상자 기하 도형의 변 길이","href":"ref\/collisionbox.html"},{"name":"collisionBox.Pose","type":"property","refpurpose":"자세","href":"ref\/collisionbox.html"},{"name":"collisionCylinder","type":"function","fcntype":"constructor","refpurpose":"충돌 원통 기하 도형 생성","href":"ref\/collisioncylinder.html"},{"name":"collisionCylinder","type":"object","refpurpose":"충돌 원통 기하 도형 생성","href":"ref\/collisioncylinder.html"},{"name":"collisionCylinder.Radius","type":"property","refpurpose":"반경","href":"ref\/collisioncylinder.html"},{"name":"collisionCylinder.Length","type":"property","refpurpose":"길이","href":"ref\/collisioncylinder.html"},{"name":"collisionCylinder.Pose","type":"property","refpurpose":"자세","href":"ref\/collisioncylinder.html"},{"name":"collisionMesh","type":"function","fcntype":"constructor","refpurpose":"볼록 메시 충돌 기하 도형 생성","href":"ref\/collisionmesh.html"},{"name":"collisionMesh","type":"object","refpurpose":"볼록 메시 충돌 기하 도형 생성","href":"ref\/collisionmesh.html"},{"name":"collisionMesh.Vertices","type":"property","refpurpose":"꼭짓점","href":"ref\/collisionmesh.html"},{"name":"collisionMesh.Pose","type":"property","refpurpose":"자세","href":"ref\/collisionmesh.html"},{"name":"collisionSphere","type":"function","fcntype":"constructor","refpurpose":"구 충돌 기하 도형 생성","href":"ref\/collisionsphere.html"},{"name":"collisionSphere","type":"object","refpurpose":"구 충돌 기하 도형 생성","href":"ref\/collisionsphere.html"},{"name":"collisionSphere.Radius","type":"property","refpurpose":"반경","href":"ref\/collisionsphere.html"},{"name":"collisionSphere.Pose","type":"property","refpurpose":"자세","href":"ref\/collisionsphere.html"},{"name":"controllerPurePursuit","type":"function","fcntype":"constructor","refpurpose":"일련의 웨이포인트를 따라가도록 제어기 생성","href":"ref\/controllerpurepursuit-system-object.html"},{"name":"controllerPurePursuit","type":"sysobj","refpurpose":"일련의 웨이포인트를 따라가도록 제어기 생성","href":"ref\/controllerpurepursuit-system-object.html"},{"name":"controllerPurePursuit.DesiredLinearVelocity","type":"property","refpurpose":"일정한 목표 선속도","href":"ref\/controllerpurepursuit-system-object.html"},{"name":"controllerPurePursuit.LookaheadDistance","type":"property","refpurpose":"전방 주시 거리","href":"ref\/controllerpurepursuit-system-object.html"},{"name":"controllerPurePursuit.MaxAngularVelocity","type":"property","refpurpose":"최대 각속도","href":"ref\/controllerpurepursuit-system-object.html"},{"name":"controllerPurePursuit.Waypoints","type":"property","refpurpose":"웨이포인트","href":"ref\/controllerpurepursuit-system-object.html"},{"name":"Coordinate Transformation Conversion","type":"block","refpurpose":"지정된 좌표 변환 표현으로 변환","href":"ref\/coordinatetransformationconversion.html"},{"name":"dubinsConnection","type":"function","fcntype":"constructor","refpurpose":"Dubins 경로 연결 유형","href":"ref\/dubinsconnection.html"},{"name":"dubinsConnection","type":"object","refpurpose":"Dubins 경로 연결 유형","href":"ref\/dubinsconnection.html"},{"name":"dubinsConnection.MinTurningRadius","type":"property","refpurpose":"이동체의 최소 회전 반경","href":"ref\/dubinsconnection.html"},{"name":"dubinsConnection.DisabledPathTypes","type":"property","refpurpose":"허용하지 않을 경로 유형","href":"ref\/dubinsconnection.html"},{"name":"dubinsConnection.AllPathTypes","type":"property","refpurpose":"사용 가능한 모든 경로 유형","href":"ref\/dubinsconnection.html"},{"name":"enu2lla","type":"function","fcntype":"simple","refpurpose":"로컬 동쪽-북쪽-위쪽 좌표를 측지 좌표로 변환","href":"ref\/enu2lla.html"},{"name":"eul2quat","type":"function","fcntype":"simple","refpurpose":"오일러 각을 쿼터니언으로 변환","href":"ref\/eul2quat.html"},{"name":"eul2rotm","type":"function","fcntype":"simple","refpurpose":"오일러 각을 회전 행렬로 변환","href":"ref\/eul2rotm.html"},{"name":"eul2tform","type":"function","fcntype":"simple","refpurpose":"오일러 각을 동차 변환으로 변환","href":"ref\/eul2tform.html"},{"name":"GPS","type":"block","refpurpose":"잡음이 있는 GPS 센서 측정값의 시뮬레이션","href":"ref\/gps.html"},{"name":"gyroparams","type":"function","fcntype":"constructor","refpurpose":"자이로스코프 센서 파라미터","href":"ref\/gyroparams.html"},{"name":"gyroparams","type":"object","refpurpose":"자이로스코프 센서 파라미터","href":"ref\/gyroparams.html"},{"name":"gyroparams.MeasurementRange","type":"property","refpurpose":"최대 센서 측정값(rad\/s)","href":"ref\/gyroparams.html"},{"name":"gyroparams.Resolution","type":"property","refpurpose":"센서 측정값의 분해능((rad\/s)\/LSB)","href":"ref\/gyroparams.html"},{"name":"gyroparams.ConstantBias","type":"property","refpurpose":"상수 센서 오프셋 편향(rad\/s)","href":"ref\/gyroparams.html"},{"name":"gyroparams.AxesMisalignment","type":"property","refpurpose":"센서 축 왜도(%)","href":"ref\/gyroparams.html"},{"name":"gyroparams.NoiseDensity","type":"property","refpurpose":"센서 잡음의 파워 스펙트럼 밀도((rad\/s)\/√Hz)","href":"ref\/gyroparams.html"},{"name":"gyroparams.BiasInstabilityCoefficients","type":"property","refpurpose":"편향 불안정성 잡음 생성을 위한 필터 계수","href":"ref\/gyroparams.html"},{"name":"gyroparams.BiasInstability","type":"property","refpurpose":"편향 오프셋의 불안정성(rad\/s)","href":"ref\/gyroparams.html"},{"name":"gyroparams.RandomWalk","type":"property","refpurpose":"센서의 적분된 백색 잡음((rad\/s)(√Hz))","href":"ref\/gyroparams.html"},{"name":"gyroparams.NoiseType","type":"property","refpurpose":"랜덤 잡음 유형","href":"ref\/gyroparams.html"},{"name":"gyroparams.TemperatureBias","type":"property","refpurpose":"온도에 의한 센서 편향((rad\/s)\/℃)","href":"ref\/gyroparams.html"},{"name":"gyroparams.TemperatureScaleFactor","type":"property","refpurpose":"온도에 의한 스케일링 인자 오차(%\/℃)","href":"ref\/gyroparams.html"},{"name":"gyroparams.AccelerationBias","type":"property","refpurpose":"선형 가속에 의한 센서 편향((rad\/s)\/(m\/s^{2}))","href":"ref\/gyroparams.html"},{"name":"headingFromXY","type":"function","fcntype":"simple","refpurpose":"경로의 XY 점에서 방향각 계산","href":"ref\/headingfromxy.html"},{"name":"hom2cart","type":"function","fcntype":"simple","refpurpose":"동차 좌표를 카테시안 좌표로 변환","href":"ref\/hom2cart.html"},{"name":"insfilter","type":"function","fcntype":"simple","refpurpose":"관성 항법 필터 만들기","href":"ref\/insfilter.html"},{"name":"lidarScan","type":"function","fcntype":"constructor","refpurpose":"2차원 라이다 스캔을 저장하기 위한 객체 생성","href":"ref\/lidarscan.html"},{"name":"lidarScan","type":"object","refpurpose":"2차원 라이다 스캔을 저장하기 위한 객체 생성","href":"ref\/lidarscan.html"},{"name":"lidarScan.Ranges","type":"property","refpurpose":"라이다의 거리 측정값(단위: 미터)","href":"ref\/lidarscan.html"},{"name":"lidarScan.Angles","type":"property","refpurpose":"라이다의 각도 측정값(단위: 라디안)","href":"ref\/lidarscan.html"},{"name":"lidarScan.Cartesian","type":"property","refpurpose":"라이다 측정값의 카테시안 좌표(단위: 미터)","href":"ref\/lidarscan.html"},{"name":"lidarScan.Count","type":"property","refpurpose":"라이다 측정값 개수","href":"ref\/lidarscan.html"},{"name":"lla2enu","type":"function","fcntype":"simple","refpurpose":"측지 좌표를 로컬 동쪽-북쪽-위쪽 좌표로 변환","href":"ref\/lla2enu.html"},{"name":"lla2ned","type":"function","fcntype":"simple","refpurpose":"측지 좌표를 로컬 북쪽-동쪽-아래쪽 좌표로 변환하기","href":"ref\/lla2ned.html"},{"name":"lookangles","type":"function","fcntype":"simple","refpurpose":"수신기와 위성 위치로부터의 위성 지향각","href":"ref\/lookangles.html"},{"name":"magparams","type":"function","fcntype":"constructor","refpurpose":"자력계 센서 파라미터","href":"ref\/magparams.html"},{"name":"magparams","type":"object","refpurpose":"자력계 센서 파라미터","href":"ref\/magparams.html"},{"name":"magparams.MeasurementRange","type":"property","refpurpose":"최대 센서 측정값(μT)","href":"ref\/magparams.html"},{"name":"magparams.Resolution","type":"property","refpurpose":"센서 측정값의 분해능(μT\/LSB)","href":"ref\/magparams.html"},{"name":"magparams.ConstantBias","type":"property","refpurpose":"상수 센서 오프셋 편향(μT)","href":"ref\/magparams.html"},{"name":"magparams.AxesMisalignment","type":"property","refpurpose":"센서 축 왜도(%)","href":"ref\/magparams.html"},{"name":"magparams.NoiseDensity","type":"property","refpurpose":"센서 잡음의 파워 스펙트럼 밀도(μT\/√Hz)","href":"ref\/magparams.html"},{"name":"magparams.BiasInstabilityCoefficients","type":"property","refpurpose":"편향 불안정성 잡음 생성을 위한 필터 계수","href":"ref\/magparams.html"},{"name":"magparams.BiasInstability","type":"property","refpurpose":"편향 오프셋의 불안정성(μT)","href":"ref\/magparams.html"},{"name":"magparams.RandomWalk","type":"property","refpurpose":"센서의 적분된 백색 잡음(μT\/√Hz)","href":"ref\/magparams.html"},{"name":"magparams.NoiseType","type":"property","refpurpose":"랜덤 잡음 유형","href":"ref\/magparams.html"},{"name":"magparams.TemperatureBias","type":"property","refpurpose":"온도에 의한 센서 편향(μT\/℃)","href":"ref\/magparams.html"},{"name":"magparams.TemperatureScaleFactor","type":"property","refpurpose":"온도에 의한 스케일링 인자 오차(%\/℃)","href":"ref\/magparams.html"},{"name":"pose","type":"function","fcntype":"instancemethod","refpurpose":"insfilterMARG에 대한 현재 방향 추정값과 위치 추정값","href":"ref\/marggpsfuser.pose.html"},{"name":"MARGGPSFuser.pose","type":"method","fcntype":"instancemethod","refpurpose":"insfilterMARG에 대한 현재 방향 추정값과 위치 추정값","href":"ref\/marggpsfuser.pose.html"},{"name":"interpolate","type":"function","fcntype":"instancemethod","refpurpose":"경로를 따라 점 보간","href":"ref\/navpath.interpolate.html"},{"name":"navPath.interpolate","type":"method","fcntype":"instancemethod","refpurpose":"경로를 따라 점 보간","href":"ref\/navpath.interpolate.html"},{"name":"pathLength","type":"function","fcntype":"instancemethod","refpurpose":"경로의 길이","href":"ref\/navpath.pathlength.html"},{"name":"navPath.pathLength","type":"method","fcntype":"instancemethod","refpurpose":"경로의 길이","href":"ref\/navpath.pathlength.html"},{"name":"navPath","type":"function","fcntype":"constructor","refpurpose":"계획된 경로","href":"ref\/navpath.html"},{"name":"navPath","type":"object","refpurpose":"계획된 경로","href":"ref\/navpath.html"},{"name":"navPath.StateSpace","type":"property","refpurpose":"경로에 대한 상태공간","href":"ref\/navpath.html"},{"name":"navPath.States","type":"property","refpurpose":"경로의 상태","href":"ref\/navpath.html"},{"name":"navPath.NumStates","type":"property","refpurpose":"경로에 있는 상태 샘플 개수","href":"ref\/navpath.html"},{"name":"navPath.MaxNumStates","type":"property","refpurpose":"경로에 허용되는 최대 상태 개수","href":"ref\/navpath.html"},{"name":"ned2lla","type":"function","fcntype":"simple","refpurpose":"로컬 북쪽-동쪽-아래쪽 좌표를 측지 좌표로 변환","href":"ref\/ned2lla.html"},{"name":"pose","type":"function","fcntype":"instancemethod","refpurpose":"insfilterNonholonomic에 대한 현재 방향 추정값과 위치 추정값","href":"ref\/nhconstrainedimugpsfuser.pose.html"},{"name":"NHConstrainedIMUGPSFuser.pose","type":"method","fcntype":"instancemethod","refpurpose":"insfilterNonholonomic에 대한 현재 방향 추정값과 위치 추정값","href":"ref\/nhconstrainedimugpsfuser.pose.html"},{"name":"grid2local","type":"function","fcntype":"instancemethod","refpurpose":"그리드 인덱스를 로컬 좌표로 변환","href":"ref\/occupancymap.grid2local.html"},{"name":"occupancyMap.grid2local","type":"method","fcntype":"instancemethod","refpurpose":"그리드 인덱스를 로컬 좌표로 변환","href":"ref\/occupancymap.grid2local.html"},{"name":"mapLayer.grid2local","type":"method","fcntype":"instancemethod","refpurpose":"그리드 인덱스를 로컬 좌표로 변환","href":"ref\/occupancymap.grid2local.html"},{"name":"multiLayerMap.grid2local","type":"method","fcntype":"instancemethod","refpurpose":"그리드 인덱스를 로컬 좌표로 변환","href":"ref\/occupancymap.grid2local.html"},{"name":"signedDistanceMap.grid2local","type":"method","fcntype":"instancemethod","refpurpose":"그리드 인덱스를 로컬 좌표로 변환","href":"ref\/occupancymap.grid2local.html"},{"name":"grid2world","type":"function","fcntype":"instancemethod","refpurpose":"그리드 인덱스를 세계 좌표로 변환","href":"ref\/occupancymap.grid2world.html"},{"name":"occupancyMap.grid2world","type":"method","fcntype":"instancemethod","refpurpose":"그리드 인덱스를 세계 좌표로 변환","href":"ref\/occupancymap.grid2world.html"},{"name":"mapLayer.grid2world","type":"method","fcntype":"instancemethod","refpurpose":"그리드 인덱스를 세계 좌표로 변환","href":"ref\/occupancymap.grid2world.html"},{"name":"multiLayerMap.grid2world","type":"method","fcntype":"instancemethod","refpurpose":"그리드 인덱스를 세계 좌표로 변환","href":"ref\/occupancymap.grid2world.html"},{"name":"signedDistanceMap.grid2world","type":"method","fcntype":"instancemethod","refpurpose":"그리드 인덱스를 세계 좌표로 변환","href":"ref\/occupancymap.grid2world.html"},{"name":"occupancyMatrix","type":"function","fcntype":"instancemethod","refpurpose":"점유 맵을 행렬로 변환","href":"ref\/occupancymap.occupancymatrix.html"},{"name":"occupancyMap.occupancyMatrix","type":"method","fcntype":"instancemethod","refpurpose":"점유 맵을 행렬로 변환","href":"ref\/occupancymap.occupancymatrix.html"},{"name":"inflate","type":"function","fcntype":"instancemethod","refpurpose":"각 점유 위치 확장","href":"ref\/occupancymap3d.inflate.html"},{"name":"occupancyMap3D.inflate","type":"method","fcntype":"instancemethod","refpurpose":"각 점유 위치 확장","href":"ref\/occupancymap3d.inflate.html"},{"name":"occupancyMap3D","type":"function","fcntype":"constructor","refpurpose":"3차원 점유 맵 생성","href":"ref\/occupancymap3d.html"},{"name":"occupancyMap3D","type":"object","refpurpose":"3차원 점유 맵 생성","href":"ref\/occupancymap3d.html"},{"name":"occupancyMap3D.Resolution","type":"property","refpurpose":"그리드 해상도","href":"ref\/occupancymap3d.html"},{"name":"occupancyMap3D.FreeThreshold","type":"property","refpurpose":"장애물이 없는 셀로 간주할 임계값","href":"ref\/occupancymap3d.html"},{"name":"occupancyMap3D.OccupiedThreshold","type":"property","refpurpose":"점유된 셀로 간주할 임계값","href":"ref\/occupancymap3d.html"},{"name":"occupancyMap3D.ProbabilitySaturation","type":"property","refpurpose":"확률 값의 포화 한도","href":"ref\/occupancymap3d.html"},{"name":"occupancyMap","type":"function","fcntype":"constructor","refpurpose":"2차원 점유 맵 생성","href":"ref\/occupancymap.html"},{"name":"occupancyMap","type":"object","refpurpose":"2차원 점유 맵 생성","href":"ref\/occupancymap.html"},{"name":"occupancyMap.FreeThreshold","type":"property","refpurpose":"셀에 장애물이 없는 것으로 간주되는 임계값","href":"ref\/occupancymap.html"},{"name":"occupancyMap.OccupiedThreshold","type":"property","refpurpose":"셀이 점유된 것으로 간주되는 임계값","href":"ref\/occupancymap.html"},{"name":"occupancyMap.ProbabilitySaturation","type":"property","refpurpose":"확률의 포화 한도","href":"ref\/occupancymap.html"},{"name":"occupancyMap.GridSize","type":"property","refpurpose":"그리드의 행과 열의 개수","href":"ref\/occupancymap.html"},{"name":"occupancyMap.Resolution","type":"property","refpurpose":"그리드 해상도","href":"ref\/occupancymap.html"},{"name":"occupancyMap.XLocalLimits","type":"property","refpurpose":"로컬 프레임에서 x 좌표의 최솟값과 최댓값","href":"ref\/occupancymap.html"},{"name":"occupancyMap.YLocalLimits","type":"property","refpurpose":"로컬 프레임에서 y 좌표의 최솟값과 최댓값","href":"ref\/occupancymap.html"},{"name":"occupancyMap.XWorldLimits","type":"property","refpurpose":"x 좌표의 세계 범위 최솟값과 최댓값","href":"ref\/occupancymap.html"},{"name":"occupancyMap.YWorldLimits","type":"property","refpurpose":"y 좌표의 세계 범위 최솟값과 최댓값","href":"ref\/occupancymap.html"},{"name":"occupancyMap.GridLocationInWorld","type":"property","refpurpose":"그리드의 [x y] 세계 좌표","href":"ref\/occupancymap.html"},{"name":"occupancyMap.LocalOriginInWorld","type":"property","refpurpose":"세계 좌표에서 로컬 프레임의 위치","href":"ref\/occupancymap.html"},{"name":"occupancyMap.GridOriginInLocal","type":"property","refpurpose":"로컬 좌표에서 그리드의 위치","href":"ref\/occupancymap.html"},{"name":"occupancyMap.DefaultValue","type":"property","refpurpose":"지정되지 않은 맵 위치의 디폴트 값","href":"ref\/occupancymap.html"},{"name":"plannerAStar","type":"function","fcntype":"constructor","refpurpose":"그래프 기반 A* 경로 플래너","href":"ref\/plannerastar.html"},{"name":"plannerAStar","type":"object","refpurpose":"그래프 기반 A* 경로 플래너","href":"ref\/plannerastar.html"},{"name":"plannerAStar.Graph","type":"property","refpurpose":"계획 환경의 Graph 객체","href":"ref\/plannerastar.html"},{"name":"plannerAStar.HeuristicCostFcn","type":"property","refpurpose":"그래프에서의 상태와 목표 사이의 휴리스틱 비용 함수","href":"ref\/plannerastar.html"},{"name":"plannerAStar.TieBreaker","type":"property","refpurpose":"우선 순위 결정 모드 켜기\/끄기","href":"ref\/plannerastar.html"},{"name":"plannerAStarGrid","type":"function","fcntype":"constructor","refpurpose":"그리드 맵의 A* 경로 플래너","href":"ref\/plannerastargrid.html"},{"name":"plannerAStarGrid","type":"object","refpurpose":"그리드 맵의 A* 경로 플래너","href":"ref\/plannerastargrid.html"},{"name":"plannerAStarGrid.Map","type":"property","refpurpose":"맵 표현","href":"ref\/plannerastargrid.html"},{"name":"plannerAStarGrid.GCost","type":"property","refpurpose":"그리드에서 임의의 두 점 사이를 이동하는 일반적인 비용","href":"ref\/plannerastargrid.html"},{"name":"plannerAStarGrid.GCostFcn","type":"property","refpurpose":"사용자 지정 GCost 함수","href":"ref\/plannerastargrid.html"},{"name":"plannerAStarGrid.HCost","type":"property","refpurpose":"그리드의 어느 한 지점부터 목표 지점까지 발견법에 근거하여 구한 비용","href":"ref\/plannerastargrid.html"},{"name":"plannerAStarGrid.HCostFcn","type":"property","refpurpose":"사용자 지정 HCost 함수","href":"ref\/plannerastargrid.html"},{"name":"plannerAStarGrid.TieBreaker","type":"property","refpurpose":"우선 순위 결정(tiebreaker) 모드 켜기\/끄기","href":"ref\/plannerastargrid.html"},{"name":"plannerAStarGrid.DiagonalSearch","type":"property","refpurpose":"대각선 탐색 모드 켜기\/끄기","href":"ref\/plannerastargrid.html"},{"name":"plannerHybridAStar","type":"function","fcntype":"constructor","refpurpose":"Hybrid A* 경로 플래너","href":"ref\/plannerhybridastar.html"},{"name":"plannerHybridAStar","type":"object","refpurpose":"Hybrid A* 경로 플래너","href":"ref\/plannerhybridastar.html"},{"name":"plannerHybridAStar.StateValidator","type":"property","refpurpose":"계획을 위한 상태 유효성 검사기","href":"ref\/plannerhybridastar.html"},{"name":"plannerHybridAStar.MotionPrimitiveLength","type":"property","refpurpose":"생성할 모션 프리미티브의 길이","href":"ref\/plannerhybridastar.html"},{"name":"plannerHybridAStar.MinTurningRadius","type":"property","refpurpose":"이동체의 최소 회전 반경","href":"ref\/plannerhybridastar.html"},{"name":"plannerHybridAStar.NumMotionPrimitives","type":"property","refpurpose":"생성할 모션 프리미티브 개수","href":"ref\/plannerhybridastar.html"},{"name":"plannerHybridAStar.ForwardCost","type":"property","refpurpose":"정방향으로 이동하기 위한 비용 승수","href":"ref\/plannerhybridastar.html"},{"name":"plannerHybridAStar.ReverseCost","type":"property","refpurpose":"역방향으로 이동하기 위한 비용 승수","href":"ref\/plannerhybridastar.html"},{"name":"plannerHybridAStar.DirectionSwitchingCost","type":"property","refpurpose":"모션 방향 전환에 대해 가산되는 비용","href":"ref\/plannerhybridastar.html"},{"name":"plannerHybridAStar.AnalyticExpansionInterval","type":"property","refpurpose":"사용 가능한 최저 비용 노드에서 분석적 확장을 시도하는 간격","href":"ref\/plannerhybridastar.html"},{"name":"plannerHybridAStar.InterpolationDistance","type":"property","refpurpose":"출력 경로에서 보간된 자세 간의 거리","href":"ref\/plannerhybridastar.html"},{"name":"plannerHybridAStar.TransitionCostFcn","type":"property","refpurpose":"천이 비용 함수","href":"ref\/plannerhybridastar.html"},{"name":"plannerHybridAStar.AnalyticalExpansionCostFcn","type":"property","refpurpose":"분석적 확장 비용","href":"ref\/plannerhybridastar.html"},{"name":"plan","type":"function","fcntype":"instancemethod","refpurpose":"두 상태 간의 경로 계획","href":"ref\/plannerrrt.plan.html"},{"name":"plannerRRT.plan","type":"method","fcntype":"instancemethod","refpurpose":"두 상태 간의 경로 계획","href":"ref\/plannerrrt.plan.html"},{"name":"plannerRRTStar.plan","type":"method","fcntype":"instancemethod","refpurpose":"두 상태 간의 경로 계획","href":"ref\/plannerrrt.plan.html"},{"name":"plannerRRT","type":"function","fcntype":"constructor","refpurpose":"기하 계획을 위한 RRT 플래너 생성","href":"ref\/plannerrrt.html"},{"name":"plannerRRT","type":"object","refpurpose":"기하 계획을 위한 RRT 플래너 생성","href":"ref\/plannerrrt.html"},{"name":"plannerRRT.StateSpace","type":"property","refpurpose":"플래너를 위한 상태공간","href":"ref\/plannerrrt.html"},{"name":"plannerRRT.StateValidator","type":"property","refpurpose":"플래너를 위한 상태 유효성 검사기","href":"ref\/plannerrrt.html"},{"name":"plannerRRT.StateSampler","type":"property","refpurpose":"입력 공간 샘플링을 위한 상태공간 샘플러","href":"ref\/plannerrrt.html"},{"name":"plannerRRT.MaxNumTreeNodes","type":"property","refpurpose":"탐색 트리의 최대 노드 개수","href":"ref\/plannerrrt.html"},{"name":"plannerRRT.MaxIterations","type":"property","refpurpose":"최대 반복 횟수","href":"ref\/plannerrrt.html"},{"name":"plannerRRT.MaxConnectionDistance","type":"property","refpurpose":"모션의 최대 길이","href":"ref\/plannerrrt.html"},{"name":"plannerRRT.GoalReachedFcn","type":"property","refpurpose":"목표 도달 여부를 평가하는 콜백 함수","href":"ref\/plannerrrt.html"},{"name":"plannerRRT.GoalBias","type":"property","refpurpose":"상태 샘플링 중 목표 상태를 선택할 확률","href":"ref\/plannerrrt.html"},{"name":"plannerRRTStar","type":"function","fcntype":"constructor","refpurpose":"최적 RRT 경로 플래너(RRT*) 생성","href":"ref\/plannerrrtstar.html"},{"name":"plannerRRTStar","type":"object","refpurpose":"최적 RRT 경로 플래너(RRT*) 생성","href":"ref\/plannerrrtstar.html"},{"name":"plannerRRTStar.StateSpace","type":"property","refpurpose":"플래너를 위한 상태공간","href":"ref\/plannerrrtstar.html"},{"name":"plannerRRTStar.StateValidator","type":"property","refpurpose":"플래너를 위한 상태 유효성 검사기","href":"ref\/plannerrrtstar.html"},{"name":"plannerRRTStar.StateSampler","type":"property","refpurpose":"입력 공간 샘플링을 위한 상태공간 샘플러","href":"ref\/plannerrrtstar.html"},{"name":"plannerRRTStar.BallRadiusConstant","type":"property","refpurpose":"근접 이웃 탐색 반경을 추정하는 데 사용되는 상수","href":"ref\/plannerrrtstar.html"},{"name":"plannerRRTStar.ContinueAfterGoalReached","type":"property","refpurpose":"목표에 도달한 후 최적화 계속","href":"ref\/plannerrrtstar.html"},{"name":"plannerRRTStar.MaxNumTreeNodes","type":"property","refpurpose":"탐색 트리의 최대 노드 개수","href":"ref\/plannerrrtstar.html"},{"name":"plannerRRTStar.MaxIterations","type":"property","refpurpose":"최대 반복 횟수","href":"ref\/plannerrrtstar.html"},{"name":"plannerRRTStar.MaxConnectionDistance","type":"property","refpurpose":"모션의 최대 길이","href":"ref\/plannerrrtstar.html"},{"name":"plannerRRTStar.GoalReachedFcn","type":"property","refpurpose":"목표 도달 여부를 확인하는 콜백 함수","href":"ref\/plannerrrtstar.html"},{"name":"plannerRRTStar.GoalBias","type":"property","refpurpose":"상태 샘플링 중 목표 상태를 선택할 확률","href":"ref\/plannerrrtstar.html"},{"name":"plotTransforms","type":"function","fcntype":"simple","refpurpose":"평행 이동 및 회전을 통한 3차원 변환 플로팅","href":"ref\/plottransforms.html"},{"name":"poseGraph3D","type":"function","fcntype":"constructor","refpurpose":"3차원 자세 그래프 만들기","href":"ref\/posegraph3d.html"},{"name":"poseGraph3D","type":"object","refpurpose":"3차원 자세 그래프 만들기","href":"ref\/posegraph3d.html"},{"name":"poseGraph3D.NumNodes","type":"property","refpurpose":"자세 그래프의 노드 개수","href":"ref\/posegraph3d.html"},{"name":"poseGraph3D.NumEdges","type":"property","refpurpose":"자세 그래프의 간선 개수","href":"ref\/posegraph3d.html"},{"name":"poseGraph3D.NumLoopClosureEdges","type":"property","refpurpose":"루프 폐쇄 개수","href":"ref\/posegraph3d.html"},{"name":"poseGraph3D.LoopClosureEdgeIDs","type":"property","refpurpose":"루프 폐쇄 간선 ID","href":"ref\/posegraph3d.html"},{"name":"poseGraph3D.LandmarkNodeIDs","type":"property","refpurpose":"랜드마크 노드 ID","href":"ref\/posegraph3d.html"},{"name":"poseGraph","type":"function","fcntype":"constructor","refpurpose":"2차원 자세 그래프 만들기","href":"ref\/posegraph.html"},{"name":"poseGraph","type":"object","refpurpose":"2차원 자세 그래프 만들기","href":"ref\/posegraph.html"},{"name":"poseGraph.NumNodes","type":"property","refpurpose":"자세 그래프의 노드 개수","href":"ref\/posegraph.html"},{"name":"poseGraph.NumEdges","type":"property","refpurpose":"자세 그래프의 간선 개수","href":"ref\/posegraph.html"},{"name":"poseGraph.NumLoopClosureEdges","type":"property","refpurpose":"루프 폐쇄 개수","href":"ref\/posegraph.html"},{"name":"poseGraph.LoopClosureEdgeIDs","type":"property","refpurpose":"루프 폐쇄 간선 ID","href":"ref\/posegraph.html"},{"name":"poseGraph.LandmarkNodeIDs","type":"property","refpurpose":"랜드마크 노드 ID","href":"ref\/posegraph.html"},{"name":"poseplot","type":"function","fcntype":"simple","refpurpose":"3차원 자세 플롯","href":"ref\/poseplot.html"},{"name":"pseudoranges","type":"function","fcntype":"simple","refpurpose":"GNSS 수신기와 위성 사이의 의사거리","href":"ref\/pseudoranges.html"},{"name":"Pure Pursuit","type":"block","refpurpose":"선속도 제어 명령과 각속도 제어 명령","href":"ref\/purepursuit.html"},{"name":"quat2axang","type":"function","fcntype":"simple","refpurpose":"쿼터니언을 축-각도 회전으로 변환","href":"ref\/quat2axang.html"},{"name":"quat2eul","type":"function","fcntype":"simple","refpurpose":"쿼터니언을 오일러 각으로 변환","href":"ref\/quat2eul.html"},{"name":"quat2rotm","type":"function","fcntype":"simple","refpurpose":"쿼터니언을 회전 행렬로 변환","href":"ref\/quat2rotm.html"},{"name":"quat2tform","type":"function","fcntype":"simple","refpurpose":"쿼터니언을 동차 변환으로 변환","href":"ref\/quat2tform.html"},{"name":"angvel","type":"function","fcntype":"instancemethod","refpurpose":"쿼터니언 배열의 각속도","href":"ref\/quaternion.angvel.html"},{"name":"quaternion.angvel","type":"method","fcntype":"instancemethod","refpurpose":"쿼터니언 배열의 각속도","href":"ref\/quaternion.angvel.html"},{"name":"classUnderlying","type":"function","fcntype":"instancemethod","refpurpose":"쿼터니언 내 부분의 클래스","href":"ref\/quaternion.classunderlying.html"},{"name":"quaternion.classUnderlying","type":"method","fcntype":"instancemethod","refpurpose":"쿼터니언 내 부분의 클래스","href":"ref\/quaternion.classunderlying.html"},{"name":"간소화","type":"function","fcntype":"instancemethod","refpurpose":"쿼터니언 배열을 N×4 행렬로 변환","href":"ref\/quaternion.compact.html"},{"name":"quaternion.compact","type":"method","fcntype":"instancemethod","refpurpose":"쿼터니언 배열을 N×4 행렬로 변환","href":"ref\/quaternion.compact.html"},{"name":"conj","type":"function","fcntype":"instancemethod","refpurpose":"쿼터니언의 켤레 복소수","href":"ref\/quaternion.conj.html"},{"name":"quaternion.conj","type":"method","fcntype":"instancemethod","refpurpose":"쿼터니언의 켤레 복소수","href":"ref\/quaternion.conj.html"},{"name":"ctranspose","type":"function","fcntype":"instancemethod","refpurpose":"쿼터니언 배열의 켤레 복소수 전치","href":"ref\/quaternion.ctranspose.html"},{"name":"'","type":"function","fcntype":"instancemethod","refpurpose":"쿼터니언 배열의 켤레 복소수 전치","href":"ref\/quaternion.ctranspose.html"},{"name":"quaternion.ctranspose","type":"method","fcntype":"instancemethod","refpurpose":"쿼터니언 배열의 켤레 복소수 전치","href":"ref\/quaternion.ctranspose.html"},{"name":"dist","type":"function","fcntype":"instancemethod","refpurpose":"각거리(단위: 라디안)","href":"ref\/quaternion.dist.html"},{"name":"quaternion.dist","type":"method","fcntype":"instancemethod","refpurpose":"각거리(단위: 라디안)","href":"ref\/quaternion.dist.html"},{"name":"오일러","type":"function","fcntype":"instancemethod","refpurpose":"쿼터니언을 오일러 각(단위: 라디안)으로 변환","href":"ref\/quaternion.euler.html"},{"name":"quaternion.euler","type":"method","fcntype":"instancemethod","refpurpose":"쿼터니언을 오일러 각(단위: 라디안)으로 변환","href":"ref\/quaternion.euler.html"},{"name":"eulerd","type":"function","fcntype":"instancemethod","refpurpose":"쿼터니언을 오일러 각(단위: 도)으로 변환","href":"ref\/quaternion.eulerd.html"},{"name":"quaternion.eulerd","type":"method","fcntype":"instancemethod","refpurpose":"쿼터니언을 오일러 각(단위: 도)으로 변환","href":"ref\/quaternion.eulerd.html"},{"name":"exp","type":"function","fcntype":"instancemethod","refpurpose":"쿼터니언 배열의 지수","href":"ref\/quaternion.exp.html"},{"name":"quaternion.exp","type":"method","fcntype":"instancemethod","refpurpose":"쿼터니언 배열의 지수","href":"ref\/quaternion.exp.html"},{"name":"ldivide","type":"function","fcntype":"instancemethod","refpurpose":"요소별 쿼터니언 왼쪽 나눗셈","href":"ref\/quaternion.ldivide.html"},{"name":".\\","type":"function","fcntype":"instancemethod","refpurpose":"요소별 쿼터니언 왼쪽 나눗셈","href":"ref\/quaternion.ldivide.html"},{"name":"quaternion.ldivide","type":"method","fcntype":"instancemethod","refpurpose":"요소별 쿼터니언 왼쪽 나눗셈","href":"ref\/quaternion.ldivide.html"},{"name":"log","type":"function","fcntype":"instancemethod","refpurpose":"쿼터니언 배열의 자연 로그","href":"ref\/quaternion.log.html"},{"name":"quaternion.log","type":"method","fcntype":"instancemethod","refpurpose":"쿼터니언 배열의 자연 로그","href":"ref\/quaternion.log.html"},{"name":"meanrot","type":"function","fcntype":"instancemethod","refpurpose":"쿼터니언 평균 회전","href":"ref\/quaternion.meanrot.html"},{"name":"quaternion.meanrot","type":"method","fcntype":"instancemethod","refpurpose":"쿼터니언 평균 회전","href":"ref\/quaternion.meanrot.html"},{"name":"minus","type":"function","fcntype":"instancemethod","refpurpose":"쿼터니언 뺄셈","href":"ref\/quaternion.minus.html"},{"name":"-","type":"function","fcntype":"instancemethod","refpurpose":"쿼터니언 뺄셈","href":"ref\/quaternion.minus.html"},{"name":"quaternion.minus","type":"method","fcntype":"instancemethod","refpurpose":"쿼터니언 뺄셈","href":"ref\/quaternion.minus.html"},{"name":"mtimes","type":"function","fcntype":"instancemethod","refpurpose":"쿼터니언 곱셈","href":"ref\/quaternion.mtimes.html"},{"name":"*","type":"function","fcntype":"instancemethod","refpurpose":"쿼터니언 곱셈","href":"ref\/quaternion.mtimes.html"},{"name":"quaternion.mtimes","type":"method","fcntype":"instancemethod","refpurpose":"쿼터니언 곱셈","href":"ref\/quaternion.mtimes.html"},{"name":"노름","type":"function","fcntype":"instancemethod","refpurpose":"쿼터니언 노름","href":"ref\/quaternion.norm.html"},{"name":"quaternion.norm","type":"method","fcntype":"instancemethod","refpurpose":"쿼터니언 노름","href":"ref\/quaternion.norm.html"},{"name":"정규화","type":"function","fcntype":"instancemethod","refpurpose":"쿼터니언 정규화","href":"ref\/quaternion.normalize.html"},{"name":"quaternion.normalize","type":"method","fcntype":"instancemethod","refpurpose":"쿼터니언 정규화","href":"ref\/quaternion.normalize.html"},{"name":"ones","type":"function","fcntype":"instancemethod","refpurpose":"실수부는 1로, 허수부는 0으로 설정된 쿼터니언 배열 생성","href":"ref\/quaternion.ones.html"},{"name":"quaternion.ones","type":"method","fcntype":"instancemethod","refpurpose":"실수부는 1로, 허수부는 0으로 설정된 쿼터니언 배열 생성","href":"ref\/quaternion.ones.html"},{"name":"parts","type":"function","fcntype":"instancemethod","refpurpose":"쿼터니언 부분 추출","href":"ref\/quaternion.parts.html"},{"name":"quaternion.parts","type":"method","fcntype":"instancemethod","refpurpose":"쿼터니언 부분 추출","href":"ref\/quaternion.parts.html"},{"name":"power","type":"function","fcntype":"instancemethod","refpurpose":"요소별 쿼터니언 거듭제곱","href":"ref\/quaternion.power.html"},{"name":".^","type":"function","fcntype":"instancemethod","refpurpose":"요소별 쿼터니언 거듭제곱","href":"ref\/quaternion.power.html"},{"name":"quaternion.power","type":"method","fcntype":"instancemethod","refpurpose":"요소별 쿼터니언 거듭제곱","href":"ref\/quaternion.power.html"},{"name":"prod","type":"function","fcntype":"instancemethod","refpurpose":"쿼터니언 배열의 곱셈","href":"ref\/quaternion.prod.html"},{"name":"quaternion.prod","type":"method","fcntype":"instancemethod","refpurpose":"쿼터니언 배열의 곱셈","href":"ref\/quaternion.prod.html"},{"name":"randrot","type":"function","fcntype":"instancemethod","refpurpose":"균등분포를 따르는 무작위 회전","href":"ref\/quaternion.randrot.html"},{"name":"quaternion.randrot","type":"method","fcntype":"instancemethod","refpurpose":"균등분포를 따르는 무작위 회전","href":"ref\/quaternion.randrot.html"},{"name":"rdivide","type":"function","fcntype":"instancemethod","refpurpose":"요소별 쿼터니언 오른쪽 나눗셈","href":"ref\/quaternion.rdivide.html"},{"name":".\/","type":"function","fcntype":"instancemethod","refpurpose":"요소별 쿼터니언 오른쪽 나눗셈","href":"ref\/quaternion.rdivide.html"},{"name":"quaternion.rdivide","type":"method","fcntype":"instancemethod","refpurpose":"요소별 쿼터니언 오른쪽 나눗셈","href":"ref\/quaternion.rdivide.html"},{"name":"rotateframe","type":"function","fcntype":"instancemethod","refpurpose":"쿼터니언 프레임 회전","href":"ref\/quaternion.rotateframe.html"},{"name":"quaternion.rotateframe","type":"method","fcntype":"instancemethod","refpurpose":"쿼터니언 프레임 회전","href":"ref\/quaternion.rotateframe.html"},{"name":"rotatepoint","type":"function","fcntype":"instancemethod","refpurpose":"쿼터니언 점 회전","href":"ref\/quaternion.rotatepoint.html"},{"name":"quaternion.rotatepoint","type":"method","fcntype":"instancemethod","refpurpose":"쿼터니언 점 회전","href":"ref\/quaternion.rotatepoint.html"},{"name":"rotmat","type":"function","fcntype":"instancemethod","refpurpose":"쿼터니언을 회전 행렬로 변환","href":"ref\/quaternion.rotmat.html"},{"name":"quaternion.rotmat","type":"method","fcntype":"instancemethod","refpurpose":"쿼터니언을 회전 행렬로 변환","href":"ref\/quaternion.rotmat.html"},{"name":"rotvec","type":"function","fcntype":"instancemethod","refpurpose":"쿼터니언을 회전 벡터(단위: 라디안)로 변환","href":"ref\/quaternion.rotvec.html"},{"name":"quaternion.rotvec","type":"method","fcntype":"instancemethod","refpurpose":"쿼터니언을 회전 벡터(단위: 라디안)로 변환","href":"ref\/quaternion.rotvec.html"},{"name":"rotvecd","type":"function","fcntype":"instancemethod","refpurpose":"쿼터니언을 회전 벡터(단위: 도)로 변환","href":"ref\/quaternion.rotvecd.html"},{"name":"quaternion.rotvecd","type":"method","fcntype":"instancemethod","refpurpose":"쿼터니언을 회전 벡터(단위: 도)로 변환","href":"ref\/quaternion.rotvecd.html"},{"name":"slerp","type":"function","fcntype":"instancemethod","refpurpose":"구면 선형 보간","href":"ref\/quaternion.slerp.html"},{"name":"quaternion.slerp","type":"method","fcntype":"instancemethod","refpurpose":"구면 선형 보간","href":"ref\/quaternion.slerp.html"},{"name":"times","type":"function","fcntype":"instancemethod","refpurpose":"요소별 쿼터니언 곱셈","href":"ref\/quaternion.times.html"},{"name":".*","type":"function","fcntype":"instancemethod","refpurpose":"요소별 쿼터니언 곱셈","href":"ref\/quaternion.times.html"},{"name":"quaternion.times","type":"method","fcntype":"instancemethod","refpurpose":"요소별 쿼터니언 곱셈","href":"ref\/quaternion.times.html"},{"name":"transpose","type":"function","fcntype":"instancemethod","refpurpose":"쿼터니언 배열 전치","href":"ref\/quaternion.transpose.html"},{"name":".'","type":"function","fcntype":"instancemethod","refpurpose":"쿼터니언 배열 전치","href":"ref\/quaternion.transpose.html"},{"name":"quaternion.transpose","type":"method","fcntype":"instancemethod","refpurpose":"쿼터니언 배열 전치","href":"ref\/quaternion.transpose.html"},{"name":"uminus","type":"function","fcntype":"instancemethod","refpurpose":"쿼터니언 단항 마이너스","href":"ref\/quaternion.uminus.html"},{"name":"-","type":"function","fcntype":"instancemethod","refpurpose":"쿼터니언 단항 마이너스","href":"ref\/quaternion.uminus.html"},{"name":"quaternion.uminus","type":"method","fcntype":"instancemethod","refpurpose":"쿼터니언 단항 마이너스","href":"ref\/quaternion.uminus.html"},{"name":"0","type":"function","fcntype":"instancemethod","refpurpose":"모든 부분이 0으로 설정된 쿼터니언 배열 생성","href":"ref\/quaternion.zeros.html"},{"name":"quaternion.zeros","type":"method","fcntype":"instancemethod","refpurpose":"모든 부분이 0으로 설정된 쿼터니언 배열 생성","href":"ref\/quaternion.zeros.html"},{"name":"quaternion","type":"function","fcntype":"constructor","refpurpose":"쿼터니언 배열 생성","href":"ref\/quaternion.html"},{"name":"quaternion","type":"object","refpurpose":"쿼터니언 배열 생성","href":"ref\/quaternion.html"},{"name":"receiverposition","type":"function","fcntype":"simple","refpurpose":"GNSS 수신기 위치와 속도 추정","href":"ref\/receiverposition.html"},{"name":"reedsSheppConnection","type":"function","fcntype":"constructor","refpurpose":"Reeds-Shepp 경로 연결 유형","href":"ref\/reedssheppconnection.html"},{"name":"reedsSheppConnection","type":"object","refpurpose":"Reeds-Shepp 경로 연결 유형","href":"ref\/reedssheppconnection.html"},{"name":"reedsSheppConnection.MinTurningRadius","type":"property","refpurpose":"최소 회전 반경","href":"ref\/reedssheppconnection.html"},{"name":"reedsSheppConnection.DisabledPathTypes","type":"property","refpurpose":"허용하지 않을 경로 유형","href":"ref\/reedssheppconnection.html"},{"name":"reedsSheppConnection.AllPathTypes","type":"property","refpurpose":"사용 가능한 모든 경로 유형","href":"ref\/reedssheppconnection.html"},{"name":"reedsSheppConnection.ForwardCost","type":"property","refpurpose":"정방향으로 이동하기 위한 비용 승수","href":"ref\/reedssheppconnection.html"},{"name":"reedsSheppConnection.ReverseCost","type":"property","refpurpose":"역방향으로 이동하기 위한 비용 승수","href":"ref\/reedssheppconnection.html"},{"name":"changeInCurvature","type":"function","fcntype":"instancemethod","refpurpose":"호 길이에서 곡률 변화 반환","href":"ref\/referencepathfrenet.changeincurvature.html"},{"name":"referencePathFrenet.changeInCurvature","type":"method","fcntype":"instancemethod","refpurpose":"호 길이에서 곡률 변화 반환","href":"ref\/referencepathfrenet.changeincurvature.html"},{"name":"curvature","type":"function","fcntype":"instancemethod","refpurpose":"호 길이에서 곡률 반환","href":"ref\/referencepathfrenet.curvature.html"},{"name":"referencePathFrenet.curvature","type":"method","fcntype":"instancemethod","refpurpose":"호 길이에서 곡률 반환","href":"ref\/referencepathfrenet.curvature.html"},{"name":"position","type":"function","fcntype":"instancemethod","refpurpose":"호 길이에서 xy 위치 반환","href":"ref\/referencepathfrenet.position.html"},{"name":"referencePathFrenet.position","type":"method","fcntype":"instancemethod","refpurpose":"호 길이에서 xy 위치 반환","href":"ref\/referencepathfrenet.position.html"},{"name":"tangentAngle","type":"function","fcntype":"instancemethod","refpurpose":"호 길이에서 탄젠트 각도 반환","href":"ref\/referencepathfrenet.tangentangle.html"},{"name":"referencePathFrenet.tangentAngle","type":"method","fcntype":"instancemethod","refpurpose":"호 길이에서 탄젠트 각도 반환","href":"ref\/referencepathfrenet.tangentangle.html"},{"name":"referencePathFrenet","type":"function","fcntype":"constructor","refpurpose":"웨이포인트에 피팅된 평활한 기준 경로","href":"ref\/referencepathfrenet.html"},{"name":"referencePathFrenet","type":"object","refpurpose":"웨이포인트에 피팅된 평활한 기준 경로","href":"ref\/referencepathfrenet.html"},{"name":"referencePathFrenet.Waypoints","type":"property","refpurpose":"경로를 따라 미리 샘플링된 점","href":"ref\/referencepathfrenet.html"},{"name":"referencePathFrenet.PathLength","type":"property","refpurpose":"경로를 따른 호 길이의 총계","href":"ref\/referencepathfrenet.html"},{"name":"referencePathFrenet.SegmentParameters","type":"property","refpurpose":"세그먼트 시작 시 클로소이드 파라미터","href":"ref\/referencepathfrenet.html"},{"name":"referencePathFrenet.DiscretizationDistance","type":"property","refpurpose":"보간된 경로 점 사이의 호 길이","href":"ref\/referencepathfrenet.html"},{"name":"referencePathFrenet.MaxNumWaypoints","type":"property","refpurpose":"경로에 허용되는 최대 웨이포인트 개수","href":"ref\/referencepathfrenet.html"},{"name":"rotm2axang","type":"function","fcntype":"simple","refpurpose":"회전 행렬을 축-각도 회전으로 변환","href":"ref\/rotm2axang.html"},{"name":"rotm2eul","type":"function","fcntype":"simple","refpurpose":"회전 행렬을 오일러 각으로 변환","href":"ref\/rotm2eul.html"},{"name":"rotm2quat","type":"function","fcntype":"simple","refpurpose":"회전 행렬을 쿼터니언으로 변환","href":"ref\/rotm2quat.html"},{"name":"rotm2tform","type":"function","fcntype":"simple","refpurpose":"회전 행렬을 동차 변환으로 변환","href":"ref\/rotm2tform.html"},{"name":"dist","type":"function","fcntype":"instancemethod","refpurpose":"두 변환 간의 거리 계산","href":"ref\/se2.dist.html"},{"name":"se2.dist","type":"method","fcntype":"instancemethod","refpurpose":"두 변환 간의 거리 계산","href":"ref\/se2.dist.html"},{"name":"se3.dist","type":"method","fcntype":"instancemethod","refpurpose":"두 변환 간의 거리 계산","href":"ref\/se2.dist.html"},{"name":"so2.dist","type":"method","fcntype":"instancemethod","refpurpose":"두 변환 간의 거리 계산","href":"ref\/se2.dist.html"},{"name":"so3.dist","type":"method","fcntype":"instancemethod","refpurpose":"두 변환 간의 거리 계산","href":"ref\/se2.dist.html"},{"name":"interp","type":"function","fcntype":"instancemethod","refpurpose":"변환 사이의 보간","href":"ref\/se2.interp.html"},{"name":"se2.interp","type":"method","fcntype":"instancemethod","refpurpose":"변환 사이의 보간","href":"ref\/se2.interp.html"},{"name":"se3.interp","type":"method","fcntype":"instancemethod","refpurpose":"변환 사이의 보간","href":"ref\/se2.interp.html"},{"name":"so2.interp","type":"method","fcntype":"instancemethod","refpurpose":"변환 사이의 보간","href":"ref\/se2.interp.html"},{"name":"so3.interp","type":"method","fcntype":"instancemethod","refpurpose":"변환 사이의 보간","href":"ref\/se2.interp.html"},{"name":"mrdivide","type":"function","fcntype":"instancemethod","refpurpose":"변환 또는 회전의 오른쪽 나눗셈","href":"ref\/se2.mrdivide.html"},{"name":"\/","type":"function","fcntype":"instancemethod","refpurpose":"변환 또는 회전의 오른쪽 나눗셈","href":"ref\/se2.mrdivide.html"},{"name":"se2.mrdivide","type":"method","fcntype":"instancemethod","refpurpose":"변환 또는 회전의 오른쪽 나눗셈","href":"ref\/se2.mrdivide.html"},{"name":"se3.mrdivide","type":"method","fcntype":"instancemethod","refpurpose":"변환 또는 회전의 오른쪽 나눗셈","href":"ref\/se2.mrdivide.html"},{"name":"so2.mrdivide","type":"method","fcntype":"instancemethod","refpurpose":"변환 또는 회전의 오른쪽 나눗셈","href":"ref\/se2.mrdivide.html"},{"name":"so3.mrdivide","type":"method","fcntype":"instancemethod","refpurpose":"변환 또는 회전의 오른쪽 나눗셈","href":"ref\/se2.mrdivide.html"},{"name":"mtimes","type":"function","fcntype":"instancemethod","refpurpose":"변환 또는 회전의 곱셈","href":"ref\/se2.mtimes.html"},{"name":"*","type":"function","fcntype":"instancemethod","refpurpose":"변환 또는 회전의 곱셈","href":"ref\/se2.mtimes.html"},{"name":"se2.mtimes","type":"method","fcntype":"instancemethod","refpurpose":"변환 또는 회전의 곱셈","href":"ref\/se2.mtimes.html"},{"name":"se3.mtimes","type":"method","fcntype":"instancemethod","refpurpose":"변환 또는 회전의 곱셈","href":"ref\/se2.mtimes.html"},{"name":"so2.mtimes","type":"method","fcntype":"instancemethod","refpurpose":"변환 또는 회전의 곱셈","href":"ref\/se2.mtimes.html"},{"name":"so3.mtimes","type":"method","fcntype":"instancemethod","refpurpose":"변환 또는 회전의 곱셈","href":"ref\/se2.mtimes.html"},{"name":"normalize","type":"function","fcntype":"instancemethod","refpurpose":"변환 또는 회전 행렬의 정규화","href":"ref\/se2.normalize.html"},{"name":"se2.normalize","type":"method","fcntype":"instancemethod","refpurpose":"변환 또는 회전 행렬의 정규화","href":"ref\/se2.normalize.html"},{"name":"se3.normalize","type":"method","fcntype":"instancemethod","refpurpose":"변환 또는 회전 행렬의 정규화","href":"ref\/se2.normalize.html"},{"name":"so2.normalize","type":"method","fcntype":"instancemethod","refpurpose":"변환 또는 회전 행렬의 정규화","href":"ref\/se2.normalize.html"},{"name":"so3.normalize","type":"method","fcntype":"instancemethod","refpurpose":"변환 또는 회전 행렬의 정규화","href":"ref\/se2.normalize.html"},{"name":"rdivide","type":"function","fcntype":"instancemethod","refpurpose":"변환 또는 회전의 요소별 오른쪽 나눗셈","href":"ref\/se2.rdivide.html"},{"name":".\/","type":"function","fcntype":"instancemethod","refpurpose":"변환 또는 회전의 요소별 오른쪽 나눗셈","href":"ref\/se2.rdivide.html"},{"name":"se2.rdivide","type":"method","fcntype":"instancemethod","refpurpose":"변환 또는 회전의 요소별 오른쪽 나눗셈","href":"ref\/se2.rdivide.html"},{"name":"se3.rdivide","type":"method","fcntype":"instancemethod","refpurpose":"변환 또는 회전의 요소별 오른쪽 나눗셈","href":"ref\/se2.rdivide.html"},{"name":"so2.rdivide","type":"method","fcntype":"instancemethod","refpurpose":"변환 또는 회전의 요소별 오른쪽 나눗셈","href":"ref\/se2.rdivide.html"},{"name":"so3.rdivide","type":"method","fcntype":"instancemethod","refpurpose":"변환 또는 회전의 요소별 오른쪽 나눗셈","href":"ref\/se2.rdivide.html"},{"name":"rotm","type":"function","fcntype":"instancemethod","refpurpose":"회전 행렬 추출","href":"ref\/se2.rotm.html"},{"name":"se2.rotm","type":"method","fcntype":"instancemethod","refpurpose":"회전 행렬 추출","href":"ref\/se2.rotm.html"},{"name":"se3.rotm","type":"method","fcntype":"instancemethod","refpurpose":"회전 행렬 추출","href":"ref\/se2.rotm.html"},{"name":"so2.rotm","type":"method","fcntype":"instancemethod","refpurpose":"회전 행렬 추출","href":"ref\/se2.rotm.html"},{"name":"so3.rotm","type":"method","fcntype":"instancemethod","refpurpose":"회전 행렬 추출","href":"ref\/se2.rotm.html"},{"name":"tform","type":"function","fcntype":"instancemethod","refpurpose":"동차 변환 추출","href":"ref\/se2.tform.html"},{"name":"se2.tform","type":"method","fcntype":"instancemethod","refpurpose":"동차 변환 추출","href":"ref\/se2.tform.html"},{"name":"se3.tform","type":"method","fcntype":"instancemethod","refpurpose":"동차 변환 추출","href":"ref\/se2.tform.html"},{"name":"theta","type":"function","fcntype":"instancemethod","refpurpose":"변환 또는 회전을 2차원 회전각으로 변환","href":"ref\/se2.theta.html"},{"name":"se2.theta","type":"method","fcntype":"instancemethod","refpurpose":"변환 또는 회전을 2차원 회전각으로 변환","href":"ref\/se2.theta.html"},{"name":"so2.theta","type":"method","fcntype":"instancemethod","refpurpose":"변환 또는 회전을 2차원 회전각으로 변환","href":"ref\/se2.theta.html"},{"name":"times","type":"function","fcntype":"instancemethod","refpurpose":"변환 또는 회전의 요소별 곱셈","href":"ref\/se2.times.html"},{"name":".*","type":"function","fcntype":"instancemethod","refpurpose":"변환 또는 회전의 요소별 곱셈","href":"ref\/se2.times.html"},{"name":"se2.times","type":"method","fcntype":"instancemethod","refpurpose":"변환 또는 회전의 요소별 곱셈","href":"ref\/se2.times.html"},{"name":"se3.times","type":"method","fcntype":"instancemethod","refpurpose":"변환 또는 회전의 요소별 곱셈","href":"ref\/se2.times.html"},{"name":"so2.times","type":"method","fcntype":"instancemethod","refpurpose":"변환 또는 회전의 요소별 곱셈","href":"ref\/se2.times.html"},{"name":"so3.times","type":"method","fcntype":"instancemethod","refpurpose":"변환 또는 회전의 요소별 곱셈","href":"ref\/se2.times.html"},{"name":"transform","type":"function","fcntype":"instancemethod","refpurpose":"점에 강체 변환 적용","href":"ref\/se2.transform.html"},{"name":"se2.transform","type":"method","fcntype":"instancemethod","refpurpose":"점에 강체 변환 적용","href":"ref\/se2.transform.html"},{"name":"se3.transform","type":"method","fcntype":"instancemethod","refpurpose":"점에 강체 변환 적용","href":"ref\/se2.transform.html"},{"name":"so2.transform","type":"method","fcntype":"instancemethod","refpurpose":"점에 강체 변환 적용","href":"ref\/se2.transform.html"},{"name":"so3.transform","type":"method","fcntype":"instancemethod","refpurpose":"점에 강체 변환 적용","href":"ref\/se2.transform.html"},{"name":"trvec","type":"function","fcntype":"instancemethod","refpurpose":"평행 이동 벡터 추출","href":"ref\/se2.trvec.html"},{"name":"se2.trvec","type":"method","fcntype":"instancemethod","refpurpose":"평행 이동 벡터 추출","href":"ref\/se2.trvec.html"},{"name":"se3.trvec","type":"method","fcntype":"instancemethod","refpurpose":"평행 이동 벡터 추출","href":"ref\/se2.trvec.html"},{"name":"xytheta","type":"function","fcntype":"instancemethod","refpurpose":"변환 또는 회전을 간소한 2차원 자세 표현으로 변환","href":"ref\/se2.xytheta.html"},{"name":"se2.xytheta","type":"method","fcntype":"instancemethod","refpurpose":"변환 또는 회전을 간소한 2차원 자세 표현으로 변환","href":"ref\/se2.xytheta.html"},{"name":"so2.xytheta","type":"method","fcntype":"instancemethod","refpurpose":"변환 또는 회전을 간소한 2차원 자세 표현으로 변환","href":"ref\/se2.xytheta.html"},{"name":"se2","type":"function","fcntype":"constructor","refpurpose":"SE(2) 동차 변환","href":"ref\/se2.html"},{"name":"se2","type":"object","refpurpose":"SE(2) 동차 변환","href":"ref\/se2.html"},{"name":"axang","type":"function","fcntype":"instancemethod","refpurpose":"변환 또는 회전을 축-각도 회전으로 변환","href":"ref\/se3.axang.html"},{"name":"se3.axang","type":"method","fcntype":"instancemethod","refpurpose":"변환 또는 회전을 축-각도 회전으로 변환","href":"ref\/se3.axang.html"},{"name":"so3.axang","type":"method","fcntype":"instancemethod","refpurpose":"변환 또는 회전을 축-각도 회전으로 변환","href":"ref\/se3.axang.html"},{"name":"eul","type":"function","fcntype":"instancemethod","refpurpose":"변환 또는 회전을 오일러 각으로 변환","href":"ref\/se3.eul.html"},{"name":"se3.eul","type":"method","fcntype":"instancemethod","refpurpose":"변환 또는 회전을 오일러 각으로 변환","href":"ref\/se3.eul.html"},{"name":"so3.eul","type":"method","fcntype":"instancemethod","refpurpose":"변환 또는 회전을 오일러 각으로 변환","href":"ref\/se3.eul.html"},{"name":"quat","type":"function","fcntype":"instancemethod","refpurpose":"변환 또는 회전을 숫자형 쿼터니언으로 변환","href":"ref\/se3.quat.html"},{"name":"se3.quat","type":"method","fcntype":"instancemethod","refpurpose":"변환 또는 회전을 숫자형 쿼터니언으로 변환","href":"ref\/se3.quat.html"},{"name":"so3.quat","type":"method","fcntype":"instancemethod","refpurpose":"변환 또는 회전을 숫자형 쿼터니언으로 변환","href":"ref\/se3.quat.html"},{"name":"xyzquat","type":"function","fcntype":"instancemethod","refpurpose":"변환 또는 회전을 간소한 3차원 자세 표현으로 변환","href":"ref\/se3.xyzquat.html"},{"name":"se3.xyzquat","type":"method","fcntype":"instancemethod","refpurpose":"변환 또는 회전을 간소한 3차원 자세 표현으로 변환","href":"ref\/se3.xyzquat.html"},{"name":"so3.xyzquat","type":"method","fcntype":"instancemethod","refpurpose":"변환 또는 회전을 간소한 3차원 자세 표현으로 변환","href":"ref\/se3.xyzquat.html"},{"name":"se3","type":"function","fcntype":"constructor","refpurpose":"SE(3) 동차 변환","href":"ref\/se3.html"},{"name":"se3","type":"object","refpurpose":"SE(3) 동차 변환","href":"ref\/se3.html"},{"name":"skyplot","type":"function","fcntype":"simple","refpurpose":"위성 방위각 및 고도 데이터 플로팅","href":"ref\/skyplot.html"},{"name":"SLAM Map Builder","type":"app","refpurpose":"라이다 기반 SLAM을 사용하여 2차원 그리드 맵 작성","href":"ref\/slammapbuilder-app.html"},{"name":"slamMapBuilder","type":"function","fcntype":"applauncher","refpurpose":"라이다 기반 SLAM을 사용하여 2차원 그리드 맵 작성","href":"ref\/slammapbuilder-app.html"},{"name":"so2","type":"function","fcntype":"constructor","refpurpose":"SO(2) 회전","href":"ref\/so2.html"},{"name":"so2","type":"object","refpurpose":"SO(2) 회전","href":"ref\/so2.html"},{"name":"so3","type":"function","fcntype":"constructor","refpurpose":"SO(3) 회전","href":"ref\/so3.html"},{"name":"so3","type":"object","refpurpose":"SO(3) 회전","href":"ref\/so3.html"},{"name":"stateSpaceDubins","type":"function","fcntype":"constructor","refpurpose":"Dubins 이동체를 위한 상태공간","href":"ref\/statespacedubins.html"},{"name":"stateSpaceDubins","type":"object","refpurpose":"Dubins 이동체를 위한 상태공간","href":"ref\/statespacedubins.html"},{"name":"stateSpaceDubins.Name","type":"property","refpurpose":"상태공간의 이름","href":"ref\/statespacedubins.html"},{"name":"stateSpaceDubins.NumStateVariables","type":"property","refpurpose":"상태공간의 차원","href":"ref\/statespacedubins.html"},{"name":"stateSpaceDubins.StateBounds","type":"property","refpurpose":"상태 변수의 범위","href":"ref\/statespacedubins.html"},{"name":"stateSpaceDubins.MinTurningRadius","type":"property","refpurpose":"최소 회전 반경","href":"ref\/statespacedubins.html"},{"name":"stateSpaceReedsShepp","type":"function","fcntype":"constructor","refpurpose":"Reeds-Shepp 이동체를 위한 상태공간","href":"ref\/statespacereedsshepp.html"},{"name":"stateSpaceReedsShepp","type":"object","refpurpose":"Reeds-Shepp 이동체를 위한 상태공간","href":"ref\/statespacereedsshepp.html"},{"name":"stateSpaceReedsShepp.Name","type":"property","refpurpose":"상태공간의 이름","href":"ref\/statespacereedsshepp.html"},{"name":"stateSpaceReedsShepp.NumStateVariables","type":"property","refpurpose":"상태공간의 차원","href":"ref\/statespacereedsshepp.html"},{"name":"stateSpaceReedsShepp.StateBounds","type":"property","refpurpose":"상태 변수의 범위","href":"ref\/statespacereedsshepp.html"},{"name":"stateSpaceReedsShepp.MinTurningRadius","type":"property","refpurpose":"최소 회전 반경","href":"ref\/statespacereedsshepp.html"},{"name":"stateSpaceReedsShepp.ForwardCost","type":"property","refpurpose":"정방향 모션에 대한 비용 승수","href":"ref\/statespacereedsshepp.html"},{"name":"stateSpaceReedsShepp.ReverseCost","type":"property","refpurpose":"역방향 모션에 대한 비용 승수","href":"ref\/statespacereedsshepp.html"},{"name":"distance","type":"function","fcntype":"instancemethod","refpurpose":"두 상태 간의 거리","href":"ref\/statespacese2.distance.html"},{"name":"stateSpaceSE2.distance","type":"method","fcntype":"instancemethod","refpurpose":"두 상태 간의 거리","href":"ref\/statespacese2.distance.html"},{"name":"stateSpaceSE3.distance","type":"method","fcntype":"instancemethod","refpurpose":"두 상태 간의 거리","href":"ref\/statespacese2.distance.html"},{"name":"stateSpaceDubins.distance","type":"method","fcntype":"instancemethod","refpurpose":"두 상태 간의 거리","href":"ref\/statespacese2.distance.html"},{"name":"stateSpaceReedsShepp.distance","type":"method","fcntype":"instancemethod","refpurpose":"두 상태 간의 거리","href":"ref\/statespacese2.distance.html"},{"name":"interpolate","type":"function","fcntype":"instancemethod","refpurpose":"상태 사이의 보간","href":"ref\/statespacese2.interpolate.html"},{"name":"stateSpaceSE2.interpolate","type":"method","fcntype":"instancemethod","refpurpose":"상태 사이의 보간","href":"ref\/statespacese2.interpolate.html"},{"name":"stateSpaceSE3.interpolate","type":"method","fcntype":"instancemethod","refpurpose":"상태 사이의 보간","href":"ref\/statespacese2.interpolate.html"},{"name":"stateSpaceDubins.interpolate","type":"method","fcntype":"instancemethod","refpurpose":"상태 사이의 보간","href":"ref\/statespacese2.interpolate.html"},{"name":"stateSpaceReedsShepp.interpolate","type":"method","fcntype":"instancemethod","refpurpose":"상태 사이의 보간","href":"ref\/statespacese2.interpolate.html"},{"name":"stateSpaceSE2","type":"function","fcntype":"constructor","refpurpose":"SE(2) 상태공간","href":"ref\/statespacese2.html"},{"name":"stateSpaceSE2","type":"object","refpurpose":"SE(2) 상태공간","href":"ref\/statespacese2.html"},{"name":"stateSpaceSE2.Name","type":"property","refpurpose":"상태공간의 이름","href":"ref\/statespacese2.html"},{"name":"stateSpaceSE2.NumStateVariables","type":"property","refpurpose":"상태공간의 차원","href":"ref\/statespacese2.html"},{"name":"stateSpaceSE2.StateBounds","type":"property","refpurpose":"상태 변수의 범위","href":"ref\/statespacese2.html"},{"name":"stateSpaceSE2.WeightXY","type":"property","refpurpose":"x와 y의 거리 계산에 적용되는 가중치","href":"ref\/statespacese2.html"},{"name":"stateSpaceSE2.WeightTheta","type":"property","refpurpose":"세타(theta) 거리 계산에 적용되는 가중치","href":"ref\/statespacese2.html"},{"name":"robotics.Rate.statistics","type":"method","fcntype":"instancemethod","refpurpose":"과거 실행 기간의 통계량","href":"ref\/statistics.html"},{"name":"tform2axang","type":"function","fcntype":"simple","refpurpose":"동차 변환을 축-각도 회전으로 변환","href":"ref\/tform2axang.html"},{"name":"tform2eul","type":"function","fcntype":"simple","refpurpose":"동차 변환에서 오일러 각 추출","href":"ref\/tform2eul.html"},{"name":"tform2quat","type":"function","fcntype":"simple","refpurpose":"동차 변환에서 쿼터니언 추출","href":"ref\/tform2quat.html"},{"name":"tform2rotm","type":"function","fcntype":"simple","refpurpose":"동차 변환에서 회전 행렬 추출","href":"ref\/tform2rotm.html"},{"name":"tform2trvec","type":"function","fcntype":"simple","refpurpose":"동차 변환에서 평행 이동 벡터 추출","href":"ref\/tform2trvec.html"},{"name":"tilt","type":"function","fcntype":"simple","refpurpose":"기울기 각도","href":"ref\/tilt.html"},{"name":"trajectoryGeneratorFrenet","type":"function","fcntype":"constructor","refpurpose":"기준 경로를 따르는 대안 궤적 찾기","href":"ref\/trajectorygeneratorfrenet.html"},{"name":"trajectoryGeneratorFrenet","type":"object","refpurpose":"기준 경로를 따르는 대안 궤적 찾기","href":"ref\/trajectorygeneratorfrenet.html"},{"name":"trajectoryGeneratorFrenet.TimeResolution","type":"property","refpurpose":"샘플링된 Frenet 상태 간의 이산화 시간 간격","href":"ref\/trajectorygeneratorfrenet.html"},{"name":"trajectoryGeneratorFrenet.ReferencePath","type":"property","refpurpose":"Frenet 좌표의 기준 경로","href":"ref\/trajectorygeneratorfrenet.html"},{"name":"copy","type":"function","fcntype":"instancemethod","refpurpose":"객체의 깊은 복사본 생성","href":"ref\/trajectoryoptimalfrenet.copy.html"},{"name":"trajectoryOptimalFrenet.copy","type":"method","fcntype":"instancemethod","refpurpose":"객체의 깊은 복사본 생성","href":"ref\/trajectoryoptimalfrenet.copy.html"},{"name":"trvec2tform","type":"function","fcntype":"simple","refpurpose":"평행 이동 벡터를 동차 변환으로 변환","href":"ref\/trvec2tform.html"},{"name":"validatorOccupancyMap","type":"function","fcntype":"constructor","refpurpose":"2차원 그리드 맵 기반의 상태 유효성 검사기","href":"ref\/validatoroccupancymap.html"},{"name":"validatorOccupancyMap","type":"object","refpurpose":"2차원 그리드 맵 기반의 상태 유효성 검사기","href":"ref\/validatoroccupancymap.html"},{"name":"validatorOccupancyMap.StateSpace","type":"property","refpurpose":"상태 유효성 검사를 위한 상태공간","href":"ref\/validatoroccupancymap.html"},{"name":"validatorOccupancyMap.Map","type":"property","refpurpose":"상태 유효성 검사에 사용되는 맵","href":"ref\/validatoroccupancymap.html"},{"name":"validatorOccupancyMap.ValidationDistance","type":"property","refpurpose":"상태 유효성 검사 간격","href":"ref\/validatoroccupancymap.html"},{"name":"validatorOccupancyMap.XYIndices","type":"property","refpurpose":"xy 좌표에 대한 상태 변수 매핑","href":"ref\/validatoroccupancymap.html"},{"name":"validatorVehicleCostmap","type":"function","fcntype":"constructor","refpurpose":"2차원 비용맵 기반의 상태 유효성 검사기","href":"ref\/validatorvehiclecostmap.html"},{"name":"validatorVehicleCostmap","type":"object","refpurpose":"2차원 비용맵 기반의 상태 유효성 검사기","href":"ref\/validatorvehiclecostmap.html"},{"name":"validatorVehicleCostmap.StateSpace","type":"property","refpurpose":"상태 유효성 검사를 위한 상태공간","href":"ref\/validatorvehiclecostmap.html"},{"name":"validatorVehicleCostmap.Map","type":"property","refpurpose":"상태 유효성 검사에 사용되는 맵","href":"ref\/validatorvehiclecostmap.html"},{"name":"validatorVehicleCostmap.ValidationDistance","type":"property","refpurpose":"상태 유효성 검사 간격","href":"ref\/validatorvehiclecostmap.html"},{"name":"validatorVehicleCostmap.XYIndices","type":"property","refpurpose":"xy 좌표에 대한 상태 변수 매핑","href":"ref\/validatorvehiclecostmap.html"},{"name":"validatorVehicleCostmap.ThetaIndex","type":"property","refpurpose":"theta 좌표에 대한 상태 변수 매핑","href":"ref\/validatorvehiclecostmap.html"},{"name":"waypointInfo","type":"function","fcntype":"instancemethod","refpurpose":"웨이포인트 정보 테이블 가져오기","href":"ref\/waypointtrajectory.waypointinfo.html"},{"name":"waypointTrajectory.waypointInfo","type":"method","fcntype":"instancemethod","refpurpose":"웨이포인트 정보 테이블 가져오기","href":"ref\/waypointtrajectory.waypointinfo.html"}]}