{"schema":"referenceapi_lookup_schema.json","schemaVersion":"1.0","docVersion":"doc25a.2968260.Bdoc25a.2967890.pass.r2025a","productName":"Optimization Toolbox","baseCode":"OP","helpFolder":"optim","helpLocation":"optim",  "refItems" : [{"name":"checkGradients","type":"function","fcntype":"simple","refpurpose":"有限差分近似に対する 1 階微分関数の確認","href":"ug\/checkgradients.html"},{"name":"coneprog","type":"function","fcntype":"simple","refpurpose":"2 次錐計画法ソルバー","href":"ug\/coneprog.html"},{"name":"eqnproblem","type":"function","fcntype":"simple","refpurpose":"方程式問題の作成","href":"ug\/eqnproblem.html"},{"name":"fcn2optimexpr","type":"function","fcntype":"simple","refpurpose":"関数から最適化式への変換","href":"ug\/fcn2optimexpr.html"},{"name":"fgoalattain","type":"function","fcntype":"simple","refpurpose":"多目的ゴール到達問題を解く","href":"ug\/fgoalattain.html"},{"name":"fmincon","type":"function","fcntype":"simple","refpurpose":"制約付き非線形多変数関数の最小値を求める","href":"ug\/fmincon.html"},{"name":"fminimax","type":"function","fcntype":"simple","refpurpose":"ミニマックス制約付き問題を解く","href":"ug\/fminimax.html"},{"name":"fminunc","type":"function","fcntype":"simple","refpurpose":"制約なし多変数関数の最小値を求める","href":"ug\/fminunc.html"},{"name":"fseminf","type":"function","fcntype":"simple","refpurpose":"半無限制約付き多変数非線形関数の最小値を計算する","href":"ug\/fseminf.html"},{"name":"fsolve","type":"function","fcntype":"simple","refpurpose":"連立非線形方程式を解く","href":"ug\/fsolve.html"},{"name":"intlinprog","type":"function","fcntype":"simple","refpurpose":"混合整数線形計画法 (MILP)","href":"ug\/intlinprog.html"},{"name":"linprog","type":"function","fcntype":"simple","refpurpose":"線形計画問題を解く","href":"ug\/linprog.html"},{"name":"lsqcurvefit","type":"function","fcntype":"simple","refpurpose":"非線形曲線近似 (データ適合) 問題を最小二乗近似的に解く","href":"ug\/lsqcurvefit.html"},{"name":"lsqlin","type":"function","fcntype":"simple","refpurpose":"制約付き線形最小二乗問題を解く","href":"ug\/lsqlin.html"},{"name":"lsqnonlin","type":"function","fcntype":"simple","refpurpose":"非線形最小二乗 (非線形データ適合) 問題を解く","href":"ug\/lsqnonlin.html"},{"name":"mpsread","type":"function","fcntype":"simple","refpurpose":"LP および MILP 最適化データの MPS ファイルの読み取り","href":"ug\/mpsread.html"},{"name":"optim.coder.infbound","type":"function","fcntype":"simple","refpurpose":"コード生成の無限境界サポート","href":"ug\/optim.coder.infbound.html"},{"name":"optim.coneprog.SecondOrderConeConstraint","type":"object","refpurpose":"2 次錐制約オブジェクト","href":"ug\/optim.coneprog.secondorderconeconstraint.html"},{"name":"optim.coneprog.SecondOrderConeConstraint.A","type":"property","refpurpose":"円錐の線形因子","href":"ug\/optim.coneprog.secondorderconeconstraint.html"},{"name":"optim.coneprog.SecondOrderConeConstraint.b","type":"property","refpurpose":"円錐の中心","href":"ug\/optim.coneprog.secondorderconeconstraint.html"},{"name":"optim.coneprog.SecondOrderConeConstraint.d","type":"property","refpurpose":"線形範囲","href":"ug\/optim.coneprog.secondorderconeconstraint.html"},{"name":"optim.coneprog.SecondOrderConeConstraint.gamma","type":"property","refpurpose":"範囲","href":"ug\/optim.coneprog.secondorderconeconstraint.html"},{"name":"optim.problemdef.EquationProblem","type":"object","refpurpose":"連立非線形方程式","href":"ug\/optim.problemdef.equationproblem.html"},{"name":"optim.problemdef.EquationProblem.Equations","type":"property","refpurpose":"問題の方程式","href":"ug\/optim.problemdef.equationproblem.html"},{"name":"optim.problemdef.EquationProblem.Description","type":"property","refpurpose":"問題のラベル","href":"ug\/optim.problemdef.equationproblem.html"},{"name":"optim.problemdef.EquationProblem.Variables","type":"property","refpurpose":"オブジェクトの最適化変数","href":"ug\/optim.problemdef.equationproblem.html"},{"name":"infeasibility","type":"function","fcntype":"instancemethod","refpurpose":"点における制約違反","href":"ug\/optim.problemdef.optimizationconstraint.infeasibility.html"},{"name":"optim.problemdef.OptimizationConstraint.infeasibility","type":"method","fcntype":"instancemethod","refpurpose":"点における制約違反","href":"ug\/optim.problemdef.optimizationconstraint.infeasibility.html"},{"name":"showconstr","type":"function","fcntype":"instancemethod","refpurpose":"(非推奨) 最適化制約の表示","deprecated":"true","href":"ug\/optim.problemdef.optimizationconstraint.showconstr.html"},{"name":"optim.problemdef.OptimizationConstraint.showconstr","type":"method","fcntype":"instancemethod","refpurpose":"(非推奨) 最適化制約の表示","deprecated":"true","href":"ug\/optim.problemdef.optimizationconstraint.showconstr.html"},{"name":"writeconstr","type":"function","fcntype":"instancemethod","refpurpose":"(非推奨) 最適化制約の説明の保存","deprecated":"true","href":"ug\/optim.problemdef.optimizationconstraint.writeconstr.html"},{"name":"optim.problemdef.OptimizationConstraint.writeconstr","type":"method","fcntype":"instancemethod","refpurpose":"(非推奨) 最適化制約の説明の保存","deprecated":"true","href":"ug\/optim.problemdef.optimizationconstraint.writeconstr.html"},{"name":"optim.problemdef.OptimizationConstraint","type":"object","refpurpose":"最適化制約","href":"ug\/optim.problemdef.optimizationconstraint.html"},{"name":"optim.problemdef.OptimizationConstraint.IndexNames","type":"property","refpurpose":"インデックス名","href":"ug\/optim.problemdef.optimizationconstraint.html"},{"name":"optim.problemdef.OptimizationConstraint.Variables","type":"property","refpurpose":"オブジェクトの最適化変数","href":"ug\/optim.problemdef.optimizationconstraint.html"},{"name":"optim.problemdef.OptimizationEquality","type":"object","refpurpose":"等式と等式制約","href":"ug\/optim.problemdef.optimizationequality.html"},{"name":"optim.problemdef.OptimizationEquality.IndexNames","type":"property","refpurpose":"インデックス名","href":"ug\/optim.problemdef.optimizationequality.html"},{"name":"optim.problemdef.OptimizationEquality.Variables","type":"property","refpurpose":"オブジェクトの最適化変数","href":"ug\/optim.problemdef.optimizationequality.html"},{"name":"evaluate","type":"function","fcntype":"instancemethod","refpurpose":"最適化式または問題に含まれる目的関数と制約の評価","href":"ug\/optim.problemdef.optimizationexpression.evaluate.html"},{"name":"optim.problemdef.OptimizationExpression.evaluate","type":"method","fcntype":"instancemethod","refpurpose":"最適化式または問題に含まれる目的関数と制約の評価","href":"ug\/optim.problemdef.optimizationexpression.evaluate.html"},{"name":"optim.problemdef.OptimizationProblem.evaluate","type":"method","fcntype":"instancemethod","refpurpose":"最適化式または問題に含まれる目的関数と制約の評価","href":"ug\/optim.problemdef.optimizationexpression.evaluate.html"},{"name":"showexpr","type":"function","fcntype":"instancemethod","refpurpose":"(非推奨) 最適化式の表示","deprecated":"true","href":"ug\/optim.problemdef.optimizationexpression.showexpr.html"},{"name":"optim.problemdef.OptimizationExpression.showexpr","type":"method","fcntype":"instancemethod","refpurpose":"(非推奨) 最適化式の表示","deprecated":"true","href":"ug\/optim.problemdef.optimizationexpression.showexpr.html"},{"name":"writeexpr","type":"function","fcntype":"instancemethod","refpurpose":"(非推奨) 最適化式の説明の保存","deprecated":"true","href":"ug\/optim.problemdef.optimizationexpression.writeexpr.html"},{"name":"optim.problemdef.OptimizationExpression.writeexpr","type":"method","fcntype":"instancemethod","refpurpose":"(非推奨) 最適化式の説明の保存","deprecated":"true","href":"ug\/optim.problemdef.optimizationexpression.writeexpr.html"},{"name":"optim.problemdef.OptimizationExpression","type":"object","refpurpose":"最適化変数に関する算術式または関数式","href":"ug\/optim.problemdef.optimizationexpression.html"},{"name":"optim.problemdef.OptimizationExpression.IndexNames","type":"property","refpurpose":"インデックス名","href":"ug\/optim.problemdef.optimizationexpression.html"},{"name":"optim.problemdef.OptimizationExpression.Variables","type":"property","refpurpose":"オブジェクトの最適化変数","href":"ug\/optim.problemdef.optimizationexpression.html"},{"name":"optim.problemdef.OptimizationInequality","type":"object","refpurpose":"不等式制約","href":"ug\/optim.problemdef.optimizationinequality.html"},{"name":"optim.problemdef.OptimizationInequality.IndexNames","type":"property","refpurpose":"インデックス名","href":"ug\/optim.problemdef.optimizationinequality.html"},{"name":"optim.problemdef.OptimizationInequality.Variables","type":"property","refpurpose":"オブジェクトの最適化変数","href":"ug\/optim.problemdef.optimizationinequality.html"},{"name":"issatisfied","type":"function","fcntype":"instancemethod","refpurpose":"最適化問題の一連の点における制約満足度","href":"ug\/optim.problemdef.optimizationproblem.issatisfied.html"},{"name":"optim.problemdef.OptimizationProblem.issatisfied","type":"method","fcntype":"instancemethod","refpurpose":"最適化問題の一連の点における制約満足度","href":"ug\/optim.problemdef.optimizationproblem.issatisfied.html"},{"name":"optimoptions","type":"function","fcntype":"instancemethod","refpurpose":"最適化オプションの作成","href":"ug\/optim.problemdef.optimizationproblem.optimoptions.html"},{"name":"optim.problemdef.OptimizationProblem.optimoptions","type":"method","fcntype":"instancemethod","refpurpose":"最適化オプションの作成","href":"ug\/optim.problemdef.optimizationproblem.optimoptions.html"},{"name":"optim.problemdef.EquationProblem.optimoptions","type":"method","fcntype":"instancemethod","refpurpose":"最適化オプションの作成","href":"ug\/optim.problemdef.optimizationproblem.optimoptions.html"},{"name":"prob2struct","type":"function","fcntype":"instancemethod","refpurpose":"最適化問題または方程式問題のソルバー形式への変換","href":"ug\/optim.problemdef.optimizationproblem.prob2struct.html"},{"name":"optim.problemdef.OptimizationProblem.prob2struct","type":"method","fcntype":"instancemethod","refpurpose":"最適化問題または方程式問題のソルバー形式への変換","href":"ug\/optim.problemdef.optimizationproblem.prob2struct.html"},{"name":"optim.problemdef.EquationProblem.prob2struct","type":"method","fcntype":"instancemethod","refpurpose":"最適化問題または方程式問題のソルバー形式への変換","href":"ug\/optim.problemdef.optimizationproblem.prob2struct.html"},{"name":"showproblem","type":"function","fcntype":"instancemethod","refpurpose":"(非推奨) 最適化問題の表示","deprecated":"true","href":"ug\/optim.problemdef.optimizationproblem.showproblem.html"},{"name":"optim.problemdef.OptimizationProblem.showproblem","type":"method","fcntype":"instancemethod","refpurpose":"(非推奨) 最適化問題の表示","deprecated":"true","href":"ug\/optim.problemdef.optimizationproblem.showproblem.html"},{"name":"solve","type":"function","fcntype":"instancemethod","refpurpose":"最適化問題または方程式問題の求解","href":"ug\/optim.problemdef.optimizationproblem.solve.html"},{"name":"optim.problemdef.OptimizationProblem.solve","type":"method","fcntype":"instancemethod","refpurpose":"最適化問題または方程式問題の求解","href":"ug\/optim.problemdef.optimizationproblem.solve.html"},{"name":"optim.problemdef.EquationProblem.solve","type":"method","fcntype":"instancemethod","refpurpose":"最適化問題または方程式問題の求解","href":"ug\/optim.problemdef.optimizationproblem.solve.html"},{"name":"varindex","type":"function","fcntype":"instancemethod","refpurpose":"ソルバーベースの変数インデックスへの問題変数のマッピング","href":"ug\/optim.problemdef.optimizationproblem.varindex.html"},{"name":"optim.problemdef.OptimizationProblem.varindex","type":"method","fcntype":"instancemethod","refpurpose":"ソルバーベースの変数インデックスへの問題変数のマッピング","href":"ug\/optim.problemdef.optimizationproblem.varindex.html"},{"name":"optim.problemdef.EquationProblem.varindex","type":"method","fcntype":"instancemethod","refpurpose":"ソルバーベースの変数インデックスへの問題変数のマッピング","href":"ug\/optim.problemdef.optimizationproblem.varindex.html"},{"name":"writeproblem","type":"function","fcntype":"instancemethod","refpurpose":"(非推奨) 最適化問題の説明の保存","deprecated":"true","href":"ug\/optim.problemdef.optimizationproblem.writeproblem.html"},{"name":"optim.problemdef.OptimizationProblem.writeproblem","type":"method","fcntype":"instancemethod","refpurpose":"(非推奨) 最適化問題の説明の保存","deprecated":"true","href":"ug\/optim.problemdef.optimizationproblem.writeproblem.html"},{"name":"optim.problemdef.OptimizationProblem","type":"object","refpurpose":"最適化問題","href":"ug\/optim.problemdef.optimizationproblem.html"},{"name":"optim.problemdef.OptimizationProblem.Description","type":"property","refpurpose":"問題のラベル","href":"ug\/optim.problemdef.optimizationproblem.html"},{"name":"optim.problemdef.OptimizationProblem.ObjectiveSense","type":"property","refpurpose":"最小化または最大化の指示","href":"ug\/optim.problemdef.optimizationproblem.html"},{"name":"optim.problemdef.OptimizationProblem.Variables","type":"property","refpurpose":"オブジェクトの最適化変数","href":"ug\/optim.problemdef.optimizationproblem.html"},{"name":"optim.problemdef.OptimizationProblem.Objective","type":"property","refpurpose":"目的関数","href":"ug\/optim.problemdef.optimizationproblem.html"},{"name":"optim.problemdef.OptimizationProblem.Constraints","type":"property","refpurpose":"最適化制約","href":"ug\/optim.problemdef.optimizationproblem.html"},{"name":"paretoplot","type":"function","fcntype":"instancemethod","refpurpose":"多目的値のパレート プロット","href":"ug\/optim.problemdef.optimizationvalues.paretoplot.html"},{"name":"optim.problemdef.OptimizationValues.paretoplot","type":"method","fcntype":"instancemethod","refpurpose":"多目的値のパレート プロット","href":"ug\/optim.problemdef.optimizationvalues.paretoplot.html"},{"name":"optim.problemdef.OptimizationValues","type":"object","refpurpose":"最適化問題の値","href":"ug\/optim.problemdef.optimizationvalues.html"},{"name":"optim.problemdef.OptimizationValues.Objective","type":"property","refpurpose":"目的関数値","href":"ug\/optim.problemdef.optimizationvalues.html"},{"name":"optim.problemdef.OptimizationValues.Constraints","type":"property","refpurpose":"制約値","href":"ug\/optim.problemdef.optimizationvalues.html"},{"name":"findindex","type":"function","fcntype":"instancemethod","refpurpose":"名前付きインデックス変数と等価な数値インデックスの検索","href":"ug\/optim.problemdef.optimizationvariable.findindex.html"},{"name":"optim.problemdef.OptimizationVariable.findindex","type":"method","fcntype":"instancemethod","refpurpose":"名前付きインデックス変数と等価な数値インデックスの検索","href":"ug\/optim.problemdef.optimizationvariable.findindex.html"},{"name":"show","type":"function","fcntype":"instancemethod","refpurpose":"最適化オブジェクトの情報表示","href":"ug\/optim.problemdef.optimizationvariable.show.html"},{"name":"optim.problemdef.OptimizationVariable.show","type":"method","fcntype":"instancemethod","refpurpose":"最適化オブジェクトの情報表示","href":"ug\/optim.problemdef.optimizationvariable.show.html"},{"name":"optim.problemdef.OptimizationConstraint.show","type":"method","fcntype":"instancemethod","refpurpose":"最適化オブジェクトの情報表示","href":"ug\/optim.problemdef.optimizationvariable.show.html"},{"name":"optim.problemdef.OptimizationExpression.show","type":"method","fcntype":"instancemethod","refpurpose":"最適化オブジェクトの情報表示","href":"ug\/optim.problemdef.optimizationvariable.show.html"},{"name":"optim.problemdef.OptimizationProblem.show","type":"method","fcntype":"instancemethod","refpurpose":"最適化オブジェクトの情報表示","href":"ug\/optim.problemdef.optimizationvariable.show.html"},{"name":"optim.problemdef.EquationProblem.show","type":"method","fcntype":"instancemethod","refpurpose":"最適化オブジェクトの情報表示","href":"ug\/optim.problemdef.optimizationvariable.show.html"},{"name":"optim.problemdef.OptimizationEquality.show","type":"method","fcntype":"instancemethod","refpurpose":"最適化オブジェクトの情報表示","href":"ug\/optim.problemdef.optimizationvariable.show.html"},{"name":"optim.problemdef.OptimizationInequality.show","type":"method","fcntype":"instancemethod","refpurpose":"最適化オブジェクトの情報表示","href":"ug\/optim.problemdef.optimizationvariable.show.html"},{"name":"showbounds","type":"function","fcntype":"instancemethod","refpurpose":"変数範囲の表示","href":"ug\/optim.problemdef.optimizationvariable.showbounds.html"},{"name":"optim.problemdef.OptimizationVariable.showbounds","type":"method","fcntype":"instancemethod","refpurpose":"変数範囲の表示","href":"ug\/optim.problemdef.optimizationvariable.showbounds.html"},{"name":"showvar","type":"function","fcntype":"instancemethod","refpurpose":"(非推奨) 最適化変数の表示","deprecated":"true","href":"ug\/optim.problemdef.optimizationvariable.showvar.html"},{"name":"optim.problemdef.OptimizationVariable.showvar","type":"method","fcntype":"instancemethod","refpurpose":"(非推奨) 最適化変数の表示","deprecated":"true","href":"ug\/optim.problemdef.optimizationvariable.showvar.html"},{"name":"write","type":"function","fcntype":"instancemethod","refpurpose":"最適化オブジェクトの説明の保存","href":"ug\/optim.problemdef.optimizationvariable.write.html"},{"name":"optim.problemdef.OptimizationVariable.write","type":"method","fcntype":"instancemethod","refpurpose":"最適化オブジェクトの説明の保存","href":"ug\/optim.problemdef.optimizationvariable.write.html"},{"name":"optim.problemdef.OptimizationConstraint.write","type":"method","fcntype":"instancemethod","refpurpose":"最適化オブジェクトの説明の保存","href":"ug\/optim.problemdef.optimizationvariable.write.html"},{"name":"optim.problemdef.OptimizationExpression.write","type":"method","fcntype":"instancemethod","refpurpose":"最適化オブジェクトの説明の保存","href":"ug\/optim.problemdef.optimizationvariable.write.html"},{"name":"optim.problemdef.OptimizationProblem.write","type":"method","fcntype":"instancemethod","refpurpose":"最適化オブジェクトの説明の保存","href":"ug\/optim.problemdef.optimizationvariable.write.html"},{"name":"optim.problemdef.EquationProblem.write","type":"method","fcntype":"instancemethod","refpurpose":"最適化オブジェクトの説明の保存","href":"ug\/optim.problemdef.optimizationvariable.write.html"},{"name":"optim.problemdef.OptimizationEquality.write","type":"method","fcntype":"instancemethod","refpurpose":"最適化オブジェクトの説明の保存","href":"ug\/optim.problemdef.optimizationvariable.write.html"},{"name":"optim.problemdef.OptimizationInequality.write","type":"method","fcntype":"instancemethod","refpurpose":"最適化オブジェクトの説明の保存","href":"ug\/optim.problemdef.optimizationvariable.write.html"},{"name":"writebounds","type":"function","fcntype":"instancemethod","refpurpose":"変数範囲の説明の保存","href":"ug\/optim.problemdef.optimizationvariable.writebounds.html"},{"name":"optim.problemdef.OptimizationVariable.writebounds","type":"method","fcntype":"instancemethod","refpurpose":"変数範囲の説明の保存","href":"ug\/optim.problemdef.optimizationvariable.writebounds.html"},{"name":"writevar","type":"function","fcntype":"instancemethod","refpurpose":"(非推奨) 最適化変数の説明の保存","deprecated":"true","href":"ug\/optim.problemdef.optimizationvariable.writevar.html"},{"name":"optim.problemdef.OptimizationVariable.writevar","type":"method","fcntype":"instancemethod","refpurpose":"(非推奨) 最適化変数の説明の保存","deprecated":"true","href":"ug\/optim.problemdef.optimizationvariable.writevar.html"},{"name":"optim.problemdef.OptimizationVariable","type":"object","refpurpose":"最適化用の変数","href":"ug\/optim.problemdef.optimizationvariable.html"},{"name":"optim.problemdef.OptimizationVariable.Name","type":"property","refpurpose":"変数名","href":"ug\/optim.problemdef.optimizationvariable.html"},{"name":"optim.problemdef.OptimizationVariable.Type","type":"property","refpurpose":"変数の型","href":"ug\/optim.problemdef.optimizationvariable.html"},{"name":"optim.problemdef.OptimizationVariable.IndexNames","type":"property","refpurpose":"インデックス名","href":"ug\/optim.problemdef.optimizationvariable.html"},{"name":"optim.problemdef.OptimizationVariable.LowerBound","type":"property","refpurpose":"下限","href":"ug\/optim.problemdef.optimizationvariable.html"},{"name":"optim.problemdef.OptimizationVariable.UpperBound","type":"property","refpurpose":"上限","href":"ug\/optim.problemdef.optimizationvariable.html"},{"name":"optimconstr","type":"function","fcntype":"simple","refpurpose":"空の最適化制約配列の作成","href":"ug\/optimconstr.html"},{"name":"optimeq","type":"function","fcntype":"simple","refpurpose":"空の最適化等式配列の作成","href":"ug\/optimeq.html"},{"name":"optimexpr","type":"function","fcntype":"simple","refpurpose":"空の最適化式配列の作成","href":"ug\/optimexpr.html"},{"name":"optimget","type":"function","fcntype":"simple","refpurpose":"最適化オプションの値","href":"ug\/optimget.html"},{"name":"optimineq","type":"function","fcntype":"simple","refpurpose":"空の最適化不等式配列の作成","href":"ug\/optimineq.html"},{"name":"solvers","type":"function","fcntype":"instancemethod","refpurpose":"最適化問題または方程式問題に対する既定のソルバーと有効なソルバーの決定","href":"ug\/optimizationproblem.solvers.html"},{"name":"OptimizationProblem.solvers","type":"method","fcntype":"instancemethod","refpurpose":"最適化問題または方程式問題に対する既定のソルバーと有効なソルバーの決定","href":"ug\/optimizationproblem.solvers.html"},{"name":"EquationProblem.solvers","type":"method","fcntype":"instancemethod","refpurpose":"最適化問題または方程式問題に対する既定のソルバーと有効なソルバーの決定","href":"ug\/optimizationproblem.solvers.html"},{"name":"Optimize","type":"liveeditortask","refpurpose":"ライブ エディターでの方程式の最適化または解決","href":"ug\/optimize.html"},{"name":"optimproblem","type":"function","fcntype":"simple","refpurpose":"最適化問題の作成","href":"ug\/optimproblem.html"},{"name":"optimset","type":"function","fcntype":"simple","refpurpose":"最適化オプション構造体の作成または変更","href":"ug\/optimset.html"},{"name":"optimvalues","type":"function","fcntype":"simple","refpurpose":"最適化問題の値の作成","href":"ug\/optimvalues.html"},{"name":"optimvar","type":"function","fcntype":"simple","refpurpose":"最適化変数の作成","href":"ug\/optimvar.html"},{"name":"optimwarmstart","type":"function","fcntype":"simple","refpurpose":"ウォーム スタート オブジェクトの作成","href":"ug\/optimwarmstart.html"},{"name":"quadprog","type":"function","fcntype":"simple","refpurpose":"二次計画法","href":"ug\/quadprog.html"},{"name":"resetoptions","type":"function","fcntype":"simple","refpurpose":"オプションのリセット","href":"ug\/resetoptions.html"},{"name":"secondordercone","type":"function","fcntype":"simple","refpurpose":"2 次錐制約の作成","href":"ug\/secondordercone.html"}]}