{"schema":"referenceapi_lookup_schema.json","schemaVersion":"1.0","docVersion":"doc25a.2968260.Bdoc25a.2967890.pass.r2025a","productName":"Optimization Toolbox","baseCode":"OP","helpFolder":"optim","helpLocation":"optim",  "refItems" : [{"name":"checkGradients","type":"function","fcntype":"simple","refpurpose":"根据有限差分近似检查一阶导数函数","href":"ug\/checkgradients.html"},{"name":"coneprog","type":"function","fcntype":"simple","refpurpose":"二阶锥规划求解器","href":"ug\/coneprog.html"},{"name":"eqnproblem","type":"function","fcntype":"simple","refpurpose":"创建方程问题","href":"ug\/eqnproblem.html"},{"name":"fcn2optimexpr","type":"function","fcntype":"simple","refpurpose":"将函数转换为优化表达式","href":"ug\/fcn2optimexpr.html"},{"name":"fgoalattain","type":"function","fcntype":"simple","refpurpose":"求解涉及多目标的目标达到问题","href":"ug\/fgoalattain.html"},{"name":"fmincon","type":"function","fcntype":"simple","refpurpose":"寻找约束非线性多变量函数的最小值","href":"ug\/fmincon.html"},{"name":"fminimax","type":"function","fcntype":"simple","refpurpose":"求解 minimax 约束问题","href":"ug\/fminimax.html"},{"name":"fminunc","type":"function","fcntype":"simple","refpurpose":"求无约束多变量函数的最小值","href":"ug\/fminunc.html"},{"name":"fseminf","type":"function","fcntype":"simple","refpurpose":"求解半无限约束多变量非线性函数的最小值","href":"ug\/fseminf.html"},{"name":"fsolve","type":"function","fcntype":"simple","refpurpose":"对非线性方程求解","href":"ug\/fsolve.html"},{"name":"intlinprog","type":"function","fcntype":"simple","refpurpose":"混合整数线性规划 (MILP)","href":"ug\/intlinprog.html"},{"name":"linprog","type":"function","fcntype":"simple","refpurpose":"求解线性规划问题","href":"ug\/linprog.html"},{"name":"lsqcurvefit","type":"function","fcntype":"simple","refpurpose":"用最小二乘求解非线性曲线拟合（数据拟合）问题","href":"ug\/lsqcurvefit.html"},{"name":"lsqlin","type":"function","fcntype":"simple","refpurpose":"求解约束线性最小二乘问题","href":"ug\/lsqlin.html"},{"name":"lsqnonlin","type":"function","fcntype":"simple","refpurpose":"求解非线性最小二乘（非线性数据拟合）问题","href":"ug\/lsqnonlin.html"},{"name":"mpsread","type":"function","fcntype":"simple","refpurpose":"读取 MPS 文件中的 LP 和 MILP 优化数据","href":"ug\/mpsread.html"},{"name":"optim.coder.infbound","type":"function","fcntype":"simple","refpurpose":"对代码生成的边界支持","href":"ug\/optim.coder.infbound.html"},{"name":"optim.coneprog.SecondOrderConeConstraint","type":"object","refpurpose":"二阶锥约束对象","href":"ug\/optim.coneprog.secondorderconeconstraint.html"},{"name":"optim.coneprog.SecondOrderConeConstraint.A","type":"property","refpurpose":"锥的线性因子","href":"ug\/optim.coneprog.secondorderconeconstraint.html"},{"name":"optim.coneprog.SecondOrderConeConstraint.b","type":"property","refpurpose":"锥的中心","href":"ug\/optim.coneprog.secondorderconeconstraint.html"},{"name":"optim.coneprog.SecondOrderConeConstraint.d","type":"property","refpurpose":"线性边界","href":"ug\/optim.coneprog.secondorderconeconstraint.html"},{"name":"optim.coneprog.SecondOrderConeConstraint.gamma","type":"property","refpurpose":"边界","href":"ug\/optim.coneprog.secondorderconeconstraint.html"},{"name":"optim.problemdef.EquationProblem","type":"object","refpurpose":"非线性方程系统","href":"ug\/optim.problemdef.equationproblem.html"},{"name":"optim.problemdef.EquationProblem.Equations","type":"property","refpurpose":"问题方程","href":"ug\/optim.problemdef.equationproblem.html"},{"name":"optim.problemdef.EquationProblem.Description","type":"property","refpurpose":"问题标签","href":"ug\/optim.problemdef.equationproblem.html"},{"name":"optim.problemdef.EquationProblem.Variables","type":"property","refpurpose":"对象中的优化变量","href":"ug\/optim.problemdef.equationproblem.html"},{"name":"infeasibility","type":"function","fcntype":"instancemethod","refpurpose":"一个点处的约束违反值","href":"ug\/optim.problemdef.optimizationconstraint.infeasibility.html"},{"name":"optim.problemdef.OptimizationConstraint.infeasibility","type":"method","fcntype":"instancemethod","refpurpose":"一个点处的约束违反值","href":"ug\/optim.problemdef.optimizationconstraint.infeasibility.html"},{"name":"showconstr","type":"function","fcntype":"instancemethod","refpurpose":"（不推荐）显示优化约束","deprecated":"true","href":"ug\/optim.problemdef.optimizationconstraint.showconstr.html"},{"name":"optim.problemdef.OptimizationConstraint.showconstr","type":"method","fcntype":"instancemethod","refpurpose":"（不推荐）显示优化约束","deprecated":"true","href":"ug\/optim.problemdef.optimizationconstraint.showconstr.html"},{"name":"writeconstr","type":"function","fcntype":"instancemethod","refpurpose":"（不推荐）保存优化约束说明","deprecated":"true","href":"ug\/optim.problemdef.optimizationconstraint.writeconstr.html"},{"name":"optim.problemdef.OptimizationConstraint.writeconstr","type":"method","fcntype":"instancemethod","refpurpose":"（不推荐）保存优化约束说明","deprecated":"true","href":"ug\/optim.problemdef.optimizationconstraint.writeconstr.html"},{"name":"optim.problemdef.OptimizationConstraint","type":"object","refpurpose":"优化约束","href":"ug\/optim.problemdef.optimizationconstraint.html"},{"name":"optim.problemdef.OptimizationConstraint.IndexNames","type":"property","refpurpose":"索引名称","href":"ug\/optim.problemdef.optimizationconstraint.html"},{"name":"optim.problemdef.OptimizationConstraint.Variables","type":"property","refpurpose":"对象中的优化变量","href":"ug\/optim.problemdef.optimizationconstraint.html"},{"name":"optim.problemdef.OptimizationEquality","type":"object","refpurpose":"等式和等式约束","href":"ug\/optim.problemdef.optimizationequality.html"},{"name":"optim.problemdef.OptimizationEquality.IndexNames","type":"property","refpurpose":"索引名称","href":"ug\/optim.problemdef.optimizationequality.html"},{"name":"optim.problemdef.OptimizationEquality.Variables","type":"property","refpurpose":"对象中的优化变量","href":"ug\/optim.problemdef.optimizationequality.html"},{"name":"evaluate","type":"function","fcntype":"instancemethod","refpurpose":"计算问题中的优化表达式或目标和约束","href":"ug\/optim.problemdef.optimizationexpression.evaluate.html"},{"name":"optim.problemdef.OptimizationExpression.evaluate","type":"method","fcntype":"instancemethod","refpurpose":"计算问题中的优化表达式或目标和约束","href":"ug\/optim.problemdef.optimizationexpression.evaluate.html"},{"name":"optim.problemdef.OptimizationProblem.evaluate","type":"method","fcntype":"instancemethod","refpurpose":"计算问题中的优化表达式或目标和约束","href":"ug\/optim.problemdef.optimizationexpression.evaluate.html"},{"name":"showexpr","type":"function","fcntype":"instancemethod","refpurpose":"（不推荐）显示优化表达式","deprecated":"true","href":"ug\/optim.problemdef.optimizationexpression.showexpr.html"},{"name":"optim.problemdef.OptimizationExpression.showexpr","type":"method","fcntype":"instancemethod","refpurpose":"（不推荐）显示优化表达式","deprecated":"true","href":"ug\/optim.problemdef.optimizationexpression.showexpr.html"},{"name":"writeexpr","type":"function","fcntype":"instancemethod","refpurpose":"（不推荐）保存优化表达式描述","deprecated":"true","href":"ug\/optim.problemdef.optimizationexpression.writeexpr.html"},{"name":"optim.problemdef.OptimizationExpression.writeexpr","type":"method","fcntype":"instancemethod","refpurpose":"（不推荐）保存优化表达式描述","deprecated":"true","href":"ug\/optim.problemdef.optimizationexpression.writeexpr.html"},{"name":"optim.problemdef.OptimizationExpression","type":"object","refpurpose":"关于优化变量的算术或函数表达式","href":"ug\/optim.problemdef.optimizationexpression.html"},{"name":"optim.problemdef.OptimizationExpression.IndexNames","type":"property","refpurpose":"索引名称","href":"ug\/optim.problemdef.optimizationexpression.html"},{"name":"optim.problemdef.OptimizationExpression.Variables","type":"property","refpurpose":"对象中的优化变量","href":"ug\/optim.problemdef.optimizationexpression.html"},{"name":"optim.problemdef.OptimizationInequality","type":"object","refpurpose":"不等式约束","href":"ug\/optim.problemdef.optimizationinequality.html"},{"name":"optim.problemdef.OptimizationInequality.IndexNames","type":"property","refpurpose":"索引名称","href":"ug\/optim.problemdef.optimizationinequality.html"},{"name":"optim.problemdef.OptimizationInequality.Variables","type":"property","refpurpose":"对象中的优化变量","href":"ug\/optim.problemdef.optimizationinequality.html"},{"name":"issatisfied","type":"function","fcntype":"instancemethod","refpurpose":"优化问题在一组点上的约束约束","href":"ug\/optim.problemdef.optimizationproblem.issatisfied.html"},{"name":"optim.problemdef.OptimizationProblem.issatisfied","type":"method","fcntype":"instancemethod","refpurpose":"优化问题在一组点上的约束约束","href":"ug\/optim.problemdef.optimizationproblem.issatisfied.html"},{"name":"optimoptions","type":"function","fcntype":"instancemethod","refpurpose":"创建优化选项","href":"ug\/optim.problemdef.optimizationproblem.optimoptions.html"},{"name":"optim.problemdef.OptimizationProblem.optimoptions","type":"method","fcntype":"instancemethod","refpurpose":"创建优化选项","href":"ug\/optim.problemdef.optimizationproblem.optimoptions.html"},{"name":"optim.problemdef.EquationProblem.optimoptions","type":"method","fcntype":"instancemethod","refpurpose":"创建优化选项","href":"ug\/optim.problemdef.optimizationproblem.optimoptions.html"},{"name":"prob2struct","type":"function","fcntype":"instancemethod","refpurpose":"将优化问题或方程问题转换为求解器形式","href":"ug\/optim.problemdef.optimizationproblem.prob2struct.html"},{"name":"optim.problemdef.OptimizationProblem.prob2struct","type":"method","fcntype":"instancemethod","refpurpose":"将优化问题或方程问题转换为求解器形式","href":"ug\/optim.problemdef.optimizationproblem.prob2struct.html"},{"name":"optim.problemdef.EquationProblem.prob2struct","type":"method","fcntype":"instancemethod","refpurpose":"将优化问题或方程问题转换为求解器形式","href":"ug\/optim.problemdef.optimizationproblem.prob2struct.html"},{"name":"showproblem","type":"function","fcntype":"instancemethod","refpurpose":"（不推荐）显示优化问题","deprecated":"true","href":"ug\/optim.problemdef.optimizationproblem.showproblem.html"},{"name":"optim.problemdef.OptimizationProblem.showproblem","type":"method","fcntype":"instancemethod","refpurpose":"（不推荐）显示优化问题","deprecated":"true","href":"ug\/optim.problemdef.optimizationproblem.showproblem.html"},{"name":"solve","type":"function","fcntype":"instancemethod","refpurpose":"求解优化问题或方程问题","href":"ug\/optim.problemdef.optimizationproblem.solve.html"},{"name":"optim.problemdef.OptimizationProblem.solve","type":"method","fcntype":"instancemethod","refpurpose":"求解优化问题或方程问题","href":"ug\/optim.problemdef.optimizationproblem.solve.html"},{"name":"optim.problemdef.EquationProblem.solve","type":"method","fcntype":"instancemethod","refpurpose":"求解优化问题或方程问题","href":"ug\/optim.problemdef.optimizationproblem.solve.html"},{"name":"varindex","type":"function","fcntype":"instancemethod","refpurpose":"将问题变量映射到基于求解器的变量索引","href":"ug\/optim.problemdef.optimizationproblem.varindex.html"},{"name":"optim.problemdef.OptimizationProblem.varindex","type":"method","fcntype":"instancemethod","refpurpose":"将问题变量映射到基于求解器的变量索引","href":"ug\/optim.problemdef.optimizationproblem.varindex.html"},{"name":"optim.problemdef.EquationProblem.varindex","type":"method","fcntype":"instancemethod","refpurpose":"将问题变量映射到基于求解器的变量索引","href":"ug\/optim.problemdef.optimizationproblem.varindex.html"},{"name":"writeproblem","type":"function","fcntype":"instancemethod","refpurpose":"（不推荐）保存优化问题说明","deprecated":"true","href":"ug\/optim.problemdef.optimizationproblem.writeproblem.html"},{"name":"optim.problemdef.OptimizationProblem.writeproblem","type":"method","fcntype":"instancemethod","refpurpose":"（不推荐）保存优化问题说明","deprecated":"true","href":"ug\/optim.problemdef.optimizationproblem.writeproblem.html"},{"name":"optim.problemdef.OptimizationProblem","type":"object","refpurpose":"优化问题","href":"ug\/optim.problemdef.optimizationproblem.html"},{"name":"optim.problemdef.OptimizationProblem.Description","type":"property","refpurpose":"问题标签","href":"ug\/optim.problemdef.optimizationproblem.html"},{"name":"optim.problemdef.OptimizationProblem.ObjectiveSense","type":"property","refpurpose":"指示最小化或最大化","href":"ug\/optim.problemdef.optimizationproblem.html"},{"name":"optim.problemdef.OptimizationProblem.Variables","type":"property","refpurpose":"对象中的优化变量","href":"ug\/optim.problemdef.optimizationproblem.html"},{"name":"optim.problemdef.OptimizationProblem.Objective","type":"property","refpurpose":"目标函数","href":"ug\/optim.problemdef.optimizationproblem.html"},{"name":"optim.problemdef.OptimizationProblem.Constraints","type":"property","refpurpose":"优化约束","href":"ug\/optim.problemdef.optimizationproblem.html"},{"name":"paretoplot","type":"function","fcntype":"instancemethod","refpurpose":"多目标的帕累托图","href":"ug\/optim.problemdef.optimizationvalues.paretoplot.html"},{"name":"optim.problemdef.OptimizationValues.paretoplot","type":"method","fcntype":"instancemethod","refpurpose":"多目标的帕累托图","href":"ug\/optim.problemdef.optimizationvalues.paretoplot.html"},{"name":"optim.problemdef.OptimizationValues","type":"object","refpurpose":"优化问题的值","href":"ug\/optim.problemdef.optimizationvalues.html"},{"name":"optim.problemdef.OptimizationValues.Objective","type":"property","refpurpose":"目标函数值","href":"ug\/optim.problemdef.optimizationvalues.html"},{"name":"optim.problemdef.OptimizationValues.Constraints","type":"property","refpurpose":"约束值","href":"ug\/optim.problemdef.optimizationvalues.html"},{"name":"findindex","type":"function","fcntype":"instancemethod","refpurpose":"查找命名索引变量的等效数值索引","href":"ug\/optim.problemdef.optimizationvariable.findindex.html"},{"name":"optim.problemdef.OptimizationVariable.findindex","type":"method","fcntype":"instancemethod","refpurpose":"查找命名索引变量的等效数值索引","href":"ug\/optim.problemdef.optimizationvariable.findindex.html"},{"name":"show","type":"function","fcntype":"instancemethod","refpurpose":"显示有关优化对象的信息","href":"ug\/optim.problemdef.optimizationvariable.show.html"},{"name":"optim.problemdef.OptimizationVariable.show","type":"method","fcntype":"instancemethod","refpurpose":"显示有关优化对象的信息","href":"ug\/optim.problemdef.optimizationvariable.show.html"},{"name":"optim.problemdef.OptimizationConstraint.show","type":"method","fcntype":"instancemethod","refpurpose":"显示有关优化对象的信息","href":"ug\/optim.problemdef.optimizationvariable.show.html"},{"name":"optim.problemdef.OptimizationExpression.show","type":"method","fcntype":"instancemethod","refpurpose":"显示有关优化对象的信息","href":"ug\/optim.problemdef.optimizationvariable.show.html"},{"name":"optim.problemdef.OptimizationProblem.show","type":"method","fcntype":"instancemethod","refpurpose":"显示有关优化对象的信息","href":"ug\/optim.problemdef.optimizationvariable.show.html"},{"name":"optim.problemdef.EquationProblem.show","type":"method","fcntype":"instancemethod","refpurpose":"显示有关优化对象的信息","href":"ug\/optim.problemdef.optimizationvariable.show.html"},{"name":"optim.problemdef.OptimizationEquality.show","type":"method","fcntype":"instancemethod","refpurpose":"显示有关优化对象的信息","href":"ug\/optim.problemdef.optimizationvariable.show.html"},{"name":"optim.problemdef.OptimizationInequality.show","type":"method","fcntype":"instancemethod","refpurpose":"显示有关优化对象的信息","href":"ug\/optim.problemdef.optimizationvariable.show.html"},{"name":"showbounds","type":"function","fcntype":"instancemethod","refpurpose":"显示变量边界","href":"ug\/optim.problemdef.optimizationvariable.showbounds.html"},{"name":"optim.problemdef.OptimizationVariable.showbounds","type":"method","fcntype":"instancemethod","refpurpose":"显示变量边界","href":"ug\/optim.problemdef.optimizationvariable.showbounds.html"},{"name":"showvar","type":"function","fcntype":"instancemethod","refpurpose":"（不推荐）显示优化变量","deprecated":"true","href":"ug\/optim.problemdef.optimizationvariable.showvar.html"},{"name":"optim.problemdef.OptimizationVariable.showvar","type":"method","fcntype":"instancemethod","refpurpose":"（不推荐）显示优化变量","deprecated":"true","href":"ug\/optim.problemdef.optimizationvariable.showvar.html"},{"name":"write","type":"function","fcntype":"instancemethod","refpurpose":"保存优化对象描述","href":"ug\/optim.problemdef.optimizationvariable.write.html"},{"name":"optim.problemdef.OptimizationVariable.write","type":"method","fcntype":"instancemethod","refpurpose":"保存优化对象描述","href":"ug\/optim.problemdef.optimizationvariable.write.html"},{"name":"optim.problemdef.OptimizationConstraint.write","type":"method","fcntype":"instancemethod","refpurpose":"保存优化对象描述","href":"ug\/optim.problemdef.optimizationvariable.write.html"},{"name":"optim.problemdef.OptimizationExpression.write","type":"method","fcntype":"instancemethod","refpurpose":"保存优化对象描述","href":"ug\/optim.problemdef.optimizationvariable.write.html"},{"name":"optim.problemdef.OptimizationProblem.write","type":"method","fcntype":"instancemethod","refpurpose":"保存优化对象描述","href":"ug\/optim.problemdef.optimizationvariable.write.html"},{"name":"optim.problemdef.EquationProblem.write","type":"method","fcntype":"instancemethod","refpurpose":"保存优化对象描述","href":"ug\/optim.problemdef.optimizationvariable.write.html"},{"name":"optim.problemdef.OptimizationEquality.write","type":"method","fcntype":"instancemethod","refpurpose":"保存优化对象描述","href":"ug\/optim.problemdef.optimizationvariable.write.html"},{"name":"optim.problemdef.OptimizationInequality.write","type":"method","fcntype":"instancemethod","refpurpose":"保存优化对象描述","href":"ug\/optim.problemdef.optimizationvariable.write.html"},{"name":"writebounds","type":"function","fcntype":"instancemethod","refpurpose":"保存变量边界描述","href":"ug\/optim.problemdef.optimizationvariable.writebounds.html"},{"name":"optim.problemdef.OptimizationVariable.writebounds","type":"method","fcntype":"instancemethod","refpurpose":"保存变量边界描述","href":"ug\/optim.problemdef.optimizationvariable.writebounds.html"},{"name":"writevar","type":"function","fcntype":"instancemethod","refpurpose":"（不推荐）保存优化变量描述","deprecated":"true","href":"ug\/optim.problemdef.optimizationvariable.writevar.html"},{"name":"optim.problemdef.OptimizationVariable.writevar","type":"method","fcntype":"instancemethod","refpurpose":"（不推荐）保存优化变量描述","deprecated":"true","href":"ug\/optim.problemdef.optimizationvariable.writevar.html"},{"name":"optim.problemdef.OptimizationVariable","type":"object","refpurpose":"优化变量","href":"ug\/optim.problemdef.optimizationvariable.html"},{"name":"optim.problemdef.OptimizationVariable.Name","type":"property","refpurpose":"变量名称","href":"ug\/optim.problemdef.optimizationvariable.html"},{"name":"optim.problemdef.OptimizationVariable.Type","type":"property","refpurpose":"变量类型","href":"ug\/optim.problemdef.optimizationvariable.html"},{"name":"optim.problemdef.OptimizationVariable.IndexNames","type":"property","refpurpose":"索引名称","href":"ug\/optim.problemdef.optimizationvariable.html"},{"name":"optim.problemdef.OptimizationVariable.LowerBound","type":"property","refpurpose":"下界","href":"ug\/optim.problemdef.optimizationvariable.html"},{"name":"optim.problemdef.OptimizationVariable.UpperBound","type":"property","refpurpose":"上界","href":"ug\/optim.problemdef.optimizationvariable.html"},{"name":"optimconstr","type":"function","fcntype":"simple","refpurpose":"创建空优化约束数组","href":"ug\/optimconstr.html"},{"name":"optimeq","type":"function","fcntype":"simple","refpurpose":"创建空优化等式数组","href":"ug\/optimeq.html"},{"name":"optimexpr","type":"function","fcntype":"simple","refpurpose":"创建空优化表达式数组","href":"ug\/optimexpr.html"},{"name":"optimget","type":"function","fcntype":"simple","refpurpose":"优化选项值","href":"ug\/optimget.html"},{"name":"optimineq","type":"function","fcntype":"simple","refpurpose":"创建空优化不等式数组","href":"ug\/optimineq.html"},{"name":"solvers","type":"function","fcntype":"instancemethod","refpurpose":"确定优化问题或方程问题的默认和有效求解器","href":"ug\/optimizationproblem.solvers.html"},{"name":"OptimizationProblem.solvers","type":"method","fcntype":"instancemethod","refpurpose":"确定优化问题或方程问题的默认和有效求解器","href":"ug\/optimizationproblem.solvers.html"},{"name":"EquationProblem.solvers","type":"method","fcntype":"instancemethod","refpurpose":"确定优化问题或方程问题的默认和有效求解器","href":"ug\/optimizationproblem.solvers.html"},{"name":"Optimize","type":"liveeditortask","refpurpose":"在实时编辑器中优化或求解方程","href":"ug\/optimize.html"},{"name":"optimproblem","type":"function","fcntype":"simple","refpurpose":"创建优化问题","href":"ug\/optimproblem.html"},{"name":"optimset","type":"function","fcntype":"simple","refpurpose":"创建或修改优化 options 结构体","href":"ug\/optimset.html"},{"name":"optimvalues","type":"function","fcntype":"simple","refpurpose":"为优化问题创造价值","href":"ug\/optimvalues.html"},{"name":"optimvar","type":"function","fcntype":"simple","refpurpose":"创建优化变量","href":"ug\/optimvar.html"},{"name":"optimwarmstart","type":"function","fcntype":"simple","refpurpose":"创建热启动对象","href":"ug\/optimwarmstart.html"},{"name":"quadprog","type":"function","fcntype":"simple","refpurpose":"二次规划","href":"ug\/quadprog.html"},{"name":"resetoptions","type":"function","fcntype":"simple","refpurpose":"重置选项","href":"ug\/resetoptions.html"},{"name":"secondordercone","type":"function","fcntype":"simple","refpurpose":"创建二阶锥约束","href":"ug\/secondordercone.html"}]}