{"schema":"referenceapi_lookup_schema.json","schemaVersion":"1.0","docVersion":"doc25a.2968260.Bdoc25a.2967890.pass.r2025a","productName":"Parallel Computing Toolbox","baseCode":"DM","helpFolder":"parallel-computing","helpLocation":"parallel-computing",  "refItems" : [{"name":"batch","type":"function","fcntype":"simple","refpurpose":"Run MATLAB script or function on worker","href":"batch.html"},{"name":"changePassword","type":"function","fcntype":"simple","refpurpose":"Prompt MATLAB Job Scheduler password change","href":"changepassword.html"},{"name":"classUnderlying","type":"function","fcntype":"simple","refpurpose":"(Not recommended) Class of elements within gpuArray or distributed array","href":"classunderlying.html"},{"name":"clear","type":"function","fcntype":"simple","refpurpose":"Remove objects from MATLAB client workspace","href":"clear.html"},{"name":"codistributed.build","type":"function","fcntype":"simple","refpurpose":"Create codistributed array from distributed data","href":"codistributed.build.html"},{"name":"codistributed.cell","type":"function","fcntype":"simple","refpurpose":"Create codistributed cell array","href":"codistributed.cell.html"},{"name":"codistributed.colon","type":"function","fcntype":"simple","refpurpose":"Distributed colon operation","href":"codistributed.colon.html"},{"name":"eye","type":"function","fcntype":"instancemethod","refpurpose":"Create codistributed identity matrix","href":"codistributed.eye.html"},{"name":"codistributed.eye","type":"method","fcntype":"instancemethod","refpurpose":"Create codistributed identity matrix","href":"codistributed.eye.html"},{"name":"false","type":"function","fcntype":"instancemethod","refpurpose":"Create codistributed array of logical 0 (false)","href":"codistributed.false.html"},{"name":"codistributed.false","type":"method","fcntype":"instancemethod","refpurpose":"Create codistributed array of logical 0 (false)","href":"codistributed.false.html"},{"name":"Inf","type":"function","fcntype":"instancemethod","refpurpose":"Create codistributed array of all Inf values","href":"codistributed.inf.html"},{"name":"codistributed.Inf","type":"method","fcntype":"instancemethod","refpurpose":"Create codistributed array of all Inf values","href":"codistributed.inf.html"},{"name":"NaN","type":"function","fcntype":"instancemethod","refpurpose":"Create codistributed array of all NaN values","href":"codistributed.nan.html"},{"name":"codistributed.NaN","type":"method","fcntype":"instancemethod","refpurpose":"Create codistributed array of all NaN values","href":"codistributed.nan.html"},{"name":"ones","type":"function","fcntype":"instancemethod","refpurpose":"Create codistributed array of all ones","href":"codistributed.ones.html"},{"name":"codistributed.ones","type":"method","fcntype":"instancemethod","refpurpose":"Create codistributed array of all ones","href":"codistributed.ones.html"},{"name":"rand","type":"function","fcntype":"instancemethod","refpurpose":"Create codistributed array of uniformly distributed random numbers","href":"codistributed.rand.html"},{"name":"codistributed.rand","type":"method","fcntype":"instancemethod","refpurpose":"Create codistributed array of uniformly distributed random numbers","href":"codistributed.rand.html"},{"name":"randi","type":"function","fcntype":"instancemethod","refpurpose":"Create codistributed array of uniformly distributed random integers","href":"codistributed.randi.html"},{"name":"codistributed.randi","type":"method","fcntype":"instancemethod","refpurpose":"Create codistributed array of uniformly distributed random integers","href":"codistributed.randi.html"},{"name":"randn","type":"function","fcntype":"instancemethod","refpurpose":"Create codistributed array of normally distributed random numbers","href":"codistributed.randn.html"},{"name":"codistributed.randn","type":"method","fcntype":"instancemethod","refpurpose":"Create codistributed array of normally distributed random numbers","href":"codistributed.randn.html"},{"name":"codistributed.spalloc","type":"function","fcntype":"simple","refpurpose":"Allocate space for sparse codistributed matrix","href":"codistributed.spalloc.html"},{"name":"sparse","type":"function","fcntype":"instancemethod","refpurpose":"Create codistributed sparse matrix","href":"codistributed.sparse.html"},{"name":"codistributed.sparse","type":"method","fcntype":"instancemethod","refpurpose":"Create codistributed sparse matrix","href":"codistributed.sparse.html"},{"name":"codistributed.speye","type":"function","fcntype":"simple","refpurpose":"Create codistributed sparse identity matrix","href":"codistributed.speye.html"},{"name":"codistributed.sprand","type":"function","fcntype":"simple","refpurpose":"Create codistributed sparse array of uniformly distributed pseudo-random values","href":"codistributed.sprand.html"},{"name":"codistributed.sprandn","type":"function","fcntype":"simple","refpurpose":"Create codistributed sparse array of normally distributed pseudo-random values","href":"codistributed.sprandn.html"},{"name":"true","type":"function","fcntype":"instancemethod","refpurpose":"Create codistributed array of logical 1 (true)","href":"codistributed.true.html"},{"name":"codistributed.true","type":"method","fcntype":"instancemethod","refpurpose":"Create codistributed array of logical 1 (true)","href":"codistributed.true.html"},{"name":"zeros","type":"function","fcntype":"instancemethod","refpurpose":"Create codistributed array of all zeros","href":"codistributed.zeros.html"},{"name":"codistributed.zeros","type":"method","fcntype":"instancemethod","refpurpose":"Create codistributed array of all zeros","href":"codistributed.zeros.html"},{"name":"codistributed","type":"function","fcntype":"constructor","refpurpose":"Access elements of arrays distributed among workers in parallel pool","href":"codistributed.html"},{"name":"codistributed","type":"object","refpurpose":"Access elements of arrays distributed among workers in parallel pool","href":"codistributed.html"},{"name":"codistributor1d.defaultPartition","type":"function","fcntype":"simple","refpurpose":"Default partition for codistributed array","href":"codistributor1d.defaultpartition.html"},{"name":"isComplete","type":"function","fcntype":"instancemethod","refpurpose":"True if codistributor object is complete","href":"codistributor1d.iscomplete.html"},{"name":"codistributor1d.isComplete","type":"method","fcntype":"instancemethod","refpurpose":"True if codistributor object is complete","href":"codistributor1d.iscomplete.html"},{"name":"codistributor2dbc.isComplete","type":"method","fcntype":"instancemethod","refpurpose":"True if codistributor object is complete","href":"codistributor1d.iscomplete.html"},{"name":"codistributor1d","type":"function","fcntype":"constructor","refpurpose":"1-D distribution scheme for codistributed array","href":"codistributor1d.html"},{"name":"codistributor1d","type":"object","refpurpose":"1-D distribution scheme for codistributed array","href":"codistributor1d.html"},{"name":"codistributor1d.Dimension","type":"property","refpurpose":"Distribution dimension","href":"codistributor1d.html"},{"name":"codistributor1d.Partition","type":"property","refpurpose":"Partitioning vector","href":"codistributor1d.html"},{"name":"codistributor2dbc.defaultWorkerGrid","type":"function","fcntype":"simple","refpurpose":"Default computational grid for 2-D block-cyclic distributed arrays","href":"codistributor2dbc.defaultworkergrid.html"},{"name":"codistributor2dbc","type":"function","fcntype":"constructor","refpurpose":"2-D block-cyclic distribution scheme for codistributed array","href":"codistributor2dbc.html"},{"name":"codistributor2dbc","type":"object","refpurpose":"2-D block-cyclic distribution scheme for codistributed array","href":"codistributor2dbc.html"},{"name":"codistributor2dbc.WorkerGrid","type":"property","refpurpose":"Worker grid of codistributor2dbc object","href":"codistributor2dbc.html"},{"name":"codistributor2dbc.BlockSize","type":"property","refpurpose":"Block size of codistributor2dbc object","href":"codistributor2dbc.html"},{"name":"codistributor2dbc.Orientation","type":"property","refpurpose":"Orientation of codistributor2dbc object","href":"codistributor2dbc.html"},{"name":"codistributor","type":"function","fcntype":"simple","refpurpose":"Create codistributor object for codistributed arrays","href":"codistributor.html"},{"name":"Composite","type":"function","fcntype":"constructor","refpurpose":"Create and access nondistributed variables on multiple workers from client","href":"composite.html"},{"name":"Composite","type":"object","refpurpose":"Create and access nondistributed variables on multiple workers from client","href":"composite.html"},{"name":"createCommunicatingJob","type":"function","fcntype":"simple","refpurpose":"Create communicating job on cluster","href":"createcommunicatingjob.html"},{"name":"createJob","type":"function","fcntype":"simple","refpurpose":"Create independent job on cluster","href":"createjob.html"},{"name":"createTask","type":"function","fcntype":"simple","refpurpose":"Create new task in job","href":"createtask.html"},{"name":"demote","type":"function","fcntype":"simple","refpurpose":"Demote job in MATLAB Job Scheduler cluster queue","href":"demote.html"},{"name":"distributed.cell","type":"function","fcntype":"simple","refpurpose":"Create distributed cell array","href":"distributed.cell.html"},{"name":"getCodistributor","type":"function","fcntype":"instancemethod","refpurpose":"Codistributor object for existing codistributed array","href":"distributed.getcodistributor.html"},{"name":"distributed.getCodistributor","type":"method","fcntype":"instancemethod","refpurpose":"Codistributor object for existing codistributed array","href":"distributed.getcodistributor.html"},{"name":"codistributed.getCodistributor","type":"method","fcntype":"instancemethod","refpurpose":"Codistributor object for existing codistributed array","href":"distributed.getcodistributor.html"},{"name":"getLocalPart","type":"function","fcntype":"instancemethod","refpurpose":"Local portion of codistributed array","href":"distributed.getlocalpart.html"},{"name":"distributed.getLocalPart","type":"method","fcntype":"instancemethod","refpurpose":"Local portion of codistributed array","href":"distributed.getlocalpart.html"},{"name":"codistributed.getLocalPart","type":"method","fcntype":"instancemethod","refpurpose":"Local portion of codistributed array","href":"distributed.getlocalpart.html"},{"name":"globalIndices","type":"function","fcntype":"instancemethod","refpurpose":"Global indices for local part of codistributed array","href":"distributed.globalindices.html"},{"name":"distributed.globalIndices","type":"method","fcntype":"instancemethod","refpurpose":"Global indices for local part of codistributed array","href":"distributed.globalindices.html"},{"name":"codistributed.globalIndices","type":"method","fcntype":"instancemethod","refpurpose":"Global indices for local part of codistributed array","href":"distributed.globalindices.html"},{"name":"codistributor1d.globalIndices","type":"method","fcntype":"instancemethod","refpurpose":"Global indices for local part of codistributed array","href":"distributed.globalindices.html"},{"name":"codistributor2dbc.globalIndices","type":"method","fcntype":"instancemethod","refpurpose":"Global indices for local part of codistributed array","href":"distributed.globalindices.html"},{"name":"length","type":"function","fcntype":"instancemethod","refpurpose":"Length of parallel object array","href":"distributed.length.html"},{"name":"distributed.length","type":"method","fcntype":"instancemethod","refpurpose":"Length of parallel object array","href":"distributed.length.html"},{"name":"gpuArray.length","type":"method","fcntype":"instancemethod","refpurpose":"Length of parallel object array","href":"distributed.length.html"},{"name":"codistributed.length","type":"method","fcntype":"instancemethod","refpurpose":"Length of parallel object array","href":"distributed.length.html"},{"name":"pagefun","type":"function","fcntype":"instancemethod","refpurpose":"Apply function to each page of distributed or GPU array","href":"distributed.pagefun.html"},{"name":"distributed.pagefun","type":"method","fcntype":"instancemethod","refpurpose":"Apply function to each page of distributed or GPU array","href":"distributed.pagefun.html"},{"name":"codistributed.pagefun","type":"method","fcntype":"instancemethod","refpurpose":"Apply function to each page of distributed or GPU array","href":"distributed.pagefun.html"},{"name":"gpuArray.pagefun","type":"method","fcntype":"instancemethod","refpurpose":"Apply function to each page of distributed or GPU array","href":"distributed.pagefun.html"},{"name":"redistribute","type":"function","fcntype":"instancemethod","refpurpose":"Redistribute codistributed array with another distribution scheme","href":"distributed.redistribute.html"},{"name":"distributed.redistribute","type":"method","fcntype":"instancemethod","refpurpose":"Redistribute codistributed array with another distribution scheme","href":"distributed.redistribute.html"},{"name":"codistributed.redistribute","type":"method","fcntype":"instancemethod","refpurpose":"Redistribute codistributed array with another distribution scheme","href":"distributed.redistribute.html"},{"name":"distributed.spalloc","type":"function","fcntype":"simple","refpurpose":"Allocate space for sparse distributed matrix","href":"distributed.spalloc.html"},{"name":"distributed.speye","type":"function","fcntype":"simple","refpurpose":"Create distributed sparse identity matrix","href":"distributed.speye.html"},{"name":"distributed.sprand","type":"function","fcntype":"simple","refpurpose":"Create distributed sparse array of uniformly distributed pseudo-random values","href":"distributed.sprand.html"},{"name":"distributed.sprandn","type":"function","fcntype":"simple","refpurpose":"Create distributed sparse array of normally distributed pseudo-random values","href":"distributed.sprandn.html"},{"name":"tall","type":"function","fcntype":"instancemethod","refpurpose":"Convert distributed array to equivalent tall array","href":"distributed.tall.html"},{"name":"distributed.tall","type":"method","fcntype":"instancemethod","refpurpose":"Convert distributed array to equivalent tall array","href":"distributed.tall.html"},{"name":"distributed","type":"function","fcntype":"constructor","refpurpose":"Create and access elements of distributed arrays from client","href":"distributed.html"},{"name":"distributed","type":"object","refpurpose":"Create and access elements of distributed arrays from client","href":"distributed.html"},{"name":"dload","type":"function","fcntype":"simple","refpurpose":"Load distributed arrays and Composite objects","href":"dload.html"},{"name":"dsave","type":"function","fcntype":"simple","refpurpose":"Save workspace distributed arrays and Composite objects","href":"dsave.html"},{"name":"exist","type":"function","fcntype":"simple","refpurpose":"Check whether Composite is defined on workers","href":"exist.html"},{"name":"feval","type":"function","fcntype":"simple","refpurpose":"Evaluate kernel on GPU","href":"feval.html"},{"name":"findJob","type":"function","fcntype":"simple","refpurpose":"Find job objects in cluster","href":"findjob.html"},{"name":"findTask","type":"function","fcntype":"simple","refpurpose":"Find task in job","href":"findtask.html"},{"name":"for (drange)","type":"function","fcntype":"simple","refpurpose":"for-loop over distributed range","href":"fordrange.html"},{"name":"gcat","type":"function","fcntype":"simple","refpurpose":"(Not recommended) Concatenate arrays on spmd workers","deprecated":"true","href":"gcat.html"},{"name":"gcp","type":"function","fcntype":"simple","refpurpose":"Get current parallel pool","href":"gcp.html"},{"name":"getAttachedFilesFolder","type":"function","fcntype":"simple","refpurpose":"Identify folder on a worker where attached files are copied to","href":"getattachedfilesfolder.html"},{"name":"getCurrentCluster","type":"function","fcntype":"simple","refpurpose":"Get cluster object from a worker in a cluster","href":"getcurrentcluster.html"},{"name":"getCurrentFileStore","type":"function","fcntype":"simple","refpurpose":"Get file storage of current job or pool","href":"getcurrentfilestore.html"},{"name":"getCurrentJob","type":"function","fcntype":"simple","refpurpose":"Get job object from a worker running a job","href":"getcurrentjob.html"},{"name":"getCurrentTask","type":"function","fcntype":"simple","refpurpose":"Get task object from a worker running a task","href":"getcurrenttask.html"},{"name":"getCurrentValueStore","type":"function","fcntype":"simple","refpurpose":"Get data storage of current job or pool","href":"getcurrentvaluestore.html"},{"name":"getCurrentWorker","type":"function","fcntype":"simple","refpurpose":"Get worker object from current worker","href":"getcurrentworker.html"},{"name":"getDebugLog","type":"function","fcntype":"simple","refpurpose":"Read output messages from job run in CJS cluster","href":"getdebuglog.html"},{"name":"getJobClusterData","type":"function","fcntype":"simple","refpurpose":"Get specific user data for job on third-party cluster","href":"getjobclusterdata.html"},{"name":"getJobFolder","type":"function","fcntype":"simple","refpurpose":"Folder on client where jobs are stored","href":"getjobfolder.html"},{"name":"getJobFolderOnCluster","type":"function","fcntype":"simple","refpurpose":"Folder on cluster where jobs are stored","href":"getjobfolderoncluster.html"},{"name":"getLogLocation","type":"function","fcntype":"simple","refpurpose":"Log location for job or task","href":"getloglocation.html"},{"name":"gop","type":"function","fcntype":"simple","refpurpose":"(Not recommended) Reduce arrays on spmd workers","deprecated":"true","href":"gop.html"},{"name":"gplus","type":"function","fcntype":"simple","refpurpose":"(Not recommended) Add arrays from workers in an spmd block","deprecated":"true","href":"gplus.html"},{"name":"arrayfun","type":"function","fcntype":"instancemethod","refpurpose":"Apply function to each element of array on GPU","href":"gpuarray.arrayfun.html"},{"name":"gpuArray.arrayfun","type":"method","fcntype":"instancemethod","refpurpose":"Apply function to each element of array on GPU","href":"gpuarray.arrayfun.html"},{"name":"bsxfun","type":"function","fcntype":"instancemethod","refpurpose":"Binary singleton expansion function for gpuArray","href":"gpuarray.bsxfun.html"},{"name":"gpuArray.bsxfun","type":"method","fcntype":"instancemethod","refpurpose":"Binary singleton expansion function for gpuArray","href":"gpuarray.bsxfun.html"},{"name":"gather","type":"function","fcntype":"instancemethod","refpurpose":"Transfer distributed array, Composite object, or gpuArray object to local workspace","href":"gpuarray.gather.html"},{"name":"gpuArray.gather","type":"method","fcntype":"instancemethod","refpurpose":"Transfer distributed array, Composite object, or gpuArray object to local workspace","href":"gpuarray.gather.html"},{"name":"distributed.gather","type":"method","fcntype":"instancemethod","refpurpose":"Transfer distributed array, Composite object, or gpuArray object to local workspace","href":"gpuarray.gather.html"},{"name":"codistributed.gather","type":"method","fcntype":"instancemethod","refpurpose":"Transfer distributed array, Composite object, or gpuArray object to local workspace","href":"gpuarray.gather.html"},{"name":"composite.gather","type":"method","fcntype":"instancemethod","refpurpose":"Transfer distributed array, Composite object, or gpuArray object to local workspace","href":"gpuarray.gather.html"},{"name":"gpuArray","type":"function","fcntype":"constructor","refpurpose":"Array stored on GPU","href":"gpuarray.html"},{"name":"gpuArray","type":"object","refpurpose":"Array stored on GPU","href":"gpuarray.html"},{"name":"gpurng","type":"function","fcntype":"simple","refpurpose":"Control random number generation on the GPU","href":"gpurng.html"},{"name":"gputimeit","type":"function","fcntype":"simple","refpurpose":"Time required to run function on GPU","href":"gputimeit.html"},{"name":"help","type":"function","fcntype":"simple","refpurpose":"Help for toolbox functions in Command Window","href":"help.html"},{"name":"isaUnderlying","type":"function","fcntype":"simple","refpurpose":"(Not recommended) True if distributed array's underlying elements are of specified class","href":"isaunderlying.html"},{"name":"iscodistributed","type":"function","fcntype":"simple","refpurpose":"True for codistributed array","href":"iscodistributed.html"},{"name":"isdistributed","type":"function","fcntype":"simple","refpurpose":"True for distributed array","href":"isdistributed.html"},{"name":"isgpuarray","type":"function","fcntype":"simple","refpurpose":"Determine whether input is gpuArray","href":"isgpuarray.html"},{"name":"isreplicated","type":"function","fcntype":"simple","refpurpose":"True for replicated array","href":"isreplicated.html"},{"name":"jobStartup","type":"function","fcntype":"simple","refpurpose":"File for user-defined options to run when job starts","href":"jobstartup.html"},{"name":"labBarrier","type":"function","fcntype":"simple","refpurpose":"(Not recommended) Synchronize workers in an spmd block","deprecated":"true","href":"labbarrier.html"},{"name":"labBroadcast","type":"function","fcntype":"simple","refpurpose":"(Not recommended) Send data to all workers in an spmd block","deprecated":"true","href":"labbroadcast.html"},{"name":"labindex","type":"function","fcntype":"simple","refpurpose":"(Not recommended) Index of the current worker in an spmd block","deprecated":"true","href":"labindex.html"},{"name":"labProbe","type":"function","fcntype":"simple","refpurpose":"(Not recommended) Determine if data is available for the current worker in an spmd to receive","deprecated":"true","href":"labprobe.html"},{"name":"labReceive","type":"function","fcntype":"simple","refpurpose":"(Not recommended) Receive data from another worker in an spmd block","deprecated":"true","href":"labreceive.html"},{"name":"labSend","type":"function","fcntype":"simple","refpurpose":"(Not recommended) Send data to another worker in an spmd block","deprecated":"true","href":"labsend.html"},{"name":"labSendReceive","type":"function","fcntype":"simple","refpurpose":"(Not recommended) Simultaneously send and receive data on a worker in an spmd block","deprecated":"true","href":"labsendreceive.html"},{"name":"logout","type":"function","fcntype":"simple","refpurpose":"Log out of MATLAB Job Scheduler cluster","href":"logout.html"},{"name":"mapreducer","type":"function","fcntype":"simple","refpurpose":"Define parallel execution environment for mapreduce and tall arrays","href":"mapreducer.html"},{"name":"methods","type":"function","fcntype":"simple","refpurpose":"List functions of object class","href":"methods.html"},{"name":"mexcuda","type":"function","fcntype":"simple","refpurpose":"Compile MEX functions or PTX files for GPU computation","href":"mexcuda.html"},{"name":"mpiLibConf","type":"function","fcntype":"simple","refpurpose":"Location of MPI implementation","href":"mpilibconf.html"},{"name":"mpiprofile","type":"function","fcntype":"simple","refpurpose":"Profile parallel communication and execution times","href":"mpiprofile.html"},{"name":"mpiSettings","type":"function","fcntype":"simple","refpurpose":"Configure options for MPI communication","href":"mpisettings.html"},{"name":"mxGPUArray","type":"function","fcntype":"simple","refpurpose":"Type for MATLAB gpuArray","href":"mxgpuarray.html"},{"name":"mxGPUCopyFromMxArray (C)","type":"c","refpurpose":"Copy mxArray to mxGPUArray","href":"mxgpucopyfrommxarray.html"},{"name":"mxGPUCopyGPUArray (C)","type":"c","refpurpose":"Duplicate (deep copy) mxGPUArray object","href":"mxgpucopygpuarray.html"},{"name":"mxGPUCopyImag (C)","type":"c","refpurpose":"Copy imaginary part of mxGPUArray","href":"mxgpucopyimag.html"},{"name":"mxGPUCopyReal (C)","type":"c","refpurpose":"Copy real part of mxGPUArray","href":"mxgpucopyreal.html"},{"name":"mxGPUCreateComplexGPUArray (C)","type":"c","refpurpose":"Create complex GPU array from two real gpuArrays","href":"mxgpucreatecomplexgpuarray.html"},{"name":"mxGPUCreateFromMxArray (C)","type":"c","refpurpose":"Create read-only mxGPUArray object from input mxArray","href":"mxgpucreatefrommxarray.html"},{"name":"mxGPUCreateGPUArray (C)","type":"c","refpurpose":"Create mxGPUArray object, allocating memory on GPU","href":"mxgpucreategpuarray.html"},{"name":"mxGPUCreateMxArrayOnCPU (C)","type":"c","refpurpose":"Create mxArray for returning CPU data to MATLAB with data from GPU","href":"mxgpucreatemxarrayoncpu.html"},{"name":"mxGPUCreateMxArrayOnGPU (C)","type":"c","refpurpose":"Create mxArray for returning GPU data to MATLAB","href":"mxgpucreatemxarrayongpu.html"},{"name":"mxGPUDestroyGPUArray (C)","type":"c","refpurpose":"Delete mxGPUArray object","href":"mxgpudestroygpuarray.html"},{"name":"mxGPUGetClassID (C)","type":"c","refpurpose":"mxClassID associated with data on GPU","href":"mxgpugetclassid.html"},{"name":"mxGPUGetComplexity (C)","type":"c","refpurpose":"Complexity of data on GPU","href":"mxgpugetcomplexity.html"},{"name":"mxGPUGetData (C)","type":"c","refpurpose":"Raw pointer to underlying data","href":"mxgpugetdata.html"},{"name":"mxGPUGetDataReadOnly (C)","type":"c","refpurpose":"Read-only raw pointer to underlying data","href":"mxgpugetdatareadonly.html"},{"name":"mxGPUGetDimensions (C)","type":"c","refpurpose":"mxGPUArray dimensions","href":"mxgpugetdimensions.html"},{"name":"mxGPUGetNumberOfDimensions (C)","type":"c","refpurpose":"Size of dimension array for mxGPUArray","href":"mxgpugetnumberofdimensions.html"},{"name":"mxGPUGetNumberOfElements (C)","type":"c","refpurpose":"Number of elements on GPU for array","href":"mxgpugetnumberofelements.html"},{"name":"mxGPUIsSame (C)","type":"c","refpurpose":"Determine if two mxGPUArrays refer to same GPU data","href":"mxgpuissame.html"},{"name":"mxGPUIsSparse (C)","type":"c","refpurpose":"Determine if mxGPUArray contains sparse GPU data","href":"mxgpuissparse.html"},{"name":"mxGPUIsValidGPUData (C)","type":"c","refpurpose":"Determine if mxArray is pointer to valid GPU data","href":"mxgpuisvalidgpudata.html"},{"name":"mxGPUSetDimensions (C)","type":"c","refpurpose":"Modify number of dimensions and size of each dimension","href":"mxgpusetdimensions.html"},{"name":"mxInitGPU (C)","type":"c","refpurpose":"Initialize MATLAB GPU library on currently selected device","href":"mxinitgpu.html"},{"name":"mxIsGPUArray (C)","type":"c","refpurpose":"Determine if mxArray contains GPU data","href":"mxisgpuarray.html"},{"name":"numlabs","type":"function","fcntype":"simple","refpurpose":"(Not recommended) Number of workers running current spmd block","deprecated":"true","href":"numlabs.html"},{"name":"parallel.cluster.generic.awsbatch.deleteBatchJob","type":"function","fcntype":"simple","refpurpose":"Terminate job in AWS Batch","href":"parallel.cluster.generic.awsbatch.deletebatchjob.html"},{"name":"parallel.cluster.generic.awsbatch.deleteJobFilesFromS3","type":"function","fcntype":"simple","refpurpose":"Delete job files from Amazon S3","href":"parallel.cluster.generic.awsbatch.deletejobfilesfroms3.html"},{"name":"parallel.cluster.generic.awsbatch.downloadJobFilesFromS3","type":"function","fcntype":"simple","refpurpose":"Download job output files from Amazon S3","href":"parallel.cluster.generic.awsbatch.downloadjobfilesfroms3.html"},{"name":"parallel.cluster.generic.awsbatch.downloadJobLogFiles","type":"function","fcntype":"simple","refpurpose":"Download AWS Batch job log files","href":"parallel.cluster.generic.awsbatch.downloadjoblogfiles.html"},{"name":"parallel.cluster.generic.awsbatch.getBatchJobInfo","type":"function","fcntype":"simple","refpurpose":"Get AWS Batch job information","href":"parallel.cluster.generic.awsbatch.getbatchjobinfo.html"},{"name":"parallel.cluster.generic.awsbatch.submitBatchJob","type":"function","fcntype":"simple","refpurpose":"Submit job to AWS Batch","href":"parallel.cluster.generic.awsbatch.submitbatchjob.html"},{"name":"parallel.cluster.generic.awsbatch.uploadJobFilesToS3","type":"function","fcntype":"simple","refpurpose":"Upload job input files to Amazon S3","href":"parallel.cluster.generic.awsbatch.uploadjobfilestos3.html"},{"name":"parallel.cluster.Hadoop","type":"function","fcntype":"simple","refpurpose":"Create Hadoop cluster object","href":"parallel.cluster.hadoop_function.html"},{"name":"parallel.cluster.Hadoop","type":"function","fcntype":"simple","refpurpose":"Hadoop cluster for mapreducer, mapreduce and tall arrays","href":"parallel.cluster.hadoop.html"},{"name":"isequal","type":"function","fcntype":"instancemethod","refpurpose":"True if clusters have same property values","href":"parallel.cluster.isequal.html"},{"name":"parallel.Cluster.isequal","type":"method","fcntype":"instancemethod","refpurpose":"True if clusters have same property values","href":"parallel.cluster.isequal.html"},{"name":"parallel.cluster.Spark","type":"function","fcntype":"constructor","refpurpose":"Spark cluster for mapreducer, mapreduce and tall arrays","href":"parallel.cluster.spark.html"},{"name":"parallel.cluster.Spark","type":"object","refpurpose":"Spark cluster for mapreducer, mapreduce and tall arrays","href":"parallel.cluster.spark.html"},{"name":"parallel.cluster.spark","type":"object","refpurpose":"Spark cluster for mapreducer, mapreduce and tall arrays","href":"parallel.cluster.spark.html"},{"name":"AdditionalPaths","type":"property","refpurpose":"Folders to add to MATLAB search path","href":"parallel.cluster.spark.html"},{"name":"AttachedFiles","type":"property","refpurpose":"Files and folders sent to workers","href":"parallel.cluster.spark.html"},{"name":"AutoAttachFiles","type":"property","refpurpose":"Specify whether to automatically attach files","href":"parallel.cluster.spark.html"},{"name":"ClusterMatlabRoot","type":"property","refpurpose":"Path to MATLAB for workers","href":"parallel.cluster.spark.html"},{"name":"Jobs","type":"property","refpurpose":"Jobs contained within cluster","href":"parallel.cluster.spark.html"},{"name":"LicenseNumber","type":"property","refpurpose":"License number to use","href":"parallel.cluster.spark.html"},{"name":"Modified","type":"property","refpurpose":"Logical true if the cluster has been modified","href":"parallel.cluster.spark.html"},{"name":"NumThreads","type":"property","refpurpose":"Number of computational threads for workers","href":"parallel.cluster.spark.html"},{"name":"OperatingSystem","type":"property","refpurpose":"Operating system of cluster worker machines","href":"parallel.cluster.spark.html"},{"name":"Profile","type":"property","refpurpose":"Name of profile used to create cluster object","href":"parallel.cluster.spark.html"},{"name":"RequiresOnlineLicensing","type":"property","refpurpose":"Specify whether cluster requires online licensing","href":"parallel.cluster.spark.html"},{"name":"SparkInstallFolder","type":"property","refpurpose":"Path to Spark installation on client machine","href":"parallel.cluster.spark.html"},{"name":"SparkProperties","type":"property","refpurpose":"Map of Spark name-value property pairs","href":"parallel.cluster.spark.html"},{"name":"Type","type":"property","refpurpose":"Cluster type","href":"parallel.cluster.spark.html"},{"name":"UserData","type":"property","refpurpose":"Data associated with cluster object in current session","href":"parallel.cluster.spark.html"},{"name":"parallel.Cluster","type":"function","fcntype":"simple","refpurpose":"Access cluster properties and behaviors","href":"parallel.cluster.html"},{"name":"parallel.ClusterPool","type":"object","refpurpose":"Parallel pool of workers on a cluster of machines","href":"parallel.clusterpool.html"},{"name":"parallel.ClusterPool.AttachedFiles","type":"property","refpurpose":"Files and folders copied to workers","href":"parallel.clusterpool.html"},{"name":"parallel.ClusterPool.AutoAddClientPath","type":"property","refpurpose":"Indication whether user-added entries on client path are added to worker paths","href":"parallel.clusterpool.html"},{"name":"parallel.ClusterPool.Cluster","type":"property","refpurpose":"Cluster on which the parallel pool is running","href":"parallel.clusterpool.html"},{"name":"parallel.ClusterPool.Connected","type":"property","refpurpose":"Flag that indicates whether the parallel pool is running","href":"parallel.clusterpool.html"},{"name":"parallel.ClusterPool.EnvironmentVariables","type":"property","refpurpose":"Environment variables copied to the workers","href":"parallel.clusterpool.html"},{"name":"parallel.ClusterPool.FevalQueue","type":"property","refpurpose":"Queue of FevalFutures to run on the parallel pool","href":"parallel.clusterpool.html"},{"name":"parallel.ClusterPool.FileStore","type":"property","refpurpose":"Store of files accessible to both client and workers","href":"parallel.clusterpool.html"},{"name":"parallel.ClusterPool.IdleTimeout","type":"property","refpurpose":"Time after which the pool shuts down if idle","href":"parallel.clusterpool.html"},{"name":"parallel.ClusterPool.NumWorkers","type":"property","refpurpose":"Number of workers comprising the parallel pool","href":"parallel.clusterpool.html"},{"name":"parallel.ClusterPool.Busy","type":"property","refpurpose":"Flag that indicates whether the parallel pool is busy","href":"parallel.clusterpool.html"},{"name":"parallel.ClusterPool.SpmdEnabled","type":"property","refpurpose":"Indication if pool can run spmd code","href":"parallel.clusterpool.html"},{"name":"parallel.ClusterPool.ValueStore","type":"property","refpurpose":"Store of data accessible to both client and workers","href":"parallel.clusterpool.html"},{"name":"parallel.ClusterPool.Workers","type":"property","refpurpose":"Information about workers comprising the parallel pool","href":"parallel.clusterpool.html"},{"name":"parallel.clusterProfiles","type":"function","fcntype":"simple","refpurpose":"(Not recommended) Names of all available cluster profiles","deprecated":"true","href":"parallel.clusterprofiles.html"},{"name":"parallel.defaultClusterProfile","type":"function","fcntype":"simple","refpurpose":"(Not recommended) Examine or set default cluster profile","deprecated":"true","href":"parallel.defaultclusterprofile.html"},{"name":"parallel.defaultProfile","type":"function","fcntype":"simple","refpurpose":"Examine or set default cluster profile","href":"parallel.defaultprofile.html"},{"name":"parallel.exportProfile","type":"function","fcntype":"simple","refpurpose":"Export one or more profiles to file","href":"parallel.exportprofile.html"},{"name":"copyFileFromStore","type":"function","fcntype":"instancemethod","refpurpose":"Copy files from FileStore object to local file system","href":"parallel.filestore.copyfilefromstore.html"},{"name":"parallel.FileStore.copyFileFromStore","type":"method","fcntype":"instancemethod","refpurpose":"Copy files from FileStore object to local file system","href":"parallel.filestore.copyfilefromstore.html"},{"name":"copyFileToStore","type":"function","fcntype":"instancemethod","refpurpose":"Copy files from local file system to FileStore object","href":"parallel.filestore.copyfiletostore.html"},{"name":"parallel.FileStore.copyFileToStore","type":"method","fcntype":"instancemethod","refpurpose":"Copy files from local file system to FileStore object","href":"parallel.filestore.copyfiletostore.html"},{"name":"parallel.FileStore","type":"object","refpurpose":"File storage shared by MATLAB clients and workers","href":"parallel.filestore.html"},{"name":"parallel.FileStore.KeyUpdatedFcn","type":"property","refpurpose":"Callback executed when entry is added or replaced","href":"parallel.filestore.html"},{"name":"parallel.FileStore.KeyRemovedFcn","type":"property","refpurpose":"Callback executed when entry is removed","href":"parallel.filestore.html"},{"name":"existsOnGPU","type":"function","fcntype":"instancemethod","refpurpose":"Determine if gpuArray or CUDAKernel is available on GPU","href":"parallel.gpu.cudakernel.existsongpu.html"},{"name":"parallel.gpu.CUDAKernel.existsOnGPU","type":"method","fcntype":"instancemethod","refpurpose":"Determine if gpuArray or CUDAKernel is available on GPU","href":"parallel.gpu.cudakernel.existsongpu.html"},{"name":"gpuArray.existsOnGPU","type":"method","fcntype":"instancemethod","refpurpose":"Determine if gpuArray or CUDAKernel is available on GPU","href":"parallel.gpu.cudakernel.existsongpu.html"},{"name":"parallel.gpu.CUDAKernel","type":"function","fcntype":"simple","refpurpose":"Kernel executable on GPU","href":"parallel.gpu.cudakernel.html"},{"name":"parallel.gpu.CUDAKernel","type":"object","refpurpose":"Kernel executable on GPU","href":"parallel.gpu.cudakernel.html"},{"name":"parallel.gpu.CUDAKernel.ThreadBlockSize","type":"property","refpurpose":"Size of block of threads on kernel","href":"parallel.gpu.cudakernel.html"},{"name":"parallel.gpu.CUDAKernel.MaxThreadsPerBlock","type":"property","refpurpose":"Maximum number of threads permissible in single block","href":"parallel.gpu.cudakernel.html"},{"name":"parallel.gpu.CUDAKernel.GridSize","type":"property","refpurpose":"Size of grid","href":"parallel.gpu.cudakernel.html"},{"name":"parallel.gpu.CUDAKernel.SharedMemorySize","type":"property","refpurpose":"Size of shared memory","href":"parallel.gpu.cudakernel.html"},{"name":"parallel.gpu.CUDAKernel.EntryPoint","type":"property","refpurpose":"Entry point name","href":"parallel.gpu.cudakernel.html"},{"name":"parallel.gpu.CUDAKernel.MaxNumLHSArguments","type":"property","refpurpose":"Maximum number of left hand side arguments","href":"parallel.gpu.cudakernel.html"},{"name":"parallel.gpu.CUDAKernel.NumRHSArguments","type":"property","refpurpose":"Required number of right hand side arguments","href":"parallel.gpu.cudakernel.html"},{"name":"parallel.gpu.CUDAKernel.ArgumentTypes","type":"property","refpurpose":"Expected data type of right hand side arguments","href":"parallel.gpu.cudakernel.html"},{"name":"parallel.gpu.enableCUDAForwardCompatibility","type":"function","fcntype":"simple","refpurpose":"Query and set forward compatibility for GPU devices","href":"parallel.gpu.enablecudaforwardcompatibility.html"},{"name":"gpuDeviceCount","type":"function","fcntype":"instancemethod","refpurpose":"Number of GPU devices present","href":"parallel.gpu.gpudevice.gpudevicecount.html"},{"name":"parallel.gpu.GPUDevice.gpuDeviceCount","type":"method","fcntype":"instancemethod","refpurpose":"Number of GPU devices present","href":"parallel.gpu.gpudevice.gpudevicecount.html"},{"name":"parallel.gpu.CUDADevice.gpuDeviceCount","type":"method","fcntype":"instancemethod","refpurpose":"Number of GPU devices present","href":"parallel.gpu.gpudevice.gpudevicecount.html"},{"name":"gpuDeviceTable","type":"function","fcntype":"instancemethod","refpurpose":"Table of properties of GPU devices","href":"parallel.gpu.gpudevice.gpudevicetable.html"},{"name":"parallel.gpu.GPUDevice.gpuDeviceTable","type":"method","fcntype":"instancemethod","refpurpose":"Table of properties of GPU devices","href":"parallel.gpu.gpudevice.gpudevicetable.html"},{"name":"parallel.gpu.CUDADevice.gpuDeviceTable","type":"method","fcntype":"instancemethod","refpurpose":"Table of properties of GPU devices","href":"parallel.gpu.gpudevice.gpudevicetable.html"},{"name":"reset","type":"function","fcntype":"instancemethod","refpurpose":"Reset GPU device and clear its memory","href":"parallel.gpu.gpudevice.reset.html"},{"name":"parallel.gpu.GPUDevice.reset","type":"method","fcntype":"instancemethod","refpurpose":"Reset GPU device and clear its memory","href":"parallel.gpu.gpudevice.reset.html"},{"name":"parallel.gpu.CUDADevice.reset","type":"method","fcntype":"instancemethod","refpurpose":"Reset GPU device and clear its memory","href":"parallel.gpu.gpudevice.reset.html"},{"name":"wait","type":"function","fcntype":"instancemethod","refpurpose":"Wait for GPU calculation to complete","href":"parallel.gpu.gpudevice.wait.html"},{"name":"parallel.gpu.GPUDevice.wait","type":"method","fcntype":"instancemethod","refpurpose":"Wait for GPU calculation to complete","href":"parallel.gpu.gpudevice.wait.html"},{"name":"parallel.gpu.CUDADevice.wait","type":"method","fcntype":"instancemethod","refpurpose":"Wait for GPU calculation to complete","href":"parallel.gpu.gpudevice.wait.html"},{"name":"gpuDevice","type":"function","fcntype":"simple","refpurpose":"Query or select a GPU device","href":"parallel.gpu.gpudevice.html"},{"name":"parallel.gpu.GPUDevice","type":"object","refpurpose":"Query or select a GPU device","href":"parallel.gpu.gpudevice.html"},{"name":"parallel.gpu.CUDADevice","type":"object","refpurpose":"Query or select a GPU device","href":"parallel.gpu.gpudevice.html"},{"name":"parallel.gpu.GPUDevice.Name","type":"property","refpurpose":"Name of the GPU device","href":"parallel.gpu.gpudevice.html"},{"name":"parallel.gpu.CUDADevice.Name","type":"property","refpurpose":"Name of the GPU device","href":"parallel.gpu.gpudevice.html"},{"name":"parallel.gpu.GPUDevice.Index","type":"property","refpurpose":"Index of the GPU device","href":"parallel.gpu.gpudevice.html"},{"name":"parallel.gpu.CUDADevice.Index","type":"property","refpurpose":"Index of the GPU device","href":"parallel.gpu.gpudevice.html"},{"name":"parallel.gpu.GPUDevice.UUID","type":"property","refpurpose":"Universally unique identifier","href":"parallel.gpu.gpudevice.html"},{"name":"parallel.gpu.CUDADevice.UUID","type":"property","refpurpose":"Universally unique identifier","href":"parallel.gpu.gpudevice.html"},{"name":"parallel.gpu.GPUDevice.DeviceSelected","type":"property","refpurpose":"Flag for currently selected device","href":"parallel.gpu.gpudevice.html"},{"name":"parallel.gpu.CUDADevice.DeviceSelected","type":"property","refpurpose":"Flag for currently selected device","href":"parallel.gpu.gpudevice.html"},{"name":"parallel.gpu.GPUDevice.DeviceAvailable","type":"property","refpurpose":"Flag for available device","href":"parallel.gpu.gpudevice.html"},{"name":"parallel.gpu.CUDADevice.DeviceAvailable","type":"property","refpurpose":"Flag for available device","href":"parallel.gpu.gpudevice.html"},{"name":"parallel.gpu.GPUDevice.DeviceSupported","type":"property","refpurpose":"Flag for supported device","href":"parallel.gpu.gpudevice.html"},{"name":"parallel.gpu.CUDADevice.DeviceSupported","type":"property","refpurpose":"Flag for supported device","href":"parallel.gpu.gpudevice.html"},{"name":"parallel.gpu.GPUDevice.LastAccessed","type":"property","refpurpose":"Date and time device was last accessed","href":"parallel.gpu.gpudevice.html"},{"name":"parallel.gpu.CUDADevice.LastAccessed","type":"property","refpurpose":"Date and time device was last accessed","href":"parallel.gpu.gpudevice.html"},{"name":"parallel.gpu.GPUDevice.TotalMemory","type":"property","refpurpose":"Total memory","href":"parallel.gpu.gpudevice.html"},{"name":"parallel.gpu.CUDADevice.TotalMemory","type":"property","refpurpose":"Total memory","href":"parallel.gpu.gpudevice.html"},{"name":"parallel.gpu.GPUDevice.AvailableMemory","type":"property","refpurpose":"Total memory available for data","href":"parallel.gpu.gpudevice.html"},{"name":"parallel.gpu.CUDADevice.AvailableMemory","type":"property","refpurpose":"Total memory available for data","href":"parallel.gpu.gpudevice.html"},{"name":"parallel.gpu.GPUDevice.CachePolicy","type":"property","refpurpose":"Current caching policy of GPU device","href":"parallel.gpu.gpudevice.html"},{"name":"parallel.gpu.CUDADevice.CachePolicy","type":"property","refpurpose":"Current caching policy of GPU device","href":"parallel.gpu.gpudevice.html"},{"name":"parallel.gpu.GPUDevice.GraphicsDriverVersion","type":"property","refpurpose":"Graphics driver version in use","href":"parallel.gpu.gpudevice.html"},{"name":"parallel.gpu.CUDADevice.GraphicsDriverVersion","type":"property","refpurpose":"Graphics driver version in use","href":"parallel.gpu.gpudevice.html"},{"name":"parallel.gpu.GPUDevice.DriverModel","type":"property","refpurpose":"Operating model of graphics driver","href":"parallel.gpu.gpudevice.html"},{"name":"parallel.gpu.CUDADevice.DriverModel","type":"property","refpurpose":"Operating model of graphics driver","href":"parallel.gpu.gpudevice.html"},{"name":"parallel.gpu.GPUDevice.ComputeMode","type":"property","refpurpose":"Compute mode","href":"parallel.gpu.gpudevice.html"},{"name":"parallel.gpu.CUDADevice.ComputeMode","type":"property","refpurpose":"Compute mode","href":"parallel.gpu.gpudevice.html"},{"name":"parallel.gpu.GPUDevice.KernelExecutionTimeout","type":"property","refpurpose":"Flag for timeout for long-running kernels","href":"parallel.gpu.gpudevice.html"},{"name":"parallel.gpu.CUDADevice.KernelExecutionTimeout","type":"property","refpurpose":"Flag for timeout for long-running kernels","href":"parallel.gpu.gpudevice.html"},{"name":"parallel.gpu.GPUDevice.ComputeCapability","type":"property","refpurpose":"Computational capability of the GPU device","href":"parallel.gpu.gpudevice.html"},{"name":"parallel.gpu.CUDADevice.ComputeCapability","type":"property","refpurpose":"Computational capability of the GPU device","href":"parallel.gpu.gpudevice.html"},{"name":"parallel.gpu.GPUDevice.MultiprocessorCount","type":"property","refpurpose":"Number of streaming multiprocessors","href":"parallel.gpu.gpudevice.html"},{"name":"parallel.gpu.CUDADevice.MultiprocessorCount","type":"property","refpurpose":"Number of streaming multiprocessors","href":"parallel.gpu.gpudevice.html"},{"name":"parallel.gpu.GPUDevice.ClockRateKHz","type":"property","refpurpose":"Peak clock rate","href":"parallel.gpu.gpudevice.html"},{"name":"parallel.gpu.CUDADevice.ClockRateKHz","type":"property","refpurpose":"Peak clock rate","href":"parallel.gpu.gpudevice.html"},{"name":"parallel.gpu.GPUDevice.SingleDoubleRatio","type":"property","refpurpose":"Ratio of single- to double-precision FPUs","href":"parallel.gpu.gpudevice.html"},{"name":"parallel.gpu.CUDADevice.SingleDoubleRatio","type":"property","refpurpose":"Ratio of single- to double-precision FPUs","href":"parallel.gpu.gpudevice.html"},{"name":"parallel.gpu.GPUDevice.MaxThreadsPerBlock","type":"property","refpurpose":"Maximum supported number of threads per block","href":"parallel.gpu.gpudevice.html"},{"name":"parallel.gpu.CUDADevice.MaxThreadsPerBlock","type":"property","refpurpose":"Maximum supported number of threads per block","href":"parallel.gpu.gpudevice.html"},{"name":"parallel.gpu.GPUDevice.MaxShmemPerBlock","type":"property","refpurpose":"Maximum supported amount of shared memory","href":"parallel.gpu.gpudevice.html"},{"name":"parallel.gpu.CUDADevice.MaxShmemPerBlock","type":"property","refpurpose":"Maximum supported amount of shared memory","href":"parallel.gpu.gpudevice.html"},{"name":"parallel.gpu.GPUDevice.MaxThreadBlockSize","type":"property","refpurpose":"Maximum size in each dimension for thread block","href":"parallel.gpu.gpudevice.html"},{"name":"parallel.gpu.CUDADevice.MaxThreadBlockSize","type":"property","refpurpose":"Maximum size in each dimension for thread block","href":"parallel.gpu.gpudevice.html"},{"name":"parallel.gpu.GPUDevice.MaxGridSize","type":"property","refpurpose":"Maximum size of grid of thread blocks","href":"parallel.gpu.gpudevice.html"},{"name":"parallel.gpu.CUDADevice.MaxGridSize","type":"property","refpurpose":"Maximum size of grid of thread blocks","href":"parallel.gpu.gpudevice.html"},{"name":"parallel.gpu.GPUDevice.SIMDWidth","type":"property","refpurpose":"Number of simultaneously executing threads","href":"parallel.gpu.gpudevice.html"},{"name":"parallel.gpu.CUDADevice.SIMDWidth","type":"property","refpurpose":"Number of simultaneously executing threads","href":"parallel.gpu.gpudevice.html"},{"name":"parallel.gpu.GPUDevice.ToolkitVersion","type":"property","refpurpose":"CUDA toolkit version","href":"parallel.gpu.gpudevice.html"},{"name":"parallel.gpu.CUDADevice.ToolkitVersion","type":"property","refpurpose":"CUDA toolkit version","href":"parallel.gpu.gpudevice.html"},{"name":"parallel.gpu.GPUDeviceManager","type":"class","refpurpose":"Manager for GPU Devices","href":"parallel.gpu.gpudevicemanager-class.html"},{"name":"parallel.gpu.GPUDeviceManager.SelectedDevice","type":"property","refpurpose":"Selected GPU device","href":"parallel.gpu.gpudevicemanager-class.html"},{"name":"parallel.gpu.RandStream.create","type":"function","fcntype":"simple","refpurpose":"Create independent random number streams on a GPU","href":"parallel.gpu.randstream.create.html"},{"name":"parallel.gpu.RandStream.getGlobalStream","type":"function","fcntype":"simple","refpurpose":"Get current global GPU random number stream","href":"parallel.gpu.randstream.getglobalstream.html"},{"name":"parallel.gpu.RandStream.list","type":"function","fcntype":"simple","refpurpose":"List random number generator algorithms on the GPU","href":"parallel.gpu.randstream.list.html"},{"name":"parallel.gpu.RandStream.setGlobalStream","type":"function","fcntype":"simple","refpurpose":"Set GPU global random number stream","href":"parallel.gpu.randstream.setglobalstream.html"},{"name":"parallel.gpu.RandStream","type":"function","fcntype":"constructor","refpurpose":"Random number stream on a GPU","href":"parallel.gpu.randstream.html"},{"name":"parallel.gpu.RandStream","type":"object","refpurpose":"Random number stream on a GPU","href":"parallel.gpu.randstream.html"},{"name":"parallel.gpu.RandStream.Type","type":"property","refpurpose":"Random number generator algorithm","href":"parallel.gpu.randstream.html"},{"name":"parallel.gpu.RandStream.Seed","type":"property","refpurpose":"Random number seed","href":"parallel.gpu.randstream.html"},{"name":"parallel.gpu.RandStream.NormalTransform","type":"property","refpurpose":"Normal transformation algorithm","href":"parallel.gpu.randstream.html"},{"name":"parallel.gpu.RandStream.NumStreams","type":"property","refpurpose":"Number of Streams","href":"parallel.gpu.randstream.html"},{"name":"parallel.gpu.RandStream.StreamIndex","type":"property","refpurpose":"Stream index","href":"parallel.gpu.randstream.html"},{"name":"parallel.gpu.RandStream.State","type":"property","refpurpose":"Current state","href":"parallel.gpu.randstream.html"},{"name":"parallel.gpu.RandStream.Antithetic","type":"property","refpurpose":"Antithetic values","href":"parallel.gpu.randstream.html"},{"name":"parallel.gpu.RandStream.FullPrecision","type":"property","refpurpose":"Full precision generation","href":"parallel.gpu.randstream.html"},{"name":"parallel.importProfile","type":"function","fcntype":"simple","refpurpose":"Import cluster profiles from file","href":"parallel.importprofile.html"},{"name":"getTaskSchedulerIDs","type":"function","fcntype":"instancemethod","refpurpose":"Scheduler IDs of tasks in job","href":"parallel.job.cjsindependentjob.gettaskschedulerids.html"},{"name":"parallel.job.CJSIndependentJob.getTaskSchedulerIDs","type":"method","fcntype":"instancemethod","refpurpose":"Scheduler IDs of tasks in job","href":"parallel.job.cjsindependentjob.gettaskschedulerids.html"},{"name":"parallel.job.CJSCommunicatingJob.getTaskSchedulerIDs","type":"method","fcntype":"instancemethod","refpurpose":"Scheduler IDs of tasks in job","href":"parallel.job.cjsindependentjob.gettaskschedulerids.html"},{"name":"delete","type":"function","fcntype":"instancemethod","refpurpose":"Remove job or task object from cluster and memory","href":"parallel.job.delete.html"},{"name":"parallel.Job.delete","type":"method","fcntype":"instancemethod","refpurpose":"Remove job or task object from cluster and memory","href":"parallel.job.delete.html"},{"name":"parallel.Task.delete","type":"method","fcntype":"instancemethod","refpurpose":"Remove job or task object from cluster and memory","href":"parallel.job.delete.html"},{"name":"diary","type":"function","fcntype":"instancemethod","refpurpose":"Display or save Command Window text of batch job","href":"parallel.job.diary.html"},{"name":"parallel.Job.diary","type":"method","fcntype":"instancemethod","refpurpose":"Display or save Command Window text of batch job","href":"parallel.job.diary.html"},{"name":"fetchOutputs","type":"function","fcntype":"instancemethod","refpurpose":"Retrieve output arguments from all tasks in job","href":"parallel.job.fetchoutputs.html"},{"name":"parallel.Job.fetchOutputs","type":"method","fcntype":"instancemethod","refpurpose":"Retrieve output arguments from all tasks in job","href":"parallel.job.fetchoutputs.html"},{"name":"load","type":"function","fcntype":"instancemethod","refpurpose":"Load workspace variables from batch job","href":"parallel.job.load.html"},{"name":"parallel.Job.load","type":"method","fcntype":"instancemethod","refpurpose":"Load workspace variables from batch job","href":"parallel.job.load.html"},{"name":"wait","type":"function","fcntype":"instancemethod","refpurpose":"Wait for job to change state","href":"parallel.job.wait.html"},{"name":"parallel.Job.wait","type":"method","fcntype":"instancemethod","refpurpose":"Wait for job to change state","href":"parallel.job.wait.html"},{"name":"parallel.Job","type":"function","fcntype":"simple","refpurpose":"Access job properties and behaviors","href":"parallel.job.html"},{"name":"parallel.listProfiles","type":"function","fcntype":"simple","refpurpose":"List available cluster profiles","href":"parallel.listprofiles.html"},{"name":"results","type":"function","fcntype":"instancemethod","refpurpose":"Retrieve results from parallel pool activity monitor","href":"parallel.pool.activitymonitor.results.html"},{"name":"parallel.pool.ActivityMonitor.results","type":"method","fcntype":"instancemethod","refpurpose":"Retrieve results from parallel pool activity monitor","href":"parallel.pool.activitymonitor.results.html"},{"name":"start","type":"function","fcntype":"instancemethod","refpurpose":"Start collecting parallel pool activity monitoring data","href":"parallel.pool.activitymonitor.start.html"},{"name":"parallel.pool.ActivityMonitor.start","type":"method","fcntype":"instancemethod","refpurpose":"Start collecting parallel pool activity monitoring data","href":"parallel.pool.activitymonitor.start.html"},{"name":"stop","type":"function","fcntype":"instancemethod","refpurpose":"Stop monitoring parallel pool activity","href":"parallel.pool.activitymonitor.stop.html"},{"name":"parallel.pool.ActivityMonitor.stop","type":"method","fcntype":"instancemethod","refpurpose":"Stop monitoring parallel pool activity","href":"parallel.pool.activitymonitor.stop.html"},{"name":"parallel.pool.ActivityMonitor","type":"function","fcntype":"simple","refpurpose":"Parallel pool activity monitor","href":"parallel.pool.activitymonitor.html"},{"name":"parallel.pool.ActivityMonitor","type":"object","refpurpose":"Parallel pool activity monitor","href":"parallel.pool.activitymonitor.html"},{"name":"parallel.pool.ActivityMonitorResults","type":"object","refpurpose":"Results from monitoring pool activity","href":"parallel.pool.activitymonitorresults.html"},{"name":"parallel.pool.ActivityMonitorResults.StartTime","type":"property","refpurpose":"Pool monitoring start time","href":"parallel.pool.activitymonitorresults.html"},{"name":"parallel.pool.ActivityMonitorResults.StopTime","type":"property","refpurpose":"Pool monitoring stop time","href":"parallel.pool.activitymonitorresults.html"},{"name":"addAttachedFiles","type":"function","fcntype":"instancemethod","refpurpose":"Attach files or folders to parallel pool","href":"parallel.pool.addattachedfiles.html"},{"name":"parallel.Pool.addAttachedFiles","type":"method","fcntype":"instancemethod","refpurpose":"Attach files or folders to parallel pool","href":"parallel.pool.addattachedfiles.html"},{"name":"parallel.pool.Constant","type":"function","fcntype":"simple","refpurpose":"Build and use constant from data or function handle","href":"parallel.pool.constant.html"},{"name":"parallel.Pool.Constant","type":"object","refpurpose":"Build and use constant from data or function handle","href":"parallel.pool.constant.html"},{"name":"parallel.Pool.Constant.Value","type":"property","refpurpose":"Underlying data or handle-type resource","href":"parallel.pool.constant.html"},{"name":"afterEach","type":"function","fcntype":"instancemethod","refpurpose":"Define a function to call when new data is received on a data queue","href":"parallel.pool.dataqueue.aftereach.html"},{"name":"parallel.Pool.DataQueue.afterEach","type":"method","fcntype":"instancemethod","refpurpose":"Define a function to call when new data is received on a data queue","href":"parallel.pool.dataqueue.aftereach.html"},{"name":"send","type":"function","fcntype":"instancemethod","refpurpose":"Send data between clients and workers using a data queue","href":"parallel.pool.dataqueue.send.html"},{"name":"parallel.pool.DataQueue.send","type":"method","fcntype":"instancemethod","refpurpose":"Send data between clients and workers using a data queue","href":"parallel.pool.dataqueue.send.html"},{"name":"parallel.pool.PollableDataQueue.send","type":"method","fcntype":"instancemethod","refpurpose":"Send data between clients and workers using a data queue","href":"parallel.pool.dataqueue.send.html"},{"name":"parallel.pool.DataQueue","type":"function","fcntype":"simple","refpurpose":"Send and listen for data between client and workers","href":"parallel.pool.dataqueue.html"},{"name":"parallel.pool.DataQueue","type":"object","refpurpose":"Send and listen for data between client and workers","href":"parallel.pool.dataqueue.html"},{"name":"parallel.pool.DataQueue.QueueLength","type":"property","refpurpose":"Number of items currently held on the queue","href":"parallel.pool.dataqueue.html"},{"name":"delete","type":"function","fcntype":"instancemethod","refpurpose":"Shut down parallel pool","href":"parallel.pool.delete.html"},{"name":"parallel.Pool.delete","type":"method","fcntype":"instancemethod","refpurpose":"Shut down parallel pool","href":"parallel.pool.delete.html"},{"name":"cancelAll","type":"function","fcntype":"instancemethod","refpurpose":"Cancel all jobs or tasks","href":"parallel.pool.fevalqueue.cancelall.html"},{"name":"parallel.pool.FevalQueue.cancelAll","type":"method","fcntype":"instancemethod","refpurpose":"Cancel all jobs or tasks","href":"parallel.pool.fevalqueue.cancelall.html"},{"name":"listAutoAttachedFiles","type":"function","fcntype":"instancemethod","refpurpose":"List of files automatically attached to job, task, or parallel pool","href":"parallel.pool.listautoattachedfiles.html"},{"name":"parallel.Pool.listAutoAttachedFiles","type":"method","fcntype":"instancemethod","refpurpose":"List of files automatically attached to job, task, or parallel pool","href":"parallel.pool.listautoattachedfiles.html"},{"name":"parfeval","type":"function","fcntype":"instancemethod","refpurpose":"Run function on parallel pool worker","href":"parallel.pool.parfeval.html"},{"name":"parallel.Pool.parfeval","type":"method","fcntype":"instancemethod","refpurpose":"Run function on parallel pool worker","href":"parallel.pool.parfeval.html"},{"name":"parfevalOnAll","type":"function","fcntype":"instancemethod","refpurpose":"Run function asynchronously on all workers in parallel pool","href":"parallel.pool.parfevalonall.html"},{"name":"parallel.Pool.parfevalOnAll","type":"method","fcntype":"instancemethod","refpurpose":"Run function asynchronously on all workers in parallel pool","href":"parallel.pool.parfevalonall.html"},{"name":"parallel.ProcessPool.parfevalOnAll","type":"method","fcntype":"instancemethod","refpurpose":"Run function asynchronously on all workers in parallel pool","href":"parallel.pool.parfevalonall.html"},{"name":"parallel.ThreadPool.parfevalOnAll","type":"method","fcntype":"instancemethod","refpurpose":"Run function asynchronously on all workers in parallel pool","href":"parallel.pool.parfevalonall.html"},{"name":"parallel.ClusterPool.parfevalOnAll","type":"method","fcntype":"instancemethod","refpurpose":"Run function asynchronously on all workers in parallel pool","href":"parallel.pool.parfevalonall.html"},{"name":"partition","type":"function","fcntype":"instancemethod","refpurpose":"Partition parallel pool","href":"parallel.pool.partition.html"},{"name":"parallel.Pool.partition","type":"method","fcntype":"instancemethod","refpurpose":"Partition parallel pool","href":"parallel.pool.partition.html"},{"name":"parallel.ProcessPool.partition","type":"method","fcntype":"instancemethod","refpurpose":"Partition parallel pool","href":"parallel.pool.partition.html"},{"name":"parallel.ThreadPool.partition","type":"method","fcntype":"instancemethod","refpurpose":"Partition parallel pool","href":"parallel.pool.partition.html"},{"name":"parallel.ClusterPool.partition","type":"method","fcntype":"instancemethod","refpurpose":"Partition parallel pool","href":"parallel.pool.partition.html"},{"name":"close","type":"function","fcntype":"instancemethod","refpurpose":"Close pollable data queue","href":"parallel.pool.pollabledataqueue.close.html"},{"name":"parallel.pool.PollableDataQueue.close","type":"method","fcntype":"instancemethod","refpurpose":"Close pollable data queue","href":"parallel.pool.pollabledataqueue.close.html"},{"name":"parallel.pool.PollableDataQueue","type":"function","fcntype":"simple","refpurpose":"Send and poll data between client and workers","href":"parallel.pool.pollabledataqueue.html"},{"name":"parallel.pool.PollableDataQueue","type":"object","refpurpose":"Send and poll data between client and workers","href":"parallel.pool.pollabledataqueue.html"},{"name":"parallel.pool.PollableDataQueue.isClosed","type":"property","refpurpose":"Queue closure state","href":"parallel.pool.pollabledataqueue.html"},{"name":"parallel.pool.PollableDataQueue.QueueLength","type":"property","refpurpose":"Number of items currently held in queue","href":"parallel.pool.pollabledataqueue.html"},{"name":"ticBytes","type":"function","fcntype":"instancemethod","refpurpose":"Start counting bytes transferred within parallel pool","href":"parallel.pool.ticbytes.html"},{"name":"parallel.Pool.ticBytes","type":"method","fcntype":"instancemethod","refpurpose":"Start counting bytes transferred within parallel pool","href":"parallel.pool.ticbytes.html"},{"name":"tocBytes","type":"function","fcntype":"instancemethod","refpurpose":"Read how many bytes have been transferred since calling ticBytes","href":"parallel.pool.tocbytes.html"},{"name":"parallel.Pool.tocBytes","type":"method","fcntype":"instancemethod","refpurpose":"Read how many bytes have been transferred since calling ticBytes","href":"parallel.pool.tocbytes.html"},{"name":"updateAttachedFiles","type":"function","fcntype":"instancemethod","refpurpose":"Update attached files or folders on parallel pool","href":"parallel.pool.updateattachedfiles.html"},{"name":"parallel.Pool.updateAttachedFiles","type":"method","fcntype":"instancemethod","refpurpose":"Update attached files or folders on parallel pool","href":"parallel.pool.updateattachedfiles.html"},{"name":"parallel.Pool","type":"object","refpurpose":"Parallel pool of workers","href":"parallel.pool.html"},{"name":"parallel.ProcessPool","type":"object","refpurpose":"Parallel pool of process workers on the local machine","href":"parallel.processpool.html"},{"name":"parallel.ProcessPool.AttachedFiles","type":"property","refpurpose":"Files and folders copied to workers","href":"parallel.processpool.html"},{"name":"parallel.ProcessPool.AutoAddClientPath","type":"property","refpurpose":"Indication whether user-added entries on client path are added to worker paths","href":"parallel.processpool.html"},{"name":"parallel.ProcessPool.Cluster","type":"property","refpurpose":"Cluster on which the parallel pool is running","href":"parallel.processpool.html"},{"name":"parallel.ProcessPool.Connected","type":"property","refpurpose":"Flag that indicates whether the parallel pool is running","href":"parallel.processpool.html"},{"name":"parallel.ProcessPool.EnvironmentVariables","type":"property","refpurpose":"Environment variables copied to the workers","href":"parallel.processpool.html"},{"name":"parallel.ProcessPool.FevalQueue","type":"property","refpurpose":"Queue of FevalFuture objects to run on the parallel pool","href":"parallel.processpool.html"},{"name":"parallel.ProcessPool.FileStore","type":"property","refpurpose":"Store of files accessible to both client and workers","href":"parallel.processpool.html"},{"name":"parallel.ProcessPool.IdleTimeout","type":"property","refpurpose":"Time after which the pool shuts down if idle","href":"parallel.processpool.html"},{"name":"parallel.ProcessPool.NumWorkers","type":"property","refpurpose":"Number of workers comprising the parallel pool","href":"parallel.processpool.html"},{"name":"parallel.ProcessPool.Busy","type":"property","refpurpose":"Flag that indicates whether the parallel pool is busy","href":"parallel.processpool.html"},{"name":"parallel.ProcessPool.SpmdEnabled","type":"property","refpurpose":"Indication if pool can run spmd code","href":"parallel.processpool.html"},{"name":"parallel.ProcessPool.ValueStore","type":"property","refpurpose":"Store of data accessible to both client and workers","href":"parallel.processpool.html"},{"name":"parallel.ProcessPool.Workers","type":"property","refpurpose":"Information about workers comprising the parallel pool","href":"parallel.processpool.html"},{"name":"cancel","type":"function","fcntype":"instancemethod","refpurpose":"Cancel job or task","href":"parallel.task.cancel.html"},{"name":"parallel.Task.cancel","type":"method","fcntype":"instancemethod","refpurpose":"Cancel job or task","href":"parallel.task.cancel.html"},{"name":"parallel.Job.cancel","type":"method","fcntype":"instancemethod","refpurpose":"Cancel job or task","href":"parallel.task.cancel.html"},{"name":"parallel.Task","type":"function","fcntype":"simple","refpurpose":"Access task properties and behaviors","href":"parallel.task.html"},{"name":"parallel.ThreadPool","type":"object","refpurpose":"Parallel pool of thread workers on the local machine","href":"parallel.threadpool.html"},{"name":"parallel.ThreadPool.Busy","type":"property","refpurpose":"Flag that indicates whether the thread pool is busy","href":"parallel.threadpool.html"},{"name":"parallel.ThreadPool.FevalQueue","type":"property","refpurpose":"Queue of FevalFuture objects to run on the thread pool","href":"parallel.threadpool.html"},{"name":"parallel.ThreadPool.FileStore","type":"property","refpurpose":"Store of files accessible to both client and workers","href":"parallel.threadpool.html"},{"name":"parallel.ThreadPool.NumWorkers","type":"property","refpurpose":"Number of thread workers comprising the parallel pool","href":"parallel.threadpool.html"},{"name":"parallel.ThreadPool.ValueStore","type":"property","refpurpose":"Store of data accessible to both client and workers","href":"parallel.threadpool.html"},{"name":"parallel.ThreadPool.Workers","type":"property","refpurpose":"Information about workers comprising the parallel pool","href":"parallel.threadpool.html"},{"name":"parallel.validateProfile","type":"function","fcntype":"simple","refpurpose":"Validate parallel environment profile","href":"parallel.validateprofile.html"},{"name":"get","type":"function","fcntype":"instancemethod","refpurpose":"Get values from ValueStore object","href":"parallel.valuestore.get.html"},{"name":"parallel.ValueStore.get","type":"method","fcntype":"instancemethod","refpurpose":"Get values from ValueStore object","href":"parallel.valuestore.get.html"},{"name":"isKey","type":"function","fcntype":"instancemethod","refpurpose":"Determine if ValueStore or FileStore object contains keys","href":"parallel.valuestore.iskey.html"},{"name":"parallel.ValueStore.isKey","type":"method","fcntype":"instancemethod","refpurpose":"Determine if ValueStore or FileStore object contains keys","href":"parallel.valuestore.iskey.html"},{"name":"parallel.FileStore.isKey","type":"method","fcntype":"instancemethod","refpurpose":"Determine if ValueStore or FileStore object contains keys","href":"parallel.valuestore.iskey.html"},{"name":"keys","type":"function","fcntype":"instancemethod","refpurpose":"Return all keys of ValueStore or FileStore object","href":"parallel.valuestore.keys.html"},{"name":"parallel.ValueStore.keys","type":"method","fcntype":"instancemethod","refpurpose":"Return all keys of ValueStore or FileStore object","href":"parallel.valuestore.keys.html"},{"name":"parallel.FileStore.keys","type":"method","fcntype":"instancemethod","refpurpose":"Return all keys of ValueStore or FileStore object","href":"parallel.valuestore.keys.html"},{"name":"put","type":"function","fcntype":"instancemethod","refpurpose":"Add key-value pairs to ValueStore object","href":"parallel.valuestore.put.html"},{"name":"parallel.ValueStore.put","type":"method","fcntype":"instancemethod","refpurpose":"Add key-value pairs to ValueStore object","href":"parallel.valuestore.put.html"},{"name":"remove","type":"function","fcntype":"instancemethod","refpurpose":"Remove entries from ValueStore or FileStore object","href":"parallel.valuestore.remove.html"},{"name":"parallel.ValueStore.remove","type":"method","fcntype":"instancemethod","refpurpose":"Remove entries from ValueStore or FileStore object","href":"parallel.valuestore.remove.html"},{"name":"parallel.FileStore.remove","type":"method","fcntype":"instancemethod","refpurpose":"Remove entries from ValueStore or FileStore object","href":"parallel.valuestore.remove.html"},{"name":"parallel.ValueStore","type":"object","refpurpose":"Data storage shared by MATLAB clients and workers","href":"parallel.valuestore.html"},{"name":"parallel.ValueStore.KeyUpdatedFcn","type":"property","refpurpose":"Callback executed when entry is added or replaced","href":"parallel.valuestore.html"},{"name":"parallel.ValueStore.KeyRemovedFcn","type":"property","refpurpose":"Callback executed when entry is removed","href":"parallel.valuestore.html"},{"name":"parallel.Worker","type":"function","fcntype":"simple","refpurpose":"Access parallel worker information","href":"parallel.worker.html"},{"name":"parcluster","type":"function","fcntype":"simple","refpurpose":"Create cluster object","href":"parcluster.html"},{"name":"parfor","type":"function","fcntype":"simple","refpurpose":"Execute for-loop iterations in parallel on workers","href":"parfor.html"},{"name":"parforOptions","type":"function","fcntype":"simple","refpurpose":"Options set for parfor","href":"parforoptions.html"},{"name":"parpool","type":"function","fcntype":"simple","refpurpose":"Create parallel pool on cluster","href":"parpool.html"},{"name":"pause","type":"function","fcntype":"simple","refpurpose":"Pause MATLAB Job Scheduler queue","href":"pause.html"},{"name":"pctconfig","type":"function","fcntype":"simple","refpurpose":"Configure settings for Parallel Computing Toolbox client session or MATLAB Parallel Server workers","href":"pctconfig.html"},{"name":"pctRunDeployedCleanup","type":"function","fcntype":"simple","refpurpose":"Clean up after deployed parallel applications","href":"pctrundeployedcleanup.html"},{"name":"pctRunOnAll","type":"function","fcntype":"simple","refpurpose":"Run command on client and on all workers in parallel pool","href":"pctrunonall.html"},{"name":"pload","type":"function","fcntype":"simple","refpurpose":"(Removed) Load file into parallel session","deprecated":"true","href":"pload.html"},{"name":"pmode","type":"function","fcntype":"simple","refpurpose":"(Removed) Interactive Parallel Command Window","deprecated":"true","href":"pmode.html"},{"name":"poll","type":"function","fcntype":"simple","refpurpose":"Retrieve data sent to pollable data queue","href":"poll.html"},{"name":"Pool Dashboard","type":"tool","refpurpose":"Monitor and visualize activity on parallel pools","href":"pooldashboard.html"},{"name":"parpoolDashboard","type":"function","fcntype":"toollauncher","refpurpose":"Monitor and visualize activity on parallel pools","href":"pooldashboard.html"},{"name":"poolStartup","type":"function","fcntype":"simple","refpurpose":"File for user-defined options to run on each worker when parallel pool starts","href":"poolstartup.html"},{"name":"promote","type":"function","fcntype":"simple","refpurpose":"Promote job in MATLAB Job Scheduler cluster queue","href":"promote.html"},{"name":"psave","type":"function","fcntype":"simple","refpurpose":"(Removed) Save data from communicating job session","deprecated":"true","href":"psave.html"},{"name":"recreate","type":"function","fcntype":"simple","refpurpose":"Create new job from existing job","href":"recreate.html"},{"name":"RemoteClusterAccess","type":"function","fcntype":"simple","refpurpose":"Connect to schedulers when client utilities are not available locally","href":"remoteclusteraccess.html"},{"name":"resume","type":"function","fcntype":"simple","refpurpose":"Resume processing queue in MATLAB Job Scheduler","href":"resume.html"},{"name":"saveAsProfile","type":"function","fcntype":"simple","refpurpose":"Save cluster properties to specified profile","href":"saveasprofile.html"},{"name":"saveProfile","type":"function","fcntype":"simple","refpurpose":"Save modified cluster properties to its current profile","href":"saveprofile.html"},{"name":"setConstantMemory","type":"function","fcntype":"simple","refpurpose":"Set some constant memory on GPU","href":"setconstantmemory.html"},{"name":"setJobClusterData","type":"function","fcntype":"simple","refpurpose":"Set specific user data for job on third-party cluster","href":"setjobclusterdata.html"},{"name":"shutdown","type":"function","fcntype":"simple","refpurpose":"Shut down cloud cluster","href":"shutdown.html"},{"name":"spmd","type":"function","fcntype":"simple","refpurpose":"Execute code in parallel on workers of parallel pool","href":"spmd.html"},{"name":"spmdBarrier","type":"function","fcntype":"simple","refpurpose":"Synchronize workers in spmd block","href":"spmdbarrier.html"},{"name":"spmdBroadcast","type":"function","fcntype":"simple","refpurpose":"Send data to all workers in spmd block","href":"spmdbroadcast.html"},{"name":"spmdCat","type":"function","fcntype":"simple","refpurpose":"Concatenate arrays on spmd workers","href":"spmdcat.html"},{"name":"spmdIndex","type":"function","fcntype":"simple","refpurpose":"Index of current worker in spmd block","href":"spmdindex.html"},{"name":"spmdPlus","type":"function","fcntype":"simple","refpurpose":"Add arrays from workers in spmd block","href":"spmdplus.html"},{"name":"spmdProbe","type":"function","fcntype":"simple","refpurpose":"Determine whether data is available to current worker in spmd block","href":"spmdprobe.html"},{"name":"spmdReceive","type":"function","fcntype":"simple","refpurpose":"Receive data from another worker in spmd block","href":"spmdreceive.html"},{"name":"spmdReduce","type":"function","fcntype":"simple","refpurpose":"Reduce arrays on spmd workers","href":"spmdreduce.html"},{"name":"spmdSend","type":"function","fcntype":"simple","refpurpose":"Send data to another worker in spmd block","href":"spmdsend.html"},{"name":"spmdSendReceive","type":"function","fcntype":"simple","refpurpose":"Simultaneously send and receive data on worker in spmd block","href":"spmdsendreceive.html"},{"name":"spmdSize","type":"function","fcntype":"simple","refpurpose":"Number of workers running current spmd block","href":"spmdsize.html"},{"name":"start","type":"function","fcntype":"simple","refpurpose":"Start cloud cluster","href":"start.html"},{"name":"submit","type":"function","fcntype":"simple","refpurpose":"Queue job in scheduler","href":"submit.html"},{"name":"subsasgn","type":"function","fcntype":"simple","refpurpose":"Subscripted assignment for Composite","href":"subsasgn.html"},{"name":"subsref","type":"function","fcntype":"simple","refpurpose":"Subscripted reference for Composite","href":"subsref.html"},{"name":"taskFinish","type":"function","fcntype":"simple","refpurpose":"User-defined options to run on worker when task finishes","href":"taskfinish.html"},{"name":"taskStartup","type":"function","fcntype":"simple","refpurpose":"User-defined options to run on worker when task starts","href":"taskstartup.html"},{"name":"validateGPU","type":"function","fcntype":"simple","refpurpose":"Validate GPU devices","href":"validategpu.html"},{"name":"wait (cluster)","type":"function","fcntype":"simple","refpurpose":"Wait for cloud cluster to change state","href":"waitcluster.html"},{"name":"write","type":"function","fcntype":"simple","refpurpose":"Write distributed data to an output location","href":"write.html"}]}