{"schema":"referenceapi_lookup_schema.json","schemaVersion":"1.0","docVersion":"doc25a.2968260.Bdoc25a.2967890.pass.r2025a","productName":"Polyspace Access","baseCode":"AB","helpFolder":"polyspace_access","helpLocation":"polyspace_access",  "refItems" : [{"name":"admin-docker-agent","type":"function","fcntype":"simple","refpurpose":"(DOS\/UNIX) 启动 Cluster Admin 界面来管理 User Manager、Issue Tracker 和 Polyspace Access","href":"ref\/admindockeragent.html"},{"name":"polyspace-bug-finder-access","type":"function","fcntype":"simple","refpurpose":"(DOS\/UNIX) 从 Windows、Linux 或其他命令行运行 Polyspace as You Code","href":"ref\/polyspacebugfinderaccess.html"}]}