{"schema":"referenceapi_lookup_schema.json","schemaVersion":"1.0","docVersion":"doc25a.2968260.Bdoc25a.2967890.pass.r2025a","productName":"Predictive Maintenance Toolbox","baseCode":"PM","helpFolder":"predmaint","helpLocation":"predmaint",  "refItems" : [{"name":"approximateEntropy","type":"function","fcntype":"simple","refpurpose":"비선형 시계열의 규칙성 척도","href":"ref\/approximateentropy.html"},{"name":"bearingFaultBands","type":"function","fcntype":"simple","refpurpose":"스펙트럼 특징 추출을 위해 볼 베어링 또는 롤러 베어링의 특성 결함 주파수 주위에 주파수 대역 생성","href":"ref\/bearingfaultbands.html"},{"name":"bhattacharyyaDistance","type":"function","fcntype":"simple","refpurpose":"클래스 분리도를 측정하기 위한 2개의 독립 데이터 그룹 간의 1차원 바타차리야 거리","href":"ref\/bhattacharyyadistance.html"},{"name":"compare","type":"function","fcntype":"simple","refpurpose":"테스트 데이터를 유사성 모델의 과거 데이터 앙상블과 비교","href":"ref\/compare.html"},{"name":"correlationDimension","type":"function","fcntype":"simple","refpurpose":"무질서한 신호 복잡도 측정","href":"ref\/correlationdimension.html"},{"name":"correlationWeightedScore","type":"function","fcntype":"simple","refpurpose":"상관 인자를 사용하여 특징 순위 지정 점수 조정","href":"ref\/correlationweightedscore.html"},{"name":"effectivefs","type":"function","fcntype":"simple","refpurpose":"시간 벡터의 유효 샘플링 레이트","href":"ref\/effectivefs.html"},{"name":"Estimate Approximate Entropy","type":"liveeditortask","refpurpose":"라이브 편집기에서 균일하게 샘플링된 신호의 근사 엔트로피를 대화형 방식으로 추정","href":"ref\/estimateapproximateentropy.html"},{"name":"Estimate Correlation Dimension","type":"liveeditortask","refpurpose":"라이브 편집기에서 균일하게 샘플링된 신호의 상관 차원 추정","href":"ref\/estimatecorrelationdimension.html"},{"name":"Estimate Lyapunov Exponent","type":"liveeditortask","refpurpose":"라이브 편집기에서 균일하게 샘플링된 신호의 랴푸노프 지수를 대화형 방식으로 추정","href":"ref\/estimatelyapunovexponent.html"},{"name":"generateSimulationEnsemble","type":"function","fcntype":"simple","refpurpose":"Simulink 모델을 실행하여 앙상블 데이터 생성","href":"ref\/generatesimulationensemble.html"},{"name":"update","type":"function","fcntype":"instancemethod","refpurpose":"성능 저하 잔여 수명 모델의 사후 파라미터 분포 업데이트","href":"ref\/lineardegradationmodel.update.html"},{"name":"linearDegradationModel.update","type":"method","fcntype":"instancemethod","refpurpose":"성능 저하 잔여 수명 모델의 사후 파라미터 분포 업데이트","href":"ref\/lineardegradationmodel.update.html"},{"name":"exponentialDegradationModel.update","type":"method","fcntype":"instancemethod","refpurpose":"성능 저하 잔여 수명 모델의 사후 파라미터 분포 업데이트","href":"ref\/lineardegradationmodel.update.html"},{"name":"lyapunovExponent","type":"function","fcntype":"simple","refpurpose":"무한히 가까운 궤적의 분리율 특성화","href":"ref\/lyapunovexponent.html"},{"name":"phaseSpaceReconstruction","type":"function","fcntype":"simple","refpurpose":"관측된 시계열을 상태 벡터로 변환","href":"ref\/phasespacereconstruction.html"},{"name":"plot","type":"function","fcntype":"simple","refpurpose":"공변량 생존 잔여 수명 모델에 대한 생존 함수 플로팅","href":"ref\/plot.html"},{"name":"relativeEntropy","type":"function","fcntype":"simple","refpurpose":"클래스 분리도를 측정하기 위한 2개의 독립 데이터 그룹의 1차원 쿨백-라이블러 발산","href":"ref\/relativeentropy.html"},{"name":"saveRULModelForCoder","type":"function","fcntype":"simple","refpurpose":"코드 생성 시 사용할 수 있도록 RUL 모델 저장","href":"ref\/saverulmodelforcoder.html"},{"name":"time2num","type":"function","fcntype":"simple","refpurpose":"duration형 또는 datetime형 배열을 지정된 시간 단위를 갖는 숫자형 벡터로 변환","href":"ref\/time2num.html"},{"name":"findIndex","type":"function","fcntype":"instancemethod","refpurpose":"지정된 변수 이름 및 값과 일치하는 멤버의 작업 공간 앙상블 멤버 인덱스 찾기","href":"ref\/workspaceensemble.findindex.html"},{"name":"workspaceEnsemble.findIndex","type":"method","fcntype":"instancemethod","refpurpose":"지정된 변수 이름 및 값과 일치하는 멤버의 작업 공간 앙상블 멤버 인덱스 찾기","href":"ref\/workspaceensemble.findindex.html"},{"name":"readMember","type":"function","fcntype":"instancemethod","refpurpose":"멤버 인덱스를 기준으로 앙상블 멤버 데이터 반환","href":"ref\/workspaceensemble.readmember.html"},{"name":"workspaceEnsemble.readMember","type":"method","fcntype":"instancemethod","refpurpose":"멤버 인덱스를 기준으로 앙상블 멤버 데이터 반환","href":"ref\/workspaceensemble.readmember.html"},{"name":"refresh","type":"function","fcntype":"instancemethod","refpurpose":"병렬 처리 계산으로 수정되었거나 추가된 데이터의 분할을 작업 공간 앙상블에 업데이트","href":"ref\/workspaceensemble.refresh.html"},{"name":"workspaceEnsemble.refresh","type":"method","fcntype":"instancemethod","refpurpose":"병렬 처리 계산으로 수정되었거나 추가된 데이터의 분할을 작업 공간 앙상블에 업데이트","href":"ref\/workspaceensemble.refresh.html"},{"name":"writeMember","type":"function","fcntype":"instancemethod","refpurpose":"특정 작업 공간 앙상블 멤버에 데이터 쓰기","href":"ref\/workspaceensemble.writemember.html"},{"name":"workspaceEnsemble.writeMember","type":"method","fcntype":"instancemethod","refpurpose":"특정 작업 공간 앙상블 멤버에 데이터 쓰기","href":"ref\/workspaceensemble.writemember.html"},{"name":"workspaceEnsemble","type":"function","fcntype":"constructor","refpurpose":"진단 특징 디자이너에서 생성된 코드를 사용하여 MATLAB 작업 공간에 저장된 앙상블 데이터 관리","href":"ref\/workspaceensemble.html"},{"name":"workspaceEnsemble","type":"object","refpurpose":"진단 특징 디자이너에서 생성된 코드를 사용하여 MATLAB 작업 공간에 저장된 앙상블 데이터 관리","href":"ref\/workspaceensemble.html"},{"name":"workspaceEnsemble.DataVariables","type":"property","refpurpose":"데이터 변수","href":"ref\/workspaceensemble.html"},{"name":"workspaceEnsemble.IndependentVariables","type":"property","refpurpose":"독립 변수","href":"ref\/workspaceensemble.html"},{"name":"workspaceEnsemble.ConditionVariables","type":"property","refpurpose":"상태 변수","href":"ref\/workspaceensemble.html"},{"name":"workspaceEnsemble.SelectedVariables","type":"property","refpurpose":"선택된 변수","href":"ref\/workspaceensemble.html"},{"name":"workspaceEnsemble.ReadSize","type":"property","refpurpose":"읽어올 멤버 수","href":"ref\/workspaceensemble.html"}]}