{"schema":"referenceapi_lookup_schema.json","schemaVersion":"1.0","docVersion":"doc25a.2968260.Bdoc25a.2967890.pass.r2025a","productName":"RoadRunner","baseCode":"RD","helpFolder":"roadrunner","helpLocation":"roadrunner",  "refItems" : [{"name":"Aerial Image Assets","type":"nonstandard","refpurpose":"시각적 참조를 위해 장면에 GIS 위성 및 항공 이미지 추가","href":"ref\/aerialimageassets.html"},{"name":"Aerial Imagery Tool","type":"tool","refpurpose":"항공 이미지 파일 가져오기 및 구성 관리","href":"ref\/aerialimagerytool.html"},{"name":"AppRoadRunner","type":"function","fcntype":"simple","refpurpose":"gRPC를 사용하여 명령줄에서 RoadRunner 애플리케이션을 시작하세요.","href":"ref\/approadrunner.html"},{"name":"CmdRoadRunnerApi","type":"function","fcntype":"simple","refpurpose":"명령줄에서 RoadRunner RPC 메소드 호출","href":"ref\/cmdroadrunnerapi.html"},{"name":"common_attributes.proto","type":"nonstandard","refpurpose":"RoadRunner HD Map 프로토콜 버퍼 파일의 공통 속성","href":"ref\/common_attributes.proto.html"},{"name":"Corner Tool","type":"tool","refpurpose":"분기점 모서리의 모양 및 재질 조정","href":"ref\/cornertool.html"},{"name":"Cross Section Tool","type":"tool","refpurpose":"도로 횡단면에서 경사각도(banking), 크라우닝 및 연석 모양을 조작합니다.","href":"ref\/crosssectiontool.html"},{"name":"Crosswalk And Stop Line Tool","type":"tool","refpurpose":"교차로 모퉁이 사이에 횡단보도 및 정지선 추가","href":"ref\/crosswalkandstoplinetool.html"},{"name":"Crosswalk Marking Assets","type":"nonstandard","refpurpose":"색상, 너비, 간격 등 횡단보도 표시 속성 정의","href":"ref\/crosswalkmarkingassets.html"},{"name":"Custom Junction Tool","type":"tool","refpurpose":"보다 고급 기술이 필요한 사례에서 RoadRunner 자동 분기점 기능 재정의","href":"ref\/customjunctiontool.html"},{"name":"Elevation Map Assets","type":"nonstandard","refpurpose":"장면에 GIS 래스터 고도 데이터 추가","href":"ref\/elevationmapassets.html"},{"name":"Elevation Map Tool","type":"tool","refpurpose":"수치표고모델(DEM) 파일 가져오기 및 구성 관리","href":"ref\/elevationmaptool.html"},{"name":"Exit","type":"nonstandard","refpurpose":"gRPC를 사용하여 RoadRunner 애플리케이션 종료","href":"ref\/exit.html"},{"name":"Export","type":"nonstandard","refpurpose":"gRPC를 사용하여 RoadRunner 장면 또는 시나리오 내보내기","href":"ref\/export.html"},{"name":"export_settings.proto","type":"nonstandard","refpurpose":"내보내기 설정 protobuf 스키마","href":"ref\/export_settings.proto.html"},{"name":"Extrusion Assets","type":"nonstandard","refpurpose":"벽, 가드레일, 울타리 등의 기능에 대한 돌출 형상 정의","href":"ref\/extrusionassets.html"},{"name":"geometry.proto","type":"nonstandard","refpurpose":"장면 형상 protobuf 스키마","href":"ref\/geometry.proto.html"},{"name":"hd_barriers.proto","type":"nonstandard","refpurpose":"RoadRunner HD Map에 대한 장벽 표현 메시지","href":"ref\/hd_barriers.proto.html"},{"name":"hd_curve_markings.proto","type":"nonstandard","refpurpose":"RoadRunner HD Map에 대한 곡선 표시 표현 메시지","href":"ref\/hd_curve_markings.proto.html"},{"name":"hd_junctions.proto","type":"nonstandard","refpurpose":"RoadRunner HD Map의 분기점 표현","href":"ref\/hd_junctions.proto.html"},{"name":"hd_lane_markings.proto","type":"nonstandard","refpurpose":"RoadRunner HD Map에 대한 차선 표시 표시 메시지","href":"ref\/hd_lane_markings.proto.html"},{"name":"hd_lanes.proto","type":"nonstandard","refpurpose":"RoadRunner HD Map의 차선 표현 메시지","href":"ref\/hd_lanes.proto.html"},{"name":"hd_map.proto","type":"nonstandard","refpurpose":"RoadRunner HD Map 메시지","href":"ref\/hd_map.proto.html"},{"name":"hd_map_header.proto","type":"nonstandard","refpurpose":"RoadRunner HD Map 헤더 메시지","href":"ref\/hd_map_header.proto.html"},{"name":"hd_phases.proto","type":"nonstandard","refpurpose":"RoadRunner HD Map을 위한 신호 단계 표현 메시지","href":"ref\/hd_phases.proto.html"},{"name":"hd_signs.proto","type":"nonstandard","refpurpose":"RoadRunner HD Map에 대한 표지판 표현 메시지","href":"ref\/hd_signs.proto.html"},{"name":"hd_static_objects.proto","type":"nonstandard","refpurpose":"RoadRunner HD Map에 대한 정적 객체 표현 메시지","href":"ref\/hd_static_objects.proto.html"},{"name":"hd_stencil_markings.proto","type":"nonstandard","refpurpose":"RoadRunner HD Map에 대한 스텐실 마킹 표현 메시지","href":"ref\/hd_stencil_markings.proto.html"},{"name":"hd_traffic_signals.proto","type":"nonstandard","refpurpose":"RoadRunner HD Map에 대한 교통 신호 표현 메시지","href":"ref\/hd_traffic_signals.proto.html"},{"name":"Import","type":"nonstandard","refpurpose":"gRPC를 사용하여 RoadRunner 장면 또는 시나리오로 파일 가져오기","href":"ref\/import.html"},{"name":"import_settings.proto","type":"nonstandard","refpurpose":"가져오기 설정 protobuf 스키마","href":"ref\/import_settings.proto.html"},{"name":"Junction Surface Tool","type":"tool","refpurpose":"도로 표고와 횡단면이 교차로의 내부 삼각측량에 어떻게 영향을 미치는지 제어합니다.","href":"ref\/junctionsurfacetool.html"},{"name":"Lane Add Tool","type":"tool","refpurpose":"도로를 따라 완전히 형성된 차선 추가","href":"ref\/laneaddtool.html"},{"name":"Lane Carve Tool","type":"tool","refpurpose":"중앙분리대의 전용 회전 차선과 같이 차선에 테이퍼 절단부를 생성합니다.","href":"ref\/lanecarvetool.html"},{"name":"Lane Chop Tool","type":"tool","refpurpose":"단일 차선을 두 차선으로 나누기","href":"ref\/lanechoptool.html"},{"name":"Lane Form Tool","type":"tool","refpurpose":"도로를 따라 형성 또는 종료 차선 추가","href":"ref\/laneformtool.html"},{"name":"Lane Marking Assets","type":"nonstandard","refpurpose":"색상, 너비, 대시 간격 등 차선 표시 정의","href":"ref\/lanemarkingassets.html"},{"name":"Lane Marking Tool","type":"tool","refpurpose":"차선 경계에 선형 표시 추가","href":"ref\/lanemarkingtool.html"},{"name":"Lane Offset Tool","type":"tool","refpurpose":"도로 중앙차선 위치 조정","href":"ref\/laneoffsettool.html"},{"name":"Lane Split Tool","type":"tool","refpurpose":"차선을 세로로 2개 차선으로 분할","href":"ref\/lanesplittool.html"},{"name":"Lane Tool","type":"tool","refpurpose":"차선 삭제, 차선 유형 업데이트, 역방향 차선 이동 방향 업데이트","href":"ref\/lanetool.html"},{"name":"Lane Width Tool","type":"tool","refpurpose":"도로를 따라 차선 너비 조정","href":"ref\/lanewidthtool.html"},{"name":"LoadProject","type":"nonstandard","refpurpose":"gRPC를 사용하여 RoadRunner 프로젝트 불러오기","href":"ref\/loadproject.html"},{"name":"LoadScene","type":"nonstandard","refpurpose":"gRPC를 사용하여 RoadRunner 장면 불러오기","href":"ref\/loadscene.html"},{"name":"Maneuver Tool","type":"tool","refpurpose":"분기점 내 개별 기동 도로(경로) 조작","href":"ref\/maneuvertool.html"},{"name":"Marking Curve Tool","type":"tool","refpurpose":"임의의 위치에 직선 또는 곡선 표시 배치","href":"ref\/markingcurvetool.html"},{"name":"Marking Point Tool","type":"tool","refpurpose":"도로 표면에 포인트 표시 배치","href":"ref\/markingpointtool.html"},{"name":"Marking Polygon Tool","type":"tool","refpurpose":"도로 및 지형 표면에 아스팔트 패치 영역이나 반복 표시 줄무늬를 정의합니다.","href":"ref\/markingpolygontool.html"},{"name":"Material Assets","type":"nonstandard","refpurpose":"표면, 인도, 차선 및 기타 객체의 시각적 속성 정의","href":"ref\/materialassets.html"},{"name":"Measurement Tool","type":"tool","refpurpose":"장면의 위치, 거리, 각도 측정","href":"ref\/measurementtool.html"},{"name":"NewProject","type":"nonstandard","refpurpose":"gRPC를 사용하여 새 RoadRunner 프로젝트 만들기","href":"ref\/newproject.html"},{"name":"NewScene","type":"nonstandard","refpurpose":"gRPC를 사용하여 새로운 RoadRunner 장면 만들기","href":"ref\/newscene.html"},{"name":"OpenDRIVE Export Preview Tool","type":"tool","refpurpose":"장면의 ASAM OpenDRIVE 내보내기 시각화 및 검증","href":"ref\/opendriveexportpreviewtool.html"},{"name":"OpenDRIVE Viewer Tool","type":"tool","refpurpose":"가져올 ASAM OpenDRIVE 데이터 시각화","href":"ref\/opendriveviewertool.html"},{"name":"Parking Tool","type":"tool","refpurpose":"주차 공간 및 기타 주차 관련 표시 정의","href":"ref\/parkingtool.html"},{"name":"Point Cloud Assets","type":"nonstandard","refpurpose":"시각적 참조를 위해 장면에 항공 또는 차량 포인트 클라우드 추가","href":"ref\/pointcloudassets.html"},{"name":"Point Cloud Tool","type":"tool","refpurpose":"LiDAR 포인트 클라우드 파일 가져오기 및 구성 관리","href":"ref\/pointcloudtool.html"},{"name":"Polygon Marking Assets","type":"nonstandard","refpurpose":"크로스해칭, 갈매기형 표시 등 공간을 채우는 도로 표시를 정의합니다.","href":"ref\/polygonmarkingassets.html"},{"name":"Post Assets","type":"nonstandard","refpurpose":"교량, 육교 등 건물 지지 기둥 정의","href":"ref\/postassets.html"},{"name":"Prop Assembly Assets","type":"nonstandard","refpurpose":"단일 자산으로 저장된 소품 인스턴스 컬렉션 정의","href":"ref\/propassemblyassets.html"},{"name":"Prop Curve Tool","type":"tool","refpurpose":"자유 형식 곡선을 따라 소품 및 돌출 배치","href":"ref\/propcurvetool.html"},{"name":"Prop Model Assets","type":"nonstandard","refpurpose":"장면에 추가할 외부 3D 모델 파일 정의","href":"ref\/propmodelassets.html"},{"name":"Prop Point Tool","type":"tool","refpurpose":"장면에 개별 소품을 배치하고 다른 소품에 연결","href":"ref\/proppointtool.html"},{"name":"Prop Polygon Tool","type":"tool","refpurpose":"모양이 있는 영역 내에 소품을 배치하세요","href":"ref\/proppolygontool.html"},{"name":"Prop Set Assets","type":"nonstandard","refpurpose":"무작위로 분포된 소품 컬렉션을 정의합니다.","href":"ref\/propsetassets.html"},{"name":"Prop Span Tool","type":"tool","refpurpose":"차선을 따라 소품과 돌출부 배치","href":"ref\/propspantool.html"},{"name":"Road Chop Tool","type":"tool","refpurpose":"단일 도로를 두 개의 연결된 도로로 잘라냅니다.","href":"ref\/roadchoptool.html"},{"name":"Road Circle Tool","type":"tool","refpurpose":"폐쇄형 순환 순환도로 건설","href":"ref\/roadcircletool.html"},{"name":"Road Construction Tool","type":"tool","refpurpose":"도로 구간의 물리적 구조 지정","href":"ref\/roadconstructiontool.html"},{"name":"Road CRG Tool","type":"tool","refpurpose":"노면 데이터 적용 및 시각화","href":"ref\/roadcrgtool.html"},{"name":"Road Height Tool","type":"tool","refpurpose":"도로의 수직 프로파일 조작","href":"ref\/roadheighttool.html"},{"name":"Road Offset Tool","type":"tool","refpurpose":"두 개의 종단 간 도로 사이의 연결 조정","href":"ref\/roadoffsettool.html"},{"name":"Road Plan Tool","type":"tool","refpurpose":"도로 생성 및 배치","href":"ref\/roadplantool.html"},{"name":"changeWorldSettings","type":"function","fcntype":"instancemethod","refpurpose":"MATLAB를 사용하여 활성 장면의 세계 설정 수정","href":"ref\/roadrunner.changeworldsettings.html"},{"name":"roadrunner.changeWorldSettings","type":"method","fcntype":"instancemethod","refpurpose":"MATLAB를 사용하여 활성 장면의 세계 설정 수정","href":"ref\/roadrunner.changeworldsettings.html"},{"name":"close","type":"function","fcntype":"instancemethod","refpurpose":"MATLAB를 사용하여 RoadRunner를 닫습니다.","href":"ref\/roadrunner.close.html"},{"name":"roadrunner.close","type":"method","fcntype":"instancemethod","refpurpose":"MATLAB를 사용하여 RoadRunner를 닫습니다.","href":"ref\/roadrunner.close.html"},{"name":"exportCustomFormat","type":"function","fcntype":"instancemethod","refpurpose":"MATLAB를 사용하여 RoadRunner 장면을 사용자 정의 형식으로 내보내기","href":"ref\/roadrunner.exportcustomformat.html"},{"name":"roadrunner.exportCustomFormat","type":"method","fcntype":"instancemethod","refpurpose":"MATLAB를 사용하여 RoadRunner 장면을 사용자 정의 형식으로 내보내기","href":"ref\/roadrunner.exportcustomformat.html"},{"name":"exportScene","type":"function","fcntype":"instancemethod","refpurpose":"MATLAB를 사용하여 RoadRunner 장면 내보내기","href":"ref\/roadrunner.exportscene.html"},{"name":"roadrunner.exportScene","type":"method","fcntype":"instancemethod","refpurpose":"MATLAB를 사용하여 RoadRunner 장면 내보내기","href":"ref\/roadrunner.exportscene.html"},{"name":"getAPIPort","type":"function","fcntype":"instancemethod","refpurpose":"MATLAB에서 RoadRunner API 서버 포트 번호 검색","href":"ref\/roadrunner.getapiport.html"},{"name":"roadrunner.getAPIPort","type":"method","fcntype":"instancemethod","refpurpose":"MATLAB에서 RoadRunner API 서버 포트 번호 검색","href":"ref\/roadrunner.getapiport.html"},{"name":"getCoSimPort","type":"function","fcntype":"instancemethod","refpurpose":"MATLAB에서 RoadRunner Scenario API 서버 포트 번호 검색","href":"ref\/roadrunner.getcosimport.html"},{"name":"roadrunner.getCoSimPort","type":"method","fcntype":"instancemethod","refpurpose":"MATLAB에서 RoadRunner Scenario API 서버 포트 번호 검색","href":"ref\/roadrunner.getcosimport.html"},{"name":"roadrunner.hdmap.AlignedReference","type":"function","fcntype":"constructor","refpurpose":"MATLAB를 사용하여 RoadRunner HD Map의 객체를 연결하기 위한 정보 제공","href":"ref\/roadrunner.hdmap.alignedreference.html"},{"name":"roadrunner.hdmap.AlignedReference","type":"object","refpurpose":"MATLAB를 사용하여 RoadRunner HD Map의 객체를 연결하기 위한 정보 제공","href":"ref\/roadrunner.hdmap.alignedreference.html"},{"name":"roadrunner.hdmap.AlignedReference.Reference","type":"property","refpurpose":"참조된 객체의 ID","href":"ref\/roadrunner.hdmap.alignedreference.html"},{"name":"roadrunner.hdmap.AlignedReference.Alignment","type":"property","refpurpose":"정렬 유형","href":"ref\/roadrunner.hdmap.alignedreference.html"},{"name":"roadrunner.hdmap.Barrier","type":"function","fcntype":"constructor","refpurpose":"MATLAB을 사용하여 RoadRunner HD Map에 장벽을 만듭니다.","href":"ref\/roadrunner.hdmap.barrier.html"},{"name":"roadrunner.hdmap.Barrier","type":"object","refpurpose":"MATLAB을 사용하여 RoadRunner HD Map에 장벽을 만듭니다.","href":"ref\/roadrunner.hdmap.barrier.html"},{"name":"roadrunner.hdmap.Barrier.ID","type":"property","refpurpose":"장벽 요소의 ID","href":"ref\/roadrunner.hdmap.barrier.html"},{"name":"roadrunner.hdmap.Barrier.Geometry","type":"property","refpurpose":"돌출이 반복되는 장벽의 기초","href":"ref\/roadrunner.hdmap.barrier.html"},{"name":"roadrunner.hdmap.Barrier.BarrierTypeReference","type":"property","refpurpose":"장벽 유형","href":"ref\/roadrunner.hdmap.barrier.html"},{"name":"roadrunner.hdmap.Barrier.FlipLaterally","type":"property","refpurpose":"뒤집기 장벽 방향 설정","href":"ref\/roadrunner.hdmap.barrier.html"},{"name":"roadrunner.hdmap.Barrier.Metadata","type":"property","refpurpose":"사용자 정의 보조 데이터","href":"ref\/roadrunner.hdmap.barrier.html"},{"name":"roadrunner.hdmap.BarrierType","type":"function","fcntype":"constructor","refpurpose":"MATLAB를 사용하여 RoadRunner HD Map에 장벽 유형 생성","href":"ref\/roadrunner.hdmap.barriertype.html"},{"name":"roadrunner.hdmap.BarrierType","type":"object","refpurpose":"MATLAB를 사용하여 RoadRunner HD Map에 장벽 유형 생성","href":"ref\/roadrunner.hdmap.barriertype.html"},{"name":"roadrunner.hdmap.BarrierType.ID","type":"property","refpurpose":"장벽 유형의 ID","href":"ref\/roadrunner.hdmap.barriertype.html"},{"name":"roadrunner.hdmap.BarrierType.ExtrusionPath","type":"property","refpurpose":"장벽 유형을 정의하는 돌출 자산의 상대 경로","href":"ref\/roadrunner.hdmap.barriertype.html"},{"name":"roadrunner.hdmap.CurveMarking","type":"function","fcntype":"constructor","refpurpose":"MATLAB를 사용하여 RoadRunner HD Map에 곡선 표시를 만듭니다.","href":"ref\/roadrunner.hdmap.curvemarking.html"},{"name":"roadrunner.hdmap.CurveMarking","type":"object","refpurpose":"MATLAB를 사용하여 RoadRunner HD Map에 곡선 표시를 만듭니다.","href":"ref\/roadrunner.hdmap.curvemarking.html"},{"name":"roadrunner.hdmap.CurveMarking.ID","type":"property","refpurpose":"곡선 표시 요소의 ID","href":"ref\/roadrunner.hdmap.curvemarking.html"},{"name":"roadrunner.hdmap.CurveMarking.Geometry","type":"property","refpurpose":"곡선 표시점의 3D 좌표","href":"ref\/roadrunner.hdmap.curvemarking.html"},{"name":"roadrunner.hdmap.CurveMarking.MarkingTypeReference","type":"property","refpurpose":"곡선 표시 유형","href":"ref\/roadrunner.hdmap.curvemarking.html"},{"name":"roadrunner.hdmap.CurveMarking.Flip","type":"property","refpurpose":"곡선 표시 방향을 뒤집는 옵션","href":"ref\/roadrunner.hdmap.curvemarking.html"},{"name":"roadrunner.hdmap.CurveMarking.Reverse","type":"property","refpurpose":"곡선 표시 방향을 반대로 하는 옵션","href":"ref\/roadrunner.hdmap.curvemarking.html"},{"name":"roadrunner.hdmap.CurveMarking.Metadata","type":"property","refpurpose":"사용자 정의 보조 데이터","href":"ref\/roadrunner.hdmap.curvemarking.html"},{"name":"roadrunner.hdmap.CurveMarkingType","type":"function","fcntype":"constructor","refpurpose":"MATLAB를 사용하여 RoadRunner HD Map에서 곡선 표시 유형 만들기","href":"ref\/roadrunner.hdmap.curvemarkingtype.html"},{"name":"roadrunner.hdmap.CurveMarkingType","type":"object","refpurpose":"MATLAB를 사용하여 RoadRunner HD Map에서 곡선 표시 유형 만들기","href":"ref\/roadrunner.hdmap.curvemarkingtype.html"},{"name":"roadrunner.hdmap.CurveMarkingType.ID","type":"property","refpurpose":"곡선 표시 유형의 ID","href":"ref\/roadrunner.hdmap.curvemarkingtype.html"},{"name":"roadrunner.hdmap.CurveMarkingType.AssetPath","type":"property","refpurpose":"곡선 표시 자산 파일의 상대 경로","href":"ref\/roadrunner.hdmap.curvemarkingtype.html"},{"name":"roadrunner.hdmap.Junction","type":"function","fcntype":"constructor","refpurpose":"MATLAB를 사용하여 RoadRunner HD Map에 분기점을 만듭니다.","href":"ref\/roadrunner.hdmap.junction.html"},{"name":"roadrunner.hdmap.Junction","type":"object","refpurpose":"MATLAB를 사용하여 RoadRunner HD Map에 분기점을 만듭니다.","href":"ref\/roadrunner.hdmap.junction.html"},{"name":"roadrunner.hdmap.Junction.ID","type":"property","refpurpose":"분기점 ID","href":"ref\/roadrunner.hdmap.junction.html"},{"name":"roadrunner.hdmap.Junction.Geometry","type":"property","refpurpose":"분기점 객체의 형상","href":"ref\/roadrunner.hdmap.junction.html"},{"name":"roadrunner.hdmap.Junction.Lanes","type":"property","refpurpose":"연결차로 ID","href":"ref\/roadrunner.hdmap.junction.html"},{"name":"addPredecessor","type":"function","fcntype":"instancemethod","refpurpose":"MATLAB를 사용하여 RoadRunner HD Map의 차선에 선행 구간 추가","href":"ref\/roadrunner.hdmap.lane.addpredecessor.html"},{"name":"roadrunner.hdmap.Lane.addPredecessor","type":"method","fcntype":"instancemethod","refpurpose":"MATLAB를 사용하여 RoadRunner HD Map의 차선에 선행 구간 추가","href":"ref\/roadrunner.hdmap.lane.addpredecessor.html"},{"name":"addSuccessor","type":"function","fcntype":"instancemethod","refpurpose":"MATLAB를 사용하여 RoadRunner HD Map의 차선에 후속 구간을 추가합니다.","href":"ref\/roadrunner.hdmap.lane.addsuccessor.html"},{"name":"roadrunner.hdmap.Lane.addSuccessor","type":"method","fcntype":"instancemethod","refpurpose":"MATLAB를 사용하여 RoadRunner HD Map의 차선에 후속 구간을 추가합니다.","href":"ref\/roadrunner.hdmap.lane.addsuccessor.html"},{"name":"leftBoundary","type":"function","fcntype":"instancemethod","refpurpose":"MATLAB를 사용하여 RoadRunner HD Map에서 차선의 왼쪽 경계를 설정합니다.","href":"ref\/roadrunner.hdmap.lane.leftboundary.html"},{"name":"roadrunner.hdmap.Lane.leftBoundary","type":"method","fcntype":"instancemethod","refpurpose":"MATLAB를 사용하여 RoadRunner HD Map에서 차선의 왼쪽 경계를 설정합니다.","href":"ref\/roadrunner.hdmap.lane.leftboundary.html"},{"name":"rightBoundary","type":"function","fcntype":"instancemethod","refpurpose":"MATLAB를 사용하여 RoadRunner HD Map에서 차선의 오른쪽 경계 설정","href":"ref\/roadrunner.hdmap.lane.rightboundary.html"},{"name":"roadrunner.hdmap.Lane.rightBoundary","type":"method","fcntype":"instancemethod","refpurpose":"MATLAB를 사용하여 RoadRunner HD Map에서 차선의 오른쪽 경계 설정","href":"ref\/roadrunner.hdmap.lane.rightboundary.html"},{"name":"roadrunner.hdmap.Lane","type":"function","fcntype":"constructor","refpurpose":"MATLAB을 사용하여 RoadRunner HD Map에서 차선 만들기","href":"ref\/roadrunner.hdmap.lane.html"},{"name":"roadrunner.hdmap.Lane","type":"object","refpurpose":"MATLAB을 사용하여 RoadRunner HD Map에서 차선 만들기","href":"ref\/roadrunner.hdmap.lane.html"},{"name":"roadrunner.hdmap.Lane.ID","type":"property","refpurpose":"차선 ID","href":"ref\/roadrunner.hdmap.lane.html"},{"name":"roadrunner.hdmap.Lane.Geometry","type":"property","refpurpose":"차선 중앙선을 나타내는 점의 3D 좌표","href":"ref\/roadrunner.hdmap.lane.html"},{"name":"roadrunner.hdmap.Lane.TravelDirection","type":"property","refpurpose":"차선을 따라 이동하는 방향","href":"ref\/roadrunner.hdmap.lane.html"},{"name":"roadrunner.hdmap.Lane.LeftLaneBoundary","type":"property","refpurpose":"차선 좌측경계에 대한 연계정보","href":"ref\/roadrunner.hdmap.lane.html"},{"name":"roadrunner.hdmap.Lane.RightLaneBoundary","type":"property","refpurpose":"차선 우측경계에 대한 연계정보","href":"ref\/roadrunner.hdmap.lane.html"},{"name":"roadrunner.hdmap.Lane.Predecessors","type":"property","refpurpose":"선행차선 연계정보","href":"ref\/roadrunner.hdmap.lane.html"},{"name":"roadrunner.hdmap.Lane.Successors","type":"property","refpurpose":"후속차로 연계정보","href":"ref\/roadrunner.hdmap.lane.html"},{"name":"roadrunner.hdmap.Lane.LaneType","type":"property","refpurpose":"차선 유형","href":"ref\/roadrunner.hdmap.lane.html"},{"name":"roadrunner.hdmap.Lane.Metadata","type":"property","refpurpose":"사용자 정의 보조 데이터","href":"ref\/roadrunner.hdmap.lane.html"},{"name":"roadrunner.hdmap.Lane.ParametricAttributes","type":"property","refpurpose":"차선의 속도 제한을 지정하기 위한 스팬 기반 파라미터 속성","href":"ref\/roadrunner.hdmap.lane.html"},{"name":"roadrunner.hdmap.LaneBoundary","type":"function","fcntype":"constructor","refpurpose":"MATLAB를 사용하여 RoadRunner HD Map에서 차선 경계를 생성합니다.","href":"ref\/roadrunner.hdmap.laneboundary.html"},{"name":"roadrunner.hdmap.LaneBoundary","type":"object","refpurpose":"MATLAB를 사용하여 RoadRunner HD Map에서 차선 경계를 생성합니다.","href":"ref\/roadrunner.hdmap.laneboundary.html"},{"name":"roadrunner.hdmap.LaneBoundary.ID","type":"property","refpurpose":"차선 경계 ID","href":"ref\/roadrunner.hdmap.laneboundary.html"},{"name":"roadrunner.hdmap.LaneBoundary.Geometry","type":"property","refpurpose":"차선 경계점의 3D 좌표","href":"ref\/roadrunner.hdmap.laneboundary.html"},{"name":"roadrunner.hdmap.LaneBoundary.ParametricAttributes","type":"property","refpurpose":"차선 표시를 생성하기 위한 범위 기반 파라미터 속성","href":"ref\/roadrunner.hdmap.laneboundary.html"},{"name":"roadrunner.hdmap.LaneGroup","type":"function","fcntype":"constructor","refpurpose":"MATLAB를 사용하여 RoadRunner HD Map에서 차선 그룹을 생성하세요.","href":"ref\/roadrunner.hdmap.lanegroup.html"},{"name":"roadrunner.hdmap.LaneGroup","type":"object","refpurpose":"MATLAB를 사용하여 RoadRunner HD Map에서 차선 그룹을 생성하세요.","href":"ref\/roadrunner.hdmap.lanegroup.html"},{"name":"roadrunner.hdmap.LaneGroup.ID","type":"property","refpurpose":"차선그룹의 ID","href":"ref\/roadrunner.hdmap.lanegroup.html"},{"name":"roadrunner.hdmap.LaneGroup.Geometry","type":"property","refpurpose":"차선그룹의 기하 형상의 3차원 좌표","href":"ref\/roadrunner.hdmap.lanegroup.html"},{"name":"roadrunner.hdmap.LaneGroup.Lanes","type":"property","refpurpose":"차선 참조 수집","href":"ref\/roadrunner.hdmap.lanegroup.html"},{"name":"roadrunner.hdmap.LaneMarking","type":"function","fcntype":"constructor","refpurpose":"MATLAB를 사용하여 RoadRunner HD Map에 차선 표시 만들기","href":"ref\/roadrunner.hdmap.lanemarking.html"},{"name":"roadrunner.hdmap.LaneMarking","type":"object","refpurpose":"MATLAB를 사용하여 RoadRunner HD Map에 차선 표시 만들기","href":"ref\/roadrunner.hdmap.lanemarking.html"},{"name":"roadrunner.hdmap.LaneMarking.ID","type":"property","refpurpose":"차선 표시 요소의 ID","href":"ref\/roadrunner.hdmap.lanemarking.html"},{"name":"roadrunner.hdmap.LaneMarking.AssetPath","type":"property","refpurpose":"차선 표시 자산의 상대 경로","href":"ref\/roadrunner.hdmap.lanemarking.html"},{"name":"roadrunner.hdmap.MarkingReference","type":"function","fcntype":"constructor","refpurpose":"MATLAB를 사용하여 RoadRunner HD Map에서 차선 경계와 차선 표시를 연결하기 위한 정보를 정의합니다.","href":"ref\/roadrunner.hdmap.markingreference.html"},{"name":"roadrunner.hdmap.MarkingReference","type":"object","refpurpose":"MATLAB를 사용하여 RoadRunner HD Map에서 차선 경계와 차선 표시를 연결하기 위한 정보를 정의합니다.","href":"ref\/roadrunner.hdmap.markingreference.html"},{"name":"roadrunner.hdmap.MarkingReference.MarkingID","type":"property","refpurpose":"차선 표시 요소의 ID","href":"ref\/roadrunner.hdmap.markingreference.html"},{"name":"roadrunner.hdmap.MarkingReference.FlipLaterally","type":"property","refpurpose":"뒤집기 표시 방향 설정","href":"ref\/roadrunner.hdmap.markingreference.html"},{"name":"roadrunner.hdmap.Metadata","type":"function","fcntype":"constructor","refpurpose":"MATLAB를 사용하여 RoadRunner HD Map 요소에 사용자 정의 메타데이터를 추가합니다.","href":"ref\/roadrunner.hdmap.metadata.html"},{"name":"roadrunner.hdmap.Metadata","type":"object","refpurpose":"MATLAB를 사용하여 RoadRunner HD Map 요소에 사용자 정의 메타데이터를 추가합니다.","href":"ref\/roadrunner.hdmap.metadata.html"},{"name":"roadrunner.hdmap.Metadata.Name","type":"property","refpurpose":"사용자 정의 파라미터의 이름","href":"ref\/roadrunner.hdmap.metadata.html"},{"name":"roadrunner.hdmap.Metadata.Value","type":"property","refpurpose":"사용자 정의 파라미터의 값","href":"ref\/roadrunner.hdmap.metadata.html"},{"name":"roadrunner.hdmap.ParametricAttribution","type":"function","fcntype":"constructor","refpurpose":"범위 기반 파라미터 속성","href":"ref\/roadrunner.hdmap.parametricattribution.html"},{"name":"roadrunner.hdmap.ParametricAttribution","type":"object","refpurpose":"범위 기반 파라미터 속성","href":"ref\/roadrunner.hdmap.parametricattribution.html"},{"name":"roadrunner.hdmap.ParametricAttribution.Span","type":"property","refpurpose":"범위 기반 속성의 범위","href":"ref\/roadrunner.hdmap.parametricattribution.html"},{"name":"roadrunner.hdmap.ParametricAttribution.MarkingReference","type":"property","refpurpose":"RoadRunner HD Map에 정의된 마킹 참조","href":"ref\/roadrunner.hdmap.parametricattribution.html"},{"name":"roadrunner.hdmap.ParametricAttribution.SpeedLimitReference","type":"property","refpurpose":"RoadRunner HD Map에 정의된 차선에 대한 속도 제한 참조","href":"ref\/roadrunner.hdmap.parametricattribution.html"},{"name":"roadrunner.hdmap.Reference","type":"function","fcntype":"constructor","refpurpose":"MATLAB를 사용하여 RoadRunner HD 지도에서 참조된 개체의 ID를 정의합니다.","href":"ref\/roadrunner.hdmap.reference.html"},{"name":"roadrunner.hdmap.Reference","type":"object","refpurpose":"MATLAB를 사용하여 RoadRunner HD 지도에서 참조된 개체의 ID를 정의합니다.","href":"ref\/roadrunner.hdmap.reference.html"},{"name":"roadrunner.hdmap.Reference.ID","type":"property","refpurpose":"참조된 객체의 ID","href":"ref\/roadrunner.hdmap.reference.html"},{"name":"roadrunner.hdmap.RelativeAssetPath","type":"function","fcntype":"constructor","refpurpose":"MATLAB를 사용하여 RoadRunner HD Map에서 차선 표시 자산의 상대 경로를 정의합니다.","href":"ref\/roadrunner.hdmap.relativeassetpath.html"},{"name":"roadrunner.hdmap.RelativeAssetPath","type":"object","refpurpose":"MATLAB를 사용하여 RoadRunner HD Map에서 차선 표시 자산의 상대 경로를 정의합니다.","href":"ref\/roadrunner.hdmap.relativeassetpath.html"},{"name":"roadrunner.hdmap.RelativeAssetPath.AssetPath","type":"property","refpurpose":"자산 라이브러리의 자산에 대한 상대 경로","href":"ref\/roadrunner.hdmap.relativeassetpath.html"},{"name":"roadrunner.hdmap.Sign","type":"function","fcntype":"constructor","refpurpose":"MATLAB를 사용하여 RoadRunner HD Map에서 표지판 만들기","href":"ref\/roadrunner.hdmap.sign.html"},{"name":"roadrunner.hdmap.Sign","type":"object","refpurpose":"MATLAB를 사용하여 RoadRunner HD Map에서 표지판 만들기","href":"ref\/roadrunner.hdmap.sign.html"},{"name":"roadrunner.hdmap.Sign.ID","type":"property","refpurpose":"표지판 요소의 ID","href":"ref\/roadrunner.hdmap.sign.html"},{"name":"roadrunner.hdmap.Sign.Geometry","type":"property","refpurpose":"표지판을 나타내는 3D 고정 개체의 형상","href":"ref\/roadrunner.hdmap.sign.html"},{"name":"roadrunner.hdmap.Sign.SignTypeReference","type":"property","refpurpose":"표지판의 종류","href":"ref\/roadrunner.hdmap.sign.html"},{"name":"roadrunner.hdmap.Sign.Metadata","type":"property","refpurpose":"사용자 정의 보조 데이터","href":"ref\/roadrunner.hdmap.sign.html"},{"name":"roadrunner.hdmap.SignType","type":"function","fcntype":"constructor","refpurpose":"MATLAB를 사용하여 RoadRunner HD Map에서 표지판 유형 만들기","href":"ref\/roadrunner.hdmap.signtype.html"},{"name":"roadrunner.hdmap.SignType","type":"object","refpurpose":"MATLAB를 사용하여 RoadRunner HD Map에서 표지판 유형 만들기","href":"ref\/roadrunner.hdmap.signtype.html"},{"name":"roadrunner.hdmap.SignType.ID","type":"property","refpurpose":"표지판 유형의 ID","href":"ref\/roadrunner.hdmap.signtype.html"},{"name":"roadrunner.hdmap.SignType.AssetPath","type":"property","refpurpose":"표지판 이미지 또는 표지판 자산 파일의 상대 경로","href":"ref\/roadrunner.hdmap.signtype.html"},{"name":"roadrunner.hdmap.SpeedLimit","type":"function","fcntype":"constructor","refpurpose":"MATLAB을 사용하여 RoadRunner HD Map에서 차선 속도 제한을 만듭니다.","href":"ref\/roadrunner.hdmap.speedlimit.html"},{"name":"roadrunner.hdmap.SpeedLimit","type":"object","refpurpose":"MATLAB을 사용하여 RoadRunner HD Map에서 차선 속도 제한을 만듭니다.","href":"ref\/roadrunner.hdmap.speedlimit.html"},{"name":"roadrunner.hdmap.SpeedLimit.ID","type":"property","refpurpose":"차선 속도 제한 요소의 ID","href":"ref\/roadrunner.hdmap.speedlimit.html"},{"name":"roadrunner.hdmap.SpeedLimit.Value","type":"property","refpurpose":"차선 속도 제한 값","href":"ref\/roadrunner.hdmap.speedlimit.html"},{"name":"roadrunner.hdmap.SpeedLimit.VelocityUnit","type":"property","refpurpose":"차선 속도 제한 값의 단위","href":"ref\/roadrunner.hdmap.speedlimit.html"},{"name":"roadrunner.hdmap.SpeedLimitReference","type":"function","fcntype":"constructor","refpurpose":"MATLAB을 사용하여 RoadRunner HD Map에서 차선 속도 제한 요소에 대한 정보를 정의합니다.","href":"ref\/roadrunner.hdmap.speedlimitreference.html"},{"name":"roadrunner.hdmap.SpeedLimitReference","type":"object","refpurpose":"MATLAB을 사용하여 RoadRunner HD Map에서 차선 속도 제한 요소에 대한 정보를 정의합니다.","href":"ref\/roadrunner.hdmap.speedlimitreference.html"},{"name":"roadrunner.hdmap.SpeedLimitReference.SpeedLimitID","type":"property","refpurpose":"차선 속도 제한 요소의 ID","href":"ref\/roadrunner.hdmap.speedlimitreference.html"},{"name":"roadrunner.hdmap.StaticObject","type":"function","fcntype":"constructor","refpurpose":"MATLAB를 사용하여 RoadRunner HD Map용 정적 객체 생성","href":"ref\/roadrunner.hdmap.staticobject.html"},{"name":"roadrunner.hdmap.StaticObject","type":"object","refpurpose":"MATLAB를 사용하여 RoadRunner HD Map용 정적 객체 생성","href":"ref\/roadrunner.hdmap.staticobject.html"},{"name":"roadrunner.hdmap.StaticObject.ID","type":"property","refpurpose":"StaticObject 요소의 ID","href":"ref\/roadrunner.hdmap.staticobject.html"},{"name":"roadrunner.hdmap.StaticObject.Geometry","type":"property","refpurpose":"StaticObject의 형상","href":"ref\/roadrunner.hdmap.staticobject.html"},{"name":"roadrunner.hdmap.StaticObject.ObjectTypeReference","type":"property","refpurpose":"StaticObject 유형","href":"ref\/roadrunner.hdmap.staticobject.html"},{"name":"roadrunner.hdmap.StaticObject.Metadata","type":"property","refpurpose":"사용자 정의 보조 데이터","href":"ref\/roadrunner.hdmap.staticobject.html"},{"name":"roadrunner.hdmap.StaticObjectType","type":"function","fcntype":"constructor","refpurpose":"MATLAB를 사용하여 RoadRunner HD Map에서 정적 객체 유형 생성","href":"ref\/roadrunner.hdmap.staticobjecttype.html"},{"name":"roadrunner.hdmap.StaticObjectType","type":"object","refpurpose":"MATLAB를 사용하여 RoadRunner HD Map에서 정적 객체 유형 생성","href":"ref\/roadrunner.hdmap.staticobjecttype.html"},{"name":"roadrunner.hdmap.StaticObjectType.ID","type":"property","refpurpose":"StaticObject 유형의 ID","href":"ref\/roadrunner.hdmap.staticobjecttype.html"},{"name":"roadrunner.hdmap.StaticObjectType.AssetPath","type":"property","refpurpose":"3D 메시 또는 소품 자산 파일의 상대 경로","href":"ref\/roadrunner.hdmap.staticobjecttype.html"},{"name":"roadrunner.hdmap.StencilMarking","type":"function","fcntype":"constructor","refpurpose":"MATLAB을 사용하여 RoadRunner HD Map에 스텐실 표시를 만듭니다.","href":"ref\/roadrunner.hdmap.stencilmarking.html"},{"name":"roadrunner.hdmap.StencilMarking","type":"object","refpurpose":"MATLAB을 사용하여 RoadRunner HD Map에 스텐실 표시를 만듭니다.","href":"ref\/roadrunner.hdmap.stencilmarking.html"},{"name":"roadrunner.hdmap.StencilMarking.ID","type":"property","refpurpose":"스텐실 표시 요소의 ID","href":"ref\/roadrunner.hdmap.stencilmarking.html"},{"name":"roadrunner.hdmap.StencilMarking.Geometry","type":"property","refpurpose":"스텐실 마킹의 기하구조","href":"ref\/roadrunner.hdmap.stencilmarking.html"},{"name":"roadrunner.hdmap.StencilMarking.MarkingTypeReference","type":"property","refpurpose":"스텐실 마킹 유형","href":"ref\/roadrunner.hdmap.stencilmarking.html"},{"name":"roadrunner.hdmap.StencilMarking.Metadata","type":"property","refpurpose":"사용자 정의 보조 데이터","href":"ref\/roadrunner.hdmap.stencilmarking.html"},{"name":"roadrunner.hdmap.StencilMarkingType","type":"function","fcntype":"constructor","refpurpose":"MATLAB을 사용하여 RoadRunner HD Map에서 스텐실 표시 유형 만들기","href":"ref\/roadrunner.hdmap.stencilmarkingtype.html"},{"name":"roadrunner.hdmap.StencilMarkingType","type":"object","refpurpose":"MATLAB을 사용하여 RoadRunner HD Map에서 스텐실 표시 유형 만들기","href":"ref\/roadrunner.hdmap.stencilmarkingtype.html"},{"name":"roadrunner.hdmap.StencilMarkingType.ID","type":"property","refpurpose":"스텐실 마킹 유형의 ID","href":"ref\/roadrunner.hdmap.stencilmarkingtype.html"},{"name":"roadrunner.hdmap.StencilMarkingType.AssetPath","type":"property","refpurpose":"스텐실 마킹 자산 파일에 대한 상대 경로","href":"ref\/roadrunner.hdmap.stencilmarkingtype.html"},{"name":"importScene","type":"function","fcntype":"instancemethod","refpurpose":"MATLAB를 사용하여 장면을 RoadRunner로 가져오기","href":"ref\/roadrunner.importscene.html"},{"name":"roadrunner.importScene","type":"method","fcntype":"instancemethod","refpurpose":"MATLAB를 사용하여 장면을 RoadRunner로 가져오기","href":"ref\/roadrunner.importscene.html"},{"name":"newProject","type":"function","fcntype":"instancemethod","refpurpose":"MATLAB를 사용하여 새 RoadRunner 프로젝트 만들기","href":"ref\/roadrunner.newproject.html"},{"name":"roadrunner.newProject","type":"method","fcntype":"instancemethod","refpurpose":"MATLAB를 사용하여 새 RoadRunner 프로젝트 만들기","href":"ref\/roadrunner.newproject.html"},{"name":"newScene","type":"function","fcntype":"instancemethod","refpurpose":"MATLAB를 사용하여 새로운 RoadRunner 장면 만들기","href":"ref\/roadrunner.newscene.html"},{"name":"roadrunner.newScene","type":"method","fcntype":"instancemethod","refpurpose":"MATLAB를 사용하여 새로운 RoadRunner 장면 만들기","href":"ref\/roadrunner.newscene.html"},{"name":"openProject","type":"function","fcntype":"instancemethod","refpurpose":"MATLAB를 사용하여 RoadRunner 프로젝트 열기","href":"ref\/roadrunner.openproject.html"},{"name":"roadrunner.openProject","type":"method","fcntype":"instancemethod","refpurpose":"MATLAB를 사용하여 RoadRunner 프로젝트 열기","href":"ref\/roadrunner.openproject.html"},{"name":"openScene","type":"function","fcntype":"instancemethod","refpurpose":"MATLAB를 사용하여 RoadRunner 장면 열기","href":"ref\/roadrunner.openscene.html"},{"name":"roadrunner.openScene","type":"method","fcntype":"instancemethod","refpurpose":"MATLAB를 사용하여 RoadRunner 장면 열기","href":"ref\/roadrunner.openscene.html"},{"name":"roadrunner.connect","type":"function","fcntype":"instancemethod","refpurpose":"MATLAB를 사용하여 RoadRunner의 공개 인스턴스에 연결합니다.","href":"ref\/roadrunner.roadrunner.connect.html"},{"name":"roadrunner.roadrunner.connect","type":"method","fcntype":"instancemethod","refpurpose":"MATLAB를 사용하여 RoadRunner의 공개 인스턴스에 연결합니다.","href":"ref\/roadrunner.roadrunner.connect.html"},{"name":"roadrunnerSetup","type":"function","fcntype":"instancemethod","refpurpose":"MATLAB를 사용하여 대화식으로 RoadRunner를 시작하세요.","href":"ref\/roadrunner.roadrunnersetup.html"},{"name":"roadrunner.roadrunnerSetup","type":"method","fcntype":"instancemethod","refpurpose":"MATLAB를 사용하여 대화식으로 RoadRunner를 시작하세요.","href":"ref\/roadrunner.roadrunnersetup.html"},{"name":"saveProject","type":"function","fcntype":"instancemethod","refpurpose":"MATLAB를 사용하여 RoadRunner 프로젝트 저장","href":"ref\/roadrunner.saveproject.html"},{"name":"roadrunner.saveProject","type":"method","fcntype":"instancemethod","refpurpose":"MATLAB를 사용하여 RoadRunner 프로젝트 저장","href":"ref\/roadrunner.saveproject.html"},{"name":"saveScene","type":"function","fcntype":"instancemethod","refpurpose":"MATLAB를 사용하여 RoadRunner 장면을 저장하세요.","href":"ref\/roadrunner.savescene.html"},{"name":"roadrunner.saveScene","type":"method","fcntype":"instancemethod","refpurpose":"MATLAB를 사용하여 RoadRunner 장면을 저장하세요.","href":"ref\/roadrunner.savescene.html"},{"name":"status","type":"function","fcntype":"instancemethod","refpurpose":"MATLAB를 사용하여 RoadRunner의 현재 상태를 확인하세요.","href":"ref\/roadrunner.status.html"},{"name":"roadrunner.status","type":"method","fcntype":"instancemethod","refpurpose":"MATLAB를 사용하여 RoadRunner의 현재 상태를 확인하세요.","href":"ref\/roadrunner.status.html"},{"name":"roadrunner","type":"function","fcntype":"constructor","refpurpose":"MATLAB를 사용하여 RoadRunner 애플리케이션을 시작하세요.","href":"ref\/roadrunner.html"},{"name":"roadrunner","type":"object","refpurpose":"MATLAB를 사용하여 RoadRunner 애플리케이션을 시작하세요.","href":"ref\/roadrunner.html"},{"name":"roadrunner.ProjectFolder","type":"property","refpurpose":"RoadRunner 프로젝트 폴더 경로","href":"ref\/roadrunner.html"},{"name":"roadrunner.InstallationFolder","type":"property","refpurpose":"로컬 RoadRunner 설치 폴더 위치","href":"ref\/roadrunner.html"},{"name":"roadrunner.NoDisplay","type":"property","refpurpose":"콘솔 모드에서 RoadRunner 시작","href":"ref\/roadrunner.html"},{"name":"roadrunner.Ports","type":"property","refpurpose":"지정된 apiPort 및 cosimPort에서 RoadRunner를 시작합니다.","href":"ref\/roadrunner.html"},{"name":"roadrunner_service.proto","type":"nonstandard","refpurpose":"RoadRunner 서비스 protobuf 스키마","href":"ref\/roadrunner_service.proto.html"},{"name":"roadrunner_service_messages.proto","type":"nonstandard","refpurpose":"RoadRunner 서비스 메시지 protobuf 스키마","href":"ref\/roadrunner_service_messages.proto.html"},{"name":"plot","type":"function","fcntype":"instancemethod","refpurpose":"MATLAB를 사용하여 RoadRunner HD Map 플로팅하기","href":"ref\/roadrunnerhdmap.plot.html"},{"name":"roadrunnerHDMap.plot","type":"method","fcntype":"instancemethod","refpurpose":"MATLAB를 사용하여 RoadRunner HD Map 플로팅하기","href":"ref\/roadrunnerhdmap.plot.html"},{"name":"read","type":"function","fcntype":"instancemethod","refpurpose":"MATLAB를 사용하여 바이너리 파일에서 HD Map 읽기","href":"ref\/roadrunnerhdmap.read.html"},{"name":"roadrunnerHDMap.read","type":"method","fcntype":"instancemethod","refpurpose":"MATLAB를 사용하여 바이너리 파일에서 HD Map 읽기","href":"ref\/roadrunnerhdmap.read.html"},{"name":"readCRS","type":"function","fcntype":"instancemethod","refpurpose":"MATLAB를 사용하여 RoadRunner HD 지도에서 좌표 참조 시스템(CRS) 데이터를 읽습니다.","href":"ref\/roadrunnerhdmap.readcrs.html"},{"name":"roadrunnerHDMap.readCRS","type":"method","fcntype":"instancemethod","refpurpose":"MATLAB를 사용하여 RoadRunner HD 지도에서 좌표 참조 시스템(CRS) 데이터를 읽습니다.","href":"ref\/roadrunnerhdmap.readcrs.html"},{"name":"write","type":"function","fcntype":"instancemethod","refpurpose":"MATLAB를 사용하여 HD Map을 바이너리 파일에 작성","href":"ref\/roadrunnerhdmap.write.html"},{"name":"roadrunnerHDMap.write","type":"method","fcntype":"instancemethod","refpurpose":"MATLAB를 사용하여 HD Map을 바이너리 파일에 작성","href":"ref\/roadrunnerhdmap.write.html"},{"name":"roadrunnerHDMap","type":"function","fcntype":"constructor","refpurpose":"MATLAB를 사용하여 RoadRunner HD Map 만들기","href":"ref\/roadrunnerhdmap.html"},{"name":"roadrunnerHDMap","type":"object","refpurpose":"MATLAB를 사용하여 RoadRunner HD Map 만들기","href":"ref\/roadrunnerhdmap.html"},{"name":"roadrunnerHDMap.Author","type":"property","refpurpose":"지도 작성자 이름","href":"ref\/roadrunnerhdmap.html"},{"name":"roadrunnerHDMap.GeoReference","type":"property","refpurpose":"도로망 원점의 지리적 좌표","href":"ref\/roadrunnerhdmap.html"},{"name":"roadrunnerHDMap.GeographicBoundary","type":"property","refpurpose":"형상 데이터의 공간적 경계","href":"ref\/roadrunnerhdmap.html"},{"name":"roadrunnerHDMap.Lanes","type":"property","refpurpose":"도로의 차선 특성","href":"ref\/roadrunnerhdmap.html"},{"name":"roadrunnerHDMap.SpeedLimits","type":"property","refpurpose":"차선의 속도 제한","href":"ref\/roadrunnerhdmap.html"},{"name":"roadrunnerHDMap.LaneBoundaries","type":"property","refpurpose":"차선의 경계","href":"ref\/roadrunnerhdmap.html"},{"name":"roadrunnerHDMap.LaneGroups","type":"property","refpurpose":"유사한 형상을 가진 차선 그룹","href":"ref\/roadrunnerhdmap.html"},{"name":"roadrunnerHDMap.LaneMarkings","type":"property","refpurpose":"차선 표시 정의","href":"ref\/roadrunnerhdmap.html"},{"name":"roadrunnerHDMap.Junctions","type":"property","refpurpose":"도로 분기점","href":"ref\/roadrunnerhdmap.html"},{"name":"roadrunnerHDMap.BarrierTypes","type":"property","refpurpose":"장벽 돌출에 대한 장벽 유형 및 유형 정보","href":"ref\/roadrunnerhdmap.html"},{"name":"roadrunnerHDMap.Barrier","type":"property","refpurpose":"지도의 장벽","href":"ref\/roadrunnerhdmap.html"},{"name":"roadrunnerHDMap.SignTypes","type":"property","refpurpose":"표지판 유형의 표지판 기능 및 유형 정보","href":"ref\/roadrunnerhdmap.html"},{"name":"roadrunnerHDMap.Signs","type":"property","refpurpose":"지도의 표지판","href":"ref\/roadrunnerhdmap.html"},{"name":"roadrunnerHDMap.StaticObjectType","type":"property","refpurpose":"물리적 객체의 속성","href":"ref\/roadrunnerhdmap.html"},{"name":"roadrunnerHDMap.StaticObject","type":"property","refpurpose":"지도의 정적 객체","href":"ref\/roadrunnerhdmap.html"},{"name":"roadrunnerHDMap.StencilMarkingTypes","type":"property","refpurpose":"스텐실 마킹 기능의 유형 및 유형 정보","href":"ref\/roadrunnerhdmap.html"},{"name":"roadrunnerHDMap.StencilMarkings","type":"property","refpurpose":"지도의 스텐실 표시","href":"ref\/roadrunnerhdmap.html"},{"name":"roadrunnerHDMap.CurveMarkingTypes","type":"property","refpurpose":"곡선 표시 기능의 유형 및 유형 정보","href":"ref\/roadrunnerhdmap.html"},{"name":"roadrunnerHDMap.CurveMarkings","type":"property","refpurpose":"지도의 곡선 표시","href":"ref\/roadrunnerhdmap.html"},{"name":"RoadRunnerStatus","type":"nonstandard","refpurpose":"gRPC를 사용하여 현재 RoadRunner 세션 상태를 가져옵니다.","href":"ref\/roadrunnerstatus.html"},{"name":"Road Speed Limits Tool","type":"tool","refpurpose":"도로 범위에 따른 속도 제한 설정","href":"ref\/roadspeedlimitstool.html"},{"name":"Road Style Assets","type":"nonstandard","refpurpose":"새 도로의 속성을 지정하는 템플릿 정의","href":"ref\/roadstyleassets.html"},{"name":"Road Superelevation Tool","type":"tool","refpurpose":"도로의 전체 폭에 대한 편경사(경사도 및 경사각도)를 조정합니다.","href":"ref\/roadsuperelevationtool.html"},{"name":"SaveProject","type":"nonstandard","refpurpose":"gRPC를 사용하여 RoadRunner 프로젝트 저장","href":"ref\/saveproject.html"},{"name":"SaveScene","type":"nonstandard","refpurpose":"gRPC를 사용하여 RoadRunner 장면을 저장하세요.","href":"ref\/savescene.html"},{"name":"Scene Anchor Tool","type":"tool","refpurpose":"장면 내에 시나리오를 배치하기 위한 앵커 정의(RoadRunner Scenario 필요)","href":"ref\/sceneanchortool.html"},{"name":"Scene Builder Tool","type":"tool","refpurpose":"HD Map 데이터에서 3D 장면 생성","href":"ref\/scenebuildertool.html"},{"name":"Scene Export Preview Tool","type":"tool","refpurpose":"내보낼 장면 형상 미리보기","href":"ref\/sceneexportpreviewtool.html"},{"name":"Screenshot Tool","type":"tool","refpurpose":"현재 카메라 뷰의 이미지 생성 및 저장","href":"ref\/screenshottool.html"},{"name":"SD Map Viewer Tool","type":"tool","refpurpose":"SD 맵 서비스를 사용하여 3D 장면 생성","href":"ref\/sdmapviewertool.html"},{"name":"Selection Tool","type":"tool","refpurpose":"장면에서 하나 이상의 도로와 소품을 선택하세요.","href":"ref\/selectiontool.html"},{"name":"Sidewalk Height Tool","type":"tool","refpurpose":"보도 및 연석 높이 수정","href":"ref\/sidewalkheighttool.html"},{"name":"Signal Assets","type":"nonstandard","refpurpose":"조명으로 동적 교통 신호 헤드 정의","href":"ref\/signalassets.html"},{"name":"Signal Tool","type":"tool","refpurpose":"분기점 신호 및 신호 교통 단계 구성","href":"ref\/signaltool.html"},{"name":"Sign Assets","type":"nonstandard","refpurpose":"표준 및 맞춤형 도로 표지판 정의","href":"ref\/signassets.html"},{"name":"Sign Tool","type":"tool","refpurpose":"거리 이름 표지판, 고속도로 광고판 등 맞춤형 표지판 수정","href":"ref\/signtool.html"},{"name":"Slip Road Tool","type":"tool","refpurpose":"진입로, 진출로 및 도로 분기 생성","href":"ref\/sliproadtool.html"},{"name":"Stencil Marking Assets","type":"nonstandard","refpurpose":"화살표, 텍스트, 기호 등 도로 페인트 기능 정의","href":"ref\/stencilmarkingassets.html"},{"name":"Surface Tool","type":"tool","refpurpose":"보도, 진입로, 주차장, 자연 지형 등 도로 주변 표면 모델링","href":"ref\/surfacetool.html"},{"name":"Synthetic CRG Assets","type":"nonstandard","refpurpose":"CRG 형식으로 노면 데이터 정의","href":"ref\/syntheticcrgassets.html"},{"name":"Texture Assets","type":"nonstandard","refpurpose":"재질 자산에 대한 텍스처 채널 정의","href":"ref\/textureassets.html"},{"name":"Traffic Island Tool","type":"tool","refpurpose":"RoadRunner 장면에 자유형 교통섬 만들기","href":"ref\/trafficislandtool.html"},{"name":"Vector Data Assets","type":"nonstandard","refpurpose":"시각적 참조를 위해 GIS 쉐이프파일 및 기타 벡터 데이터를 장면에 추가합니다.","href":"ref\/vectordataassets.html"},{"name":"Vector Data Tool","type":"tool","refpurpose":"벡터 데이터 파일 가져오기 및 구성을 관리하고 모양 속성을 탐색합니다.","href":"ref\/vectordatatool.html"},{"name":"World Settings Tool","type":"tool","refpurpose":"데이터 가져오기 및 내보내기를 위한 환경 모델의 지리적 위치 및 크기 구성","href":"ref\/worldsettingstool.html"}]}