{"schema":"referenceapi_lookup_schema.json","schemaVersion":"1.0","docVersion":"doc25a.2968260.Bdoc25a.2967890.pass.r2025a","productName":"RoadRunner Scenario","baseCode":"RN","helpFolder":"roadrunner-scenario","helpLocation":"roadrunner-scenario",  "refItems" : [{"name":"NewScenario","type":"nonstandard","refpurpose":"gRPC を使用した新しい RoadRunner シナリオの作成","href":"ref\/newscenario.html"},{"name":"createSimulation","type":"function","fcntype":"instancemethod","refpurpose":"MATLAB を使用して RoadRunner Scenario シミュレーションを作成","href":"ref\/roadrunner.createsimulation.html"},{"name":"roadrunner.createSimulation","type":"method","fcntype":"instancemethod","refpurpose":"MATLAB を使用して RoadRunner Scenario シミュレーションを作成","href":"ref\/roadrunner.createsimulation.html"},{"name":"setScenarioVariable","type":"function","fcntype":"instancemethod","refpurpose":"MATLAB を使用した RoadRunner シナリオ変数の設定","href":"ref\/roadrunner.setscenariovariable.html"},{"name":"roadrunner.setScenarioVariable","type":"method","fcntype":"instancemethod","refpurpose":"MATLAB を使用した RoadRunner シナリオ変数の設定","href":"ref\/roadrunner.setscenariovariable.html"},{"name":"Route Timing Tool","type":"tool","refpurpose":"オプションのタイミング データを軌跡に割り当てる","href":"ref\/routetimingtool.html"},{"name":"Scenario Edit Tool","type":"tool","refpurpose":"アクターと経路の追加、道路のアンカーの変更、およびシナリオ ロジックの定義","href":"ref\/scenarioedittool.html"},{"name":"SetScenarioVariable","type":"nonstandard","refpurpose":"gRPC を使用した RoadRunner シナリオ変数の設定","href":"ref\/setscenariovariable.html"},{"name":"Simulation Configuration","type":"nonstandard","refpurpose":"シミュレーション定数、タイムアウト値、およびコシミュレーション プラットフォーム パラメーターの指定","href":"ref\/simulationconfiguration.html"}]}