{"schema":"referenceapi_lookup_schema.json","schemaVersion":"1.0","docVersion":"doc25a.2968260.Bdoc25a.2967890.pass.r2025a","productName":"RoadRunner","baseCode":"RD","helpFolder":"roadrunner","helpLocation":"roadrunner",  "refItems" : [{"name":"Aerial Image Assets","type":"nonstandard","refpurpose":"Agregue imágenes aéreas y satelitales GIS a la escena para referencia visual","href":"ref\/aerialimageassets.html"},{"name":"Aerial Imagery Tool","type":"tool","refpurpose":"Gestionar la importación y configuración de archivos de imágenes aéreas.","href":"ref\/aerialimagerytool.html"},{"name":"Anchor Tool","type":"tool","refpurpose":"Defina anclajes para colocar escenarios dentro de escenas (requiere RoadRunner Scenario)","href":"ref\/anchortool.html"},{"name":"AppRoadRunner","type":"function","fcntype":"simple","refpurpose":"Inicie la aplicación RoadRunner desde la línea de comando usando gRPC","href":"ref\/approadrunner.html"},{"name":"common_attributes.proto","type":"nonstandard","refpurpose":"Atributos comunes para los archivos de búfer del protocolo RoadRunner HD Map","href":"ref\/common_attributes.proto.html"},{"name":"Corner Tool","type":"tool","refpurpose":"Ajustar la forma y los materiales de las esquinas de unión","href":"ref\/cornertool.html"},{"name":"Cross Section Tool","type":"tool","refpurpose":"Manipular formas de peraltes, coronaciones y bordillos en cruces de carreteras.","href":"ref\/crosssectiontool.html"},{"name":"Crosswalk And Stop Line Tool","type":"tool","refpurpose":"Agregue cruces de peatones y líneas de parada entre las esquinas de las intersecciones","href":"ref\/crosswalkandstoplinetool.html"},{"name":"Crosswalk Marking Assets","type":"nonstandard","refpurpose":"Definir propiedades de señalización de cruces peatonales, como color, ancho y espaciado.","href":"ref\/crosswalkmarkingassets.html"},{"name":"Custom Junction Tool","type":"tool","refpurpose":"Anular la funcionalidad de cruce automático de RoadRunner para casos avanzados","href":"ref\/customjunctiontool.html"},{"name":"Elevation Map Assets","type":"nonstandard","refpurpose":"Agregar datos de elevación ráster SIG a la escena","href":"ref\/elevationmapassets.html"},{"name":"Elevation Map Tool","type":"tool","refpurpose":"Gestionar la importación y configuración de archivos de modelos de elevación digitales (DEM)","href":"ref\/elevationmaptool.html"},{"name":"Exit","type":"nonstandard","refpurpose":"Salga de la aplicación RoadRunner usando gRPC","href":"ref\/exit.html"},{"name":"Export","type":"nonstandard","refpurpose":"Exportar escena o escenario de RoadRunner usando gRPC","href":"ref\/export.html"},{"name":"export_settings.proto","type":"nonstandard","refpurpose":"Esquema de protobuf de configuración de exportación","href":"ref\/export_settings.proto.html"},{"name":"Extrusion Assets","type":"nonstandard","refpurpose":"Definir geometría extruida para elementos como muros, barandillas y vallas.","href":"ref\/extrusionassets.html"},{"name":"geometry.proto","type":"nonstandard","refpurpose":"Esquema de protobuf de geometría de escena","href":"ref\/geometry.proto.html"},{"name":"hd_barriers.proto","type":"nonstandard","refpurpose":"Mensajes de representación de barreras para RoadRunner HD Map","href":"ref\/hd_barriers.proto.html"},{"name":"hd_junctions.proto","type":"nonstandard","refpurpose":"Representación de cruces para RoadRunner HD Map","href":"ref\/hd_junctions.proto.html"},{"name":"hd_lane_markings.proto","type":"nonstandard","refpurpose":"Mensajes de representación de marcas de carril para RoadRunner HD Map","href":"ref\/hd_lane_markings.proto.html"},{"name":"hd_lanes.proto","type":"nonstandard","refpurpose":"Mensajes de representación de carriles para el mapa RoadRunner HD","href":"ref\/hd_lanes.proto.html"},{"name":"hd_map.proto","type":"nonstandard","refpurpose":"Mensaje de mapa de RoadRunner HD","href":"ref\/hd_map.proto.html"},{"name":"hd_map_header.proto","type":"nonstandard","refpurpose":"Mensaje de encabezado del mapa RoadRunner HD","href":"ref\/hd_map_header.proto.html"},{"name":"hd_signs.proto","type":"nonstandard","refpurpose":"Mensajes de representación de signos para RoadRunner HD Map","href":"ref\/hd_signs.proto.html"},{"name":"hd_static_objects.proto","type":"nonstandard","refpurpose":"Mensajes de representación de objetos estáticos para RoadRunner HD Map","href":"ref\/hd_static_objects.proto.html"},{"name":"Import","type":"nonstandard","refpurpose":"Importe el archivo a la escena o escenario de RoadRunner usando gRPC","href":"ref\/import.html"},{"name":"import_settings.proto","type":"nonstandard","refpurpose":"Importar configuración del esquema protobuf","href":"ref\/import_settings.proto.html"},{"name":"Junction Surface Tool","type":"tool","refpurpose":"Controle cómo las elevaciones y las secciones transversales de la carretera influyen en la triangulación interior de las intersecciones","href":"ref\/junctionsurfacetool.html"},{"name":"Lane Add Tool","type":"tool","refpurpose":"Agregar carril completamente formado a lo largo de la carretera","href":"ref\/laneaddtool.html"},{"name":"Lane Carve Tool","type":"tool","refpurpose":"Crear un corte ahusado en el carril, como un carril exclusivo para girar en la mediana","href":"ref\/lanecarvetool.html"},{"name":"Lane Chop Tool","type":"tool","refpurpose":"Cortar un carril en dos carriles","href":"ref\/lanechoptool.html"},{"name":"Lane Form Tool","type":"tool","refpurpose":"Agregar carril de formación o de finalización a lo largo de la carretera","href":"ref\/laneformtool.html"},{"name":"Lane Marking Assets","type":"nonstandard","refpurpose":"Definir marcas de carril, como color, ancho y espacio entre guiones.","href":"ref\/lanemarkingassets.html"},{"name":"Lane Marking Tool","type":"tool","refpurpose":"Agregar marcas lineales a los límites de los carriles","href":"ref\/lanemarkingtool.html"},{"name":"Lane Offset Tool","type":"tool","refpurpose":"Ajustar la ubicación del carril central de la carretera","href":"ref\/laneoffsettool.html"},{"name":"Lane Split Tool","type":"tool","refpurpose":"Dividir el carril a lo largo en dos carriles","href":"ref\/lanesplittool.html"},{"name":"Lane Tool","type":"tool","refpurpose":"Eliminar carriles, actualizar el tipo de carril e invertir la dirección de desplazamiento del carril","href":"ref\/lanetool.html"},{"name":"Lane Width Tool","type":"tool","refpurpose":"Ajustar el ancho de los carriles a lo largo de la carretera","href":"ref\/lanewidthtool.html"},{"name":"LoadProject","type":"nonstandard","refpurpose":"Cargar proyecto RoadRunner usando gRPC","href":"ref\/loadproject.html"},{"name":"LoadScene","type":"nonstandard","refpurpose":"Cargar escena de RoadRunner usando gRPC","href":"ref\/loadscene.html"},{"name":"Maneuver Tool","type":"tool","refpurpose":"Manipular caminos (caminos) de maniobra individuales dentro del cruce","href":"ref\/maneuvertool.html"},{"name":"Marking Curve Tool","type":"tool","refpurpose":"Coloque marcas rectas o curvas en ubicaciones arbitrarias","href":"ref\/markingcurvetool.html"},{"name":"Marking Point Tool","type":"tool","refpurpose":"Coloque marcas de puntos (plantillas), como flechas y palabras, en la superficie de la carretera.","href":"ref\/markingpointtool.html"},{"name":"Marking Polygon Tool","type":"tool","refpurpose":"Defina áreas de parches de asfalto o franjas de señalización repetidas en carreteras y superficies de terreno.","href":"ref\/markingpolygontool.html"},{"name":"Material Assets","type":"nonstandard","refpurpose":"Definir propiedades visuales de superficies, aceras, carriles y otros objetos.","href":"ref\/materialassets.html"},{"name":"Measurement Tool","type":"tool","refpurpose":"Medir posiciones, distancias y ángulos en la escena.","href":"ref\/measurementtool.html"},{"name":"NewProject","type":"nonstandard","refpurpose":"Cree un nuevo proyecto RoadRunner usando gRPC","href":"ref\/newproject.html"},{"name":"NewScene","type":"nonstandard","refpurpose":"Crea una nueva escena de RoadRunner usando gRPC","href":"ref\/newscene.html"},{"name":"OpenDRIVE Export Preview Tool","type":"tool","refpurpose":"Visualice y valide ASAM OpenDRIVE exportación de escena y cargue archivos externos ASAM OpenDRIVE","href":"ref\/opendriveexportpreviewtool.html"},{"name":"OpenDRIVE Viewer Tool","type":"tool","refpurpose":"Visualizar datos ASAM OpenDRIVE para importar","href":"ref\/opendriveviewertool.html"},{"name":"Parking Tool","type":"tool","refpurpose":"Definir espacios de estacionamiento y otras marcas relacionadas con el estacionamiento.","href":"ref\/parkingtool.html"},{"name":"Point Cloud Assets","type":"nonstandard","refpurpose":"Agregue nubes de puntos aéreas o vehiculares a la escena como referencia visual","href":"ref\/pointcloudassets.html"},{"name":"Point Cloud Tool","type":"tool","refpurpose":"Gestionar la importación y configuración de archivos de nube de puntos LIDAR","href":"ref\/pointcloudtool.html"},{"name":"Polygon Marking Assets","type":"nonstandard","refpurpose":"Definir marcas viales que llenen el espacio, como marcas rayadas y en forma de chevrón.","href":"ref\/polygonmarkingassets.html"},{"name":"Post Assets","type":"nonstandard","refpurpose":"Definir postes de soporte de edificios, como puentes y pasos elevados.","href":"ref\/postassets.html"},{"name":"Prop Assembly Assets","type":"nonstandard","refpurpose":"Definir una colección de instancias de accesorios almacenadas como un solo activo","href":"ref\/propassemblyassets.html"},{"name":"Prop Curve Tool","type":"tool","refpurpose":"Coloque accesorios y extrusiones a lo largo de curvas de forma libre","href":"ref\/propcurvetool.html"},{"name":"Prop Model Assets","type":"nonstandard","refpurpose":"Definir archivos de modelos 3D externos para agregar a la escena","href":"ref\/propmodelassets.html"},{"name":"Prop Point Tool","type":"tool","refpurpose":"Coloque accesorios individuales en la escena y conéctelos a otros accesorios.","href":"ref\/proppointtool.html"},{"name":"Prop Polygon Tool","type":"tool","refpurpose":"Coloque accesorios dentro de regiones con formas arbitrarias","href":"ref\/proppolygontool.html"},{"name":"Prop Set Assets","type":"nonstandard","refpurpose":"Definir colecciones de accesorios que tengan una distribución aleatoria.","href":"ref\/propsetassets.html"},{"name":"Prop Span Tool","type":"tool","refpurpose":"Coloque accesorios y extrusiones a lo largo de la carretera.","href":"ref\/propspantool.html"},{"name":"Road Chop Tool","type":"tool","refpurpose":"Divida una única carretera en dos carreteras conectadas","href":"ref\/roadchoptool.html"},{"name":"Road Circle Tool","type":"tool","refpurpose":"Construir una carretera circular cerrada, por ejemplo para crear rotondas.","href":"ref\/roadcircletool.html"},{"name":"Road Construction Tool","type":"tool","refpurpose":"Especificar la construcción física de los tramos de carretera.","href":"ref\/roadconstructiontool.html"},{"name":"Road CRG Tool","type":"tool","refpurpose":"Aplicar y visualizar datos de la superficie de la carretera","href":"ref\/roadcrgtool.html"},{"name":"Road Height Tool","type":"tool","refpurpose":"Manipular el perfil vertical de las carreteras.","href":"ref\/roadheighttool.html"},{"name":"Road Offset Tool","type":"tool","refpurpose":"Ajustar la conexión entre dos carreteras de un extremo a otro","href":"ref\/roadoffsettool.html"},{"name":"Road Plan Tool","type":"tool","refpurpose":"Crear y diseñar carreteras.","href":"ref\/roadplantool.html"},{"name":"changeWorldSettings","type":"function","fcntype":"instancemethod","refpurpose":"Modifique la configuración mundial de la escena activa usando MATLAB","href":"ref\/roadrunner.changeworldsettings.html"},{"name":"roadrunner.changeWorldSettings","type":"method","fcntype":"instancemethod","refpurpose":"Modifique la configuración mundial de la escena activa usando MATLAB","href":"ref\/roadrunner.changeworldsettings.html"},{"name":"close","type":"function","fcntype":"instancemethod","refpurpose":"Cerrar RoadRunner usando MATLAB","href":"ref\/roadrunner.close.html"},{"name":"roadrunner.close","type":"method","fcntype":"instancemethod","refpurpose":"Cerrar RoadRunner usando MATLAB","href":"ref\/roadrunner.close.html"},{"name":"exportCustomFormat","type":"function","fcntype":"instancemethod","refpurpose":"Exportar escena de RoadRunner a formato personalizado usando MATLAB","href":"ref\/roadrunner.exportcustomformat.html"},{"name":"roadrunner.exportCustomFormat","type":"method","fcntype":"instancemethod","refpurpose":"Exportar escena de RoadRunner a formato personalizado usando MATLAB","href":"ref\/roadrunner.exportcustomformat.html"},{"name":"exportScene","type":"function","fcntype":"instancemethod","refpurpose":"Exportar escena de RoadRunner usando MATLAB","href":"ref\/roadrunner.exportscene.html"},{"name":"roadrunner.exportScene","type":"method","fcntype":"instancemethod","refpurpose":"Exportar escena de RoadRunner usando MATLAB","href":"ref\/roadrunner.exportscene.html"},{"name":"getAPIPort","type":"function","fcntype":"instancemethod","refpurpose":"Recuperar el número de puerto del servidor API de RoadRunner en MATLAB","href":"ref\/roadrunner.getapiport.html"},{"name":"roadrunner.getAPIPort","type":"method","fcntype":"instancemethod","refpurpose":"Recuperar el número de puerto del servidor API de RoadRunner en MATLAB","href":"ref\/roadrunner.getapiport.html"},{"name":"getCoSimPort","type":"function","fcntype":"instancemethod","refpurpose":"Recuperar el número de puerto del servidor API de RoadRunner Scenario en MATLAB","href":"ref\/roadrunner.getcosimport.html"},{"name":"roadrunner.getCoSimPort","type":"method","fcntype":"instancemethod","refpurpose":"Recuperar el número de puerto del servidor API de RoadRunner Scenario en MATLAB","href":"ref\/roadrunner.getcosimport.html"},{"name":"roadrunner.hdmap.AlignedReference","type":"function","fcntype":"constructor","refpurpose":"Se proporcionó información para vincular objetos en RoadRunner HD Maps usando MATLAB","href":"ref\/roadrunner.hdmap.alignedreference.html"},{"name":"roadrunner.hdmap.AlignedReference","type":"object","refpurpose":"Se proporcionó información para vincular objetos en RoadRunner HD Maps usando MATLAB","href":"ref\/roadrunner.hdmap.alignedreference.html"},{"name":"roadrunner.hdmap.AlignedReference.Reference","type":"property","refpurpose":"ID del objeto referenciado","href":"ref\/roadrunner.hdmap.alignedreference.html"},{"name":"roadrunner.hdmap.AlignedReference.Alignment","type":"property","refpurpose":"Tipo de alineación","href":"ref\/roadrunner.hdmap.alignedreference.html"},{"name":"roadrunner.hdmap.Barrier","type":"function","fcntype":"constructor","refpurpose":"Crear barrera en RoadRunner HD Map usando MATLAB","href":"ref\/roadrunner.hdmap.barrier.html"},{"name":"roadrunner.hdmap.Barrier","type":"object","refpurpose":"Crear barrera en RoadRunner HD Map usando MATLAB","href":"ref\/roadrunner.hdmap.barrier.html"},{"name":"roadrunner.hdmap.Barrier.ID","type":"property","refpurpose":"ID del elemento de barrera","href":"ref\/roadrunner.hdmap.barrier.html"},{"name":"roadrunner.hdmap.Barrier.Geometry","type":"property","refpurpose":"Base de la barrera sobre la que se repite la extrusión.","href":"ref\/roadrunner.hdmap.barrier.html"},{"name":"roadrunner.hdmap.Barrier.BarrierTypeReference","type":"property","refpurpose":"Tipo de barrera","href":"ref\/roadrunner.hdmap.barrier.html"},{"name":"roadrunner.hdmap.Barrier.FlipLaterally","type":"property","refpurpose":"Establecer la orientación de la barrera abatible","href":"ref\/roadrunner.hdmap.barrier.html"},{"name":"roadrunner.hdmap.BarrierType","type":"function","fcntype":"constructor","refpurpose":"Cree tipos de barreras en RoadRunner HD Map usando MATLAB","href":"ref\/roadrunner.hdmap.barriertype.html"},{"name":"roadrunner.hdmap.BarrierType","type":"object","refpurpose":"Cree tipos de barreras en RoadRunner HD Map usando MATLAB","href":"ref\/roadrunner.hdmap.barriertype.html"},{"name":"roadrunner.hdmap.BarrierType.ID","type":"property","refpurpose":"ID del tipo de barrera","href":"ref\/roadrunner.hdmap.barriertype.html"},{"name":"roadrunner.hdmap.BarrierType.ExtrusionPath","type":"property","refpurpose":"Ruta relativa para el activo de extrusión que define el tipo de barrera","href":"ref\/roadrunner.hdmap.barriertype.html"},{"name":"roadrunner.hdmap.Junction","type":"function","fcntype":"constructor","refpurpose":"Cree cruces en RoadRunner HD Map usando MATLAB","href":"ref\/roadrunner.hdmap.junction.html"},{"name":"roadrunner.hdmap.Junction","type":"object","refpurpose":"Cree cruces en RoadRunner HD Map usando MATLAB","href":"ref\/roadrunner.hdmap.junction.html"},{"name":"roadrunner.hdmap.Junction.ID","type":"property","refpurpose":"ID del cruce","href":"ref\/roadrunner.hdmap.junction.html"},{"name":"roadrunner.hdmap.Junction.Geometry","type":"property","refpurpose":"Geometría del objeto de unión","href":"ref\/roadrunner.hdmap.junction.html"},{"name":"roadrunner.hdmap.Junction.Lanes","type":"property","refpurpose":"ID de carriles de conexión","href":"ref\/roadrunner.hdmap.junction.html"},{"name":"addPredecessor","type":"function","fcntype":"instancemethod","refpurpose":"Agregue predecesor al carril en RoadRunner HD Map usando MATLAB","href":"ref\/roadrunner.hdmap.lane.addpredecessor.html"},{"name":"roadrunner.hdmap.Lane.addPredecessor","type":"method","fcntype":"instancemethod","refpurpose":"Agregue predecesor al carril en RoadRunner HD Map usando MATLAB","href":"ref\/roadrunner.hdmap.lane.addpredecessor.html"},{"name":"addSuccessor","type":"function","fcntype":"instancemethod","refpurpose":"Agregue un sucesor al carril en RoadRunner HD Map usando MATLAB","href":"ref\/roadrunner.hdmap.lane.addsuccessor.html"},{"name":"roadrunner.hdmap.Lane.addSuccessor","type":"method","fcntype":"instancemethod","refpurpose":"Agregue un sucesor al carril en RoadRunner HD Map usando MATLAB","href":"ref\/roadrunner.hdmap.lane.addsuccessor.html"},{"name":"leftBoundary","type":"function","fcntype":"instancemethod","refpurpose":"Establezca el límite izquierdo del carril en RoadRunner HD Map usando MATLAB","href":"ref\/roadrunner.hdmap.lane.leftboundary.html"},{"name":"roadrunner.hdmap.Lane.leftBoundary","type":"method","fcntype":"instancemethod","refpurpose":"Establezca el límite izquierdo del carril en RoadRunner HD Map usando MATLAB","href":"ref\/roadrunner.hdmap.lane.leftboundary.html"},{"name":"rightBoundary","type":"function","fcntype":"instancemethod","refpurpose":"Establezca el límite derecho del carril en RoadRunner HD Map usando MATLAB","href":"ref\/roadrunner.hdmap.lane.rightboundary.html"},{"name":"roadrunner.hdmap.Lane.rightBoundary","type":"method","fcntype":"instancemethod","refpurpose":"Establezca el límite derecho del carril en RoadRunner HD Map usando MATLAB","href":"ref\/roadrunner.hdmap.lane.rightboundary.html"},{"name":"roadrunner.hdmap.Lane","type":"function","fcntype":"constructor","refpurpose":"Cree carriles en RoadRunner HD Map usando MATLAB","href":"ref\/roadrunner.hdmap.lane.html"},{"name":"roadrunner.hdmap.Lane","type":"object","refpurpose":"Cree carriles en RoadRunner HD Map usando MATLAB","href":"ref\/roadrunner.hdmap.lane.html"},{"name":"roadrunner.hdmap.Lane.ID","type":"property","refpurpose":"ID de carril","href":"ref\/roadrunner.hdmap.lane.html"},{"name":"roadrunner.hdmap.Lane.Geometry","type":"property","refpurpose":"Coordenadas 3D de puntos que representan la línea central del carril.","href":"ref\/roadrunner.hdmap.lane.html"},{"name":"roadrunner.hdmap.Lane.TravelDirection","type":"property","refpurpose":"Dirección de circulación a lo largo del carril.","href":"ref\/roadrunner.hdmap.lane.html"},{"name":"roadrunner.hdmap.Lane.LeftLaneBoundary","type":"property","refpurpose":"Información de vinculación para el límite izquierdo del carril","href":"ref\/roadrunner.hdmap.lane.html"},{"name":"roadrunner.hdmap.Lane.RightLaneBoundary","type":"property","refpurpose":"Información de vinculación para el límite derecho del carril","href":"ref\/roadrunner.hdmap.lane.html"},{"name":"roadrunner.hdmap.Lane.Predecessors","type":"property","refpurpose":"Información de enlace para carriles anteriores","href":"ref\/roadrunner.hdmap.lane.html"},{"name":"roadrunner.hdmap.Lane.Successors","type":"property","refpurpose":"Información de enlace para carriles sucesivos","href":"ref\/roadrunner.hdmap.lane.html"},{"name":"roadrunner.hdmap.Lane.LaneType","type":"property","refpurpose":"tipo de carril","href":"ref\/roadrunner.hdmap.lane.html"},{"name":"roadrunner.hdmap.Lane.Metadata","type":"property","refpurpose":"Datos auxiliares definidos por el usuario","href":"ref\/roadrunner.hdmap.lane.html"},{"name":"roadrunner.hdmap.LaneBoundary","type":"function","fcntype":"constructor","refpurpose":"Cree un límite de carril en RoadRunner HD Map usando MATLAB","href":"ref\/roadrunner.hdmap.laneboundary.html"},{"name":"roadrunner.hdmap.LaneBoundary","type":"object","refpurpose":"Cree un límite de carril en RoadRunner HD Map usando MATLAB","href":"ref\/roadrunner.hdmap.laneboundary.html"},{"name":"roadrunner.hdmap.LaneBoundary.ID","type":"property","refpurpose":"ID del límite del carril","href":"ref\/roadrunner.hdmap.laneboundary.html"},{"name":"roadrunner.hdmap.LaneBoundary.Geometry","type":"property","refpurpose":"Coordenadas 3D de los puntos límite del carril.","href":"ref\/roadrunner.hdmap.laneboundary.html"},{"name":"roadrunner.hdmap.LaneBoundary.ParametricAttributes","type":"property","refpurpose":"Atributos paramétricos basados ​​en tramos para crear marcas de carril","href":"ref\/roadrunner.hdmap.laneboundary.html"},{"name":"roadrunner.hdmap.LaneGroup","type":"function","fcntype":"constructor","refpurpose":"Cree grupos de carriles en RoadRunner HD Map usando MATLAB","href":"ref\/roadrunner.hdmap.lanegroup.html"},{"name":"roadrunner.hdmap.LaneGroup","type":"object","refpurpose":"Cree grupos de carriles en RoadRunner HD Map usando MATLAB","href":"ref\/roadrunner.hdmap.lanegroup.html"},{"name":"roadrunner.hdmap.LaneGroup.ID","type":"property","refpurpose":"ID del grupo de carriles","href":"ref\/roadrunner.hdmap.lanegroup.html"},{"name":"roadrunner.hdmap.LaneGroup.Geometry","type":"property","refpurpose":"Coordenadas 3D de la forma geométrica del grupo de carriles.","href":"ref\/roadrunner.hdmap.lanegroup.html"},{"name":"roadrunner.hdmap.LaneGroup.Lanes","type":"property","refpurpose":"Colección de referencias de carriles.","href":"ref\/roadrunner.hdmap.lanegroup.html"},{"name":"roadrunner.hdmap.LaneMarking","type":"function","fcntype":"constructor","refpurpose":"Cree marcas de carril en RoadRunner HD Map usando MATLAB","href":"ref\/roadrunner.hdmap.lanemarking.html"},{"name":"roadrunner.hdmap.LaneMarking","type":"object","refpurpose":"Cree marcas de carril en RoadRunner HD Map usando MATLAB","href":"ref\/roadrunner.hdmap.lanemarking.html"},{"name":"roadrunner.hdmap.LaneMarking.ID","type":"property","refpurpose":"ID del elemento de señalización de carril","href":"ref\/roadrunner.hdmap.lanemarking.html"},{"name":"roadrunner.hdmap.LaneMarking.AssetPath","type":"property","refpurpose":"Ruta relativa para el activo de marcado de carril","href":"ref\/roadrunner.hdmap.lanemarking.html"},{"name":"roadrunner.hdmap.MarkingReference","type":"function","fcntype":"constructor","refpurpose":"Define la información para vincular el límite del carril y la marca del carril en RoadRunner HD Map usando MATLAB","href":"ref\/roadrunner.hdmap.markingreference.html"},{"name":"roadrunner.hdmap.MarkingReference","type":"object","refpurpose":"Define la información para vincular el límite del carril y la marca del carril en RoadRunner HD Map usando MATLAB","href":"ref\/roadrunner.hdmap.markingreference.html"},{"name":"roadrunner.hdmap.MarkingReference.MarkingID","type":"property","refpurpose":"ID del elemento de señalización de carril","href":"ref\/roadrunner.hdmap.markingreference.html"},{"name":"roadrunner.hdmap.MarkingReference.FlipLaterally","type":"property","refpurpose":"Establecer la orientación de la marca de giro","href":"ref\/roadrunner.hdmap.markingreference.html"},{"name":"roadrunner.hdmap.Metadata","type":"function","fcntype":"constructor","refpurpose":"Agregue metadatos definidos por el usuario a elementos de RoadRunner HD Map usando MATLAB","href":"ref\/roadrunner.hdmap.metadata.html"},{"name":"roadrunner.hdmap.Metadata","type":"object","refpurpose":"Agregue metadatos definidos por el usuario a elementos de RoadRunner HD Map usando MATLAB","href":"ref\/roadrunner.hdmap.metadata.html"},{"name":"roadrunner.hdmap.Metadata.Name","type":"property","refpurpose":"Nombre del parámetro definido por el usuario","href":"ref\/roadrunner.hdmap.metadata.html"},{"name":"roadrunner.hdmap.Metadata.Value","type":"property","refpurpose":"Valor del parámetro definido por el usuario","href":"ref\/roadrunner.hdmap.metadata.html"},{"name":"roadrunner.hdmap.ParametricAttribution","type":"function","fcntype":"constructor","refpurpose":"Atributos paramétricos basados ​​en intervalos","href":"ref\/roadrunner.hdmap.parametricattribution.html"},{"name":"roadrunner.hdmap.ParametricAttribution","type":"object","refpurpose":"Atributos paramétricos basados ​​en intervalos","href":"ref\/roadrunner.hdmap.parametricattribution.html"},{"name":"roadrunner.hdmap.ParametricAttribution.Span","type":"property","refpurpose":"Rango para atributos basados ​​en intervalos","href":"ref\/roadrunner.hdmap.parametricattribution.html"},{"name":"roadrunner.hdmap.ParametricAttribution.MarkingReference","type":"property","refpurpose":"Referencia a las marcas definidas en RoadRunner HD Map","href":"ref\/roadrunner.hdmap.parametricattribution.html"},{"name":"roadrunner.hdmap.Reference","type":"function","fcntype":"constructor","refpurpose":"Define la identificación del objeto referenciado en el mapa RoadRunner HD usando MATLAB","href":"ref\/roadrunner.hdmap.reference.html"},{"name":"roadrunner.hdmap.Reference","type":"object","refpurpose":"Define la identificación del objeto referenciado en el mapa RoadRunner HD usando MATLAB","href":"ref\/roadrunner.hdmap.reference.html"},{"name":"roadrunner.hdmap.Reference.ID","type":"property","refpurpose":"ID del objeto referenciado","href":"ref\/roadrunner.hdmap.reference.html"},{"name":"roadrunner.hdmap.RelativeAssetPath","type":"function","fcntype":"constructor","refpurpose":"Define la ruta relativa para el recurso de marcado de carril en RoadRunner HD Map usando MATLAB","href":"ref\/roadrunner.hdmap.relativeassetpath.html"},{"name":"roadrunner.hdmap.RelativeAssetPath","type":"object","refpurpose":"Define la ruta relativa para el recurso de marcado de carril en RoadRunner HD Map usando MATLAB","href":"ref\/roadrunner.hdmap.relativeassetpath.html"},{"name":"roadrunner.hdmap.RelativeAssetPath.AssetPath","type":"property","refpurpose":"Ruta relativa para el activo en la biblioteca de activos","href":"ref\/roadrunner.hdmap.relativeassetpath.html"},{"name":"roadrunner.hdmap.Sign","type":"function","fcntype":"constructor","refpurpose":"Cree señales en RoadRunner HD Map usando MATLAB","href":"ref\/roadrunner.hdmap.sign.html"},{"name":"roadrunner.hdmap.Sign","type":"object","refpurpose":"Cree señales en RoadRunner HD Map usando MATLAB","href":"ref\/roadrunner.hdmap.sign.html"},{"name":"roadrunner.hdmap.Sign.ID","type":"property","refpurpose":"ID del elemento de signo","href":"ref\/roadrunner.hdmap.sign.html"},{"name":"roadrunner.hdmap.Sign.Geometry","type":"property","refpurpose":"Geometría del objeto estacionario 3D que representa el signo.","href":"ref\/roadrunner.hdmap.sign.html"},{"name":"roadrunner.hdmap.Sign.SignTypeReference","type":"property","refpurpose":"tipo de signo","href":"ref\/roadrunner.hdmap.sign.html"},{"name":"roadrunner.hdmap.SignType","type":"function","fcntype":"constructor","refpurpose":"Cree tipos de señales en RoadRunner HD Map usando MATLAB","href":"ref\/roadrunner.hdmap.signtype.html"},{"name":"roadrunner.hdmap.SignType","type":"object","refpurpose":"Cree tipos de señales en RoadRunner HD Map usando MATLAB","href":"ref\/roadrunner.hdmap.signtype.html"},{"name":"roadrunner.hdmap.SignType.ID","type":"property","refpurpose":"ID del tipo de signo","href":"ref\/roadrunner.hdmap.signtype.html"},{"name":"roadrunner.hdmap.SignType.AssetPath","type":"property","refpurpose":"Ruta relativa para la imagen del letrero o archivo de activo del letrero","href":"ref\/roadrunner.hdmap.signtype.html"},{"name":"roadrunner.hdmap.StaticObject","type":"function","fcntype":"constructor","refpurpose":"Cree objetos estáticos para RoadRunner HD Map usando MATLAB","href":"ref\/roadrunner.hdmap.staticobject.html"},{"name":"roadrunner.hdmap.StaticObject","type":"object","refpurpose":"Cree objetos estáticos para RoadRunner HD Map usando MATLAB","href":"ref\/roadrunner.hdmap.staticobject.html"},{"name":"roadrunner.hdmap.StaticObject.ID","type":"property","refpurpose":"ID del elemento StaticObject","href":"ref\/roadrunner.hdmap.staticobject.html"},{"name":"roadrunner.hdmap.StaticObject.Geometry","type":"property","refpurpose":"Geometría del StaticObject","href":"ref\/roadrunner.hdmap.staticobject.html"},{"name":"roadrunner.hdmap.StaticObject.ObjectTypeReference","type":"property","refpurpose":"Tipo de StaticObject","href":"ref\/roadrunner.hdmap.staticobject.html"},{"name":"roadrunner.hdmap.StaticObjectType","type":"function","fcntype":"constructor","refpurpose":"Cree tipos de objetos estáticos en RoadRunner HD Map usando MATLAB","href":"ref\/roadrunner.hdmap.staticobjecttype.html"},{"name":"roadrunner.hdmap.StaticObjectType","type":"object","refpurpose":"Cree tipos de objetos estáticos en RoadRunner HD Map usando MATLAB","href":"ref\/roadrunner.hdmap.staticobjecttype.html"},{"name":"roadrunner.hdmap.StaticObjectType.ID","type":"property","refpurpose":"ID de StaticObject tipo","href":"ref\/roadrunner.hdmap.staticobjecttype.html"},{"name":"roadrunner.hdmap.StaticObjectType.AssetPath","type":"property","refpurpose":"Ruta relativa para malla 3D o archivo de recursos de utilería","href":"ref\/roadrunner.hdmap.staticobjecttype.html"},{"name":"importScene","type":"function","fcntype":"instancemethod","refpurpose":"Importar escena a RoadRunner usando MATLAB","href":"ref\/roadrunner.importscene.html"},{"name":"roadrunner.importScene","type":"method","fcntype":"instancemethod","refpurpose":"Importar escena a RoadRunner usando MATLAB","href":"ref\/roadrunner.importscene.html"},{"name":"newProject","type":"function","fcntype":"instancemethod","refpurpose":"Cree un nuevo proyecto RoadRunner usando MATLAB","href":"ref\/roadrunner.newproject.html"},{"name":"roadrunner.newProject","type":"method","fcntype":"instancemethod","refpurpose":"Cree un nuevo proyecto RoadRunner usando MATLAB","href":"ref\/roadrunner.newproject.html"},{"name":"newScene","type":"function","fcntype":"instancemethod","refpurpose":"Crea una nueva escena de RoadRunner usando MATLAB","href":"ref\/roadrunner.newscene.html"},{"name":"roadrunner.newScene","type":"method","fcntype":"instancemethod","refpurpose":"Crea una nueva escena de RoadRunner usando MATLAB","href":"ref\/roadrunner.newscene.html"},{"name":"openProject","type":"function","fcntype":"instancemethod","refpurpose":"Abra el proyecto RoadRunner usando MATLAB","href":"ref\/roadrunner.openproject.html"},{"name":"roadrunner.openProject","type":"method","fcntype":"instancemethod","refpurpose":"Abra el proyecto RoadRunner usando MATLAB","href":"ref\/roadrunner.openproject.html"},{"name":"openScene","type":"function","fcntype":"instancemethod","refpurpose":"Abra la escena RoadRunner usando MATLAB","href":"ref\/roadrunner.openscene.html"},{"name":"roadrunner.openScene","type":"method","fcntype":"instancemethod","refpurpose":"Abra la escena RoadRunner usando MATLAB","href":"ref\/roadrunner.openscene.html"},{"name":"roadrunner.connect","type":"function","fcntype":"instancemethod","refpurpose":"Conéctese a la instancia abierta de RoadRunner usando MATLAB","href":"ref\/roadrunner.roadrunner.connect.html"},{"name":"roadrunner.roadrunner.connect","type":"method","fcntype":"instancemethod","refpurpose":"Conéctese a la instancia abierta de RoadRunner usando MATLAB","href":"ref\/roadrunner.roadrunner.connect.html"},{"name":"roadrunnerSetup","type":"function","fcntype":"instancemethod","refpurpose":"Inicie RoadRunner de forma interactiva usando MATLAB","href":"ref\/roadrunner.roadrunnersetup.html"},{"name":"roadrunner.roadrunnerSetup","type":"method","fcntype":"instancemethod","refpurpose":"Inicie RoadRunner de forma interactiva usando MATLAB","href":"ref\/roadrunner.roadrunnersetup.html"},{"name":"saveProject","type":"function","fcntype":"instancemethod","refpurpose":"Guarde el proyecto RoadRunner usando MATLAB","href":"ref\/roadrunner.saveproject.html"},{"name":"roadrunner.saveProject","type":"method","fcntype":"instancemethod","refpurpose":"Guarde el proyecto RoadRunner usando MATLAB","href":"ref\/roadrunner.saveproject.html"},{"name":"saveScene","type":"function","fcntype":"instancemethod","refpurpose":"Guarde la escena de RoadRunner usando MATLAB","href":"ref\/roadrunner.savescene.html"},{"name":"roadrunner.saveScene","type":"method","fcntype":"instancemethod","refpurpose":"Guarde la escena de RoadRunner usando MATLAB","href":"ref\/roadrunner.savescene.html"},{"name":"status","type":"function","fcntype":"instancemethod","refpurpose":"Obtenga el estado actual de RoadRunner usando MATLAB","href":"ref\/roadrunner.status.html"},{"name":"roadrunner.status","type":"method","fcntype":"instancemethod","refpurpose":"Obtenga el estado actual de RoadRunner usando MATLAB","href":"ref\/roadrunner.status.html"},{"name":"roadrunner","type":"function","fcntype":"constructor","refpurpose":"Inicie la aplicación RoadRunner usando MATLAB","href":"ref\/roadrunner.html"},{"name":"roadrunner","type":"object","refpurpose":"Inicie la aplicación RoadRunner usando MATLAB","href":"ref\/roadrunner.html"},{"name":"roadrunner.ProjectFolder","type":"property","refpurpose":"Ruta de la carpeta del proyecto RoadRunner","href":"ref\/roadrunner.html"},{"name":"roadrunner.InstallationFolder","type":"property","refpurpose":"Ubicación de la carpeta de instalación local de RoadRunner","href":"ref\/roadrunner.html"},{"name":"roadrunner.NoDisplay","type":"property","refpurpose":"Inicie RoadRunner en modo consola","href":"ref\/roadrunner.html"},{"name":"roadrunner.Ports","type":"property","refpurpose":"Inicie RoadRunner en los apiPort y cosimPort especificados.","href":"ref\/roadrunner.html"},{"name":"roadrunner_service.proto","type":"nonstandard","refpurpose":"Esquema de protobuf del servicio RoadRunner","href":"ref\/roadrunner_service.proto.html"},{"name":"roadrunner_service_messages.proto","type":"nonstandard","refpurpose":"Esquema protobuf de mensajes de servicio RoadRunner","href":"ref\/roadrunner_service_messages.proto.html"},{"name":"plot","type":"function","fcntype":"instancemethod","refpurpose":"Trazar el mapa HD de RoadRunner usando MATLAB","href":"ref\/roadrunnerhdmap.plot.html"},{"name":"roadrunnerHDMap.plot","type":"method","fcntype":"instancemethod","refpurpose":"Trazar el mapa HD de RoadRunner usando MATLAB","href":"ref\/roadrunnerhdmap.plot.html"},{"name":"read","type":"function","fcntype":"instancemethod","refpurpose":"Lea el mapa HD desde un archivo binario usando MATLAB","href":"ref\/roadrunnerhdmap.read.html"},{"name":"roadrunnerHDMap.read","type":"method","fcntype":"instancemethod","refpurpose":"Lea el mapa HD desde un archivo binario usando MATLAB","href":"ref\/roadrunnerhdmap.read.html"},{"name":"readCRS","type":"function","fcntype":"instancemethod","refpurpose":"Lea los datos del sistema de referencia de coordenadas (CRS) del mapa RoadRunner HD usando MATLAB","href":"ref\/roadrunnerhdmap.readcrs.html"},{"name":"roadrunnerHDMap.readCRS","type":"method","fcntype":"instancemethod","refpurpose":"Lea los datos del sistema de referencia de coordenadas (CRS) del mapa RoadRunner HD usando MATLAB","href":"ref\/roadrunnerhdmap.readcrs.html"},{"name":"write","type":"function","fcntype":"instancemethod","refpurpose":"Escriba un mapa HD en un archivo binario usando MATLAB","href":"ref\/roadrunnerhdmap.write.html"},{"name":"roadrunnerHDMap.write","type":"method","fcntype":"instancemethod","refpurpose":"Escriba un mapa HD en un archivo binario usando MATLAB","href":"ref\/roadrunnerhdmap.write.html"},{"name":"roadrunnerHDMap","type":"function","fcntype":"constructor","refpurpose":"Crear mapa RoadRunner HD usando MATLAB","href":"ref\/roadrunnerhdmap.html"},{"name":"roadrunnerHDMap","type":"object","refpurpose":"Crear mapa RoadRunner HD usando MATLAB","href":"ref\/roadrunnerhdmap.html"},{"name":"roadrunnerHDMap.Author","type":"property","refpurpose":"Nombre del autor del mapa","href":"ref\/roadrunnerhdmap.html"},{"name":"roadrunnerHDMap.GeoReference","type":"property","refpurpose":"Coordenadas geográficas del origen de la red de carreteras.","href":"ref\/roadrunnerhdmap.html"},{"name":"roadrunnerHDMap.GeographicBoundary","type":"property","refpurpose":"Límites espaciales de datos geométricos.","href":"ref\/roadrunnerhdmap.html"},{"name":"roadrunnerHDMap.Lanes","type":"property","refpurpose":"Propiedades del carril de la carretera","href":"ref\/roadrunnerhdmap.html"},{"name":"roadrunnerHDMap.LaneBoundaries","type":"property","refpurpose":"límites del carril","href":"ref\/roadrunnerhdmap.html"},{"name":"roadrunnerHDMap.LaneGroups","type":"property","refpurpose":"Grupo de carriles con geometría similar.","href":"ref\/roadrunnerhdmap.html"},{"name":"roadrunnerHDMap.LaneMarkings","type":"property","refpurpose":"Definiciones de marcas de carril","href":"ref\/roadrunnerhdmap.html"},{"name":"roadrunnerHDMap.Junctions","type":"property","refpurpose":"Cruce de carreteras","href":"ref\/roadrunnerhdmap.html"},{"name":"roadrunnerHDMap.BarrierTypes","type":"property","refpurpose":"Tipos de barrera para extrusión de barrera e información de tipo","href":"ref\/roadrunnerhdmap.html"},{"name":"roadrunnerHDMap.Barrier","type":"property","refpurpose":"Barreras en el mapa","href":"ref\/roadrunnerhdmap.html"},{"name":"roadrunnerHDMap.SignTypes","type":"property","refpurpose":"Tipos de signos de características de signos e información de tipo","href":"ref\/roadrunnerhdmap.html"},{"name":"roadrunnerHDMap.Signs","type":"property","refpurpose":"Señales en el mapa","href":"ref\/roadrunnerhdmap.html"},{"name":"roadrunnerHDMap.StaticObjectType","type":"property","refpurpose":"Atributos de los objetos físicos.","href":"ref\/roadrunnerhdmap.html"},{"name":"roadrunnerHDMap.StaticObject","type":"property","refpurpose":"Objetos estáticos en el mapa.","href":"ref\/roadrunnerhdmap.html"},{"name":"Road Speed Limits Tool","type":"tool","refpurpose":"Establecer límites de velocidad a lo largo de los tramos de la carretera","href":"ref\/roadspeedlimitstool.html"},{"name":"Road Style Assets","type":"nonstandard","refpurpose":"Definir plantillas que especifiquen propiedades de nuevas carreteras.","href":"ref\/roadstyleassets.html"},{"name":"Road Superelevation Tool","type":"tool","refpurpose":"Ajustar el peralte (pendiente y ángulo de peralte) para todo el ancho de la carretera","href":"ref\/roadsuperelevationtool.html"},{"name":"SaveProject","type":"nonstandard","refpurpose":"Guarde el proyecto RoadRunner usando gRPC","href":"ref\/saveproject.html"},{"name":"SaveScene","type":"nonstandard","refpurpose":"Guarde la escena de RoadRunner usando gRPC","href":"ref\/savescene.html"},{"name":"Scene Builder Tool","type":"tool","refpurpose":"Genere escenas 3D a partir de datos de mapas HD","href":"ref\/scenebuildertool.html"},{"name":"Scene Export Preview Tool","type":"tool","refpurpose":"Vista previa de la geometría de la escena que se exportará","href":"ref\/sceneexportpreviewtool.html"},{"name":"Screenshot Tool","type":"tool","refpurpose":"Generar y guardar imagen de la vista actual de la cámara","href":"ref\/screenshottool.html"},{"name":"SD Map Viewer Tool","type":"tool","refpurpose":"Genere escenas 3D utilizando los servicios de mapas SD","href":"ref\/sdmapviewertool.html"},{"name":"Selection Tool","type":"tool","refpurpose":"Seleccione una o más carreteras y accesorios en una escena.","href":"ref\/selectiontool.html"},{"name":"Sidewalk Height Tool","type":"tool","refpurpose":"Modificar la altura de las aceras y las aceras","href":"ref\/sidewalkheighttool.html"},{"name":"Signal Assets","type":"nonstandard","refpurpose":"Definir cabezales de semáforos dinámicos con luces.","href":"ref\/signalassets.html"},{"name":"Signal Tool","type":"tool","refpurpose":"Configurar la señalización de cruces y las fases de tráfico de señales.","href":"ref\/signaltool.html"},{"name":"Sign Assets","type":"nonstandard","refpurpose":"Definir señales de tráfico estándar y personalizadas","href":"ref\/signassets.html"},{"name":"Sign Tool","type":"tool","refpurpose":"Modificar señales personalizadas, como señales con nombres de calles y vallas publicitarias en autopistas.","href":"ref\/signtool.html"},{"name":"Slip Road Tool","type":"tool","refpurpose":"Cree rampas de entrada, salida y divisiones de carreteras","href":"ref\/sliproadtool.html"},{"name":"Stencil Marking Assets","type":"nonstandard","refpurpose":"Definir características de pintura de carreteras, como flechas, texto y símbolos.","href":"ref\/stencilmarkingassets.html"},{"name":"Surface Tool","type":"tool","refpurpose":"Modele superficies alrededor de carreteras, como pasarelas, entradas de vehículos, estacionamientos y terreno natural.","href":"ref\/surfacetool.html"},{"name":"Synthetic CRG Assets","type":"nonstandard","refpurpose":"Definir datos de superficie de carretera en formato CRG","href":"ref\/syntheticcrgassets.html"},{"name":"Texture Assets","type":"nonstandard","refpurpose":"Definir canales de textura para activos materiales.","href":"ref\/textureassets.html"},{"name":"Traffic Island Tool","type":"tool","refpurpose":"Crea islas de tráfico de forma libre en la escena RoadRunner","href":"ref\/trafficislandtool.html"},{"name":"Vector Data Assets","type":"nonstandard","refpurpose":"Agregue archivos de forma GIS y otros datos vectoriales a la escena para referencia visual","href":"ref\/vectordataassets.html"},{"name":"Vector Data Tool","type":"tool","refpurpose":"Administre la importación y configuración de archivos de datos vectoriales y explore atributos de forma","href":"ref\/vectordatatool.html"},{"name":"World Settings Tool","type":"tool","refpurpose":"Configure la posición geográfica y el tamaño del modelo de entorno para la importación y exportación de datos.","href":"ref\/worldsettingstool.html"}]}