{"schema":"referenceapi_lookup_schema.json","schemaVersion":"1.0","docVersion":"doc25a.2968260.Bdoc25a.2967890.pass.r2025a","productName":"RoadRunner","baseCode":"RD","helpFolder":"roadrunner","helpLocation":"roadrunner",  "refItems" : [{"name":"Aerial Image Assets","type":"nonstandard","refpurpose":"将 GIS 卫星和航拍图像添加到场景中以供视觉参考","href":"ref\/aerialimageassets.html"},{"name":"Aerial Imagery Tool","type":"tool","refpurpose":"管理航拍图像文件的导入和配置","href":"ref\/aerialimagerytool.html"},{"name":"AppRoadRunner","type":"function","fcntype":"simple","refpurpose":"使用 gRPC 从命令行启动 RoadRunner 应用程序","href":"ref\/approadrunner.html"},{"name":"CmdRoadRunnerApi","type":"function","fcntype":"simple","refpurpose":"从命令行调用 RoadRunner RPC 方法","href":"ref\/cmdroadrunnerapi.html"},{"name":"common_attributes.proto","type":"nonstandard","refpurpose":"RoadRunner 高清地图协议缓冲区文件的通用属性","href":"ref\/common_attributes.proto.html"},{"name":"Corner Tool","type":"tool","refpurpose":"调整交叉口拐角的形状和材质","href":"ref\/cornertool.html"},{"name":"Cross Section Tool","type":"tool","refpurpose":"操纵道路横截面的坡度、拱形和路缘形状","href":"ref\/crosssectiontool.html"},{"name":"Crosswalk And Stop Line Tool","type":"tool","refpurpose":"在交叉路口的拐角之间添加人行横道和停止线","href":"ref\/crosswalkandstoplinetool.html"},{"name":"Crosswalk Marking Assets","type":"nonstandard","refpurpose":"定义人行横道标记属性，例如颜色、宽度和间距","href":"ref\/crosswalkmarkingassets.html"},{"name":"Custom Junction Tool","type":"tool","refpurpose":"针对高级情况覆盖 RoadRunner 自动交叉口功能","href":"ref\/customjunctiontool.html"},{"name":"Elevation Map Assets","type":"nonstandard","refpurpose":"将 GIS 栅格高程数据添加到场景中","href":"ref\/elevationmapassets.html"},{"name":"Elevation Map Tool","type":"tool","refpurpose":"管理数字高程模型 (DEM) 文件的导入和配置","href":"ref\/elevationmaptool.html"},{"name":"Exit","type":"nonstandard","refpurpose":"使用 gRPC 退出 RoadRunner 应用程序","href":"ref\/exit.html"},{"name":"Export","type":"nonstandard","refpurpose":"使用 gRPC 导出 RoadRunner 场景或情境","href":"ref\/export.html"},{"name":"export_settings.proto","type":"nonstandard","refpurpose":"导出设置 protobuf 架构","href":"ref\/export_settings.proto.html"},{"name":"Extrusion Assets","type":"nonstandard","refpurpose":"定义墙壁、护栏和栅栏等特征的型材几何形状","href":"ref\/extrusionassets.html"},{"name":"geometry.proto","type":"nonstandard","refpurpose":"场景几何形状 protobuf 模式","href":"ref\/geometry.proto.html"},{"name":"hd_barriers.proto","type":"nonstandard","refpurpose":"RoadRunner 高清地图的隔离物表示消息","href":"ref\/hd_barriers.proto.html"},{"name":"hd_curve_markings.proto","type":"nonstandard","refpurpose":"RoadRunner 高清地图的曲线标记表示消息","href":"ref\/hd_curve_markings.proto.html"},{"name":"hd_junctions.proto","type":"nonstandard","refpurpose":"RoadRunner 高清地图表示","href":"ref\/hd_junctions.proto.html"},{"name":"hd_lane_markings.proto","type":"nonstandard","refpurpose":"RoadRunner 高清地图的车道标记表示消息","href":"ref\/hd_lane_markings.proto.html"},{"name":"hd_lanes.proto","type":"nonstandard","refpurpose":"RoadRunner 高清地图的车道表示消息","href":"ref\/hd_lanes.proto.html"},{"name":"hd_map.proto","type":"nonstandard","refpurpose":"RoadRunner 高清地图消息","href":"ref\/hd_map.proto.html"},{"name":"hd_map_header.proto","type":"nonstandard","refpurpose":"RoadRunner 高清地图头消息","href":"ref\/hd_map_header.proto.html"},{"name":"hd_phases.proto","type":"nonstandard","refpurpose":"RoadRunner 高清地图的信号相位表示消息","href":"ref\/hd_phases.proto.html"},{"name":"hd_signs.proto","type":"nonstandard","refpurpose":"为 RoadRunner 高清地图签名表示信息","href":"ref\/hd_signs.proto.html"},{"name":"hd_static_objects.proto","type":"nonstandard","refpurpose":"RoadRunner 高清地图的静态对象表示消息","href":"ref\/hd_static_objects.proto.html"},{"name":"hd_stencil_markings.proto","type":"nonstandard","refpurpose":"RoadRunner 高清地图的模板标记表示信息","href":"ref\/hd_stencil_markings.proto.html"},{"name":"hd_traffic_signals.proto","type":"nonstandard","refpurpose":"RoadRunner 高清地图的交通信号表示消息","href":"ref\/hd_traffic_signals.proto.html"},{"name":"Import","type":"nonstandard","refpurpose":"使用 gRPC 将文件导入 RoadRunner 场景或情境","href":"ref\/import.html"},{"name":"import_settings.proto","type":"nonstandard","refpurpose":"导入设置 protobuf 架构","href":"ref\/import_settings.proto.html"},{"name":"Junction Surface Tool","type":"tool","refpurpose":"控制道路高程和横截面如何影响交叉路口的内部三角测量","href":"ref\/junctionsurfacetool.html"},{"name":"Lane Add Tool","type":"tool","refpurpose":"沿道路添加完全成型的车道","href":"ref\/laneaddtool.html"},{"name":"Lane Carve Tool","type":"tool","refpurpose":"在车道中创建锥形切口，例如中间带的专用转弯车道","href":"ref\/lanecarvetool.html"},{"name":"Lane Chop Tool","type":"tool","refpurpose":"将单车道切成两车道","href":"ref\/lanechoptool.html"},{"name":"Lane Form Tool","type":"tool","refpurpose":"沿道路添加成形车道或结束车道","href":"ref\/laneformtool.html"},{"name":"Lane Marking Assets","type":"nonstandard","refpurpose":"定义车道标记，例如颜色、宽度和虚线间距","href":"ref\/lanemarkingassets.html"},{"name":"Lane Marking Tool","type":"tool","refpurpose":"在车道边界添加线性标记","href":"ref\/lanemarkingtool.html"},{"name":"Lane Offset Tool","type":"tool","refpurpose":"调整道路中心车道位置","href":"ref\/laneoffsettool.html"},{"name":"Lane Split Tool","type":"tool","refpurpose":"将车道纵向分成两条车道","href":"ref\/lanesplittool.html"},{"name":"Lane Tool","type":"tool","refpurpose":"删除车道、更新车道类型以及反转车道行驶方向","href":"ref\/lanetool.html"},{"name":"Lane Width Tool","type":"tool","refpurpose":"调整道路沿线车道宽度","href":"ref\/lanewidthtool.html"},{"name":"LoadProject","type":"nonstandard","refpurpose":"使用 gRPC 加载 RoadRunner 项目","href":"ref\/loadproject.html"},{"name":"LoadScene","type":"nonstandard","refpurpose":"使用 gRPC 加载 RoadRunner 场景","href":"ref\/loadscene.html"},{"name":"Maneuver Tool","type":"tool","refpurpose":"操纵交叉口内的单独机动道路（路径）","href":"ref\/maneuvertool.html"},{"name":"Marking Curve Tool","type":"tool","refpurpose":"在任意位置放置直线或曲线标记","href":"ref\/markingcurvetool.html"},{"name":"Marking Point Tool","type":"tool","refpurpose":"在路面上放置点标记","href":"ref\/markingpointtool.html"},{"name":"Marking Polygon Tool","type":"tool","refpurpose":"定义道路和地形表面上的沥青斑块或重复标记条纹的区域","href":"ref\/markingpolygontool.html"},{"name":"Material Assets","type":"nonstandard","refpurpose":"定义表面、人行道、车道和其他对象的视觉属性","href":"ref\/materialassets.html"},{"name":"Measurement Tool","type":"tool","refpurpose":"测量场景中的位置、距离和角度","href":"ref\/measurementtool.html"},{"name":"NewProject","type":"nonstandard","refpurpose":"使用 gRPC 创建新的 RoadRunner 项目","href":"ref\/newproject.html"},{"name":"NewScene","type":"nonstandard","refpurpose":"使用 gRPC 创建新的 RoadRunner 场景","href":"ref\/newscene.html"},{"name":"OpenDRIVE Export Preview Tool","type":"tool","refpurpose":"可视化并验证场景的 ASAM OpenDRIVE 导出","href":"ref\/opendriveexportpreviewtool.html"},{"name":"OpenDRIVE Viewer Tool","type":"tool","refpurpose":"可视化 ASAM OpenDRIVE 数据以供导入","href":"ref\/opendriveviewertool.html"},{"name":"Parking Tool","type":"tool","refpurpose":"定义停车位和其他与停车相关的标记","href":"ref\/parkingtool.html"},{"name":"Point Cloud Assets","type":"nonstandard","refpurpose":"将空中或车辆点云添加到场景中以供视觉参考","href":"ref\/pointcloudassets.html"},{"name":"Point Cloud Tool","type":"tool","refpurpose":"管理激光雷达点云文件的导入和配置","href":"ref\/pointcloudtool.html"},{"name":"Polygon Marking Assets","type":"nonstandard","refpurpose":"定义填充空间的道路标记，例如剖面线和 V 形标记","href":"ref\/polygonmarkingassets.html"},{"name":"Post Assets","type":"nonstandard","refpurpose":"定义建筑物支柱，例如桥梁和立交桥","href":"ref\/postassets.html"},{"name":"Prop Assembly Assets","type":"nonstandard","refpurpose":"定义存储为单个素材的 prop 实例集合","href":"ref\/propassemblyassets.html"},{"name":"Prop Curve Tool","type":"tool","refpurpose":"沿着自由曲线放置道具和型材","href":"ref\/propcurvetool.html"},{"name":"Prop Model Assets","type":"nonstandard","refpurpose":"定义外部 3D 模型文件以添加到场景中","href":"ref\/propmodelassets.html"},{"name":"Prop Point Tool","type":"tool","refpurpose":"将单个道具放置在场景中并将它们连接到其他道具","href":"ref\/proppointtool.html"},{"name":"Prop Polygon Tool","type":"tool","refpurpose":"将道具放置在形状区域内","href":"ref\/proppolygontool.html"},{"name":"Prop Set Assets","type":"nonstandard","refpurpose":"定义具有随机分布的 props 集合","href":"ref\/propsetassets.html"},{"name":"Prop Span Tool","type":"tool","refpurpose":"沿车道放置支柱和型材","href":"ref\/propspantool.html"},{"name":"Road Chop Tool","type":"tool","refpurpose":"将单条道路切割成两条相连的道路","href":"ref\/roadchoptool.html"},{"name":"Road Circle Tool","type":"tool","refpurpose":"修建封闭式环形道路","href":"ref\/roadcircletool.html"},{"name":"Road Construction Tool","type":"tool","refpurpose":"指定路段的物理构造","href":"ref\/roadconstructiontool.html"},{"name":"Road CRG Tool","type":"tool","refpurpose":"应用和可视化路面数据","href":"ref\/roadcrgtool.html"},{"name":"Road Height Tool","type":"tool","refpurpose":"操纵道路的垂直轮廓","href":"ref\/roadheighttool.html"},{"name":"Road Offset Tool","type":"tool","refpurpose":"调整两条端到端道路之间的连接","href":"ref\/roadoffsettool.html"},{"name":"Road Plan Tool","type":"tool","refpurpose":"创建并布置道路","href":"ref\/roadplantool.html"},{"name":"changeWorldSettings","type":"function","fcntype":"instancemethod","refpurpose":"使用 MATLAB 修改活动场景的世界设置","href":"ref\/roadrunner.changeworldsettings.html"},{"name":"roadrunner.changeWorldSettings","type":"method","fcntype":"instancemethod","refpurpose":"使用 MATLAB 修改活动场景的世界设置","href":"ref\/roadrunner.changeworldsettings.html"},{"name":"close","type":"function","fcntype":"instancemethod","refpurpose":"使用 MATLAB 关闭 RoadRunner","href":"ref\/roadrunner.close.html"},{"name":"roadrunner.close","type":"method","fcntype":"instancemethod","refpurpose":"使用 MATLAB 关闭 RoadRunner","href":"ref\/roadrunner.close.html"},{"name":"exportCustomFormat","type":"function","fcntype":"instancemethod","refpurpose":"使用 MATLAB 将 RoadRunner 场景导出为自定义格式","href":"ref\/roadrunner.exportcustomformat.html"},{"name":"roadrunner.exportCustomFormat","type":"method","fcntype":"instancemethod","refpurpose":"使用 MATLAB 将 RoadRunner 场景导出为自定义格式","href":"ref\/roadrunner.exportcustomformat.html"},{"name":"exportScene","type":"function","fcntype":"instancemethod","refpurpose":"使用 MATLAB 导出 RoadRunner 场景","href":"ref\/roadrunner.exportscene.html"},{"name":"roadrunner.exportScene","type":"method","fcntype":"instancemethod","refpurpose":"使用 MATLAB 导出 RoadRunner 场景","href":"ref\/roadrunner.exportscene.html"},{"name":"getAPIPort","type":"function","fcntype":"instancemethod","refpurpose":"检索 MATLAB 中的 RoadRunner API 服务器端口号","href":"ref\/roadrunner.getapiport.html"},{"name":"roadrunner.getAPIPort","type":"method","fcntype":"instancemethod","refpurpose":"检索 MATLAB 中的 RoadRunner API 服务器端口号","href":"ref\/roadrunner.getapiport.html"},{"name":"getCoSimPort","type":"function","fcntype":"instancemethod","refpurpose":"检索 MATLAB 中的 RoadRunner Scenario API 服务器端口号","href":"ref\/roadrunner.getcosimport.html"},{"name":"roadrunner.getCoSimPort","type":"method","fcntype":"instancemethod","refpurpose":"检索 MATLAB 中的 RoadRunner Scenario API 服务器端口号","href":"ref\/roadrunner.getcosimport.html"},{"name":"roadrunner.hdmap.AlignedReference","type":"function","fcntype":"constructor","refpurpose":"提供有关使用 MATLAB 链接 RoadRunner 高清地图中的对象的信息","href":"ref\/roadrunner.hdmap.alignedreference.html"},{"name":"roadrunner.hdmap.AlignedReference","type":"object","refpurpose":"提供有关使用 MATLAB 链接 RoadRunner 高清地图中的对象的信息","href":"ref\/roadrunner.hdmap.alignedreference.html"},{"name":"roadrunner.hdmap.AlignedReference.Reference","type":"property","refpurpose":"引用对象的 ID","href":"ref\/roadrunner.hdmap.alignedreference.html"},{"name":"roadrunner.hdmap.AlignedReference.Alignment","type":"property","refpurpose":"对齐类型","href":"ref\/roadrunner.hdmap.alignedreference.html"},{"name":"roadrunner.hdmap.Barrier","type":"function","fcntype":"constructor","refpurpose":"使用 MATLAB 在 RoadRunner 高清地图中创建隔离物","href":"ref\/roadrunner.hdmap.barrier.html"},{"name":"roadrunner.hdmap.Barrier","type":"object","refpurpose":"使用 MATLAB 在 RoadRunner 高清地图中创建隔离物","href":"ref\/roadrunner.hdmap.barrier.html"},{"name":"roadrunner.hdmap.Barrier.ID","type":"property","refpurpose":"隔离物元件 ID","href":"ref\/roadrunner.hdmap.barrier.html"},{"name":"roadrunner.hdmap.Barrier.Geometry","type":"property","refpurpose":"重复型材的隔离物底部","href":"ref\/roadrunner.hdmap.barrier.html"},{"name":"roadrunner.hdmap.Barrier.BarrierTypeReference","type":"property","refpurpose":"隔离物类型","href":"ref\/roadrunner.hdmap.barrier.html"},{"name":"roadrunner.hdmap.Barrier.FlipLaterally","type":"property","refpurpose":"设置翻转隔离物方向","href":"ref\/roadrunner.hdmap.barrier.html"},{"name":"roadrunner.hdmap.Barrier.Metadata","type":"property","refpurpose":"用户定义的辅助数据","href":"ref\/roadrunner.hdmap.barrier.html"},{"name":"roadrunner.hdmap.BarrierType","type":"function","fcntype":"constructor","refpurpose":"使用 MATLAB 在 RoadRunner 高清地图中创建隔离物类型","href":"ref\/roadrunner.hdmap.barriertype.html"},{"name":"roadrunner.hdmap.BarrierType","type":"object","refpurpose":"使用 MATLAB 在 RoadRunner 高清地图中创建隔离物类型","href":"ref\/roadrunner.hdmap.barriertype.html"},{"name":"roadrunner.hdmap.BarrierType.ID","type":"property","refpurpose":"隔离物类型 ID","href":"ref\/roadrunner.hdmap.barriertype.html"},{"name":"roadrunner.hdmap.BarrierType.ExtrusionPath","type":"property","refpurpose":"定义隔离物类型的型材素材的相对路径","href":"ref\/roadrunner.hdmap.barriertype.html"},{"name":"roadrunner.hdmap.CurveMarking","type":"function","fcntype":"constructor","refpurpose":"使用 MATLAB 在 RoadRunner 高清地图中创建曲线标记","href":"ref\/roadrunner.hdmap.curvemarking.html"},{"name":"roadrunner.hdmap.CurveMarking","type":"object","refpurpose":"使用 MATLAB 在 RoadRunner 高清地图中创建曲线标记","href":"ref\/roadrunner.hdmap.curvemarking.html"},{"name":"roadrunner.hdmap.CurveMarking.ID","type":"property","refpurpose":"曲线标记元素的 ID","href":"ref\/roadrunner.hdmap.curvemarking.html"},{"name":"roadrunner.hdmap.CurveMarking.Geometry","type":"property","refpurpose":"曲线标记点的三维坐标","href":"ref\/roadrunner.hdmap.curvemarking.html"},{"name":"roadrunner.hdmap.CurveMarking.MarkingTypeReference","type":"property","refpurpose":"曲线标记类型","href":"ref\/roadrunner.hdmap.curvemarking.html"},{"name":"roadrunner.hdmap.CurveMarking.Flip","type":"property","refpurpose":"翻转曲线标记方向的选项","href":"ref\/roadrunner.hdmap.curvemarking.html"},{"name":"roadrunner.hdmap.CurveMarking.Reverse","type":"property","refpurpose":"反转曲线标记方向的选项","href":"ref\/roadrunner.hdmap.curvemarking.html"},{"name":"roadrunner.hdmap.CurveMarking.Metadata","type":"property","refpurpose":"用户定义的辅助数据","href":"ref\/roadrunner.hdmap.curvemarking.html"},{"name":"roadrunner.hdmap.CurveMarkingType","type":"function","fcntype":"constructor","refpurpose":"使用 MATLAB 在 RoadRunner 高清地图中创建曲线标记类型","href":"ref\/roadrunner.hdmap.curvemarkingtype.html"},{"name":"roadrunner.hdmap.CurveMarkingType","type":"object","refpurpose":"使用 MATLAB 在 RoadRunner 高清地图中创建曲线标记类型","href":"ref\/roadrunner.hdmap.curvemarkingtype.html"},{"name":"roadrunner.hdmap.CurveMarkingType.ID","type":"property","refpurpose":"曲线标记类型 ID","href":"ref\/roadrunner.hdmap.curvemarkingtype.html"},{"name":"roadrunner.hdmap.CurveMarkingType.AssetPath","type":"property","refpurpose":"曲线标记素材文件的相对路径","href":"ref\/roadrunner.hdmap.curvemarkingtype.html"},{"name":"roadrunner.hdmap.Junction","type":"function","fcntype":"constructor","refpurpose":"使用 MATLAB 在 RoadRunner 高清地图中创建交叉口","href":"ref\/roadrunner.hdmap.junction.html"},{"name":"roadrunner.hdmap.Junction","type":"object","refpurpose":"使用 MATLAB 在 RoadRunner 高清地图中创建交叉口","href":"ref\/roadrunner.hdmap.junction.html"},{"name":"roadrunner.hdmap.Junction.ID","type":"property","refpurpose":"交叉口 ID","href":"ref\/roadrunner.hdmap.junction.html"},{"name":"roadrunner.hdmap.Junction.Geometry","type":"property","refpurpose":"交叉口对象的几何形状","href":"ref\/roadrunner.hdmap.junction.html"},{"name":"roadrunner.hdmap.Junction.Lanes","type":"property","refpurpose":"连接车道 ID","href":"ref\/roadrunner.hdmap.junction.html"},{"name":"addPredecessor","type":"function","fcntype":"instancemethod","refpurpose":"使用 MATLAB 将前车添加到 RoadRunner 高清地图的车道中","href":"ref\/roadrunner.hdmap.lane.addpredecessor.html"},{"name":"roadrunner.hdmap.Lane.addPredecessor","type":"method","fcntype":"instancemethod","refpurpose":"使用 MATLAB 将前车添加到 RoadRunner 高清地图的车道中","href":"ref\/roadrunner.hdmap.lane.addpredecessor.html"},{"name":"addSuccessor","type":"function","fcntype":"instancemethod","refpurpose":"使用 MATLAB 在 RoadRunner 高清地图中添加后继车道","href":"ref\/roadrunner.hdmap.lane.addsuccessor.html"},{"name":"roadrunner.hdmap.Lane.addSuccessor","type":"method","fcntype":"instancemethod","refpurpose":"使用 MATLAB 在 RoadRunner 高清地图中添加后继车道","href":"ref\/roadrunner.hdmap.lane.addsuccessor.html"},{"name":"leftBoundary","type":"function","fcntype":"instancemethod","refpurpose":"使用 MATLAB 在 RoadRunner 高清地图中设置车道左边界","href":"ref\/roadrunner.hdmap.lane.leftboundary.html"},{"name":"roadrunner.hdmap.Lane.leftBoundary","type":"method","fcntype":"instancemethod","refpurpose":"使用 MATLAB 在 RoadRunner 高清地图中设置车道左边界","href":"ref\/roadrunner.hdmap.lane.leftboundary.html"},{"name":"rightBoundary","type":"function","fcntype":"instancemethod","refpurpose":"使用 MATLAB 在 RoadRunner 高清地图中设置车道的右边界","href":"ref\/roadrunner.hdmap.lane.rightboundary.html"},{"name":"roadrunner.hdmap.Lane.rightBoundary","type":"method","fcntype":"instancemethod","refpurpose":"使用 MATLAB 在 RoadRunner 高清地图中设置车道的右边界","href":"ref\/roadrunner.hdmap.lane.rightboundary.html"},{"name":"roadrunner.hdmap.Lane","type":"function","fcntype":"constructor","refpurpose":"使用 MATLAB 在 RoadRunner 高清地图中创建车道","href":"ref\/roadrunner.hdmap.lane.html"},{"name":"roadrunner.hdmap.Lane","type":"object","refpurpose":"使用 MATLAB 在 RoadRunner 高清地图中创建车道","href":"ref\/roadrunner.hdmap.lane.html"},{"name":"roadrunner.hdmap.Lane.ID","type":"property","refpurpose":"车道 ID","href":"ref\/roadrunner.hdmap.lane.html"},{"name":"roadrunner.hdmap.Lane.Geometry","type":"property","refpurpose":"代表车道中心线的点的 3D 坐标","href":"ref\/roadrunner.hdmap.lane.html"},{"name":"roadrunner.hdmap.Lane.TravelDirection","type":"property","refpurpose":"沿车道行驶方向","href":"ref\/roadrunner.hdmap.lane.html"},{"name":"roadrunner.hdmap.Lane.LeftLaneBoundary","type":"property","refpurpose":"车道左边界连接信息","href":"ref\/roadrunner.hdmap.lane.html"},{"name":"roadrunner.hdmap.Lane.RightLaneBoundary","type":"property","refpurpose":"车道右边界连接信息","href":"ref\/roadrunner.hdmap.lane.html"},{"name":"roadrunner.hdmap.Lane.Predecessors","type":"property","refpurpose":"前方车道连接信息","href":"ref\/roadrunner.hdmap.lane.html"},{"name":"roadrunner.hdmap.Lane.Successors","type":"property","refpurpose":"后续车道的连接信息","href":"ref\/roadrunner.hdmap.lane.html"},{"name":"roadrunner.hdmap.Lane.LaneType","type":"property","refpurpose":"车道类型","href":"ref\/roadrunner.hdmap.lane.html"},{"name":"roadrunner.hdmap.Lane.Metadata","type":"property","refpurpose":"用户定义的辅助数据","href":"ref\/roadrunner.hdmap.lane.html"},{"name":"roadrunner.hdmap.Lane.ParametricAttributes","type":"property","refpurpose":"基于跨度的参数属性来指定车道的速度限制","href":"ref\/roadrunner.hdmap.lane.html"},{"name":"roadrunner.hdmap.LaneBoundary","type":"function","fcntype":"constructor","refpurpose":"使用 MATLAB 在 RoadRunner 高清地图中创建车道边界","href":"ref\/roadrunner.hdmap.laneboundary.html"},{"name":"roadrunner.hdmap.LaneBoundary","type":"object","refpurpose":"使用 MATLAB 在 RoadRunner 高清地图中创建车道边界","href":"ref\/roadrunner.hdmap.laneboundary.html"},{"name":"roadrunner.hdmap.LaneBoundary.ID","type":"property","refpurpose":"车道边界 ID","href":"ref\/roadrunner.hdmap.laneboundary.html"},{"name":"roadrunner.hdmap.LaneBoundary.Geometry","type":"property","refpurpose":"车道边界点的 3D 坐标","href":"ref\/roadrunner.hdmap.laneboundary.html"},{"name":"roadrunner.hdmap.LaneBoundary.ParametricAttributes","type":"property","refpurpose":"基于跨度的参数属性来创建车道标记","href":"ref\/roadrunner.hdmap.laneboundary.html"},{"name":"roadrunner.hdmap.LaneGroup","type":"function","fcntype":"constructor","refpurpose":"使用 MATLAB 在 RoadRunner 高清地图中创建车道组","href":"ref\/roadrunner.hdmap.lanegroup.html"},{"name":"roadrunner.hdmap.LaneGroup","type":"object","refpurpose":"使用 MATLAB 在 RoadRunner 高清地图中创建车道组","href":"ref\/roadrunner.hdmap.lanegroup.html"},{"name":"roadrunner.hdmap.LaneGroup.ID","type":"property","refpurpose":"车道组 ID","href":"ref\/roadrunner.hdmap.lanegroup.html"},{"name":"roadrunner.hdmap.LaneGroup.Geometry","type":"property","refpurpose":"车道组几何形状 3D 坐标","href":"ref\/roadrunner.hdmap.lanegroup.html"},{"name":"roadrunner.hdmap.LaneGroup.Lanes","type":"property","refpurpose":"车道参考集合","href":"ref\/roadrunner.hdmap.lanegroup.html"},{"name":"roadrunner.hdmap.LaneMarking","type":"function","fcntype":"constructor","refpurpose":"使用 MATLAB 在 RoadRunner 高清地图中创建车道标记","href":"ref\/roadrunner.hdmap.lanemarking.html"},{"name":"roadrunner.hdmap.LaneMarking","type":"object","refpurpose":"使用 MATLAB 在 RoadRunner 高清地图中创建车道标记","href":"ref\/roadrunner.hdmap.lanemarking.html"},{"name":"roadrunner.hdmap.LaneMarking.ID","type":"property","refpurpose":"车道标记元素 ID","href":"ref\/roadrunner.hdmap.lanemarking.html"},{"name":"roadrunner.hdmap.LaneMarking.AssetPath","type":"property","refpurpose":"车道标记素材的相对路径","href":"ref\/roadrunner.hdmap.lanemarking.html"},{"name":"roadrunner.hdmap.MarkingReference","type":"function","fcntype":"constructor","refpurpose":"使用 MATLAB 定义 RoadRunner 高清地图中用于链接车道边界和车道标记的信息","href":"ref\/roadrunner.hdmap.markingreference.html"},{"name":"roadrunner.hdmap.MarkingReference","type":"object","refpurpose":"使用 MATLAB 定义 RoadRunner 高清地图中用于链接车道边界和车道标记的信息","href":"ref\/roadrunner.hdmap.markingreference.html"},{"name":"roadrunner.hdmap.MarkingReference.MarkingID","type":"property","refpurpose":"车道标记元素 ID","href":"ref\/roadrunner.hdmap.markingreference.html"},{"name":"roadrunner.hdmap.MarkingReference.FlipLaterally","type":"property","refpurpose":"设置翻转标记方向","href":"ref\/roadrunner.hdmap.markingreference.html"},{"name":"roadrunner.hdmap.Metadata","type":"function","fcntype":"constructor","refpurpose":"使用 MATLAB 将用户定义的元数据添加到 RoadRunner 高清地图的元素中","href":"ref\/roadrunner.hdmap.metadata.html"},{"name":"roadrunner.hdmap.Metadata","type":"object","refpurpose":"使用 MATLAB 将用户定义的元数据添加到 RoadRunner 高清地图的元素中","href":"ref\/roadrunner.hdmap.metadata.html"},{"name":"roadrunner.hdmap.Metadata.Name","type":"property","refpurpose":"用户自定义参数名称","href":"ref\/roadrunner.hdmap.metadata.html"},{"name":"roadrunner.hdmap.Metadata.Value","type":"property","refpurpose":"用户自定义参数值","href":"ref\/roadrunner.hdmap.metadata.html"},{"name":"roadrunner.hdmap.ParametricAttribution","type":"function","fcntype":"constructor","refpurpose":"基于跨度的参数属性","href":"ref\/roadrunner.hdmap.parametricattribution.html"},{"name":"roadrunner.hdmap.ParametricAttribution","type":"object","refpurpose":"基于跨度的参数属性","href":"ref\/roadrunner.hdmap.parametricattribution.html"},{"name":"roadrunner.hdmap.ParametricAttribution.Span","type":"property","refpurpose":"基于跨度的属性的范围","href":"ref\/roadrunner.hdmap.parametricattribution.html"},{"name":"roadrunner.hdmap.ParametricAttribution.MarkingReference","type":"property","refpurpose":"参考 RoadRunner 高清地图中定义的标记","href":"ref\/roadrunner.hdmap.parametricattribution.html"},{"name":"roadrunner.hdmap.ParametricAttribution.SpeedLimitReference","type":"property","refpurpose":"参考 RoadRunner 高清地图中定义的车道限速","href":"ref\/roadrunner.hdmap.parametricattribution.html"},{"name":"roadrunner.hdmap.Reference","type":"function","fcntype":"constructor","refpurpose":"使用 MATLAB 定义 RoadRunner HD 地图中引用对象的 id","href":"ref\/roadrunner.hdmap.reference.html"},{"name":"roadrunner.hdmap.Reference","type":"object","refpurpose":"使用 MATLAB 定义 RoadRunner HD 地图中引用对象的 id","href":"ref\/roadrunner.hdmap.reference.html"},{"name":"roadrunner.hdmap.Reference.ID","type":"property","refpurpose":"引用对象的 ID","href":"ref\/roadrunner.hdmap.reference.html"},{"name":"roadrunner.hdmap.RelativeAssetPath","type":"function","fcntype":"constructor","refpurpose":"使用 MATLAB 定义 RoadRunner 高清地图中车道标记素材的相对路径","href":"ref\/roadrunner.hdmap.relativeassetpath.html"},{"name":"roadrunner.hdmap.RelativeAssetPath","type":"object","refpurpose":"使用 MATLAB 定义 RoadRunner 高清地图中车道标记素材的相对路径","href":"ref\/roadrunner.hdmap.relativeassetpath.html"},{"name":"roadrunner.hdmap.RelativeAssetPath.AssetPath","type":"property","refpurpose":"素材库中素材的相对路径","href":"ref\/roadrunner.hdmap.relativeassetpath.html"},{"name":"roadrunner.hdmap.Sign","type":"function","fcntype":"constructor","refpurpose":"使用 MATLAB 在 RoadRunner 高清地图中创建标志","href":"ref\/roadrunner.hdmap.sign.html"},{"name":"roadrunner.hdmap.Sign","type":"object","refpurpose":"使用 MATLAB 在 RoadRunner 高清地图中创建标志","href":"ref\/roadrunner.hdmap.sign.html"},{"name":"roadrunner.hdmap.Sign.ID","type":"property","refpurpose":"标志元素 ID","href":"ref\/roadrunner.hdmap.sign.html"},{"name":"roadrunner.hdmap.Sign.Geometry","type":"property","refpurpose":"表示标志的 3D 静止目标的几何形状","href":"ref\/roadrunner.hdmap.sign.html"},{"name":"roadrunner.hdmap.Sign.SignTypeReference","type":"property","refpurpose":"标志类型","href":"ref\/roadrunner.hdmap.sign.html"},{"name":"roadrunner.hdmap.Sign.Metadata","type":"property","refpurpose":"用户定义的辅助数据","href":"ref\/roadrunner.hdmap.sign.html"},{"name":"roadrunner.hdmap.SignType","type":"function","fcntype":"constructor","refpurpose":"使用 MATLAB 在 RoadRunner 高清地图中创建标志类型","href":"ref\/roadrunner.hdmap.signtype.html"},{"name":"roadrunner.hdmap.SignType","type":"object","refpurpose":"使用 MATLAB 在 RoadRunner 高清地图中创建标志类型","href":"ref\/roadrunner.hdmap.signtype.html"},{"name":"roadrunner.hdmap.SignType.ID","type":"property","refpurpose":"标志类型 ID","href":"ref\/roadrunner.hdmap.signtype.html"},{"name":"roadrunner.hdmap.SignType.AssetPath","type":"property","refpurpose":"标志或标志素材文件图像的相对路径","href":"ref\/roadrunner.hdmap.signtype.html"},{"name":"roadrunner.hdmap.SpeedLimit","type":"function","fcntype":"constructor","refpurpose":"使用 MATLAB 在 RoadRunner 高清地图中创建车道速度限制","href":"ref\/roadrunner.hdmap.speedlimit.html"},{"name":"roadrunner.hdmap.SpeedLimit","type":"object","refpurpose":"使用 MATLAB 在 RoadRunner 高清地图中创建车道速度限制","href":"ref\/roadrunner.hdmap.speedlimit.html"},{"name":"roadrunner.hdmap.SpeedLimit.ID","type":"property","refpurpose":"车道限速要素 ID","href":"ref\/roadrunner.hdmap.speedlimit.html"},{"name":"roadrunner.hdmap.SpeedLimit.Value","type":"property","refpurpose":"车道限速值","href":"ref\/roadrunner.hdmap.speedlimit.html"},{"name":"roadrunner.hdmap.SpeedLimit.VelocityUnit","type":"property","refpurpose":"车道限速值单位","href":"ref\/roadrunner.hdmap.speedlimit.html"},{"name":"roadrunner.hdmap.SpeedLimitReference","type":"function","fcntype":"constructor","refpurpose":"使用 MATLAB 定义 RoadRunner 高清地图中的车道限速元素信息","href":"ref\/roadrunner.hdmap.speedlimitreference.html"},{"name":"roadrunner.hdmap.SpeedLimitReference","type":"object","refpurpose":"使用 MATLAB 定义 RoadRunner 高清地图中的车道限速元素信息","href":"ref\/roadrunner.hdmap.speedlimitreference.html"},{"name":"roadrunner.hdmap.SpeedLimitReference.SpeedLimitID","type":"property","refpurpose":"车道限速要素 ID","href":"ref\/roadrunner.hdmap.speedlimitreference.html"},{"name":"roadrunner.hdmap.StaticObject","type":"function","fcntype":"constructor","refpurpose":"使用 MATLAB 为 RoadRunner 高清地图创建静态目标","href":"ref\/roadrunner.hdmap.staticobject.html"},{"name":"roadrunner.hdmap.StaticObject","type":"object","refpurpose":"使用 MATLAB 为 RoadRunner 高清地图创建静态目标","href":"ref\/roadrunner.hdmap.staticobject.html"},{"name":"roadrunner.hdmap.StaticObject.ID","type":"property","refpurpose":"StaticObject 元素的 ID","href":"ref\/roadrunner.hdmap.staticobject.html"},{"name":"roadrunner.hdmap.StaticObject.Geometry","type":"property","refpurpose":"StaticObject","href":"ref\/roadrunner.hdmap.staticobject.html"},{"name":"roadrunner.hdmap.StaticObject.ObjectTypeReference","type":"property","refpurpose":"StaticObject 的类型","href":"ref\/roadrunner.hdmap.staticobject.html"},{"name":"roadrunner.hdmap.StaticObject.Metadata","type":"property","refpurpose":"用户定义的辅助数据","href":"ref\/roadrunner.hdmap.staticobject.html"},{"name":"roadrunner.hdmap.StaticObjectType","type":"function","fcntype":"constructor","refpurpose":"使用 MATLAB 在 RoadRunner 高清地图中创建静态目标类型","href":"ref\/roadrunner.hdmap.staticobjecttype.html"},{"name":"roadrunner.hdmap.StaticObjectType","type":"object","refpurpose":"使用 MATLAB 在 RoadRunner 高清地图中创建静态目标类型","href":"ref\/roadrunner.hdmap.staticobjecttype.html"},{"name":"roadrunner.hdmap.StaticObjectType.ID","type":"property","refpurpose":"StaticObject 类型的 ID","href":"ref\/roadrunner.hdmap.staticobjecttype.html"},{"name":"roadrunner.hdmap.StaticObjectType.AssetPath","type":"property","refpurpose":"3D 网格或道具素材文件的相对路径","href":"ref\/roadrunner.hdmap.staticobjecttype.html"},{"name":"roadrunner.hdmap.StencilMarking","type":"function","fcntype":"constructor","refpurpose":"使用 MATLAB 在 RoadRunner 高清地图中创建模板标记","href":"ref\/roadrunner.hdmap.stencilmarking.html"},{"name":"roadrunner.hdmap.StencilMarking","type":"object","refpurpose":"使用 MATLAB 在 RoadRunner 高清地图中创建模板标记","href":"ref\/roadrunner.hdmap.stencilmarking.html"},{"name":"roadrunner.hdmap.StencilMarking.ID","type":"property","refpurpose":"模板标记元素的 ID","href":"ref\/roadrunner.hdmap.stencilmarking.html"},{"name":"roadrunner.hdmap.StencilMarking.Geometry","type":"property","refpurpose":"模板标记的几何形状","href":"ref\/roadrunner.hdmap.stencilmarking.html"},{"name":"roadrunner.hdmap.StencilMarking.MarkingTypeReference","type":"property","refpurpose":"模板标记类型","href":"ref\/roadrunner.hdmap.stencilmarking.html"},{"name":"roadrunner.hdmap.StencilMarking.Metadata","type":"property","refpurpose":"用户定义的辅助数据","href":"ref\/roadrunner.hdmap.stencilmarking.html"},{"name":"roadrunner.hdmap.StencilMarkingType","type":"function","fcntype":"constructor","refpurpose":"使用 MATLAB 在 RoadRunner 高清地图中创建模板标记类型","href":"ref\/roadrunner.hdmap.stencilmarkingtype.html"},{"name":"roadrunner.hdmap.StencilMarkingType","type":"object","refpurpose":"使用 MATLAB 在 RoadRunner 高清地图中创建模板标记类型","href":"ref\/roadrunner.hdmap.stencilmarkingtype.html"},{"name":"roadrunner.hdmap.StencilMarkingType.ID","type":"property","refpurpose":"模板标记类型 ID","href":"ref\/roadrunner.hdmap.stencilmarkingtype.html"},{"name":"roadrunner.hdmap.StencilMarkingType.AssetPath","type":"property","refpurpose":"模板标记素材文件的相对路径","href":"ref\/roadrunner.hdmap.stencilmarkingtype.html"},{"name":"importScene","type":"function","fcntype":"instancemethod","refpurpose":"使用 MATLAB 将场景导入 RoadRunner","href":"ref\/roadrunner.importscene.html"},{"name":"roadrunner.importScene","type":"method","fcntype":"instancemethod","refpurpose":"使用 MATLAB 将场景导入 RoadRunner","href":"ref\/roadrunner.importscene.html"},{"name":"newProject","type":"function","fcntype":"instancemethod","refpurpose":"使用 MATLAB 创建新的 RoadRunner 项目","href":"ref\/roadrunner.newproject.html"},{"name":"roadrunner.newProject","type":"method","fcntype":"instancemethod","refpurpose":"使用 MATLAB 创建新的 RoadRunner 项目","href":"ref\/roadrunner.newproject.html"},{"name":"newScene","type":"function","fcntype":"instancemethod","refpurpose":"使用 MATLAB 创建新的 RoadRunner 场景","href":"ref\/roadrunner.newscene.html"},{"name":"roadrunner.newScene","type":"method","fcntype":"instancemethod","refpurpose":"使用 MATLAB 创建新的 RoadRunner 场景","href":"ref\/roadrunner.newscene.html"},{"name":"openProject","type":"function","fcntype":"instancemethod","refpurpose":"使用 MATLAB 打开 RoadRunner 项目","href":"ref\/roadrunner.openproject.html"},{"name":"roadrunner.openProject","type":"method","fcntype":"instancemethod","refpurpose":"使用 MATLAB 打开 RoadRunner 项目","href":"ref\/roadrunner.openproject.html"},{"name":"openScene","type":"function","fcntype":"instancemethod","refpurpose":"使用 MATLAB 打开 RoadRunner 场景","href":"ref\/roadrunner.openscene.html"},{"name":"roadrunner.openScene","type":"method","fcntype":"instancemethod","refpurpose":"使用 MATLAB 打开 RoadRunner 场景","href":"ref\/roadrunner.openscene.html"},{"name":"roadrunner.connect","type":"function","fcntype":"instancemethod","refpurpose":"使用 MATLAB 连接到 RoadRunner 的打开实例","href":"ref\/roadrunner.roadrunner.connect.html"},{"name":"roadrunner.roadrunner.connect","type":"method","fcntype":"instancemethod","refpurpose":"使用 MATLAB 连接到 RoadRunner 的打开实例","href":"ref\/roadrunner.roadrunner.connect.html"},{"name":"roadrunnerSetup","type":"function","fcntype":"instancemethod","refpurpose":"使用 MATLAB 以交互方式启动 RoadRunner","href":"ref\/roadrunner.roadrunnersetup.html"},{"name":"roadrunner.roadrunnerSetup","type":"method","fcntype":"instancemethod","refpurpose":"使用 MATLAB 以交互方式启动 RoadRunner","href":"ref\/roadrunner.roadrunnersetup.html"},{"name":"saveProject","type":"function","fcntype":"instancemethod","refpurpose":"使用 MATLAB 保存 RoadRunner 项目","href":"ref\/roadrunner.saveproject.html"},{"name":"roadrunner.saveProject","type":"method","fcntype":"instancemethod","refpurpose":"使用 MATLAB 保存 RoadRunner 项目","href":"ref\/roadrunner.saveproject.html"},{"name":"saveScene","type":"function","fcntype":"instancemethod","refpurpose":"使用 MATLAB 保存 RoadRunner 场景","href":"ref\/roadrunner.savescene.html"},{"name":"roadrunner.saveScene","type":"method","fcntype":"instancemethod","refpurpose":"使用 MATLAB 保存 RoadRunner 场景","href":"ref\/roadrunner.savescene.html"},{"name":"status","type":"function","fcntype":"instancemethod","refpurpose":"使用 MATLAB 获取 RoadRunner 的当前状态","href":"ref\/roadrunner.status.html"},{"name":"roadrunner.status","type":"method","fcntype":"instancemethod","refpurpose":"使用 MATLAB 获取 RoadRunner 的当前状态","href":"ref\/roadrunner.status.html"},{"name":"roadrunner","type":"function","fcntype":"constructor","refpurpose":"使用 MATLAB 启动 RoadRunner 应用程序","href":"ref\/roadrunner.html"},{"name":"roadrunner","type":"object","refpurpose":"使用 MATLAB 启动 RoadRunner 应用程序","href":"ref\/roadrunner.html"},{"name":"roadrunner.ProjectFolder","type":"property","refpurpose":"RoadRunner 项目文件夹路径","href":"ref\/roadrunner.html"},{"name":"roadrunner.InstallationFolder","type":"property","refpurpose":"本地 RoadRunner 安装文件夹的位置","href":"ref\/roadrunner.html"},{"name":"roadrunner.NoDisplay","type":"property","refpurpose":"在控制台模式下启动 RoadRunner","href":"ref\/roadrunner.html"},{"name":"roadrunner.Ports","type":"property","refpurpose":"在指定的 apiPort 和 cosimPort 上启动 RoadRunner","href":"ref\/roadrunner.html"},{"name":"roadrunner_service.proto","type":"nonstandard","refpurpose":"RoadRunner 服务 protobuf 模式","href":"ref\/roadrunner_service.proto.html"},{"name":"roadrunner_service_messages.proto","type":"nonstandard","refpurpose":"RoadRunner 服务消息 protobuf 架构","href":"ref\/roadrunner_service_messages.proto.html"},{"name":"plot","type":"function","fcntype":"instancemethod","refpurpose":"使用 MATLAB 绘制 RoadRunner 高清地图","href":"ref\/roadrunnerhdmap.plot.html"},{"name":"roadrunnerHDMap.plot","type":"method","fcntype":"instancemethod","refpurpose":"使用 MATLAB 绘制 RoadRunner 高清地图","href":"ref\/roadrunnerhdmap.plot.html"},{"name":"read","type":"function","fcntype":"instancemethod","refpurpose":"使用 MATLAB 从二进制文件读取高清地图","href":"ref\/roadrunnerhdmap.read.html"},{"name":"roadrunnerHDMap.read","type":"method","fcntype":"instancemethod","refpurpose":"使用 MATLAB 从二进制文件读取高清地图","href":"ref\/roadrunnerhdmap.read.html"},{"name":"readCRS","type":"function","fcntype":"instancemethod","refpurpose":"使用 MATLAB 从 RoadRunner 高清地图读取坐标参考系统（CRS）数据","href":"ref\/roadrunnerhdmap.readcrs.html"},{"name":"roadrunnerHDMap.readCRS","type":"method","fcntype":"instancemethod","refpurpose":"使用 MATLAB 从 RoadRunner 高清地图读取坐标参考系统（CRS）数据","href":"ref\/roadrunnerhdmap.readcrs.html"},{"name":"write","type":"function","fcntype":"instancemethod","refpurpose":"使用 MATLAB 将高清地图写入二进制文件","href":"ref\/roadrunnerhdmap.write.html"},{"name":"roadrunnerHDMap.write","type":"method","fcntype":"instancemethod","refpurpose":"使用 MATLAB 将高清地图写入二进制文件","href":"ref\/roadrunnerhdmap.write.html"},{"name":"roadrunnerHDMap","type":"function","fcntype":"constructor","refpurpose":"使用 MATLAB 创建 RoadRunner 高清地图","href":"ref\/roadrunnerhdmap.html"},{"name":"roadrunnerHDMap","type":"object","refpurpose":"使用 MATLAB 创建 RoadRunner 高清地图","href":"ref\/roadrunnerhdmap.html"},{"name":"roadrunnerHDMap.Author","type":"property","refpurpose":"地图作者姓名","href":"ref\/roadrunnerhdmap.html"},{"name":"roadrunnerHDMap.GeoReference","type":"property","refpurpose":"路网原点地理坐标","href":"ref\/roadrunnerhdmap.html"},{"name":"roadrunnerHDMap.GeographicBoundary","type":"property","refpurpose":"几何数据的空间界限","href":"ref\/roadrunnerhdmap.html"},{"name":"roadrunnerHDMap.Lanes","type":"property","refpurpose":"道路车道属性","href":"ref\/roadrunnerhdmap.html"},{"name":"roadrunnerHDMap.SpeedLimits","type":"property","refpurpose":"车道速度限制","href":"ref\/roadrunnerhdmap.html"},{"name":"roadrunnerHDMap.LaneBoundaries","type":"property","refpurpose":"车道边界","href":"ref\/roadrunnerhdmap.html"},{"name":"roadrunnerHDMap.LaneGroups","type":"property","refpurpose":"具有相似几何形状的车道组","href":"ref\/roadrunnerhdmap.html"},{"name":"roadrunnerHDMap.LaneMarkings","type":"property","refpurpose":"车道标记定义","href":"ref\/roadrunnerhdmap.html"},{"name":"roadrunnerHDMap.Junctions","type":"property","refpurpose":"交叉口","href":"ref\/roadrunnerhdmap.html"},{"name":"roadrunnerHDMap.BarrierTypes","type":"property","refpurpose":"隔离物型材的隔离物类型和类型信息","href":"ref\/roadrunnerhdmap.html"},{"name":"roadrunnerHDMap.Barrier","type":"property","refpurpose":"地图上的隔离物","href":"ref\/roadrunnerhdmap.html"},{"name":"roadrunnerHDMap.SignTypes","type":"property","refpurpose":"标志类型 标志特征和类型信息","href":"ref\/roadrunnerhdmap.html"},{"name":"roadrunnerHDMap.Signs","type":"property","refpurpose":"地图上的标志","href":"ref\/roadrunnerhdmap.html"},{"name":"roadrunnerHDMap.StaticObjectType","type":"property","refpurpose":"物理对象的属性","href":"ref\/roadrunnerhdmap.html"},{"name":"roadrunnerHDMap.StaticObject","type":"property","refpurpose":"地图中的静态目标","href":"ref\/roadrunnerhdmap.html"},{"name":"roadrunnerHDMap.StencilMarkingTypes","type":"property","refpurpose":"模板标记特征的类型和类型信息","href":"ref\/roadrunnerhdmap.html"},{"name":"roadrunnerHDMap.StencilMarkings","type":"property","refpurpose":"地图上的模板标记","href":"ref\/roadrunnerhdmap.html"},{"name":"roadrunnerHDMap.CurveMarkingTypes","type":"property","refpurpose":"曲线标记特征的类型和类型信息","href":"ref\/roadrunnerhdmap.html"},{"name":"roadrunnerHDMap.CurveMarkings","type":"property","refpurpose":"地图上的曲线标记","href":"ref\/roadrunnerhdmap.html"},{"name":"RoadRunnerStatus","type":"nonstandard","refpurpose":"使用 gRPC 获取当前 RoadRunner 会话的状态","href":"ref\/roadrunnerstatus.html"},{"name":"Road Speed Limits Tool","type":"tool","refpurpose":"设置道路跨度的速度限制","href":"ref\/roadspeedlimitstool.html"},{"name":"Road Style Assets","type":"nonstandard","refpurpose":"定义指定新道路属性的模板","href":"ref\/roadstyleassets.html"},{"name":"Road Superelevation Tool","type":"tool","refpurpose":"调整道路全宽的超高（坡度和倾斜角）","href":"ref\/roadsuperelevationtool.html"},{"name":"SaveProject","type":"nonstandard","refpurpose":"使用 gRPC 保存 RoadRunner 项目","href":"ref\/saveproject.html"},{"name":"SaveScene","type":"nonstandard","refpurpose":"使用 gRPC 保存 RoadRunner 场景","href":"ref\/savescene.html"},{"name":"Scene Anchor Tool","type":"tool","refpurpose":"定义锚点以将情境放置在场景内（需要 RoadRunner Scenario）","href":"ref\/sceneanchortool.html"},{"name":"Scene Builder Tool","type":"tool","refpurpose":"从高清地图数据生成 3D 场景","href":"ref\/scenebuildertool.html"},{"name":"Scene Export Preview Tool","type":"tool","refpurpose":"预览要导出的场景几何形状","href":"ref\/sceneexportpreviewtool.html"},{"name":"Screenshot Tool","type":"tool","refpurpose":"生成并保存当前相机视图的图像","href":"ref\/screenshottool.html"},{"name":"SD Map Viewer Tool","type":"tool","refpurpose":"使用 SD Map 服务生成 3D 场景","href":"ref\/sdmapviewertool.html"},{"name":"Selection Tool","type":"tool","refpurpose":"在场景中选择一条或多条道路和道具","href":"ref\/selectiontool.html"},{"name":"Sidewalk Height Tool","type":"tool","refpurpose":"修改人行道和路缘高度","href":"ref\/sidewalkheighttool.html"},{"name":"Signal Assets","type":"nonstandard","refpurpose":"定义带灯的动态交通信号头","href":"ref\/signalassets.html"},{"name":"Signal Tool","type":"tool","refpurpose":"配置交叉口信号和信号交通相位","href":"ref\/signaltool.html"},{"name":"Sign Assets","type":"nonstandard","refpurpose":"定义标准和自定义街道标志","href":"ref\/signassets.html"},{"name":"Sign Tool","type":"tool","refpurpose":"修改自定义标志，例如街道名称标志和高速公路广告牌","href":"ref\/signtool.html"},{"name":"Slip Road Tool","type":"tool","refpurpose":"创建入口匝道、出口匝道和道路分岔","href":"ref\/sliproadtool.html"},{"name":"Stencil Marking Assets","type":"nonstandard","refpurpose":"定义道路油漆特征，例如箭头、文本和符号","href":"ref\/stencilmarkingassets.html"},{"name":"Surface Tool","type":"tool","refpurpose":"对道路周围的表面进行建模，例如人行道、车道、停车场和自然地形","href":"ref\/surfacetool.html"},{"name":"Synthetic CRG Assets","type":"nonstandard","refpurpose":"定义 CRG 格式的路面数据","href":"ref\/syntheticcrgassets.html"},{"name":"Texture Assets","type":"nonstandard","refpurpose":"定义材质素材的纹理通道","href":"ref\/textureassets.html"},{"name":"Traffic Island Tool","type":"tool","refpurpose":"在 RoadRunner 场景中创建自由形式的交通岛","href":"ref\/trafficislandtool.html"},{"name":"Vector Data Assets","type":"nonstandard","refpurpose":"将 GIS shapefile 和其他矢量数据添加到场景中以供视觉参考","href":"ref\/vectordataassets.html"},{"name":"Vector Data Tool","type":"tool","refpurpose":"管理矢量数据文件的导入和配置并探索形状属性","href":"ref\/vectordatatool.html"},{"name":"World Settings Tool","type":"tool","refpurpose":"配置数据导入导出环境模型的地理位置和大小","href":"ref\/worldsettingstool.html"}]}