{"schema":"referenceapi_lookup_schema.json","schemaVersion":"1.0","docVersion":"doc25a.2972614.Bdoc25a.2972524.pass.r2025a","productName":"RoadRunner","baseCode":"RD","helpFolder":"roadrunner","helpLocation":"roadrunner",  "refItems" : [{"name":"Aerial Image Assets","type":"nonstandard","refpurpose":"Add GIS satellite and aerial imagery to scene for visual reference","href":"ref\/aerialimageassets.html"},{"name":"Aerial Imagery Tool","type":"tool","refpurpose":"Manage import and configuration of aerial imagery files","href":"ref\/aerialimagerytool.html"},{"name":"AppRoadRunner","type":"function","fcntype":"simple","refpurpose":"Start RoadRunner application from command line using gRPC","href":"ref\/approadrunner.html"},{"name":"CmdRoadRunnerApi","type":"function","fcntype":"simple","refpurpose":"Call RoadRunner RPC methods from command line","href":"ref\/cmdroadrunnerapi.html"},{"name":"common_attributes.proto","type":"nonstandard","refpurpose":"Common attributes for RoadRunner HD Map protocol buffer files","href":"ref\/common_attributes.proto.html"},{"name":"Corner Tool","type":"tool","refpurpose":"Adjust shape and materials of junction corners","href":"ref\/cornertool.html"},{"name":"Cross Section Tool","type":"tool","refpurpose":"Manipulate banking, crowning, and curb shapes at road cross-sections","href":"ref\/crosssectiontool.html"},{"name":"Crosswalk and Stop Line Tool","type":"tool","refpurpose":"Add crosswalks and stop lines between corners at intersections","href":"ref\/crosswalkandstoplinetool.html"},{"name":"Crosswalk Marking Assets","type":"nonstandard","refpurpose":"Define crosswalk marking properties, such as color, width, and spacing","href":"ref\/crosswalkmarkingassets.html"},{"name":"Custom Junction Tool","type":"tool","refpurpose":"Override RoadRunner automatic junction functionality for advanced cases","href":"ref\/customjunctiontool.html"},{"name":"Elevation Map Assets","type":"nonstandard","refpurpose":"Add GIS raster elevation data to scene","href":"ref\/elevationmapassets.html"},{"name":"Elevation Map Tool","type":"tool","refpurpose":"Manage import and configuration of digital elevation model (DEM) files","href":"ref\/elevationmaptool.html"},{"name":"Exit","type":"nonstandard","refpurpose":"Exit RoadRunner application using gRPC","href":"ref\/exit.html"},{"name":"Export","type":"nonstandard","refpurpose":"Export RoadRunner scene or scenario using gRPC","href":"ref\/export.html"},{"name":"export_settings.proto","type":"nonstandard","refpurpose":"Export settings protobuf schema","href":"ref\/export_settings.proto.html"},{"name":"Extrusion Assets","type":"nonstandard","refpurpose":"Define extruded geometry for features such as walls, guard rails, and fences","href":"ref\/extrusionassets.html"},{"name":"geometry.proto","type":"nonstandard","refpurpose":"Scene geometry protobuf schema","href":"ref\/geometry.proto.html"},{"name":"hd_barriers.proto","type":"nonstandard","refpurpose":"Barrier representation messages for RoadRunner HD Map","href":"ref\/hd_barriers.proto.html"},{"name":"hd_curve_markings.proto","type":"nonstandard","refpurpose":"Curve marking representation messages for RoadRunner HD Map","href":"ref\/hd_curve_markings.proto.html"},{"name":"hd_junctions.proto","type":"nonstandard","refpurpose":"Junction representation for RoadRunner HD Map","href":"ref\/hd_junctions.proto.html"},{"name":"hd_lane_markings.proto","type":"nonstandard","refpurpose":"Lane marking representation messages for RoadRunner HD Map","href":"ref\/hd_lane_markings.proto.html"},{"name":"hd_lanes.proto","type":"nonstandard","refpurpose":"Lane representation messages for the RoadRunner HD Map","href":"ref\/hd_lanes.proto.html"},{"name":"hd_map.proto","type":"nonstandard","refpurpose":"RoadRunner HD Map message","href":"ref\/hd_map.proto.html"},{"name":"hd_map_header.proto","type":"nonstandard","refpurpose":"RoadRunner HD Map header message","href":"ref\/hd_map_header.proto.html"},{"name":"hd_phases.proto","type":"nonstandard","refpurpose":"Signal phase representation messages for RoadRunner HD Map","href":"ref\/hd_phases.proto.html"},{"name":"hd_signs.proto","type":"nonstandard","refpurpose":"Sign representation messages for RoadRunner HD Map","href":"ref\/hd_signs.proto.html"},{"name":"hd_static_objects.proto","type":"nonstandard","refpurpose":"Static object representation messages for RoadRunner HD Map","href":"ref\/hd_static_objects.proto.html"},{"name":"hd_stencil_markings.proto","type":"nonstandard","refpurpose":"Stencil marking representation messages for RoadRunner HD Map","href":"ref\/hd_stencil_markings.proto.html"},{"name":"hd_traffic_signals.proto","type":"nonstandard","refpurpose":"Traffic signal representation messages for RoadRunner HD Map","href":"ref\/hd_traffic_signals.proto.html"},{"name":"Import","type":"nonstandard","refpurpose":"Import file into RoadRunner scene or scenario using gRPC","href":"ref\/import.html"},{"name":"import_settings.proto","type":"nonstandard","refpurpose":"Import settings protobuf schema","href":"ref\/import_settings.proto.html"},{"name":"Junction Surface Tool","type":"tool","refpurpose":"Control influence of road elevations and cross-sections on interior triangulation of intersections","href":"ref\/junctionsurfacetool.html"},{"name":"Lane Add Tool","type":"tool","refpurpose":"Add fully formed lane along road","href":"ref\/laneaddtool.html"},{"name":"Lane Carve Tool","type":"tool","refpurpose":"Create tapering cut in lane","href":"ref\/lanecarvetool.html"},{"name":"Lane Chop Tool","type":"tool","refpurpose":"Cut single lane into two lanes","href":"ref\/lanechoptool.html"},{"name":"Lane Form Tool","type":"tool","refpurpose":"Add forming or ending lane along road","href":"ref\/laneformtool.html"},{"name":"Lane Marking Assets","type":"nonstandard","refpurpose":"Define lane markings, such as color, width, and dash spacing","href":"ref\/lanemarkingassets.html"},{"name":"Lane Marking Tool","type":"tool","refpurpose":"Add linear markings to lane boundaries","href":"ref\/lanemarkingtool.html"},{"name":"Lane Offset Tool","type":"tool","refpurpose":"Adjust location of center lane of road","href":"ref\/laneoffsettool.html"},{"name":"Lane Split Tool","type":"tool","refpurpose":"Split lane lengthwise into two lanes","href":"ref\/lanesplittool.html"},{"name":"Lane Tool","type":"tool","refpurpose":"Delete lanes, update lane type, and reverse lane travel direction","href":"ref\/lanetool.html"},{"name":"Lane Width Tool","type":"tool","refpurpose":"Adjust lane widths along road","href":"ref\/lanewidthtool.html"},{"name":"LoadProject","type":"nonstandard","refpurpose":"Load RoadRunner project using gRPC","href":"ref\/loadproject.html"},{"name":"LoadScene","type":"nonstandard","refpurpose":"Load RoadRunner scene using gRPC","href":"ref\/loadscene.html"},{"name":"Maneuver Tool","type":"tool","refpurpose":"Manipulate individual maneuver roads (paths) within junction","href":"ref\/maneuvertool.html"},{"name":"Marking Curve Tool","type":"tool","refpurpose":"Place straight or curved markings at arbitrary locations","href":"ref\/markingcurvetool.html"},{"name":"Marking Point Tool","type":"tool","refpurpose":"Place point markings on road surfaces","href":"ref\/markingpointtool.html"},{"name":"Marking Polygon Tool","type":"tool","refpurpose":"Define areas of asphalt patches or repeated marking stripes on roads and terrain surfaces","href":"ref\/markingpolygontool.html"},{"name":"Material Assets","type":"nonstandard","refpurpose":"Define visual properties of surfaces, sidewalks, lanes, and other objects","href":"ref\/materialassets.html"},{"name":"Measurement Tool","type":"tool","refpurpose":"Measure positions, distances, and angles in scene","href":"ref\/measurementtool.html"},{"name":"NewProject","type":"nonstandard","refpurpose":"Create new RoadRunner project using gRPC","href":"ref\/newproject.html"},{"name":"NewScene","type":"nonstandard","refpurpose":"Create new RoadRunner scene using gRPC","href":"ref\/newscene.html"},{"name":"OpenDRIVE Export Preview Tool","type":"tool","refpurpose":"Visualize and validate ASAM OpenDRIVE export of scene","href":"ref\/opendriveexportpreviewtool.html"},{"name":"OpenDRIVE Viewer Tool","type":"tool","refpurpose":"Visualize ASAM OpenDRIVE data for import","href":"ref\/opendriveviewertool.html"},{"name":"Parking Tool","type":"tool","refpurpose":"Define parking spaces and other parking-related markings","href":"ref\/parkingtool.html"},{"name":"Point Cloud Assets","type":"nonstandard","refpurpose":"Add aerial or vehicular point clouds to scene for visual reference","href":"ref\/pointcloudassets.html"},{"name":"Point Cloud Tool","type":"tool","refpurpose":"Manage import and configuration of lidar point cloud files","href":"ref\/pointcloudtool.html"},{"name":"Polygon Marking Assets","type":"nonstandard","refpurpose":"Define space-filling road markings, such as crosshatch and chevron markings","href":"ref\/polygonmarkingassets.html"},{"name":"Post Assets","type":"nonstandard","refpurpose":"Define building support posts, such as for bridges and overpasses","href":"ref\/postassets.html"},{"name":"Prop Assembly Assets","type":"nonstandard","refpurpose":"Define collection of prop instances stored as single asset","href":"ref\/propassemblyassets.html"},{"name":"Prop Curve Tool","type":"tool","refpurpose":"Place props and extrusions along free-form curves","href":"ref\/propcurvetool.html"},{"name":"Prop Model Assets","type":"nonstandard","refpurpose":"Define external 3D model files to add to scene","href":"ref\/propmodelassets.html"},{"name":"Prop Point Tool","type":"tool","refpurpose":"Place individual props in scene and connect them to other props","href":"ref\/proppointtool.html"},{"name":"Prop Polygon Tool","type":"tool","refpurpose":"Place props within shaped regions","href":"ref\/proppolygontool.html"},{"name":"Prop Set Assets","type":"nonstandard","refpurpose":"Define collections of props that have a random distribution","href":"ref\/propsetassets.html"},{"name":"Prop Span Tool","type":"tool","refpurpose":"Place props and extrusions along lane","href":"ref\/propspantool.html"},{"name":"Road Chop Tool","type":"tool","refpurpose":"Chop single road into two connected roads","href":"ref\/roadchoptool.html"},{"name":"Road Circle Tool","type":"tool","refpurpose":"Build closed circular loop road","href":"ref\/roadcircletool.html"},{"name":"Road Construction Tool","type":"tool","refpurpose":"Specify physical construction of road sections","href":"ref\/roadconstructiontool.html"},{"name":"Road CRG Tool","type":"tool","refpurpose":"Apply and visualize road surface data","href":"ref\/roadcrgtool.html"},{"name":"Road Height Tool","type":"tool","refpurpose":"Manipulate vertical profile of roads","href":"ref\/roadheighttool.html"},{"name":"Road Offset Tool","type":"tool","refpurpose":"Adjust connection between two end-to-end roads","href":"ref\/roadoffsettool.html"},{"name":"Road Plan Tool","type":"tool","refpurpose":"Create and lay out roads","href":"ref\/roadplantool.html"},{"name":"changeWorldSettings","type":"function","fcntype":"instancemethod","refpurpose":"Modify world settings of active scene using MATLAB","href":"ref\/roadrunner.changeworldsettings.html"},{"name":"roadrunner.changeWorldSettings","type":"method","fcntype":"instancemethod","refpurpose":"Modify world settings of active scene using MATLAB","href":"ref\/roadrunner.changeworldsettings.html"},{"name":"close","type":"function","fcntype":"instancemethod","refpurpose":"Close RoadRunner using MATLAB","href":"ref\/roadrunner.close.html"},{"name":"roadrunner.close","type":"method","fcntype":"instancemethod","refpurpose":"Close RoadRunner using MATLAB","href":"ref\/roadrunner.close.html"},{"name":"roadrunner.connect","type":"function","fcntype":"simple","refpurpose":"Connect to open instance of RoadRunner using MATLAB","href":"ref\/roadrunner.connect.html"},{"name":"exportCustomFormat","type":"function","fcntype":"instancemethod","refpurpose":"Export RoadRunner scene to custom format using MATLAB","href":"ref\/roadrunner.exportcustomformat.html"},{"name":"roadrunner.exportCustomFormat","type":"method","fcntype":"instancemethod","refpurpose":"Export RoadRunner scene to custom format using MATLAB","href":"ref\/roadrunner.exportcustomformat.html"},{"name":"exportScene","type":"function","fcntype":"instancemethod","refpurpose":"Export RoadRunner scene using MATLAB","href":"ref\/roadrunner.exportscene.html"},{"name":"roadrunner.exportScene","type":"method","fcntype":"instancemethod","refpurpose":"Export RoadRunner scene using MATLAB","href":"ref\/roadrunner.exportscene.html"},{"name":"getAPIPort","type":"function","fcntype":"instancemethod","refpurpose":"Retrieve RoadRunner API server port number in MATLAB","href":"ref\/roadrunner.getapiport.html"},{"name":"roadrunner.getAPIPort","type":"method","fcntype":"instancemethod","refpurpose":"Retrieve RoadRunner API server port number in MATLAB","href":"ref\/roadrunner.getapiport.html"},{"name":"getCoSimPort","type":"function","fcntype":"instancemethod","refpurpose":"Retrieve RoadRunner Scenario API server port number in MATLAB","href":"ref\/roadrunner.getcosimport.html"},{"name":"roadrunner.getCoSimPort","type":"method","fcntype":"instancemethod","refpurpose":"Retrieve RoadRunner Scenario API server port number in MATLAB","href":"ref\/roadrunner.getcosimport.html"},{"name":"roadrunner.hdmap.AlignedReference","type":"function","fcntype":"constructor","refpurpose":"Provided information for linking objects in RoadRunner HD Maps using MATLAB","href":"ref\/roadrunner.hdmap.alignedreference.html"},{"name":"roadrunner.hdmap.AlignedReference","type":"object","refpurpose":"Provided information for linking objects in RoadRunner HD Maps using MATLAB","href":"ref\/roadrunner.hdmap.alignedreference.html"},{"name":"roadrunner.hdmap.AlignedReference.Reference","type":"property","refpurpose":"ID of referenced object","href":"ref\/roadrunner.hdmap.alignedreference.html"},{"name":"roadrunner.hdmap.AlignedReference.Alignment","type":"property","refpurpose":"Type of alignment","href":"ref\/roadrunner.hdmap.alignedreference.html"},{"name":"roadrunner.hdmap.Barrier","type":"function","fcntype":"constructor","refpurpose":"Create barrier in RoadRunner HD Map using MATLAB","href":"ref\/roadrunner.hdmap.barrier.html"},{"name":"roadrunner.hdmap.Barrier","type":"object","refpurpose":"Create barrier in RoadRunner HD Map using MATLAB","href":"ref\/roadrunner.hdmap.barrier.html"},{"name":"roadrunner.hdmap.Barrier.ID","type":"property","refpurpose":"ID of barrier element","href":"ref\/roadrunner.hdmap.barrier.html"},{"name":"roadrunner.hdmap.Barrier.Geometry","type":"property","refpurpose":"Base of barrier that extrusion is repeated over","href":"ref\/roadrunner.hdmap.barrier.html"},{"name":"roadrunner.hdmap.Barrier.BarrierTypeReference","type":"property","refpurpose":"Type of barrier","href":"ref\/roadrunner.hdmap.barrier.html"},{"name":"roadrunner.hdmap.Barrier.FlipLaterally","type":"property","refpurpose":"Set flip barrier orientation","href":"ref\/roadrunner.hdmap.barrier.html"},{"name":"roadrunner.hdmap.Barrier.Metadata","type":"property","refpurpose":"User-defined ancillary data","href":"ref\/roadrunner.hdmap.barrier.html"},{"name":"roadrunner.hdmap.BarrierType","type":"function","fcntype":"constructor","refpurpose":"Create barrier types in RoadRunner HD Map using MATLAB","href":"ref\/roadrunner.hdmap.barriertype.html"},{"name":"roadrunner.hdmap.BarrierType","type":"object","refpurpose":"Create barrier types in RoadRunner HD Map using MATLAB","href":"ref\/roadrunner.hdmap.barriertype.html"},{"name":"roadrunner.hdmap.BarrierType.ID","type":"property","refpurpose":"ID of barrier type","href":"ref\/roadrunner.hdmap.barriertype.html"},{"name":"roadrunner.hdmap.BarrierType.ExtrusionPath","type":"property","refpurpose":"Relative path for extrusion asset that defines type of barrier","href":"ref\/roadrunner.hdmap.barriertype.html"},{"name":"roadrunner.hdmap.CurveMarking","type":"function","fcntype":"constructor","refpurpose":"Create curve marking in RoadRunner HD Map using MATLAB","href":"ref\/roadrunner.hdmap.curvemarking.html"},{"name":"roadrunner.hdmap.CurveMarking","type":"object","refpurpose":"Create curve marking in RoadRunner HD Map using MATLAB","href":"ref\/roadrunner.hdmap.curvemarking.html"},{"name":"roadrunner.hdmap.CurveMarking.ID","type":"property","refpurpose":"ID of curve marking element","href":"ref\/roadrunner.hdmap.curvemarking.html"},{"name":"roadrunner.hdmap.CurveMarking.Geometry","type":"property","refpurpose":"3D coordinates of curve marking points","href":"ref\/roadrunner.hdmap.curvemarking.html"},{"name":"roadrunner.hdmap.CurveMarking.MarkingTypeReference","type":"property","refpurpose":"Type of curve marking","href":"ref\/roadrunner.hdmap.curvemarking.html"},{"name":"roadrunner.hdmap.CurveMarking.Flip","type":"property","refpurpose":"Option to flip curve marking orientation","href":"ref\/roadrunner.hdmap.curvemarking.html"},{"name":"roadrunner.hdmap.CurveMarking.Reverse","type":"property","refpurpose":"Option to reverse curve marking orientation","href":"ref\/roadrunner.hdmap.curvemarking.html"},{"name":"roadrunner.hdmap.CurveMarking.Metadata","type":"property","refpurpose":"User-defined ancillary data","href":"ref\/roadrunner.hdmap.curvemarking.html"},{"name":"roadrunner.hdmap.CurveMarkingType","type":"function","fcntype":"constructor","refpurpose":"Create curve marking types in RoadRunner HD Map using MATLAB","href":"ref\/roadrunner.hdmap.curvemarkingtype.html"},{"name":"roadrunner.hdmap.CurveMarkingType","type":"object","refpurpose":"Create curve marking types in RoadRunner HD Map using MATLAB","href":"ref\/roadrunner.hdmap.curvemarkingtype.html"},{"name":"roadrunner.hdmap.CurveMarkingType.ID","type":"property","refpurpose":"ID of curve marking type","href":"ref\/roadrunner.hdmap.curvemarkingtype.html"},{"name":"roadrunner.hdmap.CurveMarkingType.AssetPath","type":"property","refpurpose":"Relative path for curve marking asset file","href":"ref\/roadrunner.hdmap.curvemarkingtype.html"},{"name":"roadrunner.hdmap.Junction","type":"function","fcntype":"constructor","refpurpose":"Define junction in RoadRunner HD Map using MATLAB","href":"ref\/roadrunner.hdmap.junction.html"},{"name":"roadrunner.hdmap.Junction","type":"object","refpurpose":"Define junction in RoadRunner HD Map using MATLAB","href":"ref\/roadrunner.hdmap.junction.html"},{"name":"roadrunner.hdmap.Junction.ID","type":"property","refpurpose":"ID of junction","href":"ref\/roadrunner.hdmap.junction.html"},{"name":"roadrunner.hdmap.Junction.Geometry","type":"property","refpurpose":"Geometry of junction object","href":"ref\/roadrunner.hdmap.junction.html"},{"name":"roadrunner.hdmap.Junction.Lanes","type":"property","refpurpose":"ID of connecting lanes","href":"ref\/roadrunner.hdmap.junction.html"},{"name":"roadrunner.hdmap.Junction.Configurations","type":"property","refpurpose":"Configurations of traffic signal phases at junction","href":"ref\/roadrunner.hdmap.junction.html"},{"name":"roadrunner.hdmap.JunctionConfiguration","type":"function","fcntype":"constructor","refpurpose":"Configure signal phases at junction in RoadRunner HD Map using MATLAB","href":"ref\/roadrunner.hdmap.junctionconfiguration.html"},{"name":"roadrunner.hdmap.JunctionConfiguration","type":"object","refpurpose":"Configure signal phases at junction in RoadRunner HD Map using MATLAB","href":"ref\/roadrunner.hdmap.junctionconfiguration.html"},{"name":"roadrunner.hdmap.JunctionConfiguration.ID","type":"property","refpurpose":"ID of junction configuration element","href":"ref\/roadrunner.hdmap.junctionconfiguration.html"},{"name":"roadrunner.hdmap.JunctionConfiguration.Name","type":"property","refpurpose":"Name of junction configuration","href":"ref\/roadrunner.hdmap.junctionconfiguration.html"},{"name":"roadrunner.hdmap.JunctionConfiguration.Phase","type":"property","refpurpose":"Phases associated with junction configuration","href":"ref\/roadrunner.hdmap.junctionconfiguration.html"},{"name":"roadrunner.hdmap.JunctionLaneState","type":"function","fcntype":"constructor","refpurpose":"Define state of junction lane in RoadRunner HD Map using MATLAB","href":"ref\/roadrunner.hdmap.junctionlanestate.html"},{"name":"roadrunner.hdmap.JunctionLaneState","type":"object","refpurpose":"Define state of junction lane in RoadRunner HD Map using MATLAB","href":"ref\/roadrunner.hdmap.junctionlanestate.html"},{"name":"roadrunner.hdmap.JunctionLaneState.LaneID","type":"property","refpurpose":"ID of junction lane state","href":"ref\/roadrunner.hdmap.junctionlanestate.html"},{"name":"roadrunner.hdmap.JunctionLaneState.State","type":"property","refpurpose":"State of junction lane","href":"ref\/roadrunner.hdmap.junctionlanestate.html"},{"name":"addPredecessor","type":"function","fcntype":"instancemethod","refpurpose":"Add predecessor to lane in RoadRunner HD Map using MATLAB","href":"ref\/roadrunner.hdmap.lane.addpredecessor.html"},{"name":"roadrunner.hdmap.Lane.addPredecessor","type":"method","fcntype":"instancemethod","refpurpose":"Add predecessor to lane in RoadRunner HD Map using MATLAB","href":"ref\/roadrunner.hdmap.lane.addpredecessor.html"},{"name":"addSuccessor","type":"function","fcntype":"instancemethod","refpurpose":"Add successor to lane in RoadRunner HD Map using MATLAB","href":"ref\/roadrunner.hdmap.lane.addsuccessor.html"},{"name":"roadrunner.hdmap.Lane.addSuccessor","type":"method","fcntype":"instancemethod","refpurpose":"Add successor to lane in RoadRunner HD Map using MATLAB","href":"ref\/roadrunner.hdmap.lane.addsuccessor.html"},{"name":"leftBoundary","type":"function","fcntype":"instancemethod","refpurpose":"Set left boundary of lane in RoadRunner HD Map using MATLAB","href":"ref\/roadrunner.hdmap.lane.leftboundary.html"},{"name":"roadrunner.hdmap.Lane.leftBoundary","type":"method","fcntype":"instancemethod","refpurpose":"Set left boundary of lane in RoadRunner HD Map using MATLAB","href":"ref\/roadrunner.hdmap.lane.leftboundary.html"},{"name":"rightBoundary","type":"function","fcntype":"instancemethod","refpurpose":"Set right boundary of lane in RoadRunner HD Map using MATLAB","href":"ref\/roadrunner.hdmap.lane.rightboundary.html"},{"name":"roadrunner.hdmap.Lane.rightBoundary","type":"method","fcntype":"instancemethod","refpurpose":"Set right boundary of lane in RoadRunner HD Map using MATLAB","href":"ref\/roadrunner.hdmap.lane.rightboundary.html"},{"name":"roadrunner.hdmap.Lane","type":"function","fcntype":"constructor","refpurpose":"Create lanes in RoadRunner HD Map using MATLAB","href":"ref\/roadrunner.hdmap.lane.html"},{"name":"roadrunner.hdmap.Lane","type":"object","refpurpose":"Create lanes in RoadRunner HD Map using MATLAB","href":"ref\/roadrunner.hdmap.lane.html"},{"name":"roadrunner.hdmap.Lane.ID","type":"property","refpurpose":"ID of lane","href":"ref\/roadrunner.hdmap.lane.html"},{"name":"roadrunner.hdmap.Lane.Geometry","type":"property","refpurpose":"Coordinates of points representing center line of lane","href":"ref\/roadrunner.hdmap.lane.html"},{"name":"roadrunner.hdmap.Lane.TravelDirection","type":"property","refpurpose":"Direction of travel along the lane","href":"ref\/roadrunner.hdmap.lane.html"},{"name":"roadrunner.hdmap.Lane.LeftLaneBoundary","type":"property","refpurpose":"Linkage information for left boundary of lane","href":"ref\/roadrunner.hdmap.lane.html"},{"name":"roadrunner.hdmap.Lane.RightLaneBoundary","type":"property","refpurpose":"Linkage information for right boundary of lane","href":"ref\/roadrunner.hdmap.lane.html"},{"name":"roadrunner.hdmap.Lane.Predecessors","type":"property","refpurpose":"Linkage information for preceding lanes","href":"ref\/roadrunner.hdmap.lane.html"},{"name":"roadrunner.hdmap.Lane.Successors","type":"property","refpurpose":"Linkage information for succeeding lanes","href":"ref\/roadrunner.hdmap.lane.html"},{"name":"roadrunner.hdmap.Lane.LaneType","type":"property","refpurpose":"Type of lane","href":"ref\/roadrunner.hdmap.lane.html"},{"name":"roadrunner.hdmap.Lane.Metadata","type":"property","refpurpose":"User-defined ancillary data","href":"ref\/roadrunner.hdmap.lane.html"},{"name":"roadrunner.hdmap.Lane.ParametricAttributes","type":"property","refpurpose":"Span-based parametric attributes to specify speed limits for lanes","href":"ref\/roadrunner.hdmap.lane.html"},{"name":"roadrunner.hdmap.LaneBoundary","type":"function","fcntype":"constructor","refpurpose":"Create lane boundary in RoadRunner HD Map using MATLAB","href":"ref\/roadrunner.hdmap.laneboundary.html"},{"name":"roadrunner.hdmap.LaneBoundary","type":"object","refpurpose":"Create lane boundary in RoadRunner HD Map using MATLAB","href":"ref\/roadrunner.hdmap.laneboundary.html"},{"name":"roadrunner.hdmap.LaneBoundary.ID","type":"property","refpurpose":"ID of lane boundary","href":"ref\/roadrunner.hdmap.laneboundary.html"},{"name":"roadrunner.hdmap.LaneBoundary.Geometry","type":"property","refpurpose":"Coordinates of lane boundary points","href":"ref\/roadrunner.hdmap.laneboundary.html"},{"name":"roadrunner.hdmap.LaneBoundary.ParametricAttributes","type":"property","refpurpose":"Span-based parametric attributes to create lane markings","href":"ref\/roadrunner.hdmap.laneboundary.html"},{"name":"roadrunner.hdmap.LaneGroup","type":"function","fcntype":"constructor","refpurpose":"Create lane groups in RoadRunner HD Map using MATLAB","href":"ref\/roadrunner.hdmap.lanegroup.html"},{"name":"roadrunner.hdmap.LaneGroup","type":"object","refpurpose":"Create lane groups in RoadRunner HD Map using MATLAB","href":"ref\/roadrunner.hdmap.lanegroup.html"},{"name":"roadrunner.hdmap.LaneGroup.ID","type":"property","refpurpose":"ID of lane group","href":"ref\/roadrunner.hdmap.lanegroup.html"},{"name":"roadrunner.hdmap.LaneGroup.Geometry","type":"property","refpurpose":"3D coordinates of geometric shape of lane group","href":"ref\/roadrunner.hdmap.lanegroup.html"},{"name":"roadrunner.hdmap.LaneGroup.Lanes","type":"property","refpurpose":"Collection of lane references","href":"ref\/roadrunner.hdmap.lanegroup.html"},{"name":"roadrunner.hdmap.LaneMarking","type":"function","fcntype":"constructor","refpurpose":"Create lane markings in RoadRunner HD Map using MATLAB","href":"ref\/roadrunner.hdmap.lanemarking.html"},{"name":"roadrunner.hdmap.LaneMarking","type":"object","refpurpose":"Create lane markings in RoadRunner HD Map using MATLAB","href":"ref\/roadrunner.hdmap.lanemarking.html"},{"name":"roadrunner.hdmap.LaneMarking.ID","type":"property","refpurpose":"ID of lane marking element","href":"ref\/roadrunner.hdmap.lanemarking.html"},{"name":"roadrunner.hdmap.LaneMarking.AssetPath","type":"property","refpurpose":"Relative path for lane marking asset","href":"ref\/roadrunner.hdmap.lanemarking.html"},{"name":"roadrunner.hdmap.MarkingReference","type":"function","fcntype":"constructor","refpurpose":"Defines the information for linking lane boundary and lane marking in RoadRunner HD Map using MATLAB","href":"ref\/roadrunner.hdmap.markingreference.html"},{"name":"roadrunner.hdmap.MarkingReference","type":"object","refpurpose":"Defines the information for linking lane boundary and lane marking in RoadRunner HD Map using MATLAB","href":"ref\/roadrunner.hdmap.markingreference.html"},{"name":"roadrunner.hdmap.MarkingReference.MarkingID","type":"property","refpurpose":"ID of lane marking element","href":"ref\/roadrunner.hdmap.markingreference.html"},{"name":"roadrunner.hdmap.MarkingReference.FlipLaterally","type":"property","refpurpose":"Set flip marking orientation","href":"ref\/roadrunner.hdmap.markingreference.html"},{"name":"roadrunner.hdmap.Metadata","type":"function","fcntype":"constructor","refpurpose":"Add user-defined metadata to elements of RoadRunner HD Map using MATLAB","href":"ref\/roadrunner.hdmap.metadata.html"},{"name":"roadrunner.hdmap.Metadata","type":"object","refpurpose":"Add user-defined metadata to elements of RoadRunner HD Map using MATLAB","href":"ref\/roadrunner.hdmap.metadata.html"},{"name":"roadrunner.hdmap.Metadata.Name","type":"property","refpurpose":"Name of user-defined parameter","href":"ref\/roadrunner.hdmap.metadata.html"},{"name":"roadrunner.hdmap.Metadata.Value","type":"property","refpurpose":"Value of user-defined parameter","href":"ref\/roadrunner.hdmap.metadata.html"},{"name":"roadrunner.hdmap.ParametricAttribution","type":"function","fcntype":"constructor","refpurpose":"Span-based parametric attributes","href":"ref\/roadrunner.hdmap.parametricattribution.html"},{"name":"roadrunner.hdmap.ParametricAttribution","type":"object","refpurpose":"Span-based parametric attributes","href":"ref\/roadrunner.hdmap.parametricattribution.html"},{"name":"roadrunner.hdmap.ParametricAttribution.Span","type":"property","refpurpose":"Range for span-based attributes","href":"ref\/roadrunner.hdmap.parametricattribution.html"},{"name":"roadrunner.hdmap.ParametricAttribution.MarkingReference","type":"property","refpurpose":"Reference to marking defined in RoadRunner HD Map","href":"ref\/roadrunner.hdmap.parametricattribution.html"},{"name":"roadrunner.hdmap.ParametricAttribution.SpeedLimitReference","type":"property","refpurpose":"Reference to speed limit for lane defined in RoadRunner HD Map","href":"ref\/roadrunner.hdmap.parametricattribution.html"},{"name":"roadrunner.hdmap.ParametricAttribution.SignalReference","type":"property","refpurpose":"Reference to signal defined in RoadRunner HD Map","href":"ref\/roadrunner.hdmap.parametricattribution.html"},{"name":"roadrunner.hdmap.Phase","type":"function","fcntype":"constructor","refpurpose":"Create signal phase at junction in RoadRunner HD Map using MATLAB","href":"ref\/roadrunner.hdmap.phase.html"},{"name":"roadrunner.hdmap.Phase","type":"object","refpurpose":"Create signal phase at junction in RoadRunner HD Map using MATLAB","href":"ref\/roadrunner.hdmap.phase.html"},{"name":"roadrunner.hdmap.Phase.ID","type":"property","refpurpose":"ID of phase element","href":"ref\/roadrunner.hdmap.phase.html"},{"name":"roadrunner.hdmap.Phase.Name","type":"property","refpurpose":"Name of phase element","href":"ref\/roadrunner.hdmap.phase.html"},{"name":"roadrunner.hdmap.Phase.Time","type":"property","refpurpose":"Duration of phase state","href":"ref\/roadrunner.hdmap.phase.html"},{"name":"roadrunner.hdmap.Phase.JunctionLaneStates","type":"property","refpurpose":"Junction lanes that can be traversed during phase","href":"ref\/roadrunner.hdmap.phase.html"},{"name":"roadrunner.hdmap.Reference","type":"function","fcntype":"constructor","refpurpose":"Defines id of referenced object in RoadRunner HD map using MATLAB","href":"ref\/roadrunner.hdmap.reference.html"},{"name":"roadrunner.hdmap.Reference","type":"object","refpurpose":"Defines id of referenced object in RoadRunner HD map using MATLAB","href":"ref\/roadrunner.hdmap.reference.html"},{"name":"roadrunner.hdmap.Reference.ID","type":"property","refpurpose":"ID of referenced object","href":"ref\/roadrunner.hdmap.reference.html"},{"name":"roadrunner.hdmap.RelativeAssetPath","type":"function","fcntype":"constructor","refpurpose":"Defines relative path for lane marking asset in RoadRunner HD Map using MATLAB","href":"ref\/roadrunner.hdmap.relativeassetpath.html"},{"name":"roadrunner.hdmap.RelativeAssetPath","type":"object","refpurpose":"Defines relative path for lane marking asset in RoadRunner HD Map using MATLAB","href":"ref\/roadrunner.hdmap.relativeassetpath.html"},{"name":"roadrunner.hdmap.RelativeAssetPath.AssetPath","type":"property","refpurpose":"Relative path for asset in asset library","href":"ref\/roadrunner.hdmap.relativeassetpath.html"},{"name":"roadrunner.hdmap.Sign","type":"function","fcntype":"constructor","refpurpose":"Create signs in RoadRunner HD Map using MATLAB","href":"ref\/roadrunner.hdmap.sign.html"},{"name":"roadrunner.hdmap.Sign","type":"object","refpurpose":"Create signs in RoadRunner HD Map using MATLAB","href":"ref\/roadrunner.hdmap.sign.html"},{"name":"roadrunner.hdmap.Sign.ID","type":"property","refpurpose":"ID of sign element","href":"ref\/roadrunner.hdmap.sign.html"},{"name":"roadrunner.hdmap.Sign.Geometry","type":"property","refpurpose":"Geometry of 3D stationary object representing the sign","href":"ref\/roadrunner.hdmap.sign.html"},{"name":"roadrunner.hdmap.Sign.SignTypeReference","type":"property","refpurpose":"Type of sign","href":"ref\/roadrunner.hdmap.sign.html"},{"name":"roadrunner.hdmap.Sign.Metadata","type":"property","refpurpose":"User-defined ancillary data","href":"ref\/roadrunner.hdmap.sign.html"},{"name":"roadrunner.hdmap.Signal","type":"function","fcntype":"constructor","refpurpose":"Create signal in RoadRunner HD Map using MATLAB","href":"ref\/roadrunner.hdmap.signal.html"},{"name":"roadrunner.hdmap.Signal","type":"object","refpurpose":"Create signal in RoadRunner HD Map using MATLAB","href":"ref\/roadrunner.hdmap.signal.html"},{"name":"roadrunner.hdmap.Signal.ID","type":"property","refpurpose":"ID of signal element","href":"ref\/roadrunner.hdmap.signal.html"},{"name":"roadrunner.hdmap.Signal.Geometry","type":"property","refpurpose":"Geometry of signal","href":"ref\/roadrunner.hdmap.signal.html"},{"name":"roadrunner.hdmap.Signal.SignalTypeReference","type":"property","refpurpose":"Type of signal","href":"ref\/roadrunner.hdmap.signal.html"},{"name":"roadrunner.hdmap.Signal.Metadata","type":"property","refpurpose":"User-defined ancillary data","href":"ref\/roadrunner.hdmap.signal.html"},{"name":"roadrunner.hdmap.SignalReference","type":"function","fcntype":"constructor","refpurpose":"Define information for signal element in RoadRunner HD Map using MATLAB","href":"ref\/roadrunner.hdmap.signalreference.html"},{"name":"roadrunner.hdmap.SignalReference","type":"object","refpurpose":"Define information for signal element in RoadRunner HD Map using MATLAB","href":"ref\/roadrunner.hdmap.signalreference.html"},{"name":"roadrunner.hdmap.SignalReference.SignalID","type":"property","refpurpose":"ID of signal element","href":"ref\/roadrunner.hdmap.signalreference.html"},{"name":"roadrunner.hdmap.SignalType","type":"function","fcntype":"constructor","refpurpose":"Create signal type in RoadRunner HD Map using MATLAB","href":"ref\/roadrunner.hdmap.signaltype.html"},{"name":"roadrunner.hdmap.SignalType","type":"object","refpurpose":"Create signal type in RoadRunner HD Map using MATLAB","href":"ref\/roadrunner.hdmap.signaltype.html"},{"name":"roadrunner.hdmap.SignalType.ID","type":"property","refpurpose":"ID of signal type","href":"ref\/roadrunner.hdmap.signaltype.html"},{"name":"roadrunner.hdmap.SignalType.AssetPath","type":"property","refpurpose":"Relative path of signal asset file","href":"ref\/roadrunner.hdmap.signaltype.html"},{"name":"roadrunner.hdmap.SignType","type":"function","fcntype":"constructor","refpurpose":"Create sign types in RoadRunner HD Map using MATLAB","href":"ref\/roadrunner.hdmap.signtype.html"},{"name":"roadrunner.hdmap.SignType","type":"object","refpurpose":"Create sign types in RoadRunner HD Map using MATLAB","href":"ref\/roadrunner.hdmap.signtype.html"},{"name":"roadrunner.hdmap.SignType.ID","type":"property","refpurpose":"ID of sign type","href":"ref\/roadrunner.hdmap.signtype.html"},{"name":"roadrunner.hdmap.SignType.AssetPath","type":"property","refpurpose":"Relative path for image of sign or sign asset file","href":"ref\/roadrunner.hdmap.signtype.html"},{"name":"roadrunner.hdmap.SpeedLimit","type":"function","fcntype":"constructor","refpurpose":"Create lane speed limit in RoadRunner HD Map using MATLAB","href":"ref\/roadrunner.hdmap.speedlimit.html"},{"name":"roadrunner.hdmap.SpeedLimit","type":"object","refpurpose":"Create lane speed limit in RoadRunner HD Map using MATLAB","href":"ref\/roadrunner.hdmap.speedlimit.html"},{"name":"roadrunner.hdmap.SpeedLimit.ID","type":"property","refpurpose":"ID of lane speed limit element","href":"ref\/roadrunner.hdmap.speedlimit.html"},{"name":"roadrunner.hdmap.SpeedLimit.Value","type":"property","refpurpose":"Lane speed limit value","href":"ref\/roadrunner.hdmap.speedlimit.html"},{"name":"roadrunner.hdmap.SpeedLimit.VelocityUnit","type":"property","refpurpose":"Unit of lane speed limit value","href":"ref\/roadrunner.hdmap.speedlimit.html"},{"name":"roadrunner.hdmap.SpeedLimitReference","type":"function","fcntype":"constructor","refpurpose":"Define information for lane speed limit element in RoadRunner HD Map using MATLAB","href":"ref\/roadrunner.hdmap.speedlimitreference.html"},{"name":"roadrunner.hdmap.SpeedLimitReference","type":"object","refpurpose":"Define information for lane speed limit element in RoadRunner HD Map using MATLAB","href":"ref\/roadrunner.hdmap.speedlimitreference.html"},{"name":"roadrunner.hdmap.SpeedLimitReference.SpeedLimitID","type":"property","refpurpose":"ID of lane speed limit element","href":"ref\/roadrunner.hdmap.speedlimitreference.html"},{"name":"roadrunner.hdmap.StaticObject","type":"function","fcntype":"constructor","refpurpose":"Create static objects for RoadRunner HD Map using MATLAB","href":"ref\/roadrunner.hdmap.staticobject.html"},{"name":"roadrunner.hdmap.StaticObject","type":"object","refpurpose":"Create static objects for RoadRunner HD Map using MATLAB","href":"ref\/roadrunner.hdmap.staticobject.html"},{"name":"roadrunner.hdmap.StaticObject.ID","type":"property","refpurpose":"ID of StaticObjectelement","href":"ref\/roadrunner.hdmap.staticobject.html"},{"name":"roadrunner.hdmap.StaticObject.Geometry","type":"property","refpurpose":"Geometry of the StaticObject","href":"ref\/roadrunner.hdmap.staticobject.html"},{"name":"roadrunner.hdmap.StaticObject.ObjectTypeReference","type":"property","refpurpose":"Type of StaticObject","href":"ref\/roadrunner.hdmap.staticobject.html"},{"name":"roadrunner.hdmap.StaticObject.Metadata","type":"property","refpurpose":"User-defined ancillary data","href":"ref\/roadrunner.hdmap.staticobject.html"},{"name":"roadrunner.hdmap.StaticObjectType","type":"function","fcntype":"constructor","refpurpose":"Create static object types in RoadRunner HD Map using MATLAB","href":"ref\/roadrunner.hdmap.staticobjecttype.html"},{"name":"roadrunner.hdmap.StaticObjectType","type":"object","refpurpose":"Create static object types in RoadRunner HD Map using MATLAB","href":"ref\/roadrunner.hdmap.staticobjecttype.html"},{"name":"roadrunner.hdmap.StaticObjectType.ID","type":"property","refpurpose":"ID of StaticObject type","href":"ref\/roadrunner.hdmap.staticobjecttype.html"},{"name":"roadrunner.hdmap.StaticObjectType.AssetPath","type":"property","refpurpose":"Relative path for 3D mesh or prop asset file","href":"ref\/roadrunner.hdmap.staticobjecttype.html"},{"name":"roadrunner.hdmap.StencilMarking","type":"function","fcntype":"constructor","refpurpose":"Create stencil marking in RoadRunner HD Map using MATLAB","href":"ref\/roadrunner.hdmap.stencilmarking.html"},{"name":"roadrunner.hdmap.StencilMarking","type":"object","refpurpose":"Create stencil marking in RoadRunner HD Map using MATLAB","href":"ref\/roadrunner.hdmap.stencilmarking.html"},{"name":"roadrunner.hdmap.StencilMarking.ID","type":"property","refpurpose":"ID of stencil marking element","href":"ref\/roadrunner.hdmap.stencilmarking.html"},{"name":"roadrunner.hdmap.StencilMarking.Geometry","type":"property","refpurpose":"Geometry of stencil marking","href":"ref\/roadrunner.hdmap.stencilmarking.html"},{"name":"roadrunner.hdmap.StencilMarking.MarkingTypeReference","type":"property","refpurpose":"Type of stencil marking","href":"ref\/roadrunner.hdmap.stencilmarking.html"},{"name":"roadrunner.hdmap.StencilMarking.Metadata","type":"property","refpurpose":"User-defined ancillary data","href":"ref\/roadrunner.hdmap.stencilmarking.html"},{"name":"roadrunner.hdmap.StencilMarkingType","type":"function","fcntype":"constructor","refpurpose":"Create stencil marking types in RoadRunner HD Map using MATLAB","href":"ref\/roadrunner.hdmap.stencilmarkingtype.html"},{"name":"roadrunner.hdmap.StencilMarkingType","type":"object","refpurpose":"Create stencil marking types in RoadRunner HD Map using MATLAB","href":"ref\/roadrunner.hdmap.stencilmarkingtype.html"},{"name":"roadrunner.hdmap.StencilMarkingType.ID","type":"property","refpurpose":"ID of stencil marking type","href":"ref\/roadrunner.hdmap.stencilmarkingtype.html"},{"name":"roadrunner.hdmap.StencilMarkingType.AssetPath","type":"property","refpurpose":"Relative path for stencil marking asset file","href":"ref\/roadrunner.hdmap.stencilmarkingtype.html"},{"name":"importScene","type":"function","fcntype":"instancemethod","refpurpose":"Import scene into RoadRunner using MATLAB","href":"ref\/roadrunner.importscene.html"},{"name":"roadrunner.importScene","type":"method","fcntype":"instancemethod","refpurpose":"Import scene into RoadRunner using MATLAB","href":"ref\/roadrunner.importscene.html"},{"name":"newProject","type":"function","fcntype":"instancemethod","refpurpose":"Create new RoadRunner project using MATLAB","href":"ref\/roadrunner.newproject.html"},{"name":"roadrunner.newProject","type":"method","fcntype":"instancemethod","refpurpose":"Create new RoadRunner project using MATLAB","href":"ref\/roadrunner.newproject.html"},{"name":"newScene","type":"function","fcntype":"instancemethod","refpurpose":"Create new RoadRunner scene using MATLAB","href":"ref\/roadrunner.newscene.html"},{"name":"roadrunner.newScene","type":"method","fcntype":"instancemethod","refpurpose":"Create new RoadRunner scene using MATLAB","href":"ref\/roadrunner.newscene.html"},{"name":"openProject","type":"function","fcntype":"instancemethod","refpurpose":"Open RoadRunner project using MATLAB","href":"ref\/roadrunner.openproject.html"},{"name":"roadrunner.openProject","type":"method","fcntype":"instancemethod","refpurpose":"Open RoadRunner project using MATLAB","href":"ref\/roadrunner.openproject.html"},{"name":"openScene","type":"function","fcntype":"instancemethod","refpurpose":"Open RoadRunner scene using MATLAB","href":"ref\/roadrunner.openscene.html"},{"name":"roadrunner.openScene","type":"method","fcntype":"instancemethod","refpurpose":"Open RoadRunner scene using MATLAB","href":"ref\/roadrunner.openscene.html"},{"name":"roadrunnerSetup","type":"function","fcntype":"instancemethod","refpurpose":"Start RoadRunner interactively using MATLAB","href":"ref\/roadrunner.roadrunnersetup.html"},{"name":"roadrunner.roadrunnerSetup","type":"method","fcntype":"instancemethod","refpurpose":"Start RoadRunner interactively using MATLAB","href":"ref\/roadrunner.roadrunnersetup.html"},{"name":"saveProject","type":"function","fcntype":"instancemethod","refpurpose":"Save RoadRunner project using MATLAB","href":"ref\/roadrunner.saveproject.html"},{"name":"roadrunner.saveProject","type":"method","fcntype":"instancemethod","refpurpose":"Save RoadRunner project using MATLAB","href":"ref\/roadrunner.saveproject.html"},{"name":"saveScene","type":"function","fcntype":"instancemethod","refpurpose":"Save RoadRunner scene using MATLAB","href":"ref\/roadrunner.savescene.html"},{"name":"roadrunner.saveScene","type":"method","fcntype":"instancemethod","refpurpose":"Save RoadRunner scene using MATLAB","href":"ref\/roadrunner.savescene.html"},{"name":"status","type":"function","fcntype":"instancemethod","refpurpose":"Get current status of RoadRunner using MATLAB","href":"ref\/roadrunner.status.html"},{"name":"roadrunner.status","type":"method","fcntype":"instancemethod","refpurpose":"Get current status of RoadRunner using MATLAB","href":"ref\/roadrunner.status.html"},{"name":"roadrunner","type":"function","fcntype":"constructor","refpurpose":"Start RoadRunner application using MATLAB","href":"ref\/roadrunner.html"},{"name":"roadrunner","type":"object","refpurpose":"Start RoadRunner application using MATLAB","href":"ref\/roadrunner.html"},{"name":"roadrunner.ProjectFolder","type":"property","refpurpose":"RoadRunner project folder path","href":"ref\/roadrunner.html"},{"name":"roadrunner.InstallationFolder","type":"property","refpurpose":"Location of local RoadRunner installation folder","href":"ref\/roadrunner.html"},{"name":"roadrunner.NoDisplay","type":"property","refpurpose":"Start RoadRunner in console mode","href":"ref\/roadrunner.html"},{"name":"roadrunner.Ports","type":"property","refpurpose":"Start RoadRunner on specified apiPort and cosimPort","href":"ref\/roadrunner.html"},{"name":"roadrunner_service.proto","type":"nonstandard","refpurpose":"RoadRunner service protobuf schema","href":"ref\/roadrunner_service.proto.html"},{"name":"roadrunner_service_messages.proto","type":"nonstandard","refpurpose":"RoadRunner service messages protobuf schema","href":"ref\/roadrunner_service_messages.proto.html"},{"name":"plot","type":"function","fcntype":"instancemethod","refpurpose":"Plot RoadRunner HD Map using MATLAB","href":"ref\/roadrunnerhdmap.plot.html"},{"name":"roadrunnerHDMap.plot","type":"method","fcntype":"instancemethod","refpurpose":"Plot RoadRunner HD Map using MATLAB","href":"ref\/roadrunnerhdmap.plot.html"},{"name":"read","type":"function","fcntype":"instancemethod","refpurpose":"Read HD Map from binary file using MATLAB","href":"ref\/roadrunnerhdmap.read.html"},{"name":"roadrunnerHDMap.read","type":"method","fcntype":"instancemethod","refpurpose":"Read HD Map from binary file using MATLAB","href":"ref\/roadrunnerhdmap.read.html"},{"name":"readCRS","type":"function","fcntype":"instancemethod","refpurpose":"Read coordinate reference system (CRS) data from RoadRunner HD map using MATLAB","href":"ref\/roadrunnerhdmap.readcrs.html"},{"name":"roadrunnerHDMap.readCRS","type":"method","fcntype":"instancemethod","refpurpose":"Read coordinate reference system (CRS) data from RoadRunner HD map using MATLAB","href":"ref\/roadrunnerhdmap.readcrs.html"},{"name":"write","type":"function","fcntype":"instancemethod","refpurpose":"Write HD Map to binary file using MATLAB","href":"ref\/roadrunnerhdmap.write.html"},{"name":"roadrunnerHDMap.write","type":"method","fcntype":"instancemethod","refpurpose":"Write HD Map to binary file using MATLAB","href":"ref\/roadrunnerhdmap.write.html"},{"name":"roadrunnerHDMap","type":"function","fcntype":"constructor","refpurpose":"Create RoadRunner HD Map using MATLAB","href":"ref\/roadrunnerhdmap.html"},{"name":"roadrunnerHDMap","type":"object","refpurpose":"Create RoadRunner HD Map using MATLAB","href":"ref\/roadrunnerhdmap.html"},{"name":"roadrunnerHDMap.Author","type":"property","refpurpose":"Name of map author","href":"ref\/roadrunnerhdmap.html"},{"name":"roadrunnerHDMap.GeoReference","type":"property","refpurpose":"Geographic coordinates of road network origin","href":"ref\/roadrunnerhdmap.html"},{"name":"roadrunnerHDMap.GeographicBoundary","type":"property","refpurpose":"Spatial bounds of geometric data","href":"ref\/roadrunnerhdmap.html"},{"name":"roadrunnerHDMap.Lanes","type":"property","refpurpose":"Lane properties of road","href":"ref\/roadrunnerhdmap.html"},{"name":"roadrunnerHDMap.SpeedLimits","type":"property","refpurpose":"Speed limits of lanes","href":"ref\/roadrunnerhdmap.html"},{"name":"roadrunnerHDMap.LaneBoundaries","type":"property","refpurpose":"Boundaries of lane","href":"ref\/roadrunnerhdmap.html"},{"name":"roadrunnerHDMap.LaneGroups","type":"property","refpurpose":"Group of lanes with similar geometry","href":"ref\/roadrunnerhdmap.html"},{"name":"roadrunnerHDMap.LaneMarkings","type":"property","refpurpose":"Lane marking definitions","href":"ref\/roadrunnerhdmap.html"},{"name":"roadrunnerHDMap.Junctions","type":"property","refpurpose":"Road junction","href":"ref\/roadrunnerhdmap.html"},{"name":"roadrunnerHDMap.BarrierTypes","type":"property","refpurpose":"Barrier types for barrier extrusion and type information","href":"ref\/roadrunnerhdmap.html"},{"name":"roadrunnerHDMap.Barrier","type":"property","refpurpose":"Barriers in map","href":"ref\/roadrunnerhdmap.html"},{"name":"roadrunnerHDMap.SignTypes","type":"property","refpurpose":"Sign types of sign features and type information","href":"ref\/roadrunnerhdmap.html"},{"name":"roadrunnerHDMap.Signs","type":"property","refpurpose":"Signs in map","href":"ref\/roadrunnerhdmap.html"},{"name":"roadrunnerHDMap.StaticObjectType","type":"property","refpurpose":"Attributes of physical objects","href":"ref\/roadrunnerhdmap.html"},{"name":"roadrunnerHDMap.StaticObject","type":"property","refpurpose":"Static objects in map","href":"ref\/roadrunnerhdmap.html"},{"name":"roadrunnerHDMap.StencilMarkingTypes","type":"property","refpurpose":"Types and type information of stencil marking features","href":"ref\/roadrunnerhdmap.html"},{"name":"roadrunnerHDMap.StencilMarkings","type":"property","refpurpose":"Stencil markings in map","href":"ref\/roadrunnerhdmap.html"},{"name":"roadrunnerHDMap.CurveMarkingTypes","type":"property","refpurpose":"Types and type information of curve marking features","href":"ref\/roadrunnerhdmap.html"},{"name":"roadrunnerHDMap.CurveMarkings","type":"property","refpurpose":"Curve markings in map","href":"ref\/roadrunnerhdmap.html"},{"name":"roadrunnerHDMap.SignalTypes","type":"property","refpurpose":"Types and type information of signal features","href":"ref\/roadrunnerhdmap.html"},{"name":"roadrunnerHDMap.Signals","type":"property","refpurpose":"Signals in map","href":"ref\/roadrunnerhdmap.html"},{"name":"RoadRunnerStatus","type":"nonstandard","refpurpose":"Get status of current RoadRunner session using gRPC","href":"ref\/roadrunnerstatus.html"},{"name":"Road Speed Limits Tool","type":"tool","refpurpose":"Set speed limits along road spans","href":"ref\/roadspeedlimitstool.html"},{"name":"Road Style Assets","type":"nonstandard","refpurpose":"Define templates that specify properties of new roads","href":"ref\/roadstyleassets.html"},{"name":"Road Superelevation Tool","type":"tool","refpurpose":"Adjust superelevation (slope and banking angle) for full width of road","href":"ref\/roadsuperelevationtool.html"},{"name":"SaveProject","type":"nonstandard","refpurpose":"Save RoadRunner project using gRPC","href":"ref\/saveproject.html"},{"name":"SaveScene","type":"nonstandard","refpurpose":"Save RoadRunner scene using gRPC","href":"ref\/savescene.html"},{"name":"Scene Anchor Tool","type":"tool","refpurpose":"Define anchors to place scenarios within scenes (requires RoadRunner Scenario)","href":"ref\/sceneanchortool.html"},{"name":"Scene Builder Tool","type":"tool","refpurpose":"Generate 3D scenes from HD Map data","href":"ref\/scenebuildertool.html"},{"name":"Scene Export Preview Tool","type":"tool","refpurpose":"Preview scene geometry to be exported","href":"ref\/sceneexportpreviewtool.html"},{"name":"Screenshot Tool","type":"tool","refpurpose":"Generate and save image of current camera view","href":"ref\/screenshottool.html"},{"name":"SD Map Viewer Tool","type":"tool","refpurpose":"Generate 3D scenes using SD Map services","href":"ref\/sdmapviewertool.html"},{"name":"Selection Tool","type":"tool","refpurpose":"Select one or more roads and props in scene","href":"ref\/selectiontool.html"},{"name":"Sidewalk Height Tool","type":"tool","refpurpose":"Modify sidewalk and curb heights","href":"ref\/sidewalkheighttool.html"},{"name":"Signal Assets","type":"nonstandard","refpurpose":"Define dynamic traffic signal heads with lights","href":"ref\/signalassets.html"},{"name":"Signal Tool","type":"tool","refpurpose":"Configure junction signalization and signal traffic phases","href":"ref\/signaltool.html"},{"name":"Sign Assets","type":"nonstandard","refpurpose":"Define standard and custom street signs","href":"ref\/signassets.html"},{"name":"Sign Tool","type":"tool","refpurpose":"Modify custom signs, such as street name signs and freeway billboards","href":"ref\/signtool.html"},{"name":"Slip Road Tool","type":"tool","refpurpose":"Create onramps, offramps, and road splits","href":"ref\/sliproadtool.html"},{"name":"Stencil Marking Assets","type":"nonstandard","refpurpose":"Define road paint features, such as arrows, text, and symbols","href":"ref\/stencilmarkingassets.html"},{"name":"Surface Tool","type":"tool","refpurpose":"Model surfaces around roads, such as walkways, driveways, parking lots, and natural terrain","href":"ref\/surfacetool.html"},{"name":"Synthetic CRG Assets","type":"nonstandard","refpurpose":"Define road surface data in CRG format","href":"ref\/syntheticcrgassets.html"},{"name":"Texture Assets","type":"nonstandard","refpurpose":"Define texture channels for material assets","href":"ref\/textureassets.html"},{"name":"Traffic Island Tool","type":"tool","refpurpose":"Create freeform traffic islands in RoadRunner scene","href":"ref\/trafficislandtool.html"},{"name":"Vector Data Assets","type":"nonstandard","refpurpose":"Add GIS shapefiles and other vector data to scene for visual reference","href":"ref\/vectordataassets.html"},{"name":"Vector Data Tool","type":"tool","refpurpose":"Manage import and configuration of vector data files and explore shape attributes","href":"ref\/vectordatatool.html"},{"name":"World Settings Tool","type":"tool","refpurpose":"Configure geographic position and size of environment model for data import and export","href":"ref\/worldsettingstool.html"}]}