{"schema":"referenceapi_lookup_schema.json","schemaVersion":"1.0","docVersion":"doc25a.2968260.Bdoc25a.2967890.pass.r2025a","productName":"Robotics System Toolbox","baseCode":"RO","helpFolder":"robotics","helpLocation":"robotics","addons":"RO_Robot_Lib ROBOTUNREALENGINE RO_OFFROAD_AUTONOMY",  "refItems" : [{"name":"Ackermann Kinematic Model","type":"block","refpurpose":"Movimiento del vehículo similar a un automóvil utilizando el modelo cinemático de Ackermann","href":"ref\/ackermannkinematicmodel.html"},{"name":"derivative","type":"function","fcntype":"instancemethod","refpurpose":"Derivada de tiempo del estado del vehículo","href":"ref\/ackermannkinematics.derivative.html"},{"name":"ackermannKinematics.derivative","type":"method","fcntype":"instancemethod","refpurpose":"Derivada de tiempo del estado del vehículo","href":"ref\/ackermannkinematics.derivative.html"},{"name":"bicycleKinematics.derivative","type":"method","fcntype":"instancemethod","refpurpose":"Derivada de tiempo del estado del vehículo","href":"ref\/ackermannkinematics.derivative.html"},{"name":"differentialDriveKinematics.derivative","type":"method","fcntype":"instancemethod","refpurpose":"Derivada de tiempo del estado del vehículo","href":"ref\/ackermannkinematics.derivative.html"},{"name":"unicycleKinematics.derivative","type":"method","fcntype":"instancemethod","refpurpose":"Derivada de tiempo del estado del vehículo","href":"ref\/ackermannkinematics.derivative.html"},{"name":"ackermannKinematics","type":"object","refpurpose":"Modelo de vehículo similar a un automóvil con dirección","href":"ref\/ackermannkinematics.html"},{"name":"ackermannKinematics","type":"function","fcntype":"constructor","refpurpose":"Modelo de vehículo similar a un automóvil con dirección","href":"ref\/ackermannkinematics.html"},{"name":"ackermannKinematics.WheelBase","type":"property","refpurpose":"Distancia entre los ejes delantero y trasero","href":"ref\/ackermannkinematics.html"},{"name":"ackermannKinematics.VehicleSpeedRange","type":"property","refpurpose":"Rango de velocidades de las ruedas del vehículo","href":"ref\/ackermannkinematics.html"},{"name":"analyticalInverseKinematics","type":"function","fcntype":"constructor","refpurpose":"Crear un solver de cinemática inversa analítica","href":"ref\/analyticalinversekinematics.html"},{"name":"analyticalInverseKinematics","type":"object","refpurpose":"Crear un solver de cinemática inversa analítica","href":"ref\/analyticalinversekinematics.html"},{"name":"analyticalInverseKinematics.RigidBodyTree","type":"property","refpurpose":"Modelo de robot de árbol de cuerpo rígido","href":"ref\/analyticalinversekinematics.html"},{"name":"analyticalInverseKinematics.KinematicGroup","type":"property","refpurpose":"Grupo cinemático que representa una cadena en serie de seis DOF con muñeca","href":"ref\/analyticalinversekinematics.html"},{"name":"analyticalInverseKinematics.KinematicGroupType","type":"property","refpurpose":"Clasificación del grupo cinemático","href":"ref\/analyticalinversekinematics.html"},{"name":"analyticalInverseKinematics.KinematicGroupConfigIdx","type":"property","refpurpose":"Correspondencia entre la configuración de la solución de IK y la configuración de árbol de cuerpo rígido","href":"ref\/analyticalinversekinematics.html"},{"name":"analyticalInverseKinematics.IsValidGroupForIK","type":"property","refpurpose":"Indicación de si es posible una solución de forma cerrada","href":"ref\/analyticalinversekinematics.html"},{"name":"angdiff","type":"function","fcntype":"simple","refpurpose":"Diferencia entre dos ángulos","href":"ref\/angdiff.html"},{"name":"axang2quat","type":"function","fcntype":"simple","refpurpose":"Convertir la rotación del ángulo del eje a cuaternión","href":"ref\/axang2quat.html"},{"name":"axang2rotm","type":"function","fcntype":"simple","refpurpose":"Convertir la rotación del ángulo del eje en matriz de rotación","href":"ref\/axang2rotm.html"},{"name":"axang2tform","type":"function","fcntype":"simple","refpurpose":"Convierte la rotación del ángulo del eje a transformación homogénea","href":"ref\/axang2tform.html"},{"name":"Bicycle Kinematic Model","type":"block","refpurpose":"Calcule el movimiento de un vehículo similar a un automóvil utilizando el modelo cinemático de una bicicleta","href":"ref\/bicyclekinematicmodel.html"},{"name":"bicycleKinematics","type":"object","refpurpose":"Modelo de vehículo bicicleta","href":"ref\/bicyclekinematics.html"},{"name":"bicycleKinematics","type":"function","fcntype":"constructor","refpurpose":"Modelo de vehículo bicicleta","href":"ref\/bicyclekinematics.html"},{"name":"bicycleKinematics.WheelBase","type":"property","refpurpose":"Distancia entre los ejes delantero y trasero","href":"ref\/bicyclekinematics.html"},{"name":"bicycleKinematics.VehicleSpeedRange","type":"property","refpurpose":"Rango de velocidades del vehículo","href":"ref\/bicyclekinematics.html"},{"name":"bicycleKinematics.MaxSteeringAngle","type":"property","refpurpose":"Ángulo de giro máximo","href":"ref\/bicyclekinematics.html"},{"name":"bicycleKinematics.MinimumTurningRadius","type":"property","refpurpose":"Radio de giro mínimo del vehículo","href":"ref\/bicyclekinematics.html"},{"name":"bicycleKinematics.VehicleInputs","type":"property","refpurpose":"Tipo de entradas de movimiento para el vehículo","href":"ref\/bicyclekinematics.html"},{"name":"grid2local","type":"function","fcntype":"instancemethod","refpurpose":"Convertir los índices de la cuadrícula en coordenadas locales","href":"ref\/binaryoccupancymap.grid2local.html"},{"name":"binaryOccupancyMap.grid2local","type":"method","fcntype":"instancemethod","refpurpose":"Convertir los índices de la cuadrícula en coordenadas locales","href":"ref\/binaryoccupancymap.grid2local.html"},{"name":"grid2world","type":"function","fcntype":"instancemethod","refpurpose":"Convertir los índices de la cuadrícula en coordenadas del mundo real","href":"ref\/binaryoccupancymap.grid2world.html"},{"name":"binaryOccupancyMap.grid2world","type":"method","fcntype":"instancemethod","refpurpose":"Convertir los índices de la cuadrícula en coordenadas del mundo real","href":"ref\/binaryoccupancymap.grid2world.html"},{"name":"inflate","type":"function","fcntype":"instancemethod","refpurpose":"Agrandar cada ubicación ocupada","href":"ref\/binaryoccupancymap.inflate.html"},{"name":"binaryOccupancyMap.inflate","type":"method","fcntype":"instancemethod","refpurpose":"Agrandar cada ubicación ocupada","href":"ref\/binaryoccupancymap.inflate.html"},{"name":"occupancyMatrix","type":"function","fcntype":"instancemethod","refpurpose":"Convierta una cuadrícula de ocupación en una matriz","href":"ref\/binaryoccupancymap.occupancymatrix.html"},{"name":"binaryOccupancyMap.occupancyMatrix","type":"method","fcntype":"instancemethod","refpurpose":"Convierta una cuadrícula de ocupación en una matriz","href":"ref\/binaryoccupancymap.occupancymatrix.html"},{"name":"bsplinepolytraj","type":"function","fcntype":"simple","refpurpose":"Generar trayectorias polinómicas con B-splines","href":"ref\/bsplinepolytraj.html"},{"name":"cart2hom","type":"function","fcntype":"simple","refpurpose":"Convierta coordenadas cartesianas en coordenadas homogéneas","href":"ref\/cart2hom.html"},{"name":"checkCollision","type":"function","fcntype":"instancemethod","refpurpose":"Comprobar si dos geometrías están en colisión","href":"ref\/collisionbox.checkcollision.html"},{"name":"collisionBox.checkCollision","type":"method","fcntype":"instancemethod","refpurpose":"Comprobar si dos geometrías están en colisión","href":"ref\/collisionbox.checkcollision.html"},{"name":"collisionCapsule.checkCollision","type":"method","fcntype":"instancemethod","refpurpose":"Comprobar si dos geometrías están en colisión","href":"ref\/collisionbox.checkcollision.html"},{"name":"collisionCylinder.checkCollision","type":"method","fcntype":"instancemethod","refpurpose":"Comprobar si dos geometrías están en colisión","href":"ref\/collisionbox.checkcollision.html"},{"name":"collisionMesh.checkCollision","type":"method","fcntype":"instancemethod","refpurpose":"Comprobar si dos geometrías están en colisión","href":"ref\/collisionbox.checkcollision.html"},{"name":"collisionSphere.checkCollision","type":"method","fcntype":"instancemethod","refpurpose":"Comprobar si dos geometrías están en colisión","href":"ref\/collisionbox.checkcollision.html"},{"name":"show","type":"function","fcntype":"instancemethod","refpurpose":"Muestre la geometría de colisión","href":"ref\/collisionbox.show.html"},{"name":"collisionBox.show","type":"method","fcntype":"instancemethod","refpurpose":"Muestre la geometría de colisión","href":"ref\/collisionbox.show.html"},{"name":"collisionCylinder.show","type":"method","fcntype":"instancemethod","refpurpose":"Muestre la geometría de colisión","href":"ref\/collisionbox.show.html"},{"name":"collisionMesh.show","type":"method","fcntype":"instancemethod","refpurpose":"Muestre la geometría de colisión","href":"ref\/collisionbox.show.html"},{"name":"collisionSphere.show","type":"method","fcntype":"instancemethod","refpurpose":"Muestre la geometría de colisión","href":"ref\/collisionbox.show.html"},{"name":"collisionCapsule.show","type":"method","fcntype":"instancemethod","refpurpose":"Muestre la geometría de colisión","href":"ref\/collisionbox.show.html"},{"name":"collisionBox","type":"function","fcntype":"constructor","refpurpose":"Crear una geometría de colisión en forma de cuadro","href":"ref\/collisionbox.html"},{"name":"collisionBox","type":"object","refpurpose":"Crear una geometría de colisión en forma de cuadro","href":"ref\/collisionbox.html"},{"name":"collisionBox.X","type":"property","refpurpose":"Longitud lateral de la geometría en forma de cuadro","href":"ref\/collisionbox.html"},{"name":"collisionBox.Y","type":"property","refpurpose":"Longitud lateral de la geometría en forma de cuadro","href":"ref\/collisionbox.html"},{"name":"collisionBox.Z","type":"property","refpurpose":"Longitud lateral de la geometría en forma de cuadro","href":"ref\/collisionbox.html"},{"name":"collisionBox.Pose","type":"property","refpurpose":"Pose","href":"ref\/collisionbox.html"},{"name":"collisionCylinder","type":"function","fcntype":"constructor","refpurpose":"Cree una geometría de colisión en forma de cilindro","href":"ref\/collisioncylinder.html"},{"name":"collisionCylinder","type":"object","refpurpose":"Cree una geometría de colisión en forma de cilindro","href":"ref\/collisioncylinder.html"},{"name":"collisionCylinder.Radius","type":"property","refpurpose":"Radio","href":"ref\/collisioncylinder.html"},{"name":"collisionCylinder.Length","type":"property","refpurpose":"Longitud","href":"ref\/collisioncylinder.html"},{"name":"collisionCylinder.Pose","type":"property","refpurpose":"Pose","href":"ref\/collisioncylinder.html"},{"name":"collisionMesh","type":"function","fcntype":"constructor","refpurpose":"Cree una geometría de colisión en forma de malla convexa","href":"ref\/collisionmesh.html"},{"name":"collisionMesh","type":"object","refpurpose":"Cree una geometría de colisión en forma de malla convexa","href":"ref\/collisionmesh.html"},{"name":"collisionMesh.Vertices","type":"property","refpurpose":"Vértices","href":"ref\/collisionmesh.html"},{"name":"collisionMesh.Pose","type":"property","refpurpose":"Pose","href":"ref\/collisionmesh.html"},{"name":"collisionSphere","type":"function","fcntype":"constructor","refpurpose":"Cree una geometría de colisión en forma de esfera","href":"ref\/collisionsphere.html"},{"name":"collisionSphere","type":"object","refpurpose":"Cree una geometría de colisión en forma de esfera","href":"ref\/collisionsphere.html"},{"name":"collisionSphere.Radius","type":"property","refpurpose":"Radio","href":"ref\/collisionsphere.html"},{"name":"collisionSphere.Pose","type":"property","refpurpose":"Pose","href":"ref\/collisionsphere.html"},{"name":"constraintJointBounds","type":"function","fcntype":"constructor","refpurpose":"Crear una restricción en las posiciones de las articulaciones de un modelo de robot","href":"ref\/constraintjointbounds.html"},{"name":"constraintJointBounds","type":"object","refpurpose":"Crear una restricción en las posiciones de las articulaciones de un modelo de robot","href":"ref\/constraintjointbounds.html"},{"name":"constraintJointBounds.Bounds","type":"property","refpurpose":"Límites del vector de configuración","href":"ref\/constraintjointbounds.html"},{"name":"constraintJointBounds.Weights","type":"property","refpurpose":"Ponderaciones de la restricción","href":"ref\/constraintjointbounds.html"},{"name":"controllerPurePursuit","type":"function","fcntype":"constructor","refpurpose":"Cree un controlador para seguir un conjunto de waypoints","href":"ref\/controllerpurepursuit-system-object.html"},{"name":"controllerPurePursuit","type":"sysobj","refpurpose":"Cree un controlador para seguir un conjunto de waypoints","href":"ref\/controllerpurepursuit-system-object.html"},{"name":"controllerPurePursuit.DesiredLinearVelocity","type":"property","refpurpose":"Velocidad lineal constante deseada","href":"ref\/controllerpurepursuit-system-object.html"},{"name":"controllerPurePursuit.LookaheadDistance","type":"property","refpurpose":"Distancia look-ahead","href":"ref\/controllerpurepursuit-system-object.html"},{"name":"controllerPurePursuit.MaxAngularVelocity","type":"property","refpurpose":"Velocidad angular máxima","href":"ref\/controllerpurepursuit-system-object.html"},{"name":"controllerPurePursuit.Waypoints","type":"property","refpurpose":"Waypoints","href":"ref\/controllerpurepursuit-system-object.html"},{"name":"Coordinate Transformation Conversion","type":"block","refpurpose":"Convertir a una representación de transformación de coordenadas especificada","href":"ref\/coordinatetransformationconversion.html"},{"name":"cubicpolytraj","type":"function","fcntype":"simple","refpurpose":"Genere trayectorias polinómicas de tercer orden","href":"ref\/cubicpolytraj.html"},{"name":"Differential Drive Kinematic Model","type":"block","refpurpose":"Calcula el movimiento del vehículo utilizando el modelo cinemático con tracción diferencial","href":"ref\/differentialdrivekinematicmodel.html"},{"name":"differentialDriveKinematics","type":"object","refpurpose":"Modelo de vehículo con tracción diferencial","href":"ref\/differentialdrivekinematics.html"},{"name":"differentialDriveKinematics","type":"function","fcntype":"constructor","refpurpose":"Modelo de vehículo con tracción diferencial","href":"ref\/differentialdrivekinematics.html"},{"name":"differentialDriveKinematics.WheelRadius","type":"property","refpurpose":"Radio de las ruedas del vehículo","href":"ref\/differentialdrivekinematics.html"},{"name":"differentialDriveKinematics.WheelSpeedRange","type":"property","refpurpose":"Rango de velocidades de las ruedas del vehículo","href":"ref\/differentialdrivekinematics.html"},{"name":"differentialDriveKinematics.TrackWidth","type":"property","refpurpose":"Distancia entre las ruedas del eje","href":"ref\/differentialdrivekinematics.html"},{"name":"differentialDriveKinematics.VehicleInputs","type":"property","refpurpose":"Tipo de entradas de movimiento para el vehículo","href":"ref\/differentialdrivekinematics.html"},{"name":"eul2quat","type":"function","fcntype":"simple","refpurpose":"Convertir ángulos de Euler a cuaternión","href":"ref\/eul2quat.html"},{"name":"eul2rotm","type":"function","fcntype":"simple","refpurpose":"Convertir ángulos de Euler en matriz de rotación","href":"ref\/eul2rotm.html"},{"name":"eul2tform","type":"function","fcntype":"simple","refpurpose":"Convertir ángulos de Euler en una transformación homogénea","href":"ref\/eul2tform.html"},{"name":"Forward Dynamics","type":"block","refpurpose":"Aceleración de las articulaciones dados los par motores y los estados de articulación","href":"ref\/forwarddynamics.html"},{"name":"generalizedInverseKinematics","type":"function","fcntype":"constructor","refpurpose":"Crear un solver de cinemática inversa multirestricciones","href":"ref\/generalizedinversekinematics-system-object.html"},{"name":"generalizedInverseKinematics","type":"sysobj","refpurpose":"Crear un solver de cinemática inversa multirestricciones","href":"ref\/generalizedinversekinematics-system-object.html"},{"name":"generalizedInverseKinematics.NumConstraints","type":"property","refpurpose":"Número de entradas de restricción","href":"ref\/generalizedinversekinematics-system-object.html"},{"name":"generalizedInverseKinematics.ConstraintInputs","type":"property","refpurpose":"Tipos de entradas de restricción","href":"ref\/generalizedinversekinematics-system-object.html"},{"name":"generalizedInverseKinematics.RigidBodyTree","type":"property","refpurpose":"Modelo de árbol de cuerpo rígido","href":"ref\/generalizedinversekinematics-system-object.html"},{"name":"generalizedInverseKinematics.SolverAlgorithm","type":"property","refpurpose":"Algoritmo para resolver cinemáticas inversas","href":"ref\/generalizedinversekinematics-system-object.html"},{"name":"generalizedInverseKinematics.SolverParameters","type":"property","refpurpose":"Parámetros asociados al algoritmo","href":"ref\/generalizedinversekinematics-system-object.html"},{"name":"Get Jacobian","type":"block","refpurpose":"Jacobianas geométricas para configurar robots","href":"ref\/getjacobian.html"},{"name":"Obtener una transformada","type":"block","refpurpose":"Obtener una transformada entre marcos de cuerpo","href":"ref\/gettransformblock.html"},{"name":"Gravity Torque","type":"block","refpurpose":"Par motores de articulación que compensan la gravedad","href":"ref\/gravitytorque.html"},{"name":"hom2cart","type":"function","fcntype":"simple","refpurpose":"Convertir coordenadas homogéneas en coordenadas cartesianas","href":"ref\/hom2cart.html"},{"name":"importrobot","type":"function","fcntype":"simple","refpurpose":"Importar un modelo de árbol de cuerpo rígido desde un archivo URDF, Xacro, SDF, texto o un modelo de Simscape Multibody","href":"ref\/importrobot.html"},{"name":"Inverse Dynamics","type":"block","refpurpose":"Par motores de articulación requeridos para un movimiento determinado","href":"ref\/inversedynamics.html"},{"name":"inverseKinematics","type":"function","fcntype":"constructor","refpurpose":"Crear un solver de cinemática inversa","href":"ref\/inversekinematics-system-object.html"},{"name":"inverseKinematics","type":"sysobj","refpurpose":"Crear un solver de cinemática inversa","href":"ref\/inversekinematics-system-object.html"},{"name":"inverseKinematics.RigidBodyTree","type":"property","refpurpose":"Modelo de árbol de cuerpo rígido","href":"ref\/inversekinematics-system-object.html"},{"name":"inverseKinematics.SolverAlgorithm","type":"property","refpurpose":"Algoritmo para resolver cinemáticas inversas","href":"ref\/inversekinematics-system-object.html"},{"name":"inverseKinematics.SolverParameters","type":"property","refpurpose":"Parámetros asociados al algoritmo","href":"ref\/inversekinematics-system-object.html"},{"name":"Inverse Kinematics","type":"block","refpurpose":"Calcular configuraciones de articulación para lograr una pose del efector final","href":"ref\/inversekinematics.html"},{"name":"Joint Space Mass Matrix","type":"block","refpurpose":"Matriz de masa del espacio articular para configurar robots","href":"ref\/jointspacemassmatrix.html"},{"name":"jointSpaceMotionModel","type":"object","refpurpose":"Modelar el movimiento de un árbol de cuerpo rígido dadas las entradas del espacio articular","href":"ref\/jointspacemotionmodel.html"},{"name":"jointSpaceMotionModel","type":"function","fcntype":"constructor","refpurpose":"Modelar el movimiento de un árbol de cuerpo rígido dadas las entradas del espacio articular","href":"ref\/jointspacemotionmodel.html"},{"name":"jointSpaceMotionModel.RigidBodyTree","type":"property","refpurpose":"Modelo de robot de árbol de cuerpo rígido","href":"ref\/jointspacemotionmodel.html"},{"name":"jointSpaceMotionModel.NaturalFrequency","type":"property","refpurpose":"Frecuencia natural de la dinámica de error","href":"ref\/jointspacemotionmodel.html"},{"name":"jointSpaceMotionModel.DampingRatio","type":"property","refpurpose":"Coeficiente de amortiguación de la dinámica de error","href":"ref\/jointspacemotionmodel.html"},{"name":"jointSpaceMotionModel.Kp","type":"property","refpurpose":"Ganancia proporcional para control PD","href":"ref\/jointspacemotionmodel.html"},{"name":"jointSpaceMotionModel.Kd","type":"property","refpurpose":"Ganancia derivada para el control PD","href":"ref\/jointspacemotionmodel.html"},{"name":"jointSpaceMotionModel.MotionType","type":"property","refpurpose":"Tipo de movimiento calculado por el modelo de movimiento","href":"ref\/jointspacemotionmodel.html"},{"name":"lidarScan","type":"function","fcntype":"constructor","refpurpose":"Crear un objeto para almacenar el escaneo de LiDAR 2D","href":"ref\/lidarscan.html"},{"name":"lidarScan","type":"object","refpurpose":"Crear un objeto para almacenar el escaneo de LiDAR 2D","href":"ref\/lidarscan.html"},{"name":"lidarScan.Ranges","type":"property","refpurpose":"Lecturas de distancia de LiDAR en metros","href":"ref\/lidarscan.html"},{"name":"lidarScan.Angles","type":"property","refpurpose":"Ángulo de las lecturas de LiDAR en radianes","href":"ref\/lidarscan.html"},{"name":"lidarScan.Cartesian","type":"property","refpurpose":"Coordenadas cartesianas de las lecturas de LiDAR en metros","href":"ref\/lidarscan.html"},{"name":"lidarScan.Count","type":"property","refpurpose":"Número de lecturas de LiDAR","href":"ref\/lidarscan.html"},{"name":"loadrobot","type":"function","fcntype":"simple","refpurpose":"Cargar modelos de robot predefinidos y especificaciones desde la biblioteca de robots","href":"ref\/loadrobot.html"},{"name":"minjerkpolytraj","type":"function","fcntype":"simple","refpurpose":"Generar trayectoria con jerk mínimo mediante waypoints","href":"ref\/minjerkpolytraj.html"},{"name":"minsnappolytraj","type":"function","fcntype":"simple","refpurpose":"Generar trayectoria con snap mínimo mediante waypoints","href":"ref\/minsnappolytraj.html"},{"name":"findpath","type":"function","fcntype":"instancemethod","refpurpose":"Encontrar rutas entre el punto inicial y el punto objetivo en el plan de ruta","href":"ref\/mobilerobotprm.findpath.html"},{"name":"mobileRobotPRM.findpath","type":"method","fcntype":"instancemethod","refpurpose":"Encontrar rutas entre el punto inicial y el punto objetivo en el plan de ruta","href":"ref\/mobilerobotprm.findpath.html"},{"name":"show","type":"function","fcntype":"instancemethod","refpurpose":"Mostrar el mapa, el plan de ruta y la ruta","href":"ref\/mobilerobotprm.show.html"},{"name":"mobileRobotPRM.show","type":"method","fcntype":"instancemethod","refpurpose":"Mostrar el mapa, el plan de ruta y la ruta","href":"ref\/mobilerobotprm.show.html"},{"name":"update","type":"function","fcntype":"instancemethod","refpurpose":"Crear o actualizar un plan de ruta","href":"ref\/mobilerobotprm.update.html"},{"name":"mobileRobotPRM.update","type":"method","fcntype":"instancemethod","refpurpose":"Crear o actualizar un plan de ruta","href":"ref\/mobilerobotprm.update.html"},{"name":"mobileRobotPRM","type":"function","fcntype":"constructor","refpurpose":"Cree un planificador de rutas probabilísticas","href":"ref\/mobilerobotprm.html"},{"name":"mobileRobotPRM","type":"object","refpurpose":"Cree un planificador de rutas probabilísticas","href":"ref\/mobilerobotprm.html"},{"name":"mobileRobotPRM.ConnectionDistance","type":"property","refpurpose":"Distancia máxima entre dos nodos conectados","href":"ref\/mobilerobotprm.html"},{"name":"mobileRobotPRM.Map","type":"property","refpurpose":"Representación de mapa","href":"ref\/mobilerobotprm.html"},{"name":"mobileRobotPRM.NumNodes","type":"property","refpurpose":"Número de nodos del mapa","href":"ref\/mobilerobotprm.html"},{"name":"plotTransforms","type":"function","fcntype":"simple","refpurpose":"Representar transformadas 3D a partir de traslaciones y rotaciones","href":"ref\/plottransforms.html"},{"name":"findPointsInROI","type":"function","fcntype":"instancemethod","refpurpose":"Encontrar puntos dentro de una región de interés en la nube de puntos","href":"ref\/pointcloud.findpointsinroi.html"},{"name":"pointCloud.findPointsInROI","type":"method","fcntype":"instancemethod","refpurpose":"Encontrar puntos dentro de una región de interés en la nube de puntos","href":"ref\/pointcloud.findpointsinroi.html"},{"name":"removeInvalidPoints","type":"function","fcntype":"instancemethod","refpurpose":"Eliminar puntos no válidos de la nube de puntos","href":"ref\/pointcloud.removeinvalidpoints.html"},{"name":"pointCloud.removeInvalidPoints","type":"method","fcntype":"instancemethod","refpurpose":"Eliminar puntos no válidos de la nube de puntos","href":"ref\/pointcloud.removeinvalidpoints.html"},{"name":"select","type":"function","fcntype":"instancemethod","refpurpose":"Seleccionar puntos en la nube de puntos","href":"ref\/pointcloud.select.html"},{"name":"pointCloud.select","type":"method","fcntype":"instancemethod","refpurpose":"Seleccionar puntos en la nube de puntos","href":"ref\/pointcloud.select.html"},{"name":"pointCloud","type":"function","fcntype":"constructor","refpurpose":"Objeto para almacenar una nube de puntos 3D","href":"ref\/pointcloud.html"},{"name":"pointCloud","type":"object","refpurpose":"Objeto para almacenar una nube de puntos 3D","href":"ref\/pointcloud.html"},{"name":"pointCloud.Location","type":"property","refpurpose":"Posición de los puntos en el espacio de coordenadas 3D","href":"ref\/pointcloud.html"},{"name":"pointCloud.Color","type":"property","refpurpose":"Color de la nube de puntos","href":"ref\/pointcloud.html"},{"name":"pointCloud.Normal","type":"property","refpurpose":"Normales de superficie","href":"ref\/pointcloud.html"},{"name":"pointCloud.Intensity","type":"property","refpurpose":"Intensidades de la escala de grises","href":"ref\/pointcloud.html"},{"name":"pointCloud.Count","type":"property","refpurpose":"Número de puntos","href":"ref\/pointcloud.html"},{"name":"pointCloud.XLimits","type":"property","refpurpose":"Rango de coordenadas x","href":"ref\/pointcloud.html"},{"name":"pointCloud.YLimits","type":"property","refpurpose":"Rango de coordenadas y","href":"ref\/pointcloud.html"},{"name":"pointCloud.ZLimits","type":"property","refpurpose":"Rango de coordenadas z","href":"ref\/pointcloud.html"},{"name":"Polynomial Trajectory","type":"block","refpurpose":"Generar trayectorias polinómicas a través de waypoints","href":"ref\/polynomialtrajectory.html"},{"name":"Pure Pursuit","type":"block","refpurpose":"Comandos de control de velocidad lineal y angular","href":"ref\/purepursuit.html"},{"name":"quat2axang","type":"function","fcntype":"simple","refpurpose":"Convertir un cuaternión a rotación del ángulo del eje","href":"ref\/quat2axang.html"},{"name":"quat2eul","type":"function","fcntype":"simple","refpurpose":"Convertir un cuaternión en ángulos de Euler","href":"ref\/quat2eul.html"},{"name":"quat2rotm","type":"function","fcntype":"simple","refpurpose":"Convertir un cuaternión en matriz de rotación","href":"ref\/quat2rotm.html"},{"name":"quat2tform","type":"function","fcntype":"simple","refpurpose":"Convertir un cuaternión en transformación homogénea","href":"ref\/quat2tform.html"},{"name":"euler","type":"function","fcntype":"instancemethod","refpurpose":"Convierte un cuaternión en ángulos de Euler (radianes)","href":"ref\/quaternion.euler.html"},{"name":"quaternion.euler","type":"method","fcntype":"instancemethod","refpurpose":"Convierte un cuaternión en ángulos de Euler (radianes)","href":"ref\/quaternion.euler.html"},{"name":"eulerd","type":"function","fcntype":"instancemethod","refpurpose":"Convertir un cuaternión en ángulos de Euler en grados","href":"ref\/quaternion.eulerd.html"},{"name":"quaternion.eulerd","type":"method","fcntype":"instancemethod","refpurpose":"Convertir un cuaternión en ángulos de Euler en grados","href":"ref\/quaternion.eulerd.html"},{"name":"norma","type":"function","fcntype":"instancemethod","refpurpose":"Norma de un cuaternión","href":"ref\/quaternion.norm.html"},{"name":"quaternion.norm","type":"method","fcntype":"instancemethod","refpurpose":"Norma de un cuaternión","href":"ref\/quaternion.norm.html"},{"name":"normalizar","type":"function","fcntype":"instancemethod","refpurpose":"Normalización de un cuaternión","href":"ref\/quaternion.normalize.html"},{"name":"quaternion.normalize","type":"method","fcntype":"instancemethod","refpurpose":"Normalización de un cuaternión","href":"ref\/quaternion.normalize.html"},{"name":"partes","type":"function","fcntype":"instancemethod","refpurpose":"Extraer partes de cuaternión","href":"ref\/quaternion.parts.html"},{"name":"quaternion.parts","type":"method","fcntype":"instancemethod","refpurpose":"Extraer partes de cuaternión","href":"ref\/quaternion.parts.html"},{"name":"rotmat","type":"function","fcntype":"instancemethod","refpurpose":"Convertir un cuaternión en matriz de rotación","href":"ref\/quaternion.rotmat.html"},{"name":"quaternion.rotmat","type":"method","fcntype":"instancemethod","refpurpose":"Convertir un cuaternión en matriz de rotación","href":"ref\/quaternion.rotmat.html"},{"name":"quaternion","type":"function","fcntype":"constructor","refpurpose":"Crear un arreglo de cuaterniones","href":"ref\/quaternion.html"},{"name":"quaternion","type":"object","refpurpose":"Crear un arreglo de cuaterniones","href":"ref\/quaternion.html"},{"name":"quinticpolytraj","type":"function","fcntype":"simple","refpurpose":"Genere trayectorias de quinto orden","href":"ref\/quinticpolytraj.html"},{"name":"addCollision","type":"function","fcntype":"instancemethod","refpurpose":"Añadir una geometría de colisión a un cuerpo rígido","href":"ref\/rigidbody.addcollision.html"},{"name":"rigidBody.addCollision","type":"method","fcntype":"instancemethod","refpurpose":"Añadir una geometría de colisión a un cuerpo rígido","href":"ref\/rigidbody.addcollision.html"},{"name":"addVisual","type":"function","fcntype":"instancemethod","refpurpose":"Añadir datos de geometrías visuales a un cuerpo rígido","href":"ref\/rigidbody.addvisual.html"},{"name":"rigidBody.addVisual","type":"method","fcntype":"instancemethod","refpurpose":"Añadir datos de geometrías visuales a un cuerpo rígido","href":"ref\/rigidbody.addvisual.html"},{"name":"clearCollision","type":"function","fcntype":"instancemethod","refpurpose":"Eliminar todas las geometrías de colisión asociadas","href":"ref\/rigidbody.clearcollision.html"},{"name":"rigidBody.clearCollision","type":"method","fcntype":"instancemethod","refpurpose":"Eliminar todas las geometrías de colisión asociadas","href":"ref\/rigidbody.clearcollision.html"},{"name":"clearVisual","type":"function","fcntype":"instancemethod","refpurpose":"Eliminar todas las geometrías visuales","href":"ref\/rigidbody.clearvisual.html"},{"name":"rigidBody.clearVisual","type":"method","fcntype":"instancemethod","refpurpose":"Eliminar todas las geometrías visuales","href":"ref\/rigidbody.clearvisual.html"},{"name":"rigidBody","type":"function","fcntype":"constructor","refpurpose":"Crear un cuerpo rígido","href":"ref\/rigidbody.html"},{"name":"rigidBody","type":"object","refpurpose":"Crear un cuerpo rígido","href":"ref\/rigidbody.html"},{"name":"rigidBody.Name","type":"property","refpurpose":"Nombre del cuerpo rígido","href":"ref\/rigidbody.html"},{"name":"rigidBody.Joint","type":"property","refpurpose":"objeto rigidBodyJoint","href":"ref\/rigidbody.html"},{"name":"rigidBody.Mass","type":"property","refpurpose":"Masa del cuerpo rígido","href":"ref\/rigidbody.html"},{"name":"rigidBody.CenterOfMass","type":"property","refpurpose":"Posición del centro de masa del cuerpo rígido","href":"ref\/rigidbody.html"},{"name":"rigidBody.Inertia","type":"property","refpurpose":"Inercia del cuerpo rígido","href":"ref\/rigidbody.html"},{"name":"rigidBody.Parent","type":"property","refpurpose":"Elemento principal del cuerpo rígido","href":"ref\/rigidbody.html"},{"name":"rigidBody.Children","type":"property","refpurpose":"Elementos secundarios de cuerpo rígido","href":"ref\/rigidbody.html"},{"name":"rigidBody.Visuals","type":"property","refpurpose":"Geometrías visuales","href":"ref\/rigidbody.html"},{"name":"rigidBody.Collisions","type":"property","refpurpose":"Geometrías de colisión","href":"ref\/rigidbody.html"},{"name":"setFixedTransform","type":"function","fcntype":"instancemethod","refpurpose":"Establezca las propiedades de transformada fija de una articulación","href":"ref\/rigidbodyjoint.setfixedtransform.html"},{"name":"rigidBodyJoint.setFixedTransform","type":"method","fcntype":"instancemethod","refpurpose":"Establezca las propiedades de transformada fija de una articulación","href":"ref\/rigidbodyjoint.setfixedtransform.html"},{"name":"rigidBodyJoint","type":"function","fcntype":"constructor","refpurpose":"Crear una articulación","href":"ref\/rigidbodyjoint.html"},{"name":"rigidBodyJoint","type":"object","refpurpose":"Crear una articulación","href":"ref\/rigidbodyjoint.html"},{"name":"rigidBodyJoint.Type","type":"property","refpurpose":"Tipo de articulación","href":"ref\/rigidbodyjoint.html"},{"name":"rigidBodyJoint.Name","type":"property","refpurpose":"Nombre de la articulación","href":"ref\/rigidbodyjoint.html"},{"name":"rigidBodyJoint.PositionLimits","type":"property","refpurpose":"Límites de posición de la articulación","href":"ref\/rigidbodyjoint.html"},{"name":"rigidBodyJoint.HomePosition","type":"property","refpurpose":"Posición inicial de la articulación","href":"ref\/rigidbodyjoint.html"},{"name":"rigidBodyJoint.JointAxis","type":"property","refpurpose":"Eje de movimiento de la articulación","href":"ref\/rigidbodyjoint.html"},{"name":"rigidBodyJoint.JointToParentTransform","type":"property","refpurpose":"Transformación fija del marco de articulación al marco principal","href":"ref\/rigidbodyjoint.html"},{"name":"rigidBodyJoint.ChildToJointTransform","type":"property","refpurpose":"Transformación fija del marco del cuerpo secundario al marco de la articulación","href":"ref\/rigidbodyjoint.html"},{"name":"addBody","type":"function","fcntype":"instancemethod","refpurpose":"Añadir un cuerpo al robot","href":"ref\/rigidbodytree.addbody.html"},{"name":"rigidBodyTree.addBody","type":"method","fcntype":"instancemethod","refpurpose":"Añadir un cuerpo al robot","href":"ref\/rigidbodytree.addbody.html"},{"name":"addSubtree","type":"function","fcntype":"instancemethod","refpurpose":"Añadir un subárbol al robot","href":"ref\/rigidbodytree.addsubtree.html"},{"name":"rigidBodyTree.addSubtree","type":"method","fcntype":"instancemethod","refpurpose":"Añadir un subárbol al robot","href":"ref\/rigidbodytree.addsubtree.html"},{"name":"centerOfMass","type":"function","fcntype":"instancemethod","refpurpose":"Posición del centro de masa y jacobianas","href":"ref\/rigidbodytree.centerofmass.html"},{"name":"rigidBodyTree.centerOfMass","type":"method","fcntype":"instancemethod","refpurpose":"Posición del centro de masa y jacobianas","href":"ref\/rigidbodytree.centerofmass.html"},{"name":"copy","type":"function","fcntype":"instancemethod","refpurpose":"Copiar un modelo de robot","href":"ref\/rigidbodytree.copy.html"},{"name":"rigidBodyTree.copy","type":"method","fcntype":"instancemethod","refpurpose":"Copiar un modelo de robot","href":"ref\/rigidbodytree.copy.html"},{"name":"externalForce","type":"function","fcntype":"instancemethod","refpurpose":"Componer matriz de fuerza externa respecto a la base","href":"ref\/rigidbodytree.externalforce.html"},{"name":"rigidBodyTree.externalForce","type":"method","fcntype":"instancemethod","refpurpose":"Componer matriz de fuerza externa respecto a la base","href":"ref\/rigidbodytree.externalforce.html"},{"name":"forwardDynamics","type":"function","fcntype":"instancemethod","refpurpose":"Aceleración de las articulaciones dados los par motores y los estados de articulación","href":"ref\/rigidbodytree.forwarddynamics.html"},{"name":"rigidBodyTree.forwardDynamics","type":"method","fcntype":"instancemethod","refpurpose":"Aceleración de las articulaciones dados los par motores y los estados de articulación","href":"ref\/rigidbodytree.forwarddynamics.html"},{"name":"geometricJacobian","type":"function","fcntype":"instancemethod","refpurpose":"Jacobianas geométricas para configurar robots","href":"ref\/rigidbodytree.geometricjacobian.html"},{"name":"rigidBodyTree.geometricJacobian","type":"method","fcntype":"instancemethod","refpurpose":"Jacobianas geométricas para configurar robots","href":"ref\/rigidbodytree.geometricjacobian.html"},{"name":"getBody","type":"function","fcntype":"instancemethod","refpurpose":"Obtener un identificador del cuerpo del robot por nombre","href":"ref\/rigidbodytree.getbody.html"},{"name":"rigidBodyTree.getBody","type":"method","fcntype":"instancemethod","refpurpose":"Obtener un identificador del cuerpo del robot por nombre","href":"ref\/rigidbodytree.getbody.html"},{"name":"getTransform","type":"function","fcntype":"instancemethod","refpurpose":"Obtener una transformada entre marcos de cuerpo","href":"ref\/rigidbodytree.gettransform.html"},{"name":"rigidBodyTree.getTransform","type":"method","fcntype":"instancemethod","refpurpose":"Obtener una transformada entre marcos de cuerpo","href":"ref\/rigidbodytree.gettransform.html"},{"name":"gravityTorque","type":"function","fcntype":"instancemethod","refpurpose":"Par motores de articulación que compensan la gravedad","href":"ref\/rigidbodytree.gravitytorque.html"},{"name":"rigidBodyTree.gravityTorque","type":"method","fcntype":"instancemethod","refpurpose":"Par motores de articulación que compensan la gravedad","href":"ref\/rigidbodytree.gravitytorque.html"},{"name":"homeConfiguration","type":"function","fcntype":"instancemethod","refpurpose":"Obtener la configuración inicial del robot","href":"ref\/rigidbodytree.homeconfiguration.html"},{"name":"rigidBodyTree.homeConfiguration","type":"method","fcntype":"instancemethod","refpurpose":"Obtener la configuración inicial del robot","href":"ref\/rigidbodytree.homeconfiguration.html"},{"name":"inverseDynamics","type":"function","fcntype":"instancemethod","refpurpose":"Par motores de articulación requeridos para un movimiento determinado","href":"ref\/rigidbodytree.inversedynamics.html"},{"name":"rigidBodyTree.inverseDynamics","type":"method","fcntype":"instancemethod","refpurpose":"Par motores de articulación requeridos para un movimiento determinado","href":"ref\/rigidbodytree.inversedynamics.html"},{"name":"massMatrix","type":"function","fcntype":"instancemethod","refpurpose":"Matriz de masa del espacio articular","href":"ref\/rigidbodytree.massmatrix.html"},{"name":"rigidBodyTree.massMatrix","type":"method","fcntype":"instancemethod","refpurpose":"Matriz de masa del espacio articular","href":"ref\/rigidbodytree.massmatrix.html"},{"name":"randomConfiguration","type":"function","fcntype":"instancemethod","refpurpose":"Generar una configuración de robot aleatoria","href":"ref\/rigidbodytree.randomconfiguration.html"},{"name":"rigidBodyTree.randomConfiguration","type":"method","fcntype":"instancemethod","refpurpose":"Generar una configuración de robot aleatoria","href":"ref\/rigidbodytree.randomconfiguration.html"},{"name":"removeBody","type":"function","fcntype":"instancemethod","refpurpose":"Eliminar un cuerpo del robot","href":"ref\/rigidbodytree.removebody.html"},{"name":"rigidBodyTree.removeBody","type":"method","fcntype":"instancemethod","refpurpose":"Eliminar un cuerpo del robot","href":"ref\/rigidbodytree.removebody.html"},{"name":"replaceBody","type":"function","fcntype":"instancemethod","refpurpose":"Reemplazar cuerpo del robot","href":"ref\/rigidbodytree.replacebody.html"},{"name":"rigidBodyTree.replaceBody","type":"method","fcntype":"instancemethod","refpurpose":"Reemplazar cuerpo del robot","href":"ref\/rigidbodytree.replacebody.html"},{"name":"replaceJoint","type":"function","fcntype":"instancemethod","refpurpose":"Reemplazar articulación en cuerpo","href":"ref\/rigidbodytree.replacejoint.html"},{"name":"rigidBodyTree.replaceJoint","type":"method","fcntype":"instancemethod","refpurpose":"Reemplazar articulación en cuerpo","href":"ref\/rigidbodytree.replacejoint.html"},{"name":"show","type":"function","fcntype":"instancemethod","refpurpose":"Mostrar modelo de robot en la figura","href":"ref\/rigidbodytree.show.html"},{"name":"rigidBodyTree.show","type":"method","fcntype":"instancemethod","refpurpose":"Mostrar modelo de robot en la figura","href":"ref\/rigidbodytree.show.html"},{"name":"showdetails","type":"function","fcntype":"instancemethod","refpurpose":"Mostrar información del modelo de robot","href":"ref\/rigidbodytree.showdetails.html"},{"name":"rigidBodyTree.showdetails","type":"method","fcntype":"instancemethod","refpurpose":"Mostrar información del modelo de robot","href":"ref\/rigidbodytree.showdetails.html"},{"name":"subtree","type":"function","fcntype":"instancemethod","refpurpose":"Crear un subárbol de un modelo de robot","href":"ref\/rigidbodytree.subtree.html"},{"name":"rigidBodyTree.subtree","type":"method","fcntype":"instancemethod","refpurpose":"Crear un subárbol de un modelo de robot","href":"ref\/rigidbodytree.subtree.html"},{"name":"velocityProduct","type":"function","fcntype":"instancemethod","refpurpose":"Par motores de articulación que cancelan las fuerzas inducidas por la velocidad","href":"ref\/rigidbodytree.velocityproduct.html"},{"name":"rigidBodyTree.velocityProduct","type":"method","fcntype":"instancemethod","refpurpose":"Par motores de articulación que cancelan las fuerzas inducidas por la velocidad","href":"ref\/rigidbodytree.velocityproduct.html"},{"name":"rigidBodyTree","type":"function","fcntype":"constructor","refpurpose":"Cree un robot con estructura de árbol","href":"ref\/rigidbodytree.html"},{"name":"rigidBodyTree","type":"object","refpurpose":"Cree un robot con estructura de árbol","href":"ref\/rigidbodytree.html"},{"name":"rigidBodyTree.NumBodies","type":"property","refpurpose":"Número de cuerpos","href":"ref\/rigidbodytree.html"},{"name":"rigidBodyTree.Bodies","type":"property","refpurpose":"Lista de cuerpos rígidos","href":"ref\/rigidbodytree.html"},{"name":"rigidBodyTree.BodyNames","type":"property","refpurpose":"Nombres de cuerpos rígidos","href":"ref\/rigidbodytree.html"},{"name":"rigidBodyTree.BaseName","type":"property","refpurpose":"Nombre del robot base","href":"ref\/rigidbodytree.html"},{"name":"rigidBodyTree.Gravity","type":"property","refpurpose":"Aceleración gravitacional experimentada por el robot","href":"ref\/rigidbodytree.html"},{"name":"rigidBodyTree.DataFormat","type":"property","refpurpose":"Formato de datos de entrada\/salida de las funciones cinemáticas y dinámicas","href":"ref\/rigidbodytree.html"},{"name":"roboticsAddons","type":"function","fcntype":"simple","refpurpose":"Instalar complementos para robótica","href":"ref\/roboticsaddons.html"},{"name":"roboticsSupportPackages","type":"function","fcntype":"simple","refpurpose":"Descargar e instalar paquetes de soporte para Robotics System Toolbox","deprecated":"true","href":"ref\/roboticssupportpackages.html"},{"name":"rotm2axang","type":"function","fcntype":"simple","refpurpose":"Convertir una matriz de rotación en la rotación del ángulo del eje","href":"ref\/rotm2axang.html"},{"name":"rotm2eul","type":"function","fcntype":"simple","refpurpose":"Convertir una matriz de rotación en ángulos de Euler","href":"ref\/rotm2eul.html"},{"name":"rotm2quat","type":"function","fcntype":"simple","refpurpose":"Convertir una matriz de rotación en cuaternión","href":"ref\/rotm2quat.html"},{"name":"rotm2tform","type":"function","fcntype":"simple","refpurpose":"Convertir una matriz de rotación en una transformación homogénea","href":"ref\/rotm2tform.html"},{"name":"rotm","type":"function","fcntype":"instancemethod","refpurpose":"Extraer matriz de rotación","href":"ref\/se2.rotm.html"},{"name":"se2.rotm","type":"method","fcntype":"instancemethod","refpurpose":"Extraer matriz de rotación","href":"ref\/se2.rotm.html"},{"name":"se3.rotm","type":"method","fcntype":"instancemethod","refpurpose":"Extraer matriz de rotación","href":"ref\/se2.rotm.html"},{"name":"so2.rotm","type":"method","fcntype":"instancemethod","refpurpose":"Extraer matriz de rotación","href":"ref\/se2.rotm.html"},{"name":"so3.rotm","type":"method","fcntype":"instancemethod","refpurpose":"Extraer matriz de rotación","href":"ref\/se2.rotm.html"},{"name":"tform","type":"function","fcntype":"instancemethod","refpurpose":"Extraer transformación homogénea","href":"ref\/se2.tform.html"},{"name":"se2.tform","type":"method","fcntype":"instancemethod","refpurpose":"Extraer transformación homogénea","href":"ref\/se2.tform.html"},{"name":"se3.tform","type":"method","fcntype":"instancemethod","refpurpose":"Extraer transformación homogénea","href":"ref\/se2.tform.html"},{"name":"se2","type":"function","fcntype":"constructor","refpurpose":"Transformación homogénea SE(2)","href":"ref\/se2.html"},{"name":"se2","type":"object","refpurpose":"Transformación homogénea SE(2)","href":"ref\/se2.html"},{"name":"se3","type":"function","fcntype":"constructor","refpurpose":"Transformación homogénea SE(3)","href":"ref\/se3.html"},{"name":"se3","type":"object","refpurpose":"Transformación homogénea SE(3)","href":"ref\/se3.html"},{"name":"so3","type":"function","fcntype":"constructor","refpurpose":"Rotación SO(3)","href":"ref\/so3.html"},{"name":"so3","type":"object","refpurpose":"Rotación SO(3)","href":"ref\/so3.html"},{"name":"taskSpaceMotionModel","type":"object","refpurpose":"Modelar el movimiento de un árbol de cuerpo rígido dadas las entradas de referencia del espacio cartesiano","href":"ref\/taskspacemotionmodel.html"},{"name":"taskSpaceMotionModel","type":"function","fcntype":"constructor","refpurpose":"Modelar el movimiento de un árbol de cuerpo rígido dadas las entradas de referencia del espacio cartesiano","href":"ref\/taskspacemotionmodel.html"},{"name":"taskSpaceMotionModel.RigidBodyTree","type":"property","refpurpose":"Modelo de robot de árbol de cuerpo rígido","href":"ref\/taskspacemotionmodel.html"},{"name":"taskSpaceMotionModel.EndEffectorName","type":"property","refpurpose":"Cuerpo del efector final","href":"ref\/taskspacemotionmodel.html"},{"name":"taskSpaceMotionModel.Kp","type":"property","refpurpose":"Ganancia proporcional para control PD","href":"ref\/taskspacemotionmodel.html"},{"name":"taskSpaceMotionModel.Kd","type":"property","refpurpose":"Ganancia derivada para el control PD","href":"ref\/taskspacemotionmodel.html"},{"name":"taskSpaceMotionModel.JointDamping","type":"property","refpurpose":"Constante de amortiguación de la articulación","href":"ref\/taskspacemotionmodel.html"},{"name":"taskSpaceMotionModel.MotionType","type":"property","refpurpose":"Tipo de movimiento calculado por el modelo de movimiento","href":"ref\/taskspacemotionmodel.html"},{"name":"tform2axang","type":"function","fcntype":"simple","refpurpose":"Convierta una transformación homogénea a rotación del ángulo del eje","href":"ref\/tform2axang.html"},{"name":"tform2eul","type":"function","fcntype":"simple","refpurpose":"Extrae ángulos de Euler de una transformación homogénea","href":"ref\/tform2eul.html"},{"name":"tform2quat","type":"function","fcntype":"simple","refpurpose":"Extraiga un cuaternión de una transformación homogénea","href":"ref\/tform2quat.html"},{"name":"tform2rotm","type":"function","fcntype":"simple","refpurpose":"Extraiga una matriz de rotación de una transformación homogénea","href":"ref\/tform2rotm.html"},{"name":"tform2trvec","type":"function","fcntype":"simple","refpurpose":"Extraer un vector de traslación de una transformación homogénea","href":"ref\/tform2trvec.html"},{"name":"transformtraj","type":"function","fcntype":"simple","refpurpose":"Generar trayectorias entre dos transformaciones","href":"ref\/transformtraj.html"},{"name":"Trapezoidal Velocity Profile Trajectory","type":"block","refpurpose":"Generar trayectorias a través de varios waypoints con perfiles de velocidad trapezoidal","href":"ref\/trapezoidalvelocityprofiletrajectory.html"},{"name":"trapveltraj","type":"function","fcntype":"simple","refpurpose":"Generar trayectorias con perfiles de velocidad trapezoidal","href":"ref\/trapveltraj.html"},{"name":"trvec2tform","type":"function","fcntype":"simple","refpurpose":"Convertir un vector de traslación en una transformación homogénea","href":"ref\/trvec2tform.html"},{"name":"Unicycle Kinematic Model","type":"block","refpurpose":"Calcular el movimiento de un vehículo usando el modelo cinemático de un monociclo","href":"ref\/unicyclekinematicmodel.html"},{"name":"unicycleKinematics","type":"object","refpurpose":"Modelo de vehículo monociclo","href":"ref\/unicyclekinematics.html"},{"name":"unicycleKinematics","type":"function","fcntype":"constructor","refpurpose":"Modelo de vehículo monociclo","href":"ref\/unicyclekinematics.html"},{"name":"unicycleKinematics.WheelRadius","type":"property","refpurpose":"Radio de las ruedas del vehículo","href":"ref\/unicyclekinematics.html"},{"name":"unicycleKinematics.WheelSpeedRange","type":"property","refpurpose":"Rango de velocidades de las ruedas del vehículo","href":"ref\/unicyclekinematics.html"},{"name":"unicycleKinematics.VehicleInputs","type":"property","refpurpose":"Tipo de entradas de movimiento para el vehículo","href":"ref\/unicyclekinematics.html"},{"name":"Velocity Product Torque","type":"block","refpurpose":"Par motores de articulación que cancelan las fuerzas inducidas por la velocidad","href":"ref\/velocityproducttorque.html"}]}