{"schema":"referenceapi_lookup_schema.json","schemaVersion":"1.0","docVersion":"doc25a.2968260.Bdoc25a.2967890.pass.r2025a","productName":"ROS Toolbox","baseCode":"RR","helpFolder":"ros","helpLocation":"ros","addons":"RO_TURTLEBOT",  "refItems" : [{"name":"BagSelection","type":"object","refpurpose":"rosbag の選択を保存するためのオブジェクト","href":"ref\/bagselection.html"},{"name":"BagSelection.FilePath","type":"property","refpurpose":"rosbag ファイルの絶対パス","href":"ref\/bagselection.html"},{"name":"BagSelection.StartTime","type":"property","refpurpose":"選択範囲にある最初のメッセージのタイムスタンプ","href":"ref\/bagselection.html"},{"name":"BagSelection.EndTime","type":"property","refpurpose":"選択範囲にある最後のメッセージのタイムスタンプ","href":"ref\/bagselection.html"},{"name":"BagSelection.NumMessages","type":"property","refpurpose":"選択範囲にあるメッセージ数","href":"ref\/bagselection.html"},{"name":"BagSelection.AvailableTopics","type":"property","refpurpose":"選択範囲にあるトピックの table","href":"ref\/bagselection.html"},{"name":"BagSelection.AvailableFrames","type":"property","refpurpose":"使用可能な座標系のリスト","href":"ref\/bagselection.html"},{"name":"BagSelection.MessageList","type":"property","refpurpose":"選択範囲にあるメッセージのリスト","href":"ref\/bagselection.html"},{"name":"Blank Message","type":"block","refpurpose":"指定されたメッセージ タイプを使用した空白メッセージの作成","href":"ref\/blankmessage.html"},{"name":"空白のメッセージ","type":"block","refpurpose":"指定されたメッセージ タイプを使用した空白の ROS 2 メッセージの作成","href":"ref\/blankmessageros2.html"},{"name":"canTransform","type":"function","fcntype":"simple","refpurpose":"変換が使用可能かどうかを確認","href":"ref\/cantransform.html"},{"name":"CompressedImage","type":"object","refpurpose":"(削除予定) 圧縮イメージ メッセージの作成","deprecated":"true","href":"ref\/compressedimage.html"},{"name":"CompressedImage","type":"function","fcntype":"constructor","refpurpose":"(削除予定) 圧縮イメージ メッセージの作成","deprecated":"true","href":"ref\/compressedimage.html"},{"name":"CompressedImage.MessageType","type":"property","refpurpose":"ROS メッセージのメッセージ タイプ","deprecated":"true","href":"ref\/compressedimage.html"},{"name":"CompressedImage.Header","type":"property","refpurpose":"ROS ヘッダー メッセージ","deprecated":"true","href":"ref\/compressedimage.html"},{"name":"CompressedImage.Format","type":"property","refpurpose":"イメージ形式","deprecated":"true","href":"ref\/compressedimage.html"},{"name":"CompressedImage.Data","type":"property","refpurpose":"イメージ データ","deprecated":"true","href":"ref\/compressedimage.html"},{"name":"Coordinate Transformation Conversion","type":"block","refpurpose":"指定した座標変換表現への変換","href":"ref\/coordinatetransformationconversion.html"},{"name":"Core","type":"object","refpurpose":"ROS コアの作成","href":"ref\/core.html"},{"name":"Core","type":"function","fcntype":"constructor","refpurpose":"ROS コアの作成","href":"ref\/core.html"},{"name":"Core.Port","type":"property","refpurpose":"ROS マスターがリスニングしているネットワーク ポート","href":"ref\/core.html"},{"name":"Core.MasterURI","type":"property","refpurpose":"ROS マスターに到達できる URI","href":"ref\/core.html"},{"name":"Current Time","type":"block","refpurpose":"現在の ROS 時間またはシステム時間の取得","href":"ref\/currenttime.html"},{"name":"現在時間","type":"block","refpurpose":"現在の ROS 2 時間またはシステム時間の取得","href":"ref\/currenttimeros2.html"},{"name":"del","type":"function","fcntype":"simple","refpurpose":"ROS パラメーターの削除","href":"ref\/del.html"},{"name":"dir","type":"function","fcntype":"simple","refpurpose":"デバイス上にあるフォルダーの内容の一覧表示","href":"ref\/dir.html"},{"name":"getTransform","type":"function","fcntype":"simple","refpurpose":"2 つの座標系の間の変換を取得","href":"ref\/gettransform.html"},{"name":"Image","type":"object","refpurpose":"(削除予定) イメージ メッセージの作成","deprecated":"true","href":"ref\/image.html"},{"name":"Image","type":"function","fcntype":"constructor","refpurpose":"(削除予定) イメージ メッセージの作成","deprecated":"true","href":"ref\/image.html"},{"name":"Image.MessageType","type":"property","refpurpose":"ROS メッセージのメッセージ タイプ","deprecated":"true","href":"ref\/image.html"},{"name":"Image.Header","type":"property","refpurpose":"ROS ヘッダー メッセージ","deprecated":"true","href":"ref\/image.html"},{"name":"Image.Height","type":"property","refpurpose":"イメージの高さ (ピクセル単位)","deprecated":"true","href":"ref\/image.html"},{"name":"Image.Width","type":"property","refpurpose":"イメージの幅 (ピクセル単位)","deprecated":"true","href":"ref\/image.html"},{"name":"Image.Encoding","type":"property","refpurpose":"イメージのエンコード","deprecated":"true","href":"ref\/image.html"},{"name":"Image.IsBigendian","type":"property","refpurpose":"イメージ バイト シーケンス","deprecated":"true","href":"ref\/image.html"},{"name":"Image.Step","type":"property","refpurpose":"行の全長 (バイト単位)","deprecated":"true","href":"ref\/image.html"},{"name":"Image.Data","type":"property","refpurpose":"イメージ データ","deprecated":"true","href":"ref\/image.html"},{"name":"Node","type":"object","refpurpose":"ROS ノードを起動して ROS マスターに接続","href":"ref\/node.html"},{"name":"Node","type":"function","fcntype":"constructor","refpurpose":"ROS ノードを起動して ROS マスターに接続","href":"ref\/node.html"},{"name":"Node.Name","type":"property","refpurpose":"ノードの名前","href":"ref\/node.html"},{"name":"Node.MasterURI","type":"property","refpurpose":"ROS マスターの URI","href":"ref\/node.html"},{"name":"Node.NodeURI","type":"property","refpurpose":"ノードの URI","href":"ref\/node.html"},{"name":"Node.CurrentTime","type":"property","refpurpose":"現在の ROS ネットワークの時間","href":"ref\/node.html"},{"name":"OccupancyGrid","type":"object","refpurpose":"(削除予定) 占有グリッド メッセージの作成","deprecated":"true","href":"ref\/occupancygrid.html"},{"name":"OccupancyGrid","type":"function","fcntype":"constructor","refpurpose":"(削除予定) 占有グリッド メッセージの作成","deprecated":"true","href":"ref\/occupancygrid.html"},{"name":"OccupancyGrid.MessageType","type":"property","refpurpose":"ROS メッセージのメッセージ タイプ","deprecated":"true","href":"ref\/occupancygrid.html"},{"name":"OccupancyGrid.Header","type":"property","refpurpose":"ROS ヘッダー メッセージ","deprecated":"true","href":"ref\/occupancygrid.html"},{"name":"OccupancyGrid.Info","type":"property","refpurpose":"マップに関する情報","deprecated":"true","href":"ref\/occupancygrid.html"},{"name":"OccupancyGrid.Data","type":"property","refpurpose":"マップ データ","deprecated":"true","href":"ref\/occupancygrid.html"},{"name":"plot","type":"function","fcntype":"simple","refpurpose":"レーザーまたは LiDAR スキャンの読み取り値の表示","href":"ref\/plot.html"},{"name":"findPointsInROI","type":"function","fcntype":"instancemethod","refpurpose":"点群の関心領域内の点を検出","href":"ref\/pointcloud.findpointsinroi.html"},{"name":"pointCloud.findPointsInROI","type":"method","fcntype":"instancemethod","refpurpose":"点群の関心領域内の点を検出","href":"ref\/pointcloud.findpointsinroi.html"},{"name":"removeInvalidPoints","type":"function","fcntype":"instancemethod","refpurpose":"点群から無効な点を削除","href":"ref\/pointcloud.removeinvalidpoints.html"},{"name":"pointCloud.removeInvalidPoints","type":"method","fcntype":"instancemethod","refpurpose":"点群から無効な点を削除","href":"ref\/pointcloud.removeinvalidpoints.html"},{"name":"PointCloud2","type":"object","refpurpose":"(削除予定) 点群メッセージへのアクセス","deprecated":"true","href":"ref\/pointcloud2.html"},{"name":"PointCloud2","type":"function","fcntype":"constructor","refpurpose":"(削除予定) 点群メッセージへのアクセス","deprecated":"true","href":"ref\/pointcloud2.html"},{"name":"PointCloud2.PreserveStructureOnRead","type":"property","refpurpose":"点群行列の形状の保持","deprecated":"true","href":"ref\/pointcloud2.html"},{"name":"PointCloud2.MessageType","type":"property","refpurpose":"ROS メッセージのメッセージ タイプ","deprecated":"true","href":"ref\/pointcloud2.html"},{"name":"PointCloud2.Header","type":"property","refpurpose":"ROS ヘッダー メッセージ","deprecated":"true","href":"ref\/pointcloud2.html"},{"name":"PointCloud2.Height","type":"property","refpurpose":"点群の高さ (ピクセル単位)","deprecated":"true","href":"ref\/pointcloud2.html"},{"name":"PointCloud2.Width","type":"property","refpurpose":"点群の幅 (ピクセル単位)","deprecated":"true","href":"ref\/pointcloud2.html"},{"name":"PointCloud2.IsBigendian","type":"property","refpurpose":"イメージ バイト シーケンス","deprecated":"true","href":"ref\/pointcloud2.html"},{"name":"PointCloud2.PointStep","type":"property","refpurpose":"点の長さ (バイト単位)","deprecated":"true","href":"ref\/pointcloud2.html"},{"name":"PointCloud2.RowStep","type":"property","refpurpose":"行の全長 (バイト単位)","deprecated":"true","href":"ref\/pointcloud2.html"},{"name":"PointCloud2.Data","type":"property","refpurpose":"点群データ","deprecated":"true","href":"ref\/pointcloud2.html"},{"name":"pointCloud","type":"function","fcntype":"constructor","refpurpose":"3 次元点群を保存するためのオブジェクト","href":"ref\/pointcloud.html"},{"name":"pointCloud","type":"object","refpurpose":"3 次元点群を保存するためのオブジェクト","href":"ref\/pointcloud.html"},{"name":"pointCloud.Location","type":"property","refpurpose":"3 次元座標空間における点の位置","href":"ref\/pointcloud.html"},{"name":"pointCloud.Color","type":"property","refpurpose":"点群の色","href":"ref\/pointcloud.html"},{"name":"pointCloud.Normal","type":"property","refpurpose":"面法線","href":"ref\/pointcloud.html"},{"name":"pointCloud.Intensity","type":"property","refpurpose":"グレースケール強度","href":"ref\/pointcloud.html"},{"name":"pointCloud.Count","type":"property","refpurpose":"点の数","href":"ref\/pointcloud.html"},{"name":"pointCloud.XLimits","type":"property","refpurpose":"x 座標の範囲","href":"ref\/pointcloud.html"},{"name":"pointCloud.YLimits","type":"property","refpurpose":"y 座標の範囲","href":"ref\/pointcloud.html"},{"name":"pointCloud.ZLimits","type":"property","refpurpose":"z 座標の範囲","href":"ref\/pointcloud.html"},{"name":"Publish","type":"block","refpurpose":"ROS ネットワークへのメッセージの送信","href":"ref\/publish.html"},{"name":"rospublisher","type":"function","fcntype":"simple","refpurpose":"メッセージをトピック上にパブリッシュ","href":"ref\/publisher.html"},{"name":"Publisher","type":"object","refpurpose":"メッセージをトピック上にパブリッシュ","href":"ref\/publisher.html"},{"name":"Publisher.TopicName","type":"property","refpurpose":"パブリッシュされるトピックの名前","href":"ref\/publisher.html"},{"name":"Publisher.MessageType","type":"property","refpurpose":"パブリッシュされるメッセージのメッセージ タイプ","href":"ref\/publisher.html"},{"name":"Publisher.IsLatching","type":"property","refpurpose":"パブリッシャーがラッチしているかどうかのインジケーター","href":"ref\/publisher.html"},{"name":"Publisher.NumSubscribers","type":"property","refpurpose":"サブスクライバーの数","href":"ref\/publisher.html"},{"name":"Publisher.DataFormat","type":"property","refpurpose":"メッセージ形式","href":"ref\/publisher.html"},{"name":"angvel","type":"function","fcntype":"instancemethod","refpurpose":"quaternion 配列による角速度","href":"ref\/quaternion.angvel.html"},{"name":"quaternion.angvel","type":"method","fcntype":"instancemethod","refpurpose":"quaternion 配列による角速度","href":"ref\/quaternion.angvel.html"},{"name":"classUnderlying","type":"function","fcntype":"instancemethod","refpurpose":"quaternion の各部分のクラス","href":"ref\/quaternion.classunderlying.html"},{"name":"quaternion.classUnderlying","type":"method","fcntype":"instancemethod","refpurpose":"quaternion の各部分のクラス","href":"ref\/quaternion.classunderlying.html"},{"name":"compact","type":"function","fcntype":"instancemethod","refpurpose":"quaternion 配列を N 行 4 列の行列に変換","href":"ref\/quaternion.compact.html"},{"name":"quaternion.compact","type":"method","fcntype":"instancemethod","refpurpose":"quaternion 配列を N 行 4 列の行列に変換","href":"ref\/quaternion.compact.html"},{"name":"conj","type":"function","fcntype":"instancemethod","refpurpose":"四元数の複素共役","href":"ref\/quaternion.conj.html"},{"name":"quaternion.conj","type":"method","fcntype":"instancemethod","refpurpose":"四元数の複素共役","href":"ref\/quaternion.conj.html"},{"name":"ctranspose","type":"function","fcntype":"instancemethod","refpurpose":"quaternion 配列の複素共役転置","href":"ref\/quaternion.ctranspose.html"},{"name":"'","type":"function","fcntype":"instancemethod","refpurpose":"quaternion 配列の複素共役転置","href":"ref\/quaternion.ctranspose.html"},{"name":"quaternion.ctranspose","type":"method","fcntype":"instancemethod","refpurpose":"quaternion 配列の複素共役転置","href":"ref\/quaternion.ctranspose.html"},{"name":"dist","type":"function","fcntype":"instancemethod","refpurpose":"角距離 (ラジアン)","href":"ref\/quaternion.dist.html"},{"name":"quaternion.dist","type":"method","fcntype":"instancemethod","refpurpose":"角距離 (ラジアン)","href":"ref\/quaternion.dist.html"},{"name":"euler","type":"function","fcntype":"instancemethod","refpurpose":"四元数をオイラー角 (ラジアン) に変換","href":"ref\/quaternion.euler.html"},{"name":"quaternion.euler","type":"method","fcntype":"instancemethod","refpurpose":"四元数をオイラー角 (ラジアン) に変換","href":"ref\/quaternion.euler.html"},{"name":"eulerd","type":"function","fcntype":"instancemethod","refpurpose":"四元数をオイラー角 (度) に変換","href":"ref\/quaternion.eulerd.html"},{"name":"quaternion.eulerd","type":"method","fcntype":"instancemethod","refpurpose":"四元数をオイラー角 (度) に変換","href":"ref\/quaternion.eulerd.html"},{"name":"exp","type":"function","fcntype":"instancemethod","refpurpose":"quaternion 配列の指数","href":"ref\/quaternion.exp.html"},{"name":"quaternion.exp","type":"method","fcntype":"instancemethod","refpurpose":"quaternion 配列の指数","href":"ref\/quaternion.exp.html"},{"name":"ldivide","type":"function","fcntype":"instancemethod","refpurpose":"要素単位の四元数の左除算","href":"ref\/quaternion.ldivide.html"},{"name":".\\","type":"function","fcntype":"instancemethod","refpurpose":"要素単位の四元数の左除算","href":"ref\/quaternion.ldivide.html"},{"name":"quaternion.ldivide","type":"method","fcntype":"instancemethod","refpurpose":"要素単位の四元数の左除算","href":"ref\/quaternion.ldivide.html"},{"name":"log","type":"function","fcntype":"instancemethod","refpurpose":"quaternion 配列の自然対数","href":"ref\/quaternion.log.html"},{"name":"quaternion.log","type":"method","fcntype":"instancemethod","refpurpose":"quaternion 配列の自然対数","href":"ref\/quaternion.log.html"},{"name":"meanrot","type":"function","fcntype":"instancemethod","refpurpose":"四元数の平均回転","href":"ref\/quaternion.meanrot.html"},{"name":"quaternion.meanrot","type":"method","fcntype":"instancemethod","refpurpose":"四元数の平均回転","href":"ref\/quaternion.meanrot.html"},{"name":"minus","type":"function","fcntype":"instancemethod","refpurpose":"四元数の減算","href":"ref\/quaternion.minus.html"},{"name":"-","type":"function","fcntype":"instancemethod","refpurpose":"四元数の減算","href":"ref\/quaternion.minus.html"},{"name":"quaternion.minus","type":"method","fcntype":"instancemethod","refpurpose":"四元数の減算","href":"ref\/quaternion.minus.html"},{"name":"mtimes","type":"function","fcntype":"instancemethod","refpurpose":"四元数の乗算","href":"ref\/quaternion.mtimes.html"},{"name":"*","type":"function","fcntype":"instancemethod","refpurpose":"四元数の乗算","href":"ref\/quaternion.mtimes.html"},{"name":"quaternion.mtimes","type":"method","fcntype":"instancemethod","refpurpose":"四元数の乗算","href":"ref\/quaternion.mtimes.html"},{"name":"ノルム","type":"function","fcntype":"instancemethod","refpurpose":"四元数のノルム","href":"ref\/quaternion.norm.html"},{"name":"quaternion.norm","type":"method","fcntype":"instancemethod","refpurpose":"四元数のノルム","href":"ref\/quaternion.norm.html"},{"name":"正規化","type":"function","fcntype":"instancemethod","refpurpose":"四元数正規化","href":"ref\/quaternion.normalize.html"},{"name":"quaternion.normalize","type":"method","fcntype":"instancemethod","refpurpose":"四元数正規化","href":"ref\/quaternion.normalize.html"},{"name":"ones","type":"function","fcntype":"instancemethod","refpurpose":"実数部が 1 に設定され、虚数部が 0 に設定された quaternion 配列を作成","href":"ref\/quaternion.ones.html"},{"name":"quaternion.ones","type":"method","fcntype":"instancemethod","refpurpose":"実数部が 1 に設定され、虚数部が 0 に設定された quaternion 配列を作成","href":"ref\/quaternion.ones.html"},{"name":"部分","type":"function","fcntype":"instancemethod","refpurpose":"四元数の各部分の抽出","href":"ref\/quaternion.parts.html"},{"name":"quaternion.parts","type":"method","fcntype":"instancemethod","refpurpose":"四元数の各部分の抽出","href":"ref\/quaternion.parts.html"},{"name":"power","type":"function","fcntype":"instancemethod","refpurpose":"要素単位の四元数のべき乗","href":"ref\/quaternion.power.html"},{"name":".^","type":"function","fcntype":"instancemethod","refpurpose":"要素単位の四元数のべき乗","href":"ref\/quaternion.power.html"},{"name":"quaternion.power","type":"method","fcntype":"instancemethod","refpurpose":"要素単位の四元数のべき乗","href":"ref\/quaternion.power.html"},{"name":"prod","type":"function","fcntype":"instancemethod","refpurpose":"quaternion 配列の積","href":"ref\/quaternion.prod.html"},{"name":"quaternion.prod","type":"method","fcntype":"instancemethod","refpurpose":"quaternion 配列の積","href":"ref\/quaternion.prod.html"},{"name":"randrot","type":"function","fcntype":"instancemethod","refpurpose":"一様分布のランダムな回転","href":"ref\/quaternion.randrot.html"},{"name":"quaternion.randrot","type":"method","fcntype":"instancemethod","refpurpose":"一様分布のランダムな回転","href":"ref\/quaternion.randrot.html"},{"name":"rdivide","type":"function","fcntype":"instancemethod","refpurpose":"要素単位の四元数の右除算","href":"ref\/quaternion.rdivide.html"},{"name":".\/","type":"function","fcntype":"instancemethod","refpurpose":"要素単位の四元数の右除算","href":"ref\/quaternion.rdivide.html"},{"name":"quaternion.rdivide","type":"method","fcntype":"instancemethod","refpurpose":"要素単位の四元数の右除算","href":"ref\/quaternion.rdivide.html"},{"name":"rotateframe","type":"function","fcntype":"instancemethod","refpurpose":"四元数の座標系の回転","href":"ref\/quaternion.rotateframe.html"},{"name":"quaternion.rotateframe","type":"method","fcntype":"instancemethod","refpurpose":"四元数の座標系の回転","href":"ref\/quaternion.rotateframe.html"},{"name":"rotatepoint","type":"function","fcntype":"instancemethod","refpurpose":"四元数の点の回転","href":"ref\/quaternion.rotatepoint.html"},{"name":"quaternion.rotatepoint","type":"method","fcntype":"instancemethod","refpurpose":"四元数の点の回転","href":"ref\/quaternion.rotatepoint.html"},{"name":"rotmat","type":"function","fcntype":"instancemethod","refpurpose":"四元数の回転行列への変換","href":"ref\/quaternion.rotmat.html"},{"name":"quaternion.rotmat","type":"method","fcntype":"instancemethod","refpurpose":"四元数の回転行列への変換","href":"ref\/quaternion.rotmat.html"},{"name":"rotvec","type":"function","fcntype":"instancemethod","refpurpose":"四元数の回転ベクトルへの変換 (ラジアン単位)","href":"ref\/quaternion.rotvec.html"},{"name":"quaternion.rotvec","type":"method","fcntype":"instancemethod","refpurpose":"四元数の回転ベクトルへの変換 (ラジアン単位)","href":"ref\/quaternion.rotvec.html"},{"name":"rotvecd","type":"function","fcntype":"instancemethod","refpurpose":"四元数の回転ベクトルへの変換 (度単位)","href":"ref\/quaternion.rotvecd.html"},{"name":"quaternion.rotvecd","type":"method","fcntype":"instancemethod","refpurpose":"四元数の回転ベクトルへの変換 (度単位)","href":"ref\/quaternion.rotvecd.html"},{"name":"slerp","type":"function","fcntype":"instancemethod","refpurpose":"球面線形内挿","href":"ref\/quaternion.slerp.html"},{"name":"quaternion.slerp","type":"method","fcntype":"instancemethod","refpurpose":"球面線形内挿","href":"ref\/quaternion.slerp.html"},{"name":"times","type":"function","fcntype":"instancemethod","refpurpose":"要素単位の四元数の乗算","href":"ref\/quaternion.times.html"},{"name":".*","type":"function","fcntype":"instancemethod","refpurpose":"要素単位の四元数の乗算","href":"ref\/quaternion.times.html"},{"name":"quaternion.times","type":"method","fcntype":"instancemethod","refpurpose":"要素単位の四元数の乗算","href":"ref\/quaternion.times.html"},{"name":"transpose","type":"function","fcntype":"instancemethod","refpurpose":"quaternion 配列の転置","href":"ref\/quaternion.transpose.html"},{"name":".'","type":"function","fcntype":"instancemethod","refpurpose":"quaternion 配列の転置","href":"ref\/quaternion.transpose.html"},{"name":"quaternion.transpose","type":"method","fcntype":"instancemethod","refpurpose":"quaternion 配列の転置","href":"ref\/quaternion.transpose.html"},{"name":"uminus","type":"function","fcntype":"instancemethod","refpurpose":"四元数の単項マイナス","href":"ref\/quaternion.uminus.html"},{"name":"-","type":"function","fcntype":"instancemethod","refpurpose":"四元数の単項マイナス","href":"ref\/quaternion.uminus.html"},{"name":"quaternion.uminus","type":"method","fcntype":"instancemethod","refpurpose":"四元数の単項マイナス","href":"ref\/quaternion.uminus.html"},{"name":"zeros","type":"function","fcntype":"instancemethod","refpurpose":"すべての部分が 0 に設定された quaternion 配列を作成","href":"ref\/quaternion.zeros.html"},{"name":"quaternion.zeros","type":"method","fcntype":"instancemethod","refpurpose":"すべての部分が 0 に設定された quaternion 配列を作成","href":"ref\/quaternion.zeros.html"},{"name":"quaternion","type":"function","fcntype":"constructor","refpurpose":"quaternion 配列の作成","href":"ref\/quaternion.html"},{"name":"quaternion","type":"object","refpurpose":"quaternion 配列の作成","href":"ref\/quaternion.html"},{"name":"Read Data","type":"block","refpurpose":"ログ ファイルからのデータの再生","href":"ref\/readdata.html"},{"name":"readField","type":"function","fcntype":"simple","refpurpose":"(削除予定) フィールド名に基づいた点群データの読み取り","deprecated":"true","href":"ref\/readfield.html"},{"name":"readImage","type":"function","fcntype":"simple","refpurpose":"(削除予定) ROS イメージ データを MATLAB イメージに変換","deprecated":"true","href":"ref\/readimage.html"},{"name":"readMessages","type":"function","fcntype":"simple","refpurpose":"rosbag からのメッセージの読み取り","href":"ref\/readmessages.html"},{"name":"readOccupancyGrid","type":"function","fcntype":"simple","refpurpose":"(削除予定) 占有グリッド メッセージの読み取り","deprecated":"true","href":"ref\/readoccupancygrid.html"},{"name":"readOccupancyMap3D","type":"function","fcntype":"simple","refpurpose":"(削除予定) Octomap ROS メッセージからの 3 次元マップの読み取り","deprecated":"true","href":"ref\/readoccupancymap3d.html"},{"name":"readRGB","type":"function","fcntype":"simple","refpurpose":"(削除予定) 点群データからの RGB 値の抽出","deprecated":"true","href":"ref\/readrgb.html"},{"name":"readXYZ","type":"function","fcntype":"simple","refpurpose":"(削除予定) 点群データからの XYZ 座標の抽出","deprecated":"true","href":"ref\/readxyz.html"},{"name":"ros.Rate.reset","type":"method","fcntype":"instancemethod","refpurpose":"Rate オブジェクトのリセット","href":"ref\/reset.html"},{"name":"waitfor","type":"function","fcntype":"instancemethod","refpurpose":"目的の実行レートを達成するためにコードの実行を一時停止","href":"ref\/ros.rate.waitfor.html"},{"name":"ros.Rate.waitfor","type":"method","fcntype":"instancemethod","refpurpose":"目的の実行レートを達成するためにコードの実行を一時停止","href":"ref\/ros.rate.waitfor.html"},{"name":"reset","type":"function","fcntype":"instancemethod","refpurpose":"ros2rate オブジェクトのリセット","href":"ref\/ros.ros2rate.reset.html"},{"name":"ros.ros2rate.reset","type":"method","fcntype":"instancemethod","refpurpose":"ros2rate オブジェクトのリセット","href":"ref\/ros.ros2rate.reset.html"},{"name":"statistics","type":"function","fcntype":"instancemethod","refpurpose":"過去の実行周期の統計","href":"ref\/ros.ros2rate.statistics.html"},{"name":"ros.ros2rate.statistics","type":"method","fcntype":"instancemethod","refpurpose":"過去の実行周期の統計","href":"ref\/ros.ros2rate.statistics.html"},{"name":"ros2","type":"function","fcntype":"simple","refpurpose":"ROS 2 ネットワークに関する情報を取得","href":"ref\/ros2.html"},{"name":"readMessages","type":"function","fcntype":"instancemethod","refpurpose":"ros2bagreader オブジェクトからメッセージを読み取り","href":"ref\/ros2bagreader.readmessages.html"},{"name":"ros2bagreader.readMessages","type":"method","fcntype":"instancemethod","refpurpose":"ros2bagreader オブジェクトからメッセージを読み取り","href":"ref\/ros2bagreader.readmessages.html"},{"name":"select","type":"function","fcntype":"instancemethod","refpurpose":"ros2bagreader 内のメッセージのサブセットを選択","href":"ref\/ros2bagreader.select.html"},{"name":"ros2bagreader.select","type":"method","fcntype":"instancemethod","refpurpose":"ros2bagreader 内のメッセージのサブセットを選択","href":"ref\/ros2bagreader.select.html"},{"name":"ros2bagreader","type":"function","fcntype":"constructor","refpurpose":"ROS 2 bag ログ ファイル情報へのアクセス","href":"ref\/ros2bagreader.html"},{"name":"ros2bagreader","type":"object","refpurpose":"ROS 2 bag ログ ファイル情報へのアクセス","href":"ref\/ros2bagreader.html"},{"name":"ros2bagreader.FilePath","type":"property","refpurpose":"ROS 2 bag ファイルまたはフォルダーの絶対パス","href":"ref\/ros2bagreader.html"},{"name":"ros2bagreader.AvailableBags","type":"property","refpurpose":"使用可能な ROS 2 bag ファイルのリスト","href":"ref\/ros2bagreader.html"},{"name":"ros2bagreader.StartTime","type":"property","refpurpose":"最初のメッセージのタイムスタンプ","href":"ref\/ros2bagreader.html"},{"name":"ros2bagreader.EndTime","type":"property","refpurpose":"最後のメッセージのタイムスタンプ","href":"ref\/ros2bagreader.html"},{"name":"ros2bagreader.NumMessages","type":"property","refpurpose":"メッセージ数","href":"ref\/ros2bagreader.html"},{"name":"ros2bagreader.AvailableTopics","type":"property","refpurpose":"使用可能なトピックの table","href":"ref\/ros2bagreader.html"},{"name":"ros2bagreader.AvailableFrames","type":"property","refpurpose":"使用可能な座標系のリスト","href":"ref\/ros2bagreader.html"},{"name":"ros2bagreader.MessageList","type":"property","refpurpose":"メッセージのリスト","href":"ref\/ros2bagreader.html"},{"name":"ros2genmsg","type":"function","fcntype":"simple","refpurpose":"ROS 2 定義からのカスタム メッセージの生成","href":"ref\/ros2genmsg.html"},{"name":"ros2message","type":"function","fcntype":"simple","refpurpose":"ROS 2 メッセージ構造体の作成","href":"ref\/ros2message.html"},{"name":"ROS 2 Network Analyzer","type":"app","refpurpose":"ROS 2 ネットワーク内のノード、トピック、サービス、アクションの相互作用の可視化と解析","href":"ref\/ros2networkanalyzer-app.html"},{"name":"ros2NetworkAnalyzer","type":"function","fcntype":"applauncher","refpurpose":"ROS 2 ネットワーク内のノード、トピック、サービス、アクションの相互作用の可視化と解析","href":"ref\/ros2networkanalyzer-app.html"},{"name":"ros2node","type":"object","refpurpose":"指定したネットワークに ROS 2 ノードを作成","href":"ref\/ros2node.html"},{"name":"ros2node","type":"function","fcntype":"constructor","refpurpose":"指定したネットワークに ROS 2 ノードを作成","href":"ref\/ros2node.html"},{"name":"ros2node.Name","type":"property","refpurpose":"ノードの名前","href":"ref\/ros2node.html"},{"name":"ros2node.ID","type":"property","refpurpose":"ネットワークのドメイン ID","href":"ref\/ros2node.html"},{"name":"send","type":"function","fcntype":"instancemethod","refpurpose":"トピックへの ROS 2 メッセージのパブリッシュ","href":"ref\/ros2publisher.send.html"},{"name":"ros2publisher.send","type":"method","fcntype":"instancemethod","refpurpose":"トピックへの ROS 2 メッセージのパブリッシュ","href":"ref\/ros2publisher.send.html"},{"name":"receive","type":"function","fcntype":"instancemethod","refpurpose":"新しいメッセージを待機","href":"ref\/ros2subscriber.receive.html"},{"name":"ros2subscriber.receive","type":"method","fcntype":"instancemethod","refpurpose":"新しいメッセージを待機","href":"ref\/ros2subscriber.receive.html"},{"name":"canTransform","type":"function","fcntype":"instancemethod","refpurpose":"変換が使用可能かどうかを確認","href":"ref\/ros2tf.cantransform.html"},{"name":"ros2tf.canTransform","type":"method","fcntype":"instancemethod","refpurpose":"変換が使用可能かどうかを確認","href":"ref\/ros2tf.cantransform.html"},{"name":"rosAddons","type":"function","fcntype":"simple","refpurpose":"ROS のアドオンのインストール","href":"ref\/rosaddons.html"},{"name":"rosbag","type":"function","fcntype":"simple","refpurpose":"rosbag ログ ファイルを開いて解析","href":"ref\/rosbag.html"},{"name":"select","type":"function","fcntype":"instancemethod","refpurpose":"rosbag 内のメッセージのサブセットを選択","href":"ref\/rosbagreader.select.html"},{"name":"rosbagreader.select","type":"method","fcntype":"instancemethod","refpurpose":"rosbag 内のメッセージのサブセットを選択","href":"ref\/rosbagreader.select.html"},{"name":"rosbagreader","type":"object","refpurpose":"rosbag ログ ファイル情報にアクセス","href":"ref\/rosbagreader.html"},{"name":"rosbagreader","type":"function","fcntype":"constructor","refpurpose":"rosbag ログ ファイル情報にアクセス","href":"ref\/rosbagreader.html"},{"name":"rosbagreader.FilePath","type":"property","refpurpose":"rosbag ファイルの絶対パス","href":"ref\/rosbagreader.html"},{"name":"rosbagreader.StartTime","type":"property","refpurpose":"選択範囲にある最初のメッセージのタイムスタンプ","href":"ref\/rosbagreader.html"},{"name":"rosbagreader.EndTime","type":"property","refpurpose":"選択範囲にある最後のメッセージのタイムスタンプ","href":"ref\/rosbagreader.html"},{"name":"rosbagreader.NumMessages","type":"property","refpurpose":"選択範囲にあるメッセージ数","href":"ref\/rosbagreader.html"},{"name":"rosbagreader.AvailableTopics","type":"property","refpurpose":"選択範囲にあるトピックの table","href":"ref\/rosbagreader.html"},{"name":"rosbagreader.AvailableFrames","type":"property","refpurpose":"使用可能な座標系のリスト","href":"ref\/rosbagreader.html"},{"name":"rosbagreader.MessageList","type":"property","refpurpose":"選択範囲にあるメッセージのリスト","href":"ref\/rosbagreader.html"},{"name":"rosgenmsg","type":"function","fcntype":"simple","refpurpose":"ROS 定義からのカスタム メッセージの生成","href":"ref\/rosgenmsg.html"},{"name":"rosinit","type":"function","fcntype":"simple","refpurpose":"ROS ネットワークへの接続","href":"ref\/rosinit.html"},{"name":"rosmessage","type":"function","fcntype":"simple","refpurpose":"ROS メッセージの作成","href":"ref\/rosmessage.html"},{"name":"rosmsg","type":"function","fcntype":"simple","refpurpose":"ROS メッセージとメッセージ タイプに関する情報の取得","href":"ref\/rosmsg.html"},{"name":"rosPlot","type":"function","fcntype":"simple","refpurpose":"ROS または ROS 2 メッセージ構造体からの LiDAR スキャンまたは点群の表示","href":"ref\/rosplot.html"},{"name":"rosReadAllFieldNames","type":"function","fcntype":"simple","refpurpose":"ROS または ROS 2 点群メッセージ構造体から使用可能なすべてのフィールド名を取得","href":"ref\/rosreadallfieldnames.html"},{"name":"rosReadField","type":"function","fcntype":"simple","refpurpose":"フィールド名に基づいて ROS または ROS 2 メッセージ構造体から点群データを読み取る","href":"ref\/rosreadfield.html"},{"name":"rosReadImage","type":"function","fcntype":"simple","refpurpose":"ROS または ROS 2 イメージ データを MATLAB イメージに変換","href":"ref\/rosreadimage.html"},{"name":"rosReadLidarScan","type":"function","fcntype":"simple","refpurpose":"ROS または ROS 2 メッセージ構造体からの LiDAR スキャンまたは点群の表示","href":"ref\/rosreadlidarscan.html"},{"name":"rosReadOccupancyGrid","type":"function","fcntype":"simple","refpurpose":"ROS または ROS 2 メッセージ構造体から占有グリッド データを読み取る","href":"ref\/rosreadoccupancygrid.html"},{"name":"rosReadOccupancyMap3D","type":"function","fcntype":"simple","refpurpose":"ROS または ROS 2 Octomap メッセージ構造体からの 3 次元マップの読み取り","href":"ref\/rosreadoccupancymap3d.html"},{"name":"rosReadQuaternion","type":"function","fcntype":"simple","refpurpose":"ROS または ROS 2 メッセージ構造体からの MATLAB quaternion オブジェクトの作成","href":"ref\/rosreadquaternion.html"},{"name":"rosReadRGB","type":"function","fcntype":"simple","refpurpose":"ROS または ROS 2 点群メッセージ構造体からの RGB カラー値の抽出","href":"ref\/rosreadrgb.html"},{"name":"rosReadXYZ","type":"function","fcntype":"simple","refpurpose":"ROS または ROS 2 点群メッセージ構造体からの XYZ 座標の抽出","href":"ref\/rosreadxyz.html"},{"name":"rosShowDetails","type":"function","fcntype":"simple","refpurpose":"すべての ROS メッセージの内容の表示","href":"ref\/rosshowdetails.html"},{"name":"rosshutdown","type":"function","fcntype":"simple","refpurpose":"ROS システムのシャットダウン","href":"ref\/rosshutdown.html"},{"name":"receive","type":"function","fcntype":"instancemethod","refpurpose":"新しい ROS メッセージを待機","href":"ref\/rossubscriber.receive.html"},{"name":"rossubscriber.receive","type":"method","fcntype":"instancemethod","refpurpose":"新しい ROS メッセージを待機","href":"ref\/rossubscriber.receive.html"},{"name":"rostopic","type":"function","fcntype":"simple","refpurpose":"ROS トピックに関する情報の取得","href":"ref\/rostopic.html"},{"name":"rosWriteOccupancyGrid","type":"function","fcntype":"simple","refpurpose":"占有グリッドの値を ROS または ROS 2 メッセージ構造体に書き込み","href":"ref\/roswriteoccupancygrid.html"},{"name":"scatter3","type":"function","fcntype":"simple","refpurpose":"散布図での点群の表示","href":"ref\/scatter3.html"},{"name":"dist","type":"function","fcntype":"instancemethod","refpurpose":"変換間の距離を計算する","href":"ref\/se2.dist.html"},{"name":"se2.dist","type":"method","fcntype":"instancemethod","refpurpose":"変換間の距離を計算する","href":"ref\/se2.dist.html"},{"name":"se3.dist","type":"method","fcntype":"instancemethod","refpurpose":"変換間の距離を計算する","href":"ref\/se2.dist.html"},{"name":"so2.dist","type":"method","fcntype":"instancemethod","refpurpose":"変換間の距離を計算する","href":"ref\/se2.dist.html"},{"name":"so3.dist","type":"method","fcntype":"instancemethod","refpurpose":"変換間の距離を計算する","href":"ref\/se2.dist.html"},{"name":"interp","type":"function","fcntype":"instancemethod","refpurpose":"変換の間で内挿する","href":"ref\/se2.interp.html"},{"name":"se2.interp","type":"method","fcntype":"instancemethod","refpurpose":"変換の間で内挿する","href":"ref\/se2.interp.html"},{"name":"se3.interp","type":"method","fcntype":"instancemethod","refpurpose":"変換の間で内挿する","href":"ref\/se2.interp.html"},{"name":"so2.interp","type":"method","fcntype":"instancemethod","refpurpose":"変換の間で内挿する","href":"ref\/se2.interp.html"},{"name":"so3.interp","type":"method","fcntype":"instancemethod","refpurpose":"変換の間で内挿する","href":"ref\/se2.interp.html"},{"name":"mrdivide","type":"function","fcntype":"instancemethod","refpurpose":"変換または回転の右除算","href":"ref\/se2.mrdivide.html"},{"name":"\/","type":"function","fcntype":"instancemethod","refpurpose":"変換または回転の右除算","href":"ref\/se2.mrdivide.html"},{"name":"se2.mrdivide","type":"method","fcntype":"instancemethod","refpurpose":"変換または回転の右除算","href":"ref\/se2.mrdivide.html"},{"name":"se3.mrdivide","type":"method","fcntype":"instancemethod","refpurpose":"変換または回転の右除算","href":"ref\/se2.mrdivide.html"},{"name":"so2.mrdivide","type":"method","fcntype":"instancemethod","refpurpose":"変換または回転の右除算","href":"ref\/se2.mrdivide.html"},{"name":"so3.mrdivide","type":"method","fcntype":"instancemethod","refpurpose":"変換または回転の右除算","href":"ref\/se2.mrdivide.html"},{"name":"mtimes","type":"function","fcntype":"instancemethod","refpurpose":"変換または回転の乗算","href":"ref\/se2.mtimes.html"},{"name":"*","type":"function","fcntype":"instancemethod","refpurpose":"変換または回転の乗算","href":"ref\/se2.mtimes.html"},{"name":"se2.mtimes","type":"method","fcntype":"instancemethod","refpurpose":"変換または回転の乗算","href":"ref\/se2.mtimes.html"},{"name":"se3.mtimes","type":"method","fcntype":"instancemethod","refpurpose":"変換または回転の乗算","href":"ref\/se2.mtimes.html"},{"name":"so2.mtimes","type":"method","fcntype":"instancemethod","refpurpose":"変換または回転の乗算","href":"ref\/se2.mtimes.html"},{"name":"so3.mtimes","type":"method","fcntype":"instancemethod","refpurpose":"変換または回転の乗算","href":"ref\/se2.mtimes.html"},{"name":"normalize","type":"function","fcntype":"instancemethod","refpurpose":"変換行列または回転行列を正規化する","href":"ref\/se2.normalize.html"},{"name":"se2.normalize","type":"method","fcntype":"instancemethod","refpurpose":"変換行列または回転行列を正規化する","href":"ref\/se2.normalize.html"},{"name":"se3.normalize","type":"method","fcntype":"instancemethod","refpurpose":"変換行列または回転行列を正規化する","href":"ref\/se2.normalize.html"},{"name":"so2.normalize","type":"method","fcntype":"instancemethod","refpurpose":"変換行列または回転行列を正規化する","href":"ref\/se2.normalize.html"},{"name":"so3.normalize","type":"method","fcntype":"instancemethod","refpurpose":"変換行列または回転行列を正規化する","href":"ref\/se2.normalize.html"},{"name":"rdivide","type":"function","fcntype":"instancemethod","refpurpose":"要素単位の変換または回転の右除算","href":"ref\/se2.rdivide.html"},{"name":".\/","type":"function","fcntype":"instancemethod","refpurpose":"要素単位の変換または回転の右除算","href":"ref\/se2.rdivide.html"},{"name":"se2.rdivide","type":"method","fcntype":"instancemethod","refpurpose":"要素単位の変換または回転の右除算","href":"ref\/se2.rdivide.html"},{"name":"se3.rdivide","type":"method","fcntype":"instancemethod","refpurpose":"要素単位の変換または回転の右除算","href":"ref\/se2.rdivide.html"},{"name":"so2.rdivide","type":"method","fcntype":"instancemethod","refpurpose":"要素単位の変換または回転の右除算","href":"ref\/se2.rdivide.html"},{"name":"so3.rdivide","type":"method","fcntype":"instancemethod","refpurpose":"要素単位の変換または回転の右除算","href":"ref\/se2.rdivide.html"},{"name":"rotm","type":"function","fcntype":"instancemethod","refpurpose":"回転行列の抽出","href":"ref\/se2.rotm.html"},{"name":"se2.rotm","type":"method","fcntype":"instancemethod","refpurpose":"回転行列の抽出","href":"ref\/se2.rotm.html"},{"name":"se3.rotm","type":"method","fcntype":"instancemethod","refpurpose":"回転行列の抽出","href":"ref\/se2.rotm.html"},{"name":"so2.rotm","type":"method","fcntype":"instancemethod","refpurpose":"回転行列の抽出","href":"ref\/se2.rotm.html"},{"name":"so3.rotm","type":"method","fcntype":"instancemethod","refpurpose":"回転行列の抽出","href":"ref\/se2.rotm.html"},{"name":"tform","type":"function","fcntype":"instancemethod","refpurpose":"同次変換の抽出","href":"ref\/se2.tform.html"},{"name":"se2.tform","type":"method","fcntype":"instancemethod","refpurpose":"同次変換の抽出","href":"ref\/se2.tform.html"},{"name":"se3.tform","type":"method","fcntype":"instancemethod","refpurpose":"同次変換の抽出","href":"ref\/se2.tform.html"},{"name":"theta","type":"function","fcntype":"instancemethod","refpurpose":"変換または回転を 2 次元回転角度に変換する","href":"ref\/se2.theta.html"},{"name":"se2.theta","type":"method","fcntype":"instancemethod","refpurpose":"変換または回転を 2 次元回転角度に変換する","href":"ref\/se2.theta.html"},{"name":"so2.theta","type":"method","fcntype":"instancemethod","refpurpose":"変換または回転を 2 次元回転角度に変換する","href":"ref\/se2.theta.html"},{"name":"times","type":"function","fcntype":"instancemethod","refpurpose":"要素単位の変換または回転の乗算","href":"ref\/se2.times.html"},{"name":".*","type":"function","fcntype":"instancemethod","refpurpose":"要素単位の変換または回転の乗算","href":"ref\/se2.times.html"},{"name":"se2.times","type":"method","fcntype":"instancemethod","refpurpose":"要素単位の変換または回転の乗算","href":"ref\/se2.times.html"},{"name":"se3.times","type":"method","fcntype":"instancemethod","refpurpose":"要素単位の変換または回転の乗算","href":"ref\/se2.times.html"},{"name":"so2.times","type":"method","fcntype":"instancemethod","refpurpose":"要素単位の変換または回転の乗算","href":"ref\/se2.times.html"},{"name":"so3.times","type":"method","fcntype":"instancemethod","refpurpose":"要素単位の変換または回転の乗算","href":"ref\/se2.times.html"},{"name":"transform","type":"function","fcntype":"instancemethod","refpurpose":"剛体変換を点に適用する","href":"ref\/se2.transform.html"},{"name":"se2.transform","type":"method","fcntype":"instancemethod","refpurpose":"剛体変換を点に適用する","href":"ref\/se2.transform.html"},{"name":"se3.transform","type":"method","fcntype":"instancemethod","refpurpose":"剛体変換を点に適用する","href":"ref\/se2.transform.html"},{"name":"so2.transform","type":"method","fcntype":"instancemethod","refpurpose":"剛体変換を点に適用する","href":"ref\/se2.transform.html"},{"name":"so3.transform","type":"method","fcntype":"instancemethod","refpurpose":"剛体変換を点に適用する","href":"ref\/se2.transform.html"},{"name":"trvec","type":"function","fcntype":"instancemethod","refpurpose":"並進ベクトルを抽出する","href":"ref\/se2.trvec.html"},{"name":"se2.trvec","type":"method","fcntype":"instancemethod","refpurpose":"並進ベクトルを抽出する","href":"ref\/se2.trvec.html"},{"name":"se3.trvec","type":"method","fcntype":"instancemethod","refpurpose":"並進ベクトルを抽出する","href":"ref\/se2.trvec.html"},{"name":"xytheta","type":"function","fcntype":"instancemethod","refpurpose":"変換または回転をコンパクトな 2 次元姿勢表現に変換する","href":"ref\/se2.xytheta.html"},{"name":"se2.xytheta","type":"method","fcntype":"instancemethod","refpurpose":"変換または回転をコンパクトな 2 次元姿勢表現に変換する","href":"ref\/se2.xytheta.html"},{"name":"so2.xytheta","type":"method","fcntype":"instancemethod","refpurpose":"変換または回転をコンパクトな 2 次元姿勢表現に変換する","href":"ref\/se2.xytheta.html"},{"name":"se2","type":"function","fcntype":"constructor","refpurpose":"SE(2) 同次変換","href":"ref\/se2.html"},{"name":"se2","type":"object","refpurpose":"SE(2) 同次変換","href":"ref\/se2.html"},{"name":"axang","type":"function","fcntype":"instancemethod","refpurpose":"変換または回転を軸角度回転に変換する","href":"ref\/se3.axang.html"},{"name":"se3.axang","type":"method","fcntype":"instancemethod","refpurpose":"変換または回転を軸角度回転に変換する","href":"ref\/se3.axang.html"},{"name":"so3.axang","type":"method","fcntype":"instancemethod","refpurpose":"変換または回転を軸角度回転に変換する","href":"ref\/se3.axang.html"},{"name":"eul","type":"function","fcntype":"instancemethod","refpurpose":"変換または回転をオイラー角に変換する","href":"ref\/se3.eul.html"},{"name":"se3.eul","type":"method","fcntype":"instancemethod","refpurpose":"変換または回転をオイラー角に変換する","href":"ref\/se3.eul.html"},{"name":"so3.eul","type":"method","fcntype":"instancemethod","refpurpose":"変換または回転をオイラー角に変換する","href":"ref\/se3.eul.html"},{"name":"quat","type":"function","fcntype":"instancemethod","refpurpose":"変換または回転を四元数に変換する","href":"ref\/se3.quat.html"},{"name":"se3.quat","type":"method","fcntype":"instancemethod","refpurpose":"変換または回転を四元数に変換する","href":"ref\/se3.quat.html"},{"name":"so3.quat","type":"method","fcntype":"instancemethod","refpurpose":"変換または回転を四元数に変換する","href":"ref\/se3.quat.html"},{"name":"xyzquat","type":"function","fcntype":"instancemethod","refpurpose":"変換または回転をコンパクトな 3 次元姿勢表現に変換する","href":"ref\/se3.xyzquat.html"},{"name":"se3.xyzquat","type":"method","fcntype":"instancemethod","refpurpose":"変換または回転をコンパクトな 3 次元姿勢表現に変換する","href":"ref\/se3.xyzquat.html"},{"name":"so3.xyzquat","type":"method","fcntype":"instancemethod","refpurpose":"変換または回転をコンパクトな 3 次元姿勢表現に変換する","href":"ref\/se3.xyzquat.html"},{"name":"se3","type":"function","fcntype":"constructor","refpurpose":"SE(3) 同次変換","href":"ref\/se3.html"},{"name":"se3","type":"object","refpurpose":"SE(3) 同次変換","href":"ref\/se3.html"},{"name":"seconds","type":"function","fcntype":"simple","refpurpose":"時間または持続時間の秒数を返す","href":"ref\/seconds.html"},{"name":"select","type":"function","fcntype":"simple","refpurpose":"rosbag 内のメッセージのサブセットを選択","href":"ref\/select.html"},{"name":"send","type":"function","fcntype":"simple","refpurpose":"ROS メッセージをトピックにパブリッシュ","href":"ref\/send.html"},{"name":"showdetails","type":"function","fcntype":"simple","refpurpose":"(削除予定) すべての ROS メッセージの内容の表示","href":"ref\/showdetails.html"},{"name":"so2","type":"function","fcntype":"constructor","refpurpose":"SO(2) 回転","href":"ref\/so2.html"},{"name":"so2","type":"object","refpurpose":"SO(2) 回転","href":"ref\/so2.html"},{"name":"so3","type":"function","fcntype":"constructor","refpurpose":"SO(3) 回転","href":"ref\/so3.html"},{"name":"so3","type":"object","refpurpose":"SO(3) 回転","href":"ref\/so3.html"},{"name":"ros.Rate.statistics","type":"method","fcntype":"instancemethod","refpurpose":"過去の実行周期の統計","href":"ref\/statistics.html"},{"name":"Subscribe","type":"block","refpurpose":"ROS ネットワークからメッセージを受信","href":"ref\/subscribe.html"},{"name":"rossubscriber","type":"function","fcntype":"simple","refpurpose":"トピック上のメッセージをサブスクライブ","href":"ref\/subscriber.html"},{"name":"Subscriber","type":"object","refpurpose":"トピック上のメッセージをサブスクライブ","href":"ref\/subscriber.html"},{"name":"Subscriber.TopicName","type":"property","refpurpose":"サブスクライブされるトピックの名前","href":"ref\/subscriber.html"},{"name":"Subscriber.MessageType","type":"property","refpurpose":"サブスクライブされるメッセージのメッセージ タイプ","href":"ref\/subscriber.html"},{"name":"Subscriber.LatestMessage","type":"property","refpurpose":"トピックに最後に送信されたメッセージ","href":"ref\/subscriber.html"},{"name":"Subscriber.BufferSize","type":"property","refpurpose":"バッファー サイズ","href":"ref\/subscriber.html"},{"name":"Subscriber.NewMessageFcn","type":"property","refpurpose":"コールバック プロパティ","href":"ref\/subscriber.html"},{"name":"Subscriber.DataFormat","type":"property","refpurpose":"メッセージ形式","href":"ref\/subscriber.html"},{"name":"timeseries","type":"function","fcntype":"simple","refpurpose":"選択したメッセージ プロパティの時系列オブジェクトの作成","href":"ref\/timeseries.html"},{"name":"transform","type":"function","fcntype":"simple","refpurpose":"メッセージ エンティティからターゲット座標系への変換","href":"ref\/transform.html"}]}