{"schema":"referenceapi_lookup_schema.json","schemaVersion":"1.0","docVersion":"doc25a.2968260.Bdoc25a.2967890.pass.r2025a","productName":"Satellite Communications Toolbox","baseCode":"SI","helpFolder":"satcom","helpLocation":"satcom",  "refItems" : [{"name":"dopplerShiftCircularOrbit","type":"function","fcntype":"simple","refpurpose":"円軌道衛星による地上局でのドップラーシフトを計算する","href":"ref\/dopplershiftcircularorbit.html"},{"name":"DVBS-APSK Demodulator Baseband","type":"block","refpurpose":"DVB-S2\/S2X\/SH規格固有のAPSK復調","href":"ref\/dvbsapskdemodulatorbaseband.html"},{"name":"geoTrajectory","type":"function","fcntype":"constructor","refpurpose":"測地経緯度におけるウェイポイントの軌跡","href":"ref\/geotrajectory-system-object.html"},{"name":"geoTrajectory","type":"sysobj","refpurpose":"測地経緯度におけるウェイポイントの軌跡","href":"ref\/geotrajectory-system-object.html"},{"name":"geoTrajectory.SampleRate","type":"property","refpurpose":"軌跡のサンプル レート (Hz)","href":"ref\/geotrajectory-system-object.html"},{"name":"geoTrajectory.SamplesPerFrame","type":"property","refpurpose":"出力フレームあたりのサンプル数","href":"ref\/geotrajectory-system-object.html"},{"name":"geoTrajectory.Waypoints","type":"property","refpurpose":"測地経緯度における位置 [度 度 m]","href":"ref\/geotrajectory-system-object.html"},{"name":"geoTrajectory.TimeOfArrival","type":"property","refpurpose":"各ウェイポイントにおける時間 (s)","href":"ref\/geotrajectory-system-object.html"},{"name":"geoTrajectory.Velocities","type":"property","refpurpose":"各ウェイポイントにおけるローカル基準座標系の速度 (m\/s)","href":"ref\/geotrajectory-system-object.html"},{"name":"geoTrajectory.Course","type":"property","refpurpose":"速度方向と北の間の角度（度）","href":"ref\/geotrajectory-system-object.html"},{"name":"geoTrajectory.GroundSpeed","type":"property","refpurpose":"各ウェイポイントにおける対地速度 (m\/s)","href":"ref\/geotrajectory-system-object.html"},{"name":"geoTrajectory.Climbrate","type":"property","refpurpose":"各ウェイポイントにおける上昇率 (m\/s)","href":"ref\/geotrajectory-system-object.html"},{"name":"geoTrajectory.Orientation","type":"property","refpurpose":"各ウェイポイントにおける方向","href":"ref\/geotrajectory-system-object.html"},{"name":"geoTrajectory.AutoPitch","type":"property","refpurpose":"ピッチ角を運動方向に合わせる","href":"ref\/geotrajectory-system-object.html"},{"name":"geoTrajectory.AutoBank","type":"property","refpurpose":"ロール角を調整して向心力に抗する","href":"ref\/geotrajectory-system-object.html"},{"name":"geoTrajectory.ReferenceFrame","type":"property","refpurpose":"軌道のローカル基準座標系","href":"ref\/geotrajectory-system-object.html"},{"name":"lookupPose","type":"function","fcntype":"instancemethod","refpurpose":"特定の時間における測地軌跡の姿勢を取得する","href":"ref\/geotrajectory.lookuppose.html"},{"name":"geoTrajectory.lookupPose","type":"method","fcntype":"instancemethod","refpurpose":"特定の時間における測地軌跡の姿勢を取得する","href":"ref\/geotrajectory.lookuppose.html"},{"name":"gnssCACode","type":"function","fcntype":"simple","refpurpose":"GPS、 NavIC、 QZSS衛星用のC\/A コードを生成する","href":"ref\/gnsscacode.html"},{"name":"perturb","type":"function","fcntype":"instancemethod","refpurpose":"摂動をオブジェクトに適用する","href":"ref\/inssensor.perturb.html"},{"name":"insSensor.perturb","type":"method","fcntype":"instancemethod","refpurpose":"摂動をオブジェクトに適用する","href":"ref\/inssensor.perturb.html"},{"name":"imuSensor.perturb","type":"method","fcntype":"instancemethod","refpurpose":"摂動をオブジェクトに適用する","href":"ref\/inssensor.perturb.html"},{"name":"waypointTrajectory.perturb","type":"method","fcntype":"instancemethod","refpurpose":"摂動をオブジェクトに適用する","href":"ref\/inssensor.perturb.html"},{"name":"kinematicTrajectory.perturb","type":"method","fcntype":"instancemethod","refpurpose":"摂動をオブジェクトに適用する","href":"ref\/inssensor.perturb.html"},{"name":"radarEmitter.perturb","type":"method","fcntype":"instancemethod","refpurpose":"摂動をオブジェクトに適用する","href":"ref\/inssensor.perturb.html"},{"name":"radarSensor.perturb","type":"method","fcntype":"instancemethod","refpurpose":"摂動をオブジェクトに適用する","href":"ref\/inssensor.perturb.html"},{"name":"monostaticRadarSensor.perturb","type":"method","fcntype":"instancemethod","refpurpose":"摂動をオブジェクトに適用する","href":"ref\/inssensor.perturb.html"},{"name":"rcsSignature.perturb","type":"method","fcntype":"instancemethod","refpurpose":"摂動をオブジェクトに適用する","href":"ref\/inssensor.perturb.html"},{"name":"sonarEmitter.perturb","type":"method","fcntype":"instancemethod","refpurpose":"摂動をオブジェクトに適用する","href":"ref\/inssensor.perturb.html"},{"name":"sonarSensor.perturb","type":"method","fcntype":"instancemethod","refpurpose":"摂動をオブジェクトに適用する","href":"ref\/inssensor.perturb.html"},{"name":"irSensor.perturb","type":"method","fcntype":"instancemethod","refpurpose":"摂動をオブジェクトに適用する","href":"ref\/inssensor.perturb.html"},{"name":"irSignature.perturb","type":"method","fcntype":"instancemethod","refpurpose":"摂動をオブジェクトに適用する","href":"ref\/inssensor.perturb.html"},{"name":"tsSignature.perturb","type":"method","fcntype":"instancemethod","refpurpose":"摂動をオブジェクトに適用する","href":"ref\/inssensor.perturb.html"},{"name":"geoTrajectory.perturb","type":"method","fcntype":"instancemethod","refpurpose":"摂動をオブジェクトに適用する","href":"ref\/inssensor.perturb.html"},{"name":"perturbations","type":"function","fcntype":"instancemethod","refpurpose":"オブジェクトに定義された摂動","href":"ref\/inssensor.perturbations.html"},{"name":"insSensor.perturbations","type":"method","fcntype":"instancemethod","refpurpose":"オブジェクトに定義された摂動","href":"ref\/inssensor.perturbations.html"},{"name":"imuSensor.perturbations","type":"method","fcntype":"instancemethod","refpurpose":"オブジェクトに定義された摂動","href":"ref\/inssensor.perturbations.html"},{"name":"waypointTrajectory.perturbations","type":"method","fcntype":"instancemethod","refpurpose":"オブジェクトに定義された摂動","href":"ref\/inssensor.perturbations.html"},{"name":"kinematicTrajectory.perturbations","type":"method","fcntype":"instancemethod","refpurpose":"オブジェクトに定義された摂動","href":"ref\/inssensor.perturbations.html"},{"name":"radarEmitter.perturbations","type":"method","fcntype":"instancemethod","refpurpose":"オブジェクトに定義された摂動","href":"ref\/inssensor.perturbations.html"},{"name":"radarSensor.perturbations","type":"method","fcntype":"instancemethod","refpurpose":"オブジェクトに定義された摂動","href":"ref\/inssensor.perturbations.html"},{"name":"monostaticRadarSensor.perturbations","type":"method","fcntype":"instancemethod","refpurpose":"オブジェクトに定義された摂動","href":"ref\/inssensor.perturbations.html"},{"name":"rcsSignature.perturbations","type":"method","fcntype":"instancemethod","refpurpose":"オブジェクトに定義された摂動","href":"ref\/inssensor.perturbations.html"},{"name":"sonarEmitter.perturbations","type":"method","fcntype":"instancemethod","refpurpose":"オブジェクトに定義された摂動","href":"ref\/inssensor.perturbations.html"},{"name":"sonarSensor.perturbations","type":"method","fcntype":"instancemethod","refpurpose":"オブジェクトに定義された摂動","href":"ref\/inssensor.perturbations.html"},{"name":"irSensor.perturbations","type":"method","fcntype":"instancemethod","refpurpose":"オブジェクトに定義された摂動","href":"ref\/inssensor.perturbations.html"},{"name":"irSignature.perturbations","type":"method","fcntype":"instancemethod","refpurpose":"オブジェクトに定義された摂動","href":"ref\/inssensor.perturbations.html"},{"name":"tsSignature.perturbations","type":"method","fcntype":"instancemethod","refpurpose":"オブジェクトに定義された摂動","href":"ref\/inssensor.perturbations.html"},{"name":"geoTrajectory.perturbations","type":"method","fcntype":"instancemethod","refpurpose":"オブジェクトに定義された摂動","href":"ref\/inssensor.perturbations.html"},{"name":"accessIntervals","type":"function","fcntype":"instancemethod","refpurpose":"アクセスステータスが true である間隔","href":"ref\/matlabshared.satellitescenario.access.accessintervals.html"},{"name":"matlabshared.satellitescenario.Access.accessIntervals","type":"method","fcntype":"instancemethod","refpurpose":"アクセスステータスが true である間隔","href":"ref\/matlabshared.satellitescenario.access.accessintervals.html"},{"name":"accessPercentage","type":"function","fcntype":"instancemethod","refpurpose":"アクセス解析における最初のノードと最後のノードの間にアクセスが存在する時間の割合","href":"ref\/matlabshared.satellitescenario.access.accesspercentage.html"},{"name":"matlabshared.satellitescenario.Access.accessPercentage","type":"method","fcntype":"instancemethod","refpurpose":"アクセス解析における最初のノードと最後のノードの間にアクセスが存在する時間の割合","href":"ref\/matlabshared.satellitescenario.access.accesspercentage.html"},{"name":"accessStatus","type":"function","fcntype":"instancemethod","refpurpose":"アクセス解析を定義する最初のノードと最後のノード間のアクセスの状態","href":"ref\/matlabshared.satellitescenario.access.accessstatus.html"},{"name":"matlabshared.satellitescenario.access.accessStatus","type":"method","fcntype":"instancemethod","refpurpose":"アクセス解析を定義する最初のノードと最後のノード間のアクセスの状態","href":"ref\/matlabshared.satellitescenario.access.accessstatus.html"},{"name":"matlabshared.satellitescenario.Access","type":"object","refpurpose":"シナリオに属するアクセス分析オブジェクト","href":"ref\/matlabshared.satellitescenario.access.html"},{"name":"matlabshared.satellitescenario.Access.Sequence","type":"property","refpurpose":"衛星、地上局、プラットフォーム、またはコニカル センサーのID","href":"ref\/matlabshared.satellitescenario.access.html"},{"name":"matlabshared.satellitescenario.Access.LineWidth","type":"property","refpurpose":"アクセス解析オブジェクトの視覚的な幅","href":"ref\/matlabshared.satellitescenario.access.html"},{"name":"matlabshared.satellitescenario.Access.LineColor","type":"property","refpurpose":"解析ラインの色","href":"ref\/matlabshared.satellitescenario.access.html"},{"name":"fieldOfView","type":"function","fcntype":"instancemethod","refpurpose":"円錐型センサーの視野を可視化する","href":"ref\/matlabshared.satellitescenario.conicalsensor.fieldofview.html"},{"name":"matlabshared.satellitescenario.conicalSensor.fieldOfView","type":"method","fcntype":"instancemethod","refpurpose":"円錐型センサーの視野を可視化する","href":"ref\/matlabshared.satellitescenario.conicalsensor.fieldofview.html"},{"name":"matlabshared.satellitescenario.FieldOfView","type":"object","refpurpose":"衛星シナリオに属する視野オブジェクト","href":"ref\/matlabshared.satellitescenario.fieldofview.html"},{"name":"matlabshared.satellitescenario.FieldOfView.LineWidth","type":"property","refpurpose":"ビュー コンターの視覚的な幅","href":"ref\/matlabshared.satellitescenario.fieldofview.html"},{"name":"matlabshared.satellitescenario.FieldOfView.LineColor","type":"property","refpurpose":"ビュー コンター輪郭の色","href":"ref\/matlabshared.satellitescenario.fieldofview.html"},{"name":"matlabshared.satellitescenario.FieldOfView.VisibilityMode","type":"property","refpurpose":"ビュー コンターの可視モード","href":"ref\/matlabshared.satellitescenario.fieldofview.html"},{"name":"matlabshared.satellitescenario.gimbal.gimbalAngles","type":"method","fcntype":"instancemethod","refpurpose":"ジンバルのステアリング角度","href":"ref\/matlabshared.satellitescenario.gimbal.gimbalangles.html"},{"name":"access","type":"function","fcntype":"instancemethod","refpurpose":"サテライトシナリオにアクセス解析オブジェクトを追加する","href":"ref\/matlabshared.satellitescenario.groundstation.access.html"},{"name":"matlabshared.satellitescenario.GroundStation.access","type":"method","fcntype":"instancemethod","refpurpose":"サテライトシナリオにアクセス解析オブジェクトを追加する","href":"ref\/matlabshared.satellitescenario.groundstation.access.html"},{"name":"matlabshared.satellitescenario.Satellite.access","type":"method","fcntype":"instancemethod","refpurpose":"サテライトシナリオにアクセス解析オブジェクトを追加する","href":"ref\/matlabshared.satellitescenario.groundstation.access.html"},{"name":"matlabshared.satellitescenario.ConicalSensor.access","type":"method","fcntype":"instancemethod","refpurpose":"サテライトシナリオにアクセス解析オブジェクトを追加する","href":"ref\/matlabshared.satellitescenario.groundstation.access.html"},{"name":"matlabshared.satellitescenario.Platform.access","type":"method","fcntype":"instancemethod","refpurpose":"サテライトシナリオにアクセス解析オブジェクトを追加する","href":"ref\/matlabshared.satellitescenario.groundstation.access.html"},{"name":"show","type":"function","fcntype":"instancemethod","refpurpose":"衛星シナリオビューアでオブジェクトを表示する","href":"ref\/matlabshared.satellitescenario.groundstation.show.html"},{"name":"matlabshared.satellitescenario.GroundStation.show","type":"method","fcntype":"instancemethod","refpurpose":"衛星シナリオビューアでオブジェクトを表示する","href":"ref\/matlabshared.satellitescenario.groundstation.show.html"},{"name":"matlabshared.satellitescenario.GroundStation","type":"object","refpurpose":"衛星シナリオに属する地上局オブジェクト","href":"ref\/matlabshared.satellitescenario.groundstation.html"},{"name":"matlabshared.satellitescenario.GroundStation.Name","type":"property","refpurpose":"GroundStation の名前","href":"ref\/matlabshared.satellitescenario.groundstation.html"},{"name":"matlabshared.satellitescenario.GroundStation.ID","type":"property","refpurpose":"GroundStation シミュレータによって割り当てられたID","href":"ref\/matlabshared.satellitescenario.groundstation.html"},{"name":"matlabshared.satellitescenario.GroundStation.Latitude","type":"property","refpurpose":"地上局の測地緯度","href":"ref\/matlabshared.satellitescenario.groundstation.html"},{"name":"matlabshared.satellitescenario.GroundStation.Longitude","type":"property","refpurpose":"地上局の測地経度","href":"ref\/matlabshared.satellitescenario.groundstation.html"},{"name":"matlabshared.satellitescenario.GroundStation.Altitude","type":"property","refpurpose":"地上局の高度","href":"ref\/matlabshared.satellitescenario.groundstation.html"},{"name":"matlabshared.satellitescenario.GroundStation.CoordinateAxes","type":"property","refpurpose":"座標軸トライアド グラフィックオブジェクト","href":"ref\/matlabshared.satellitescenario.groundstation.html"},{"name":"matlabshared.satellitescenario.GroundStation.MinElevationAngle","type":"property","refpurpose":"最小仰角","href":"ref\/matlabshared.satellitescenario.groundstation.html"},{"name":"matlabshared.satellitescenario.GroundStation.MaskElevationAngle","type":"property","refpurpose":"視認性マスクの仰角","href":"ref\/matlabshared.satellitescenario.groundstation.html"},{"name":"matlabshared.satellitescenario.GroundStation.MaskAzimuthEdges","type":"property","refpurpose":"可視性マスクの方位角角","href":"ref\/matlabshared.satellitescenario.groundstation.html"},{"name":"matlabshared.satellitescenario.GroundStation.Accesses","type":"property","refpurpose":"アクセス解析オブジェクト","href":"ref\/matlabshared.satellitescenario.groundstation.html"},{"name":"matlabshared.satellitescenario.GroundStation.ConicalSensors","type":"property","refpurpose":"コニカル センサー","href":"ref\/matlabshared.satellitescenario.groundstation.html"},{"name":"matlabshared.satellitescenario.GroundStation.Gimbals","type":"property","refpurpose":"ジンバル","href":"ref\/matlabshared.satellitescenario.groundstation.html"},{"name":"matlabshared.satellitescenario.GroundStation.Transmitters","type":"property","refpurpose":"GroundStationに接続された送信機","href":"ref\/matlabshared.satellitescenario.groundstation.html"},{"name":"matlabshared.satellitescenario.GroundStation.Receivers","type":"property","refpurpose":"衛星に取り付けられた受信機","href":"ref\/matlabshared.satellitescenario.groundstation.html"},{"name":"matlabshared.satellitescenario.GroundStation.MarkerColor","type":"property","refpurpose":"マーカーの色","href":"ref\/matlabshared.satellitescenario.groundstation.html"},{"name":"matlabshared.satellitescenario.GroundStation.MarkerSize","type":"property","refpurpose":"マーカーのサイズ","href":"ref\/matlabshared.satellitescenario.groundstation.html"},{"name":"matlabshared.satellitescenario.GroundStation.ShowLabel","type":"property","refpurpose":"GroundStationラベルの可視性の状態","href":"ref\/matlabshared.satellitescenario.groundstation.html"},{"name":"matlabshared.satellitescenario.GroundStation.LabelFontSize","type":"property","refpurpose":"GroundStationラベルのフォントサイズ","href":"ref\/matlabshared.satellitescenario.groundstation.html"},{"name":"matlabshared.satellitescenario.GroundStation.LabelFontColor","type":"property","refpurpose":"GroundStationラベルのフォント色","href":"ref\/matlabshared.satellitescenario.groundstation.html"},{"name":"matlabshared.satellitescenario.GroundTrack","type":"object","refpurpose":"シナリオ内の衛星またはプラットフォームに属するグラウンド トラックオブジェクト","href":"ref\/matlabshared.satellitescenario.groundtrack.html"},{"name":"matlabshared.satellitescenario.GroundTrack.LeadTime","type":"property","refpurpose":"地上軌跡を可視化する期間","href":"ref\/matlabshared.satellitescenario.groundtrack.html"},{"name":"matlabshared.satellitescenario.GroundTrack.TrailTime","type":"property","refpurpose":"可視化される地上軌跡の履歴の期間","href":"ref\/matlabshared.satellitescenario.groundtrack.html"},{"name":"matlabshared.satellitescenario.GroundTrack.LineWidth","type":"property","refpurpose":"グラウンド トラックの視覚的な幅","href":"ref\/matlabshared.satellitescenario.groundtrack.html"},{"name":"matlabshared.satellitescenario.GroundTrack.LeadLineColor","type":"property","refpurpose":"将来のグラウンド トラックの色","href":"ref\/matlabshared.satellitescenario.groundtrack.html"},{"name":"matlabshared.satellitescenario.GroundTrack.TrailLineColor","type":"property","refpurpose":"グラウンド トラックの履歴の色","href":"ref\/matlabshared.satellitescenario.groundtrack.html"},{"name":"matlabshared.satellitescenario.GroundTrack.VisibilityMode","type":"property","refpurpose":"グラウンド トラックの可視モード","href":"ref\/matlabshared.satellitescenario.groundtrack.html"},{"name":"matlabshared.satellitescenario.orbit","type":"object","refpurpose":"軌道可視化衛星オブジェクト","href":"ref\/matlabshared.satellitescenario.orbit.html"},{"name":"matlabshared.satellitescenario.orbit.viewer","type":"property","refpurpose":"衛星シナリオ ビューアー","href":"ref\/matlabshared.satellitescenario.orbit.html"},{"name":"matlabshared.satellitescenario.orbit.LeadTime","type":"property","refpurpose":"将来の軌道の期間を可視化する","href":"ref\/matlabshared.satellitescenario.orbit.html"},{"name":"matlabshared.satellitescenario.orbit.TrailTime","type":"property","refpurpose":"可視化される軌道履歴の期間","href":"ref\/matlabshared.satellitescenario.orbit.html"},{"name":"matlabshared.satellitescenario.orbit.LineWidth","type":"property","refpurpose":"軌道の視覚的な幅","href":"ref\/matlabshared.satellitescenario.orbit.html"},{"name":"matlabshared.satellitescenario.orbit.LineColor","type":"property","refpurpose":"軌道線の色","href":"ref\/matlabshared.satellitescenario.orbit.html"},{"name":"matlabshared.satellitescenario.orbit.VisibilityMode","type":"property","refpurpose":"軌道の可視モード","href":"ref\/matlabshared.satellitescenario.orbit.html"},{"name":"matlabshared.satellitescenario.path","type":"object","refpurpose":"プラットフォームに対応するパスグラフィックオブジェクト","href":"ref\/matlabshared.satellitescenario.path.html"},{"name":"matlabshared.satellitescenario.path.viewer","type":"property","refpurpose":"衛星シナリオ ビューアー","href":"ref\/matlabshared.satellitescenario.path.html"},{"name":"matlabshared.satellitescenario.path.LineColor","type":"property","refpurpose":"パス可視化ラインの色","href":"ref\/matlabshared.satellitescenario.path.html"},{"name":"matlabshared.satellitescenario.path.LineWidth","type":"property","refpurpose":"パスの幅の可視化","href":"ref\/matlabshared.satellitescenario.path.html"},{"name":"matlabshared.satellitescenario.path.VisibilityMode","type":"property","refpurpose":"パスグラフィックの表示モード","href":"ref\/matlabshared.satellitescenario.path.html"},{"name":"matlabshared.satellitescenario.Platform","type":"object","refpurpose":"衛星シナリオにおけるプラットフォーム","href":"ref\/matlabshared.satellitescenario.platform.html"},{"name":"matlabshared.satellitescenario.Platform.Name","type":"property","refpurpose":"プラットフォーム名","href":"ref\/matlabshared.satellitescenario.platform.html"},{"name":"matlabshared.satellitescenario.Platform.ID","type":"property","refpurpose":"Platform シミュレータによって割り当てられたID","href":"ref\/matlabshared.satellitescenario.platform.html"},{"name":"matlabshared.satellitescenario.Platform.ConicalSensors","type":"property","refpurpose":"コニカル センサー","href":"ref\/matlabshared.satellitescenario.platform.html"},{"name":"matlabshared.satellitescenario.Platform.Gimbals","type":"property","refpurpose":"ジンバル","href":"ref\/matlabshared.satellitescenario.platform.html"},{"name":"matlabshared.satellitescenario.Platform.Transmitters","type":"property","refpurpose":"Platformに接続された送信機","href":"ref\/matlabshared.satellitescenario.platform.html"},{"name":"matlabshared.satellitescenario.Platform.Receivers","type":"property","refpurpose":"衛星に取り付けられた受信機","href":"ref\/matlabshared.satellitescenario.platform.html"},{"name":"matlabshared.satellitescenario.Platform.Accesses","type":"property","refpurpose":"アクセス解析オブジェクト","href":"ref\/matlabshared.satellitescenario.platform.html"},{"name":"matlabshared.satellitescenario.Platform.GroundTrack","type":"property","refpurpose":"Platformのグラウンド トラック","href":"ref\/matlabshared.satellitescenario.platform.html"},{"name":"matlabshared.satellitescenario.Platform.CoordinateAxes","type":"property","refpurpose":"座標軸トライアド グラフィックオブジェクト","href":"ref\/matlabshared.satellitescenario.platform.html"},{"name":"matlabshared.satellitescenario.Platform.Path","type":"property","refpurpose":"パスグラフィック","href":"ref\/matlabshared.satellitescenario.platform.html"},{"name":"matlabshared.satellitescenario.Platform.MarkerColor","type":"property","refpurpose":"マーカーの色","href":"ref\/matlabshared.satellitescenario.platform.html"},{"name":"matlabshared.satellitescenario.Platform.MarkerSize","type":"property","refpurpose":"マーカーのサイズ","href":"ref\/matlabshared.satellitescenario.platform.html"},{"name":"matlabshared.satellitescenario.Platform.ShowLabel","type":"property","refpurpose":"Platformラベルの可視性の状態","href":"ref\/matlabshared.satellitescenario.platform.html"},{"name":"matlabshared.satellitescenario.Platform.LabelFontColor","type":"property","refpurpose":"Platformラベルのフォント色","href":"ref\/matlabshared.satellitescenario.platform.html"},{"name":"matlabshared.satellitescenario.Platform.LabelFontSize","type":"property","refpurpose":"Platformラベルのフォントサイズ","href":"ref\/matlabshared.satellitescenario.platform.html"},{"name":"matlabshared.satellitescenario.Platform.Visual3DModel","type":"property","refpurpose":"3Dモデルファイルの名前","href":"ref\/matlabshared.satellitescenario.platform.html"},{"name":"matlabshared.satellitescenario.Platform.Visual3DModelScale","type":"property","refpurpose":"3Dモデルの線形スケーリング","href":"ref\/matlabshared.satellitescenario.platform.html"},{"name":"aer","type":"function","fcntype":"instancemethod","refpurpose":"NEDフレーム内の他の衛星または地上局の方位角角、仰角、範囲を計算します。","href":"ref\/matlabshared.satellitescenario.satellite.aer.html"},{"name":"matlabshared.satellitescenario.Satellite.aer","type":"method","fcntype":"instancemethod","refpurpose":"NEDフレーム内の他の衛星または地上局の方位角角、仰角、範囲を計算します。","href":"ref\/matlabshared.satellitescenario.satellite.aer.html"},{"name":"matlabshared.satellitescenario.GroundStation.aer","type":"method","fcntype":"instancemethod","refpurpose":"NEDフレーム内の他の衛星または地上局の方位角角、仰角、範囲を計算します。","href":"ref\/matlabshared.satellitescenario.satellite.aer.html"},{"name":"matlabshared.satellitescenario.Platform.aer","type":"method","fcntype":"instancemethod","refpurpose":"NEDフレーム内の他の衛星または地上局の方位角角、仰角、範囲を計算します。","href":"ref\/matlabshared.satellitescenario.satellite.aer.html"},{"name":"conicalSensor","type":"function","fcntype":"instancemethod","refpurpose":"衛星シナリオにコニカル センサーを追加する","href":"ref\/matlabshared.satellitescenario.satellite.conicalsensor.html"},{"name":"matlabshared.satellitescenario.satellite.conicalSensor","type":"method","fcntype":"instancemethod","refpurpose":"衛星シナリオにコニカル センサーを追加する","href":"ref\/matlabshared.satellitescenario.satellite.conicalsensor.html"},{"name":"matlabshared.satellitescenario.gimbal.conicalSensor","type":"method","fcntype":"instancemethod","refpurpose":"衛星シナリオにコニカル センサーを追加する","href":"ref\/matlabshared.satellitescenario.satellite.conicalsensor.html"},{"name":"matlabshared.satellitescenario.platform.conicalSensor","type":"method","fcntype":"instancemethod","refpurpose":"衛星シナリオにコニカル センサーを追加する","href":"ref\/matlabshared.satellitescenario.satellite.conicalsensor.html"},{"name":"coordinateAxes","type":"function","fcntype":"instancemethod","refpurpose":"衛星シナリオ アセットの座標軸トライアドを可視化する","href":"ref\/matlabshared.satellitescenario.satellite.coordinateaxes.html"},{"name":"matlabshared.satellitescenario.Satellite.coordinateAxes","type":"method","fcntype":"instancemethod","refpurpose":"衛星シナリオ アセットの座標軸トライアドを可視化する","href":"ref\/matlabshared.satellitescenario.satellite.coordinateaxes.html"},{"name":"matlabshared.satellitescenario.Gimbal.coordinateAxes","type":"method","fcntype":"instancemethod","refpurpose":"衛星シナリオ アセットの座標軸トライアドを可視化する","href":"ref\/matlabshared.satellitescenario.satellite.coordinateaxes.html"},{"name":"matlabshared.satellitescenario.GroundStation.coordinateAxes","type":"method","fcntype":"instancemethod","refpurpose":"衛星シナリオ アセットの座標軸トライアドを可視化する","href":"ref\/matlabshared.satellitescenario.satellite.coordinateaxes.html"},{"name":"matlabshared.satellitescenario.Platform.coordinateAxes","type":"method","fcntype":"instancemethod","refpurpose":"衛星シナリオ アセットの座標軸トライアドを可視化する","href":"ref\/matlabshared.satellitescenario.satellite.coordinateaxes.html"},{"name":"dopplershift","type":"function","fcntype":"instancemethod","refpurpose":"衛星シナリオにおけるターゲット アセットのドップラーシフトを計算する","href":"ref\/matlabshared.satellitescenario.satellite.dopplershift.html"},{"name":"matlabshared.satellitescenario.satellite.dopplershift","type":"method","fcntype":"instancemethod","refpurpose":"衛星シナリオにおけるターゲット アセットのドップラーシフトを計算する","href":"ref\/matlabshared.satellitescenario.satellite.dopplershift.html"},{"name":"matlabshared.satellitescenario.groundStation.dopplershift","type":"method","fcntype":"instancemethod","refpurpose":"衛星シナリオにおけるターゲット アセットのドップラーシフトを計算する","href":"ref\/matlabshared.satellitescenario.satellite.dopplershift.html"},{"name":"matlabshared.satellitescenario.Satellite.gimbal","type":"method","fcntype":"instancemethod","refpurpose":"衛星、プラットフォーム、地上局にジンバルを追加する","href":"ref\/matlabshared.satellitescenario.satellite.gimbal.html"},{"name":"satelliteScenario.GroundStation.gimbal","type":"method","fcntype":"instancemethod","refpurpose":"衛星、プラットフォーム、地上局にジンバルを追加する","href":"ref\/matlabshared.satellitescenario.satellite.gimbal.html"},{"name":"satelliteScenario.Platform.gimbal","type":"method","fcntype":"instancemethod","refpurpose":"衛星、プラットフォーム、地上局にジンバルを追加する","href":"ref\/matlabshared.satellitescenario.satellite.gimbal.html"},{"name":"groundTrack","type":"function","fcntype":"instancemethod","refpurpose":"シナリオ内の衛星またはプラットフォームにグラウンド トラックオブジェクトを追加する","href":"ref\/matlabshared.satellitescenario.satellite.groundtrack.html"},{"name":"matlabshared.satellitescenario.Satellite.groundTrack","type":"method","fcntype":"instancemethod","refpurpose":"シナリオ内の衛星またはプラットフォームにグラウンド トラックオブジェクトを追加する","href":"ref\/matlabshared.satellitescenario.satellite.groundtrack.html"},{"name":"hide","type":"function","fcntype":"instancemethod","refpurpose":"衛星シナリオエンティティをビューアーから非表示にする","href":"ref\/matlabshared.satellitescenario.satellite.hide.html"},{"name":"matlabshared.satellitescenario.satellite.hide","type":"method","fcntype":"instancemethod","refpurpose":"衛星シナリオエンティティをビューアーから非表示にする","href":"ref\/matlabshared.satellitescenario.satellite.hide.html"},{"name":"orbitalElements","type":"function","fcntype":"instancemethod","refpurpose":"シナリオにおける衛星の軌道要素","href":"ref\/matlabshared.satellitescenario.satellite.orbitalelements.html"},{"name":"matlabshared.satellitescenario.Satellite.orbitalElements","type":"method","fcntype":"instancemethod","refpurpose":"シナリオにおける衛星の軌道要素","href":"ref\/matlabshared.satellitescenario.satellite.orbitalelements.html"},{"name":"pointAt","type":"function","fcntype":"instancemethod","refpurpose":"衛星をターゲットに向ける","href":"ref\/matlabshared.satellitescenario.satellite.pointat.html"},{"name":"matlabshared.satellitescenario.Satellite.pointAt","type":"method","fcntype":"instancemethod","refpurpose":"衛星をターゲットに向ける","href":"ref\/matlabshared.satellitescenario.satellite.pointat.html"},{"name":"matlabshared.satellitescenario.Gimbal.pointAt","type":"method","fcntype":"instancemethod","refpurpose":"衛星をターゲットに向ける","href":"ref\/matlabshared.satellitescenario.satellite.pointat.html"},{"name":"states","type":"function","fcntype":"instancemethod","refpurpose":"衛星またはプラットフォームの位置と速度を取得する","href":"ref\/matlabshared.satellitescenario.satellite.states.html"},{"name":"matlabshared.satellitescenario.Satellite.states","type":"method","fcntype":"instancemethod","refpurpose":"衛星またはプラットフォームの位置と速度を取得する","href":"ref\/matlabshared.satellitescenario.satellite.states.html"},{"name":"matlabshared.satellitescenario.Platform.states","type":"method","fcntype":"instancemethod","refpurpose":"衛星またはプラットフォームの位置と速度を取得する","href":"ref\/matlabshared.satellitescenario.satellite.states.html"},{"name":"matlabshared.satellitescenario.Satellite","type":"object","refpurpose":"衛星内の衛星シナリオ","href":"ref\/matlabshared.satellitescenario.satellite.html"},{"name":"matlabshared.satellitescenario.Satellite.Name","type":"property","refpurpose":"衛星名","href":"ref\/matlabshared.satellitescenario.satellite.html"},{"name":"matlabshared.satellitescenario.Satellite.ID","type":"property","refpurpose":"Satellite シミュレータによって割り当てられたID","href":"ref\/matlabshared.satellitescenario.satellite.html"},{"name":"matlabshared.satellitescenario.Satellite.ConicalSensors","type":"property","refpurpose":"コニカル センサー","href":"ref\/matlabshared.satellitescenario.satellite.html"},{"name":"matlabshared.satellitescenario.Satellite.Gimbals","type":"property","refpurpose":"ジンバル","href":"ref\/matlabshared.satellitescenario.satellite.html"},{"name":"matlabshared.satellitescenario.Satellite.Transmitters","type":"property","refpurpose":"Satelliteに接続された送信機","href":"ref\/matlabshared.satellitescenario.satellite.html"},{"name":"matlabshared.satellitescenario.Satellite.Receivers","type":"property","refpurpose":"衛星に取り付けられた受信機","href":"ref\/matlabshared.satellitescenario.satellite.html"},{"name":"matlabshared.satellitescenario.Satellite.Accesses","type":"property","refpurpose":"アクセス解析オブジェクト","href":"ref\/matlabshared.satellitescenario.satellite.html"},{"name":"matlabshared.satellitescenario.Satellite.GroundTrack","type":"property","refpurpose":"Satelliteのグラウンド トラック","href":"ref\/matlabshared.satellitescenario.satellite.html"},{"name":"matlabshared.satellitescenario.Satellite.CoordinateAxes","type":"property","refpurpose":"座標軸トライアド グラフィックオブジェクト","href":"ref\/matlabshared.satellitescenario.satellite.html"},{"name":"matlabshared.satellitescenario.Satellite.Orbit","type":"property","refpurpose":"軌道の可視化","href":"ref\/matlabshared.satellitescenario.satellite.html"},{"name":"matlabshared.satellitescenario.Satellite.OrbitPropagator","type":"property","refpurpose":"軌道プロパゲーターの名前","href":"ref\/matlabshared.satellitescenario.satellite.html"},{"name":"matlabshared.satellitescenario.Satellite.MarkerColor","type":"property","refpurpose":"マーカーの色","href":"ref\/matlabshared.satellitescenario.satellite.html"},{"name":"matlabshared.satellitescenario.Satellite.MarkerSize","type":"property","refpurpose":"マーカーのサイズ","href":"ref\/matlabshared.satellitescenario.satellite.html"},{"name":"matlabshared.satellitescenario.Satellite.ShowLabel","type":"property","refpurpose":"Satelliteラベルの可視性の状態","href":"ref\/matlabshared.satellitescenario.satellite.html"},{"name":"matlabshared.satellitescenario.Satellite.LabelFontColor","type":"property","refpurpose":"Satelliteラベルのフォント色","href":"ref\/matlabshared.satellitescenario.satellite.html"},{"name":"matlabshared.satellitescenario.Satellite.LabelFontSize","type":"property","refpurpose":"Satelliteラベルのフォントサイズ","href":"ref\/matlabshared.satellitescenario.satellite.html"},{"name":"matlabshared.satellitescenario.Satellite.Visual3DModel","type":"property","refpurpose":"3Dモデルファイルの名前","href":"ref\/matlabshared.satellitescenario.satellite.html"},{"name":"matlabshared.satellitescenario.Satellite.Visual3DModelScale","type":"property","refpurpose":"3Dモデルの線形スケーリング","href":"ref\/matlabshared.satellitescenario.satellite.html"},{"name":"groundStation","type":"function","fcntype":"instancemethod","refpurpose":"衛星シナリオに地上局を追加する","href":"ref\/matlabshared.satellitescenario.satellitescenario.groundstation.html"},{"name":"matlabshared.satellitescenario.satelliteScenario.groundStation","type":"method","fcntype":"instancemethod","refpurpose":"衛星シナリオに地上局を追加する","href":"ref\/matlabshared.satellitescenario.satellitescenario.groundstation.html"},{"name":"play","type":"function","fcntype":"instancemethod","refpurpose":"衛星シナリオシミュレーション結果をビューアで再生する","href":"ref\/matlabshared.satellitescenario.satellitescenario.play.html"},{"name":"matlabshared.satellitescenario.satelliteScenario.play","type":"method","fcntype":"instancemethod","refpurpose":"衛星シナリオシミュレーション結果をビューアで再生する","href":"ref\/matlabshared.satellitescenario.satellitescenario.play.html"},{"name":"satelliteScenarioViewer","type":"function","fcntype":"constructor","refpurpose":"衛星シナリオのビューアを作成する","href":"ref\/matlabshared.satellitescenario.satellitescenario.html"},{"name":"matlabshared.satellitescenario.satelliteScenario","type":"object","refpurpose":"衛星シナリオのビューアを作成する","href":"ref\/matlabshared.satellitescenario.satellitescenario.html"},{"name":"matlabshared.satellitescenario.satelliteScenario.Name","type":"property","refpurpose":"ビューアウィンドウの名前","href":"ref\/matlabshared.satellitescenario.satellitescenario.html"},{"name":"matlabshared.satellitescenario.satelliteScenario.Position","type":"property","refpurpose":"ビューアウィンドウの位置","href":"ref\/matlabshared.satellitescenario.satellitescenario.html"},{"name":"matlabshared.satellitescenario.satelliteScenario.Basemap","type":"property","refpurpose":"シナリオを可視化した地図","href":"ref\/matlabshared.satellitescenario.satellitescenario.html"},{"name":"matlabshared.satellitescenario.satelliteScenario.PlaybackSpeedMultiplier","type":"property","refpurpose":"アニメーションの速度","href":"ref\/matlabshared.satellitescenario.satellitescenario.html"},{"name":"matlabshared.satellitescenario.satelliteScenario.CameraReferenceFrame","type":"property","refpurpose":"カメラの基準座標系","href":"ref\/matlabshared.satellitescenario.satellitescenario.html"},{"name":"matlabshared.satellitescenario.satelliteScenario.CurrentTime","type":"property","refpurpose":"現在のシミュレーション時間","href":"ref\/matlabshared.satellitescenario.satellitescenario.html"},{"name":"matlabshared.satellitescenario.satelliteScenario.Dimension","type":"property","refpurpose":"視聴者の次元","href":"ref\/matlabshared.satellitescenario.satellitescenario.html"},{"name":"matlabshared.satellitescenario.satelliteScenario.ShowDetails","type":"property","refpurpose":"グラフィックの詳細を表示するフラグ","href":"ref\/matlabshared.satellitescenario.satellitescenario.html"},{"name":"camheading","type":"function","fcntype":"instancemethod","refpurpose":"衛星シナリオ ビューアーのカメラの向首角を設定または取得します","href":"ref\/matlabshared.satellitescenario.satellitescenarioviewer.camheading.html"},{"name":"matlabshared.satellitescenario.satelliteScenarioViewer.camheading","type":"method","fcntype":"instancemethod","refpurpose":"衛星シナリオ ビューアーのカメラの向首角を設定または取得します","href":"ref\/matlabshared.satellitescenario.satellitescenarioviewer.camheading.html"},{"name":"campitch","type":"function","fcntype":"instancemethod","refpurpose":"衛星シナリオ ビューアーのカメラのピッチ角を設定または取得します","href":"ref\/matlabshared.satellitescenario.satellitescenarioviewer.campitch.html"},{"name":"matlabshared.satellitescenario.satelliteScenarioViewer.campitch","type":"method","fcntype":"instancemethod","refpurpose":"衛星シナリオ ビューアーのカメラのピッチ角を設定または取得します","href":"ref\/matlabshared.satellitescenario.satellitescenarioviewer.campitch.html"},{"name":"campos","type":"function","fcntype":"instancemethod","refpurpose":"衛星シナリオ ビューアーのカメラの位置を設定または取得する","href":"ref\/matlabshared.satellitescenario.satellitescenarioviewer.campos.html"},{"name":"matlabshared.satellitescenario.satelliteScenarioViewer.campos","type":"method","fcntype":"instancemethod","refpurpose":"衛星シナリオ ビューアーのカメラの位置を設定または取得する","href":"ref\/matlabshared.satellitescenario.satellitescenarioviewer.campos.html"},{"name":"camroll","type":"function","fcntype":"instancemethod","refpurpose":"衛星シナリオ ビューアーのカメラのロール角度を設定または取得します","href":"ref\/matlabshared.satellitescenario.satellitescenarioviewer.camroll.html"},{"name":"matlabshared.satellitescenario.satelliteScenarioViewer.camroll","type":"method","fcntype":"instancemethod","refpurpose":"衛星シナリオ ビューアーのカメラのロール角度を設定または取得します","href":"ref\/matlabshared.satellitescenario.satellitescenarioviewer.camroll.html"},{"name":"camtarget","type":"function","fcntype":"instancemethod","refpurpose":"衛星シナリオ ビューアーのカメラターゲットを設定する","href":"ref\/matlabshared.satellitescenario.satellitescenarioviewer.camtarget.html"},{"name":"matlabshared.satellitescenario.satelliteScenarioViewer.camtarget","type":"method","fcntype":"instancemethod","refpurpose":"衛星シナリオ ビューアーのカメラターゲットを設定する","href":"ref\/matlabshared.satellitescenario.satellitescenarioviewer.camtarget.html"},{"name":"hideAll","type":"function","fcntype":"instancemethod","refpurpose":"衛星シナリオビューアのすべてのグラフィックを非表示にする","href":"ref\/matlabshared.satellitescenario.satellitescenarioviewer.hideall.html"},{"name":"matlabshared.satellitescenario.satelliteScenarioViewer.hideAll","type":"method","fcntype":"instancemethod","refpurpose":"衛星シナリオビューアのすべてのグラフィックを非表示にする","href":"ref\/matlabshared.satellitescenario.satellitescenarioviewer.hideall.html"},{"name":"showAll","type":"function","fcntype":"instancemethod","refpurpose":"ビューアですべてのグラフィックを表示","href":"ref\/matlabshared.satellitescenario.satellitescenarioviewer.showall.html"},{"name":"matlabshared.satellitescenario.satelliteScenarioViewer.showAll","type":"method","fcntype":"instancemethod","refpurpose":"ビューアですべてのグラフィックを表示","href":"ref\/matlabshared.satellitescenario.satellitescenarioviewer.showall.html"},{"name":"SkyPlotChart","type":"properties","refpurpose":"スカイ プロットチャートの外観と動作","href":"ref\/nav.graphics.chart.skyplotchart-properties.html"},{"name":"nav.graphics.chart.SkyPlotChart","type":"properties","refpurpose":"スカイ プロットチャートの外観と動作","href":"ref\/nav.graphics.chart.skyplotchart-properties.html"},{"name":"nav.graphics.chart.SkyPlotChart.AzimuthData","type":"property","refpurpose":"可視衛星位置の方位角角","href":"ref\/nav.graphics.chart.skyplotchart-properties.html"},{"name":"nav.graphics.chart.SkyPlotChart.ElevationData","type":"property","refpurpose":"可視衛星位置の仰角","href":"ref\/nav.graphics.chart.skyplotchart-properties.html"},{"name":"nav.graphics.chart.SkyPlotChart.LabelData","type":"property","refpurpose":"可視衛星位置のラベル","href":"ref\/nav.graphics.chart.skyplotchart-properties.html"},{"name":"nav.graphics.chart.SkyPlotChart.GroupData","type":"property","refpurpose":"各衛星位置のグループ","href":"ref\/nav.graphics.chart.skyplotchart-properties.html"},{"name":"nav.graphics.chart.SkyPlotChart.ColorOrder","type":"property","refpurpose":"色の順序","href":"ref\/nav.graphics.chart.skyplotchart-properties.html"},{"name":"nav.graphics.chart.SkyPlotChart.LabelFontSize","type":"property","refpurpose":"ラベルのフォント サイズ","href":"ref\/nav.graphics.chart.skyplotchart-properties.html"},{"name":"nav.graphics.chart.SkyPlotChart.LabelFontSizeMode","type":"property","refpurpose":"ラベルのフォントサイズの選択モード","href":"ref\/nav.graphics.chart.skyplotchart-properties.html"},{"name":"nav.graphics.chart.SkyPlotChart.MaskElevation","type":"property","refpurpose":"マスクの仰角","href":"ref\/nav.graphics.chart.skyplotchart-properties.html"},{"name":"nav.graphics.chart.SkyPlotChart.MaskAlpha","type":"property","refpurpose":"マスクの透明性","href":"ref\/nav.graphics.chart.skyplotchart-properties.html"},{"name":"nav.graphics.chart.SkyPlotChart.MaskColor","type":"property","refpurpose":"マスクの色","href":"ref\/nav.graphics.chart.skyplotchart-properties.html"},{"name":"nav.graphics.chart.SkyPlotChart.MaskAzimuthEdges","type":"property","refpurpose":"マスク角度方位角角エッジ","href":"ref\/nav.graphics.chart.skyplotchart-properties.html"},{"name":"nav.graphics.chart.SkyPlotChart.MaskAzimuthEdgesMode","type":"property","refpurpose":"マスク角度方位角角エッジモード","href":"ref\/nav.graphics.chart.skyplotchart-properties.html"},{"name":"nav.graphics.chart.SkyPlotChart.HandleVisibility","type":"property","refpurpose":"オブジェクト ハンドルの可視性","href":"ref\/nav.graphics.chart.skyplotchart-properties.html"},{"name":"nav.graphics.chart.SkyPlotChart.Layout","type":"property","refpurpose":"レイアウト オプション","href":"ref\/nav.graphics.chart.skyplotchart-properties.html"},{"name":"nav.graphics.chart.SkyPlotChart.Parent","type":"property","refpurpose":"親コンテナー","href":"ref\/nav.graphics.chart.skyplotchart-properties.html"},{"name":"nav.graphics.chart.SkyPlotChart.MarkerEdgeAlpha","type":"property","refpurpose":"マーカーのエッジの透明度","href":"ref\/nav.graphics.chart.skyplotchart-properties.html"},{"name":"nav.graphics.chart.SkyPlotChart.MarkerEdgeColor","type":"property","refpurpose":"マーカーの輪郭の色","href":"ref\/nav.graphics.chart.skyplotchart-properties.html"},{"name":"nav.graphics.chart.SkyPlotChart.MarkerFaceAlpha","type":"property","refpurpose":"マーカーの面の透明度","href":"ref\/nav.graphics.chart.skyplotchart-properties.html"},{"name":"nav.graphics.chart.SkyPlotChart.MarkerFaceColor","type":"property","refpurpose":"マーカーの塗りつぶし色","href":"ref\/nav.graphics.chart.skyplotchart-properties.html"},{"name":"nav.graphics.chart.SkyPlotChart.MarkerSizeData","type":"property","refpurpose":"マーカー サイズ","href":"ref\/nav.graphics.chart.skyplotchart-properties.html"},{"name":"nav.graphics.chart.SkyPlotChart.PositionConstraint","type":"property","refpurpose":"一定に保つ位置","href":"ref\/nav.graphics.chart.skyplotchart-properties.html"},{"name":"nav.graphics.chart.SkyPlotChart.OuterPosition","type":"property","refpurpose":"外側のサイズと位置","href":"ref\/nav.graphics.chart.skyplotchart-properties.html"},{"name":"nav.graphics.chart.SkyPlotChart.InnerPosition","type":"property","refpurpose":"内側のサイズと位置","href":"ref\/nav.graphics.chart.skyplotchart-properties.html"},{"name":"nav.graphics.chart.SkyPlotChart.Position","type":"property","refpurpose":"内側のサイズと位置","href":"ref\/nav.graphics.chart.skyplotchart-properties.html"},{"name":"nav.graphics.chart.SkyPlotChart.Units","type":"property","refpurpose":"位置の単位","href":"ref\/nav.graphics.chart.skyplotchart-properties.html"},{"name":"nav.graphics.chart.SkyPlotChart.Visible","type":"property","refpurpose":"可視性の状態","href":"ref\/nav.graphics.chart.skyplotchart-properties.html"},{"name":"p618PropagationLosses","type":"function","fcntype":"simple","refpurpose":"地球宇宙伝搬損失、交差偏波識別、および天空ノイズ温度を計算する","href":"ref\/p618propagationlosses.html"},{"name":"path","type":"function","fcntype":"instancemethod","refpurpose":"衛星シナリオでプラットフォームの経路を可視化する","href":"ref\/platform.path.html"},{"name":"platform.path","type":"method","fcntype":"instancemethod","refpurpose":"衛星シナリオでプラットフォームの経路を可視化する","href":"ref\/platform.path.html"},{"name":"angvel","type":"function","fcntype":"instancemethod","refpurpose":"quaternion 配列による角速度","href":"ref\/quaternion.angvel.html"},{"name":"quaternion.angvel","type":"method","fcntype":"instancemethod","refpurpose":"quaternion 配列による角速度","href":"ref\/quaternion.angvel.html"},{"name":"classUnderlying","type":"function","fcntype":"instancemethod","refpurpose":"quaternion の各部分のクラス","href":"ref\/quaternion.classunderlying.html"},{"name":"quaternion.classUnderlying","type":"method","fcntype":"instancemethod","refpurpose":"quaternion の各部分のクラス","href":"ref\/quaternion.classunderlying.html"},{"name":"compact","type":"function","fcntype":"instancemethod","refpurpose":"quaternion 配列を N 行 4 列の行列に変換","href":"ref\/quaternion.compact.html"},{"name":"quaternion.compact","type":"method","fcntype":"instancemethod","refpurpose":"quaternion 配列を N 行 4 列の行列に変換","href":"ref\/quaternion.compact.html"},{"name":"conj","type":"function","fcntype":"instancemethod","refpurpose":"四元数の複素共役","href":"ref\/quaternion.conj.html"},{"name":"quaternion.conj","type":"method","fcntype":"instancemethod","refpurpose":"四元数の複素共役","href":"ref\/quaternion.conj.html"},{"name":"ctranspose","type":"function","fcntype":"instancemethod","refpurpose":"quaternion 配列の複素共役転置","href":"ref\/quaternion.ctranspose.html"},{"name":"'","type":"function","fcntype":"instancemethod","refpurpose":"quaternion 配列の複素共役転置","href":"ref\/quaternion.ctranspose.html"},{"name":"quaternion.ctranspose","type":"method","fcntype":"instancemethod","refpurpose":"quaternion 配列の複素共役転置","href":"ref\/quaternion.ctranspose.html"},{"name":"dist","type":"function","fcntype":"instancemethod","refpurpose":"角距離 (ラジアン)","href":"ref\/quaternion.dist.html"},{"name":"quaternion.dist","type":"method","fcntype":"instancemethod","refpurpose":"角距離 (ラジアン)","href":"ref\/quaternion.dist.html"},{"name":"euler","type":"function","fcntype":"instancemethod","refpurpose":"四元数をオイラー角 (ラジアン) に変換","href":"ref\/quaternion.euler.html"},{"name":"quaternion.euler","type":"method","fcntype":"instancemethod","refpurpose":"四元数をオイラー角 (ラジアン) に変換","href":"ref\/quaternion.euler.html"},{"name":"eulerd","type":"function","fcntype":"instancemethod","refpurpose":"四元数をオイラー角 (度) に変換","href":"ref\/quaternion.eulerd.html"},{"name":"quaternion.eulerd","type":"method","fcntype":"instancemethod","refpurpose":"四元数をオイラー角 (度) に変換","href":"ref\/quaternion.eulerd.html"},{"name":"exp","type":"function","fcntype":"instancemethod","refpurpose":"quaternion 配列の指数","href":"ref\/quaternion.exp.html"},{"name":"quaternion.exp","type":"method","fcntype":"instancemethod","refpurpose":"quaternion 配列の指数","href":"ref\/quaternion.exp.html"},{"name":"interp1","type":"function","fcntype":"instancemethod","refpurpose":"四元数の内挿 (テーブル ルックアップ)","href":"ref\/quaternion.interp1.html"},{"name":"quaternion.interp1","type":"method","fcntype":"instancemethod","refpurpose":"四元数の内挿 (テーブル ルックアップ)","href":"ref\/quaternion.interp1.html"},{"name":"ldivide","type":"function","fcntype":"instancemethod","refpurpose":"要素単位の四元数の左除算","href":"ref\/quaternion.ldivide.html"},{"name":".\\","type":"function","fcntype":"instancemethod","refpurpose":"要素単位の四元数の左除算","href":"ref\/quaternion.ldivide.html"},{"name":"quaternion.ldivide","type":"method","fcntype":"instancemethod","refpurpose":"要素単位の四元数の左除算","href":"ref\/quaternion.ldivide.html"},{"name":"log","type":"function","fcntype":"instancemethod","refpurpose":"quaternion 配列の自然対数","href":"ref\/quaternion.log.html"},{"name":"quaternion.log","type":"method","fcntype":"instancemethod","refpurpose":"quaternion 配列の自然対数","href":"ref\/quaternion.log.html"},{"name":"meanrot","type":"function","fcntype":"instancemethod","refpurpose":"四元数の平均回転","href":"ref\/quaternion.meanrot.html"},{"name":"quaternion.meanrot","type":"method","fcntype":"instancemethod","refpurpose":"四元数の平均回転","href":"ref\/quaternion.meanrot.html"},{"name":"minus","type":"function","fcntype":"instancemethod","refpurpose":"四元数の減算","href":"ref\/quaternion.minus.html"},{"name":"-","type":"function","fcntype":"instancemethod","refpurpose":"四元数の減算","href":"ref\/quaternion.minus.html"},{"name":"quaternion.minus","type":"method","fcntype":"instancemethod","refpurpose":"四元数の減算","href":"ref\/quaternion.minus.html"},{"name":"mldivide","type":"function","fcntype":"instancemethod","refpurpose":"スカラーの四元数の左除算","href":"ref\/quaternion.mldivide.html"},{"name":"\\","type":"function","fcntype":"instancemethod","refpurpose":"スカラーの四元数の左除算","href":"ref\/quaternion.mldivide.html"},{"name":"quaternion.mldivide","type":"method","fcntype":"instancemethod","refpurpose":"スカラーの四元数の左除算","href":"ref\/quaternion.mldivide.html"},{"name":"mrdivide","type":"function","fcntype":"instancemethod","refpurpose":"スカラーの四元数の右除算","href":"ref\/quaternion.mrdivide.html"},{"name":"\/","type":"function","fcntype":"instancemethod","refpurpose":"スカラーの四元数の右除算","href":"ref\/quaternion.mrdivide.html"},{"name":"quaternion.mrdivide","type":"method","fcntype":"instancemethod","refpurpose":"スカラーの四元数の右除算","href":"ref\/quaternion.mrdivide.html"},{"name":"mtimes","type":"function","fcntype":"instancemethod","refpurpose":"四元数の乗算","href":"ref\/quaternion.mtimes.html"},{"name":"*","type":"function","fcntype":"instancemethod","refpurpose":"四元数の乗算","href":"ref\/quaternion.mtimes.html"},{"name":"quaternion.mtimes","type":"method","fcntype":"instancemethod","refpurpose":"四元数の乗算","href":"ref\/quaternion.mtimes.html"},{"name":"norm","type":"function","fcntype":"instancemethod","refpurpose":"四元数のノルム","href":"ref\/quaternion.norm.html"},{"name":"quaternion.norm","type":"method","fcntype":"instancemethod","refpurpose":"四元数のノルム","href":"ref\/quaternion.norm.html"},{"name":"正規化","type":"function","fcntype":"instancemethod","refpurpose":"四元数正規化","href":"ref\/quaternion.normalize.html"},{"name":"quaternion.normalize","type":"method","fcntype":"instancemethod","refpurpose":"四元数正規化","href":"ref\/quaternion.normalize.html"},{"name":"ones","type":"function","fcntype":"instancemethod","refpurpose":"実数部が 1 に設定され、虚数部が 0 に設定された quaternion 配列を作成","href":"ref\/quaternion.ones.html"},{"name":"quaternion.ones","type":"method","fcntype":"instancemethod","refpurpose":"実数部が 1 に設定され、虚数部が 0 に設定された quaternion 配列を作成","href":"ref\/quaternion.ones.html"},{"name":"parts","type":"function","fcntype":"instancemethod","refpurpose":"四元数の各部分の抽出","href":"ref\/quaternion.parts.html"},{"name":"quaternion.parts","type":"method","fcntype":"instancemethod","refpurpose":"四元数の各部分の抽出","href":"ref\/quaternion.parts.html"},{"name":"power","type":"function","fcntype":"instancemethod","refpurpose":"要素単位の四元数のべき乗","href":"ref\/quaternion.power.html"},{"name":".^","type":"function","fcntype":"instancemethod","refpurpose":"要素単位の四元数のべき乗","href":"ref\/quaternion.power.html"},{"name":"quaternion.power","type":"method","fcntype":"instancemethod","refpurpose":"要素単位の四元数のべき乗","href":"ref\/quaternion.power.html"},{"name":"prod","type":"function","fcntype":"instancemethod","refpurpose":"quaternion 配列の積","href":"ref\/quaternion.prod.html"},{"name":"quaternion.prod","type":"method","fcntype":"instancemethod","refpurpose":"quaternion 配列の積","href":"ref\/quaternion.prod.html"},{"name":"randrot","type":"function","fcntype":"instancemethod","refpurpose":"一様分布のランダムな回転","href":"ref\/quaternion.randrot.html"},{"name":"quaternion.randrot","type":"method","fcntype":"instancemethod","refpurpose":"一様分布のランダムな回転","href":"ref\/quaternion.randrot.html"},{"name":"rdivide","type":"function","fcntype":"instancemethod","refpurpose":"要素単位の四元数の右除算","href":"ref\/quaternion.rdivide.html"},{"name":".\/","type":"function","fcntype":"instancemethod","refpurpose":"要素単位の四元数の右除算","href":"ref\/quaternion.rdivide.html"},{"name":"quaternion.rdivide","type":"method","fcntype":"instancemethod","refpurpose":"要素単位の四元数の右除算","href":"ref\/quaternion.rdivide.html"},{"name":"rotateframe","type":"function","fcntype":"instancemethod","refpurpose":"四元数の座標系の回転","href":"ref\/quaternion.rotateframe.html"},{"name":"quaternion.rotateframe","type":"method","fcntype":"instancemethod","refpurpose":"四元数の座標系の回転","href":"ref\/quaternion.rotateframe.html"},{"name":"rotatepoint","type":"function","fcntype":"instancemethod","refpurpose":"四元数の点の回転","href":"ref\/quaternion.rotatepoint.html"},{"name":"quaternion.rotatepoint","type":"method","fcntype":"instancemethod","refpurpose":"四元数の点の回転","href":"ref\/quaternion.rotatepoint.html"},{"name":"rotmat","type":"function","fcntype":"instancemethod","refpurpose":"四元数の回転行列への変換","href":"ref\/quaternion.rotmat.html"},{"name":"quaternion.rotmat","type":"method","fcntype":"instancemethod","refpurpose":"四元数の回転行列への変換","href":"ref\/quaternion.rotmat.html"},{"name":"rotvec","type":"function","fcntype":"instancemethod","refpurpose":"四元数の回転ベクトルへの変換 (ラジアン単位)","href":"ref\/quaternion.rotvec.html"},{"name":"quaternion.rotvec","type":"method","fcntype":"instancemethod","refpurpose":"四元数の回転ベクトルへの変換 (ラジアン単位)","href":"ref\/quaternion.rotvec.html"},{"name":"rotvecd","type":"function","fcntype":"instancemethod","refpurpose":"四元数の回転ベクトルへの変換 (度単位)","href":"ref\/quaternion.rotvecd.html"},{"name":"quaternion.rotvecd","type":"method","fcntype":"instancemethod","refpurpose":"四元数の回転ベクトルへの変換 (度単位)","href":"ref\/quaternion.rotvecd.html"},{"name":"slerp","type":"function","fcntype":"instancemethod","refpurpose":"球面線形内挿","href":"ref\/quaternion.slerp.html"},{"name":"quaternion.slerp","type":"method","fcntype":"instancemethod","refpurpose":"球面線形内挿","href":"ref\/quaternion.slerp.html"},{"name":"times","type":"function","fcntype":"instancemethod","refpurpose":"要素単位の四元数の乗算","href":"ref\/quaternion.times.html"},{"name":".*","type":"function","fcntype":"instancemethod","refpurpose":"要素単位の四元数の乗算","href":"ref\/quaternion.times.html"},{"name":"quaternion.times","type":"method","fcntype":"instancemethod","refpurpose":"要素単位の四元数の乗算","href":"ref\/quaternion.times.html"},{"name":"transpose","type":"function","fcntype":"instancemethod","refpurpose":"quaternion 配列の転置","href":"ref\/quaternion.transpose.html"},{"name":".'","type":"function","fcntype":"instancemethod","refpurpose":"quaternion 配列の転置","href":"ref\/quaternion.transpose.html"},{"name":"quaternion.transpose","type":"method","fcntype":"instancemethod","refpurpose":"quaternion 配列の転置","href":"ref\/quaternion.transpose.html"},{"name":"uminus","type":"function","fcntype":"instancemethod","refpurpose":"四元数の単項マイナス","href":"ref\/quaternion.uminus.html"},{"name":"-","type":"function","fcntype":"instancemethod","refpurpose":"四元数の単項マイナス","href":"ref\/quaternion.uminus.html"},{"name":"quaternion.uminus","type":"method","fcntype":"instancemethod","refpurpose":"四元数の単項マイナス","href":"ref\/quaternion.uminus.html"},{"name":"zeros","type":"function","fcntype":"instancemethod","refpurpose":"すべての部分が 0 に設定された quaternion 配列を作成","href":"ref\/quaternion.zeros.html"},{"name":"quaternion.zeros","type":"method","fcntype":"instancemethod","refpurpose":"すべての部分が 0 に設定された quaternion 配列を作成","href":"ref\/quaternion.zeros.html"},{"name":"quaternion","type":"function","fcntype":"constructor","refpurpose":"quaternion 配列の作成","href":"ref\/quaternion.html"},{"name":"quaternion","type":"object","refpurpose":"quaternion 配列の作成","href":"ref\/quaternion.html"},{"name":"updateMask","type":"function","fcntype":"instancemethod","refpurpose":"可視性マスクを更新","href":"ref\/satcom.satellitescenario.groundstation.updatemask.html"},{"name":"satcom.satellitescenario.GroundStation.updateMask","type":"method","fcntype":"instancemethod","refpurpose":"可視性マスクを更新","href":"ref\/satcom.satellitescenario.groundstation.updatemask.html"},{"name":"satcom.satellitescenario.Link","type":"object","refpurpose":"送信機に属するリンク解析オブジェクト","href":"ref\/satcom.satellitescenario.link.html"},{"name":"satcom.satellitescenario.Link.Sequence","type":"property","refpurpose":"送信機または受信機のID","href":"ref\/satcom.satellitescenario.link.html"},{"name":"satcom.satellitescenario.Link.LineWidth","type":"property","refpurpose":"リンクラインの視覚的な幅","href":"ref\/satcom.satellitescenario.link.html"},{"name":"satcom.satellitescenario.Link.LineColor","type":"property","refpurpose":"リンクラインの色","href":"ref\/satcom.satellitescenario.link.html"},{"name":"satcom.satellitescenario.Pattern","type":"object","refpurpose":"放射パターンの可視化","href":"ref\/satcom.satellitescenario.pattern.html"},{"name":"satcom.satellitescenario.Pattern.Size","type":"property","refpurpose":"放射パターンプロットのサイズ","href":"ref\/satcom.satellitescenario.pattern.html"},{"name":"satcom.satellitescenario.Pattern.Colormap","type":"property","refpurpose":"パターンプロットの色分け用カラーマップ","href":"ref\/satcom.satellitescenario.pattern.html"},{"name":"satcom.satellitescenario.Pattern.Transparency","type":"property","refpurpose":"パターンプロットの透明性","href":"ref\/satcom.satellitescenario.pattern.html"},{"name":"satcom.satellitescenario.Pattern.VisibilityMode","type":"property","refpurpose":"親に対するグラフィックの可視性","href":"ref\/satcom.satellitescenario.pattern.html"},{"name":"ebno","type":"function","fcntype":"instancemethod","refpurpose":"リンクの最終ノードのEb\/No","href":"ref\/satcom.satellitescenario.satellite.transmitter.link.ebno.html"},{"name":"satcom.satellitescenario.satellite.transmitter.link.ebno","type":"method","fcntype":"instancemethod","refpurpose":"リンクの最終ノードのEb\/No","href":"ref\/satcom.satellitescenario.satellite.transmitter.link.ebno.html"},{"name":"linkIntervals","type":"function","fcntype":"instancemethod","refpurpose":"リンクが閉じられる間隔","href":"ref\/satcom.satellitescenario.satellite.transmitter.link.linkintervals.html"},{"name":"satcom.satellitescenario.satellite.transmitter.link.linkIntervals","type":"method","fcntype":"instancemethod","refpurpose":"リンクが閉じられる間隔","href":"ref\/satcom.satellitescenario.satellite.transmitter.link.linkintervals.html"},{"name":"linkStatus","type":"function","fcntype":"instancemethod","refpurpose":"最初のノードと最後のノード間のリンク クロージャーの状態","href":"ref\/satcom.satellitescenario.satellite.transmitter.link.linkstatus.html"},{"name":"satcom.satellitescenario.satellite.transmitter.link.linkStatus","type":"method","fcntype":"instancemethod","refpurpose":"最初のノードと最後のノード間のリンク クロージャーの状態","href":"ref\/satcom.satellitescenario.satellite.transmitter.link.linkstatus.html"},{"name":"link","type":"function","fcntype":"instancemethod","refpurpose":"送信機にリンク解析オブジェクトを追加する","href":"ref\/satcom.satellitescenario.transmitter.link.html"},{"name":"satcom.satellitescenario.Transmitter.link","type":"method","fcntype":"instancemethod","refpurpose":"送信機にリンク解析オブジェクトを追加する","href":"ref\/satcom.satellitescenario.transmitter.link.html"},{"name":"satcom.satellitescenario.Receiver.link","type":"method","fcntype":"instancemethod","refpurpose":"送信機にリンク解析オブジェクトを追加する","href":"ref\/satcom.satellitescenario.transmitter.link.html"},{"name":"orbit","type":"function","fcntype":"instancemethod","refpurpose":"衛星シナリオの軌道を可視化する","href":"ref\/satellite.orbit.html"},{"name":"satellite.orbit","type":"method","fcntype":"instancemethod","refpurpose":"衛星シナリオの軌道を可視化する","href":"ref\/satellite.orbit.html"},{"name":"satelliteCNR","type":"function","fcntype":"simple","refpurpose":"構成済み衛星リンクバジェットパラメーターの搬送波対雑音比","href":"ref\/satellitecnr.html"},{"name":"Satellite Link Budget Analyzer","type":"app","refpurpose":"衛星通信の静的および時間変動リンクバジェットを解析する","href":"ref\/satellitelinkbudgetanalyzer-app.html"},{"name":"satelliteLinkBudgetAnalyzer","type":"function","fcntype":"applauncher","refpurpose":"衛星通信の静的および時間変動リンクバジェットを解析する","href":"ref\/satellitelinkbudgetanalyzer-app.html"},{"name":"advance","type":"function","fcntype":"instancemethod","refpurpose":"シミュレーションを1サンプル時間分進める","href":"ref\/satellitescenario.advance.html"},{"name":"satelliteScenario.advance","type":"method","fcntype":"instancemethod","refpurpose":"シミュレーションを1サンプル時間分進める","href":"ref\/satellitescenario.advance.html"},{"name":"platform","type":"function","fcntype":"instancemethod","refpurpose":"衛星シナリオにプラットフォームを追加する","href":"ref\/satellitescenario.platform.html"},{"name":"satelliteScenario.platform","type":"method","fcntype":"instancemethod","refpurpose":"衛星シナリオにプラットフォームを追加する","href":"ref\/satellitescenario.platform.html"},{"name":"restart","type":"function","fcntype":"instancemethod","refpurpose":"シミュレーションを最初からやり直す","href":"ref\/satellitescenario.restart.html"},{"name":"satelliteScenario.restart","type":"method","fcntype":"instancemethod","refpurpose":"シミュレーションを最初からやり直す","href":"ref\/satellitescenario.restart.html"},{"name":"satellite","type":"function","fcntype":"instancemethod","refpurpose":"衛星シナリオに衛星を追加する","href":"ref\/satellitescenario.satellite.html"},{"name":"satelliteScenario.satellite","type":"method","fcntype":"instancemethod","refpurpose":"衛星シナリオに衛星を追加する","href":"ref\/satellitescenario.satellite.html"},{"name":"satelliteScenario","type":"function","fcntype":"constructor","refpurpose":"衛星シナリオ","href":"ref\/satellitescenario.html"},{"name":"satelliteScenario","type":"object","refpurpose":"衛星シナリオ","href":"ref\/satellitescenario.html"},{"name":"satelliteScenario.StartTime","type":"property","refpurpose":"衛星シナリオ シミュレーションの開始時間 (UTC)","href":"ref\/satellitescenario.html"},{"name":"satelliteScenario.StopTime","type":"property","refpurpose":"衛星シナリオ シミュレーションの停止時間 (UTC)","href":"ref\/satellitescenario.html"},{"name":"satelliteScenario.SampleTime","type":"property","refpurpose":"衛星シナリオシミュレーションのサンプル時間","href":"ref\/satellitescenario.html"},{"name":"satelliteScenario.SimulationTime","type":"property","refpurpose":"衛星シナリオのシミュレーション時間（UTC）","href":"ref\/satellitescenario.html"},{"name":"satelliteScenario.SimulationStatus","type":"property","refpurpose":"シミュレーション ステータス","href":"ref\/satellitescenario.html"},{"name":"satelliteScenario.AutoSimulate","type":"property","refpurpose":"衛星シナリオを自動的にシミュレートするオプション","href":"ref\/satellitescenario.html"},{"name":"satelliteScenario.Satellites","type":"property","refpurpose":"シナリオにおける衛星","href":"ref\/satellitescenario.html"},{"name":"satelliteScenario.Platforms","type":"property","refpurpose":"シナリオ内のプラットフォーム","href":"ref\/satellitescenario.html"},{"name":"satelliteScenario.GroundStations","type":"property","refpurpose":"シナリオにおける地上局","href":"ref\/satellitescenario.html"},{"name":"satelliteScenario.AutoShow","type":"property","refpurpose":"グラフィックを自動的に表示するオプション","href":"ref\/satellitescenario.html"},{"name":"satelliteScenario.CentralBodyOptions","type":"property","refpurpose":"衛星シナリオで使用される中心体オプション","href":"ref\/satellitescenario.html"},{"name":"skyplot","type":"function","fcntype":"simple","refpurpose":"衛星の方位角と標高データをプロットする","href":"ref\/skyplot.html"},{"name":"slantRangeCircularOrbit","type":"function","fcntype":"simple","refpurpose":"円軌道衛星と地上局間の斜距離距離を計算する","href":"ref\/slantrangecircularorbit.html"}]}