{"schema":"referenceapi_lookup_schema.json","schemaVersion":"1.0","docVersion":"doc25a.2968260.Bdoc25a.2967890.pass.r2025a","productName":"Simscape Driveline","baseCode":"LD","helpFolder":"sdl","helpLocation":"sdl",  "refItems" : [{"name":"10-Speed","type":"simscapeblock","refpurpose":"Clutch schedule for a 10-speed transmission","href":"ref\/10speed.html"},{"name":"4-Speed CR-CR","type":"simscapeblock","refpurpose":"Clutch schedule for a four-speed carrier ring-carrier ring transmission","href":"ref\/4speedcrcr.html"},{"name":"4-Speed Ravigneaux","type":"simscapeblock","refpurpose":"Clutch schedule for a four-speed Ravigneaux transmission","href":"ref\/4speedravigneaux.html"},{"name":"6-Speed Lepelletier","type":"simscapeblock","refpurpose":"Clutch schedule for a six-speed Lepelletier transmission","href":"ref\/6speedlepelletier.html"},{"name":"7-Speed Lepelletier","type":"simscapeblock","refpurpose":"Clutch schedule for a seven-speed Lepelletier transmission","href":"ref\/7speedlepelletier.html"},{"name":"8-Speed","type":"simscapeblock","refpurpose":"Clutch schedule for an eight-speed transmission","href":"ref\/8speed.html"},{"name":"9-Speed","type":"simscapeblock","refpurpose":"Clutch schedule for a nine-speed transmission","href":"ref\/9speed.html"},{"name":"Aerodynamic Propeller","type":"simscapeblock","refpurpose":"Propeller that generates thrust from rotational motion","href":"ref\/aerodynamicpropeller.html"},{"name":"Air Intake","type":"simscapeblock","refpurpose":"Combustion cylinder air supply intake","href":"ref\/airintake.html"},{"name":"Air Spring","type":"simscapeblock","refpurpose":"Sealed translational air spring","href":"ref\/airspring.html"},{"name":"Band Brake","type":"simscapeblock","refpurpose":"Frictional brake with flexible band wrapped around rotating drum","href":"ref\/bandbrake.html"},{"name":"Battery (System-Level)","type":"simscapeblock","refpurpose":"Generic system level battery","href":"ref\/batterysystemlevel.html"},{"name":"Bearing","type":"simscapeblock","refpurpose":"Bearing that provides trans-axial support to freely rotating shaft","href":"ref\/bearing.html"},{"name":"Belt Drive","type":"simscapeblock","refpurpose":"Power transmission system with taut belt connecting two pulleys","href":"ref\/beltdrive.html"},{"name":"Belt Pulley","type":"simscapeblock","refpurpose":"Power transmission element with frictional belt wrapped around pulley circumference","href":"ref\/beltpulley.html"},{"name":"Cable","type":"simscapeblock","refpurpose":"Cable connection that enables tension transfer","href":"ref\/cable.html"},{"name":"Chain Drive","type":"simscapeblock","refpurpose":"Power transmission system with chain and two sprockets","href":"ref\/chaindrive.html"},{"name":"Compound Planetary Gear","type":"simscapeblock","refpurpose":"Planetary gear train with stepped planet gear set","href":"ref\/compoundplanetarygear.html"},{"name":"Cone Clutch","type":"simscapeblock","refpurpose":"Cone clutch with plates that engage when normal force exceeds threshold","href":"ref\/coneclutch.html"},{"name":"Crankshaft","type":"simscapeblock","refpurpose":"Combustion engine crankshaft that connects to one or more pistons","href":"ref\/crankshaft.html"},{"name":"Cycloidal Drive","type":"simscapeblock","refpurpose":"High-ratio speed reducer based on cycloidal disc motion","href":"ref\/cycloidaldrive.html"},{"name":"Differential","type":"simscapeblock","refpurpose":"Gear mechanism that allows driven shafts to spin at different speeds","href":"ref\/differential.html"},{"name":"Disc Brake","type":"simscapeblock","refpurpose":"Frictional brake with pressure-applying cylinder and pads","href":"ref\/discbrake.html"},{"name":"Disc Friction Clutch","type":"simscapeblock","refpurpose":"Friction clutch with disc plates that engage when plate pressure exceeds threshold","href":"ref\/discfrictionclutch.html"},{"name":"Dog Clutch","type":"simscapeblock","refpurpose":"Clutch with toothed plates that engage when plate teeth become enmeshed","href":"ref\/dogclutch.html"},{"name":"Double-Pinion Planetary Gear","type":"simscapeblock","refpurpose":"Planetary gear train with two meshed planet gear sets","href":"ref\/doublepinionplanetarygear.html"},{"name":"Double-Shoe Brake","type":"simscapeblock","refpurpose":"Frictional brake with two pivoted shoes diametrically positioned about a rotating drum with triggered faulting","href":"ref\/doubleshoebrake.html"},{"name":"Double-Sided Synchronizer","type":"simscapeblock","refpurpose":"Mechanical double-sided synchronizer","href":"ref\/doublesidedsynchronizer.html"},{"name":"Exhaust Manifold Thermal","type":"simscapeblock","refpurpose":"Thermodynamics of combustion engine exhaust manifold","href":"ref\/exhaustmanifoldthermal.html"},{"name":"Flexible Shaft","type":"simscapeblock","refpurpose":"Shaft with torsional and bending compliance","href":"ref\/flexibleshaft.html"},{"name":"Force Noise Source","type":"simscapeblock","refpurpose":"Model zero-mean normally (Gaussian) distributed force","href":"ref\/forcenoisesource.html"},{"name":"Fundamental Friction Clutch","type":"simscapeblock","refpurpose":"Friction clutch with kinetic and static-limit friction torques as inputs","href":"ref\/fundamentalfrictionclutch.html"},{"name":"Generic Engine","type":"simscapeblock","refpurpose":"Generic internal combustion engine","href":"ref\/genericengine.html"},{"name":"Harmonic Drive","type":"simscapeblock","refpurpose":"High-ratio speed reducer based on elastic deformation of an elliptical gear","href":"ref\/harmonicdrive.html"},{"name":"Ignition Trigger","type":"simscapeblock","refpurpose":"Trigger system for spark-ignited combustion engine","href":"ref\/ignitiontrigger.html"},{"name":"Leadscrew","type":"simscapeblock","refpurpose":"Leadscrew gear set of threaded rotating screw and translating nut, with adjustable thread and friction losses","href":"ref\/leadscrew.html"},{"name":"Limited-Slip Differential","type":"simscapeblock","refpurpose":"Reduce velocity difference between two connected shafts","href":"ref\/limitedslipdifferential.html"},{"name":"Loaded-Contact Rotational Friction","type":"simscapeblock","refpurpose":"Loaded-contact friction between two rotating surfaces","href":"ref\/loadedcontactrotationalfriction.html"},{"name":"Loaded-Contact Translational Friction","type":"simscapeblock","refpurpose":"Loaded-contact friction between two sliding surfaces","href":"ref\/loadedcontacttranslationalfriction.html"},{"name":"Logic-Controlled Clutch","type":"simscapeblock","refpurpose":"Friction clutch with input control","href":"ref\/logiccontrolledclutch.html"},{"name":"Longitudinal Vehicle","type":"simscapeblock","refpurpose":"Longitudinal motion abstract vehicle with ideal brakes and tires","href":"ref\/longitudinalvehicle.html"},{"name":"Marine Propeller","type":"simscapeblock","refpurpose":"Propeller that converts rotation into thrust in marine environments","href":"ref\/marinepropeller.html"},{"name":"Motor & Drive","type":"simscapeblock","refpurpose":"Generic motor and drive with closed-loop torque control","href":"ref\/motordrive.html"},{"name":"Nonlinear Rotational Damper","type":"simscapeblock","refpurpose":"Nonlinear damper in a rotational system","href":"ref\/nonlinearrotationaldamper.html"},{"name":"Nonlinear Rotational Spring","type":"simscapeblock","refpurpose":"Torsional spring based on polynomial or table lookup parameterizations","href":"ref\/nonlinearrotationalspring.html"},{"name":"Nonlinear Translational Damper","type":"simscapeblock","refpurpose":"Nonlinear damper in a translational system","href":"ref\/nonlineartranslationaldamper.html"},{"name":"Nonlinear Translational Spring","type":"simscapeblock","refpurpose":"Translational spring based on polynomial or table lookup parameterizations","href":"ref\/nonlineartranslationalspring.html"},{"name":"Piston","type":"simscapeblock","refpurpose":"Piston mechanism of reciprocating combustion engine","href":"ref\/piston.html"},{"name":"Piston Engine","type":"simscapeblock","refpurpose":"Reciprocating combustion engine with variable number of pistons","href":"ref\/pistonengine.html"},{"name":"Planetary Gear","type":"simscapeblock","refpurpose":"Gear train with sun, planet, and ring gears","href":"ref\/planetarygear.html"},{"name":"Planet-Planet","type":"simscapeblock","refpurpose":"Planetary gear set of carrier, inner planet, and outer planet wheels with adjustable gear ratio and friction losses","href":"ref\/planetplanet.html"},{"name":"Rack & Pinion","type":"simscapeblock","refpurpose":"Rack and pinion gear coupling translational and rotational motion, with adjustable pinion radius and friction losses","href":"ref\/rackpinion.html"},{"name":"Ravigneaux Gear","type":"simscapeblock","refpurpose":"Planetary gear with two sun gears and two planet gear sets","href":"ref\/ravigneauxgear.html"},{"name":"Ring-Planet","type":"simscapeblock","refpurpose":"Planetary gear set of carrier, planet, and ring wheels with adjustable gear ratio and friction losses","href":"ref\/ringplanet.html"},{"name":"Road Profile","type":"simscapeblock","refpurpose":"Road profile with varying elevation and friction properties","href":"ref\/roadprofile.html"},{"name":"Rod","type":"simscapeblock","refpurpose":"Axially flexible bar or cable","href":"ref\/rod.html"},{"name":"Rolling Resistance","type":"simscapeblock","refpurpose":"Model rolling resistance","href":"ref\/rollingresistance.html"},{"name":"Rope Drum","type":"simscapeblock","refpurpose":"Power transmission system with tightly wound rope around cylindrical drum","href":"ref\/ropedrum.html"},{"name":"Rotational Damper","type":"simscapeblock","refpurpose":"Linear rotational damper","href":"ref\/rotationaldamper.html"},{"name":"Rotational Detent","type":"simscapeblock","refpurpose":"Double-sided, spring-loaded rotational detent","href":"ref\/rotationaldetent.html"},{"name":"Rotational Power Sensor","type":"simscapeblock","refpurpose":"Measure average or instantaneous rotational power","href":"ref\/rotationalpowersensor.html"},{"name":"Rotational Velocity Noise Source","type":"simscapeblock","refpurpose":"Produce zero-mean normally (Gaussian) distributed rotational velocity","href":"ref\/rotationalvelocitynoisesource.html"},{"name":"sdlUtility.LongitudinalVehiclePerformanceDesignApp","type":"app","refpurpose":"Design performance specifications for the Longitudinal Vehicle block","href":"ref\/sdlutility.longitudinalvehicleperformancedesignapp-app.html"},{"name":"sdlUtility.tirread","type":"function","fcntype":"simple","refpurpose":"Import TIR file to Tire (Magic Formula) block","href":"ref\/sdlutility.tirread.html"},{"name":"Shock Absorber","type":"simscapeblock","refpurpose":"Spring and damper system that absorbs translational shocks","href":"ref\/shockabsorber.html"},{"name":"SI Combustion Cylinder","type":"simscapeblock","refpurpose":"Spark-ignited, four-stroke internal combustion cylinder","href":"ref\/sicombustioncylinder.html"},{"name":"Simple Gear","type":"simscapeblock","refpurpose":"Simple gear of base and follower wheels with adjustable gear ratio, friction losses, and triggered faults","href":"ref\/simplegear.html"},{"name":"Simple Gear with Variable Efficiency","type":"simscapeblock","refpurpose":"Gear set with parallel-axis rotation and variable meshing efficiency","href":"ref\/simplegearwithvariableefficiency.html"},{"name":"Sinusoidal Force Source","type":"simscapeblock","refpurpose":"Produce sinusoidal force","href":"ref\/sinusoidalforcesource.html"},{"name":"Sinusoidal Rotational Velocity Source","type":"simscapeblock","refpurpose":"Produce sinusoidal rotational velocity","href":"ref\/sinusoidalrotationalvelocitysource.html"},{"name":"Sinusoidal Torque Source","type":"simscapeblock","refpurpose":"Produce sinusoidal torque","href":"ref\/sinusoidaltorquesource.html"},{"name":"Sinusoidal Translational Velocity Source","type":"simscapeblock","refpurpose":"Produce sinusoidal translational velocity","href":"ref\/sinusoidaltranslationalvelocitysource.html"},{"name":"Spark Ignition Engine","type":"simscapeblock","refpurpose":"Spark ignition engine","href":"ref\/sparkignitionengine.html"},{"name":"Sun-Planet","type":"simscapeblock","refpurpose":"Planetary gear set of carrier, planet, and sun wheels with adjustable gear ratio and friction losses","href":"ref\/sunplanet.html"},{"name":"Sun-Planet Bevel","type":"simscapeblock","refpurpose":"Planetary gear set of carrier and beveled planet and sun wheels with adjustable gear ratio, assembly orientation, and friction losses","href":"ref\/sunplanetbevel.html"},{"name":"Sun-Planet Worm Gear","type":"simscapeblock","refpurpose":"Planetary gear set of carrier, worm planet, and sun wheels with adjustable gear ratio, worm thread type, and friction losses","href":"ref\/sunplanetwormgear.html"},{"name":"Synchronizer","type":"simscapeblock","refpurpose":"Mechanical synchronizer","href":"ref\/synchronizer.html"},{"name":"Tire (Friction Parameterized)","type":"simscapeblock","refpurpose":"Tire with friction parameterized in terms of static and kinetic coefficients","href":"ref\/tirefrictionparameterized.html"},{"name":"Tire (Magic Formula)","type":"simscapeblock","refpurpose":"Tire defined by Magic Formula coefficients","href":"ref\/tiremagicformula.html"},{"name":"Tire-Road Interaction (Magic Formula)","type":"simscapeblock","refpurpose":"Tire-road dynamics given by Magic Formula coefficients","href":"ref\/tireroadinteractionmagicformula.html"},{"name":"Tire (Simple)","type":"simscapeblock","refpurpose":"No-slip tire model with minimal parameters","href":"ref\/tiresimple.html"},{"name":"Torque Converter","type":"simscapeblock","refpurpose":"Torque converter coupling between two drive shafts","href":"ref\/torqueconverter.html"},{"name":"Torque Noise Source","type":"simscapeblock","refpurpose":"Model zero-mean normally (Gaussian) distributed torque","href":"ref\/torquenoisesource.html"},{"name":"Torsional Spring-Damper","type":"simscapeblock","refpurpose":"Rotational spring and damper coupling with Coulomb friction, locking, and hard stops","href":"ref\/torsionalspringdamper.html"},{"name":"Translational Damper","type":"simscapeblock","refpurpose":"Linear translational damper","href":"ref\/translationaldamper.html"},{"name":"Translational Detent","type":"simscapeblock","refpurpose":"Double-sided, spring-loaded translational detent","href":"ref\/translationaldetent.html"},{"name":"Translational Power Sensor","type":"simscapeblock","refpurpose":"Average or instantaneous translational power sensor","href":"ref\/translationalpowersensor.html"},{"name":"Translational Velocity Noise Source","type":"simscapeblock","refpurpose":"Produce zero-mean normally (Gaussian) distributed translational velocity","href":"ref\/translationalvelocitynoisesource.html"},{"name":"Transmission","type":"simscapeblock","refpurpose":"Abstract transmission for system-level driveline modeling","href":"ref\/transmission.html"},{"name":"Unbalanced Load","type":"simscapeblock","refpurpose":"Load with angle-dependent rotational inertia","href":"ref\/unbalancedload.html"},{"name":"Unidirectional Clutch","type":"simscapeblock","refpurpose":"Clutch that transmits power in a single direction","href":"ref\/unidirectionalclutch.html"},{"name":"Universal Joint","type":"simscapeblock","refpurpose":"Rotational coupling between two driveline shafts","href":"ref\/universaljoint.html"},{"name":"Variable Inertia","type":"simscapeblock","refpurpose":"Time-varying inertia specified as physical signal input","href":"ref\/variableinertia.html"},{"name":"Variable Mass","type":"simscapeblock","refpurpose":"Time-varying mass specified as physical signal input","href":"ref\/variablemass.html"},{"name":"Variable Ratio Transmission","type":"simscapeblock","refpurpose":"Dynamic gearbox with variable and controllable gear ratio, transmission compliance, and friction losses","href":"ref\/variableratiotransmission.html"},{"name":"Variable Rotational Damper","type":"simscapeblock","refpurpose":"Rotational damper with variable damping coefficient","href":"ref\/variablerotationaldamper.html"},{"name":"Variable Rotational Spring","type":"simscapeblock","refpurpose":"Rotational spring with variable spring stiffness","href":"ref\/variablerotationalspring.html"},{"name":"Variable Translational Damper","type":"simscapeblock","refpurpose":"Translational viscous damper with variable damping coefficient","href":"ref\/variabletranslationaldamper.html"},{"name":"Variable Translational Spring","type":"simscapeblock","refpurpose":"Translational spring with variable spring stiffness","href":"ref\/variabletranslationalspring.html"},{"name":"Vehicle Body","type":"simscapeblock","refpurpose":"Vehicle body with two axles in longitudinal motion","href":"ref\/vehiclebody.html"},{"name":"Wind Turbine","type":"simscapeblock","refpurpose":"Turbine that converts wind kinetic energy into rotational motion","href":"ref\/windturbine.html"},{"name":"Worm Gear","type":"simscapeblock","refpurpose":"Worm gear with adjustable gear ratio and friction losses","href":"ref\/wormgear.html"}]}