{"schema":"referenceapi_lookup_schema.json","schemaVersion":"1.0","docVersion":"doc25a.2968260.Bdoc25a.2967890.pass.r2025a","productName":"Signal Integrity Toolbox","baseCode":"SQ","helpFolder":"signal-integrity","helpLocation":"signal-integrity",  "refItems" : [{"name":"Clock Domain Editor","type":"app","refpurpose":"Edit clock domain entries","href":"ref\/clockdomaineditor-app.html"},{"name":"closedContour","type":"function","fcntype":"simple","refpurpose":"Measure closed contour of eye diagram","href":"ref\/closedcontour.html"},{"name":"createTDRTable","type":"function","fcntype":"simple","refpurpose":"Return TDR results as MATLAB table","href":"ref\/createtdrtable.html"},{"name":"estimateStateye","type":"function","fcntype":"simple","refpurpose":"Generate statistical eye from effective step responses","href":"ref\/estimatestateye.html"},{"name":"lowerContour","type":"function","fcntype":"instancemethod","refpurpose":"Measure lower contour of eye diagram","href":"ref\/eyecontour.lowercontour.html"},{"name":"eyeContour.lowerContour","type":"method","fcntype":"instancemethod","refpurpose":"Measure lower contour of eye diagram","href":"ref\/eyecontour.lowercontour.html"},{"name":"upperContour","type":"function","fcntype":"instancemethod","refpurpose":"Measure upper contour of eye diagram","href":"ref\/eyecontour.uppercontour.html"},{"name":"eyeContour.upperContour","type":"method","fcntype":"instancemethod","refpurpose":"Measure upper contour of eye diagram","href":"ref\/eyecontour.uppercontour.html"},{"name":"eyeContour","type":"object","refpurpose":"Contour of eye opening from eye diagram","href":"ref\/eyecontour.html"},{"name":"eyeContour","type":"function","fcntype":"constructor","refpurpose":"Contour of eye opening from eye diagram","href":"ref\/eyecontour.html"},{"name":"eyeContour.Contour","type":"property","refpurpose":"Numeric contour data for each eye opening","href":"ref\/eyecontour.html"},{"name":"eyeContour.OuterContour","type":"property","refpurpose":"Numeric contour data of outer contours","href":"ref\/eyecontour.html"},{"name":"eyeContour.SER","type":"property","refpurpose":"Symbol error rate to generate contour","href":"ref\/eyecontour.html"},{"name":"eyeContour.Extrapolation","type":"property","refpurpose":"Extrapolation method to generate contour","href":"ref\/eyecontour.html"},{"name":"eyeContour.SampleInterval","type":"property","refpurpose":"Time between adjacent samples in input data","href":"ref\/eyecontour.html"},{"name":"eyeContour.SymbolTime","type":"property","refpurpose":"Time span of one symbol","href":"ref\/eyecontour.html"},{"name":"eyeContour.SymbolThresholds","type":"property","refpurpose":"Nominal center amplitude for eye opening","href":"ref\/eyecontour.html"},{"name":"eyeDiagramSI","type":"function","fcntype":"constructor","refpurpose":"Create eye diagram from time-domain data","href":"ref\/eyediagramsi-system-object.html"},{"name":"eyeDiagramSI","type":"sysobj","refpurpose":"Create eye diagram from time-domain data","href":"ref\/eyediagramsi-system-object.html"},{"name":"eyeDiagramSI.SymbolThresholds","type":"property","refpurpose":"Nominal center amplitude for eye opening","href":"ref\/eyediagramsi-system-object.html"},{"name":"eyeDiagramSI.SampleInterval","type":"property","refpurpose":"Time between adjacent samples in input data","href":"ref\/eyediagramsi-system-object.html"},{"name":"eyeDiagramSI.SymbolTime","type":"property","refpurpose":"Time span of one symbol","href":"ref\/eyediagramsi-system-object.html"},{"name":"eyeDiagramSI.ClockThresholds","type":"property","refpurpose":"Edge detection threshold for waveform clock signals","href":"ref\/eyediagramsi-system-object.html"},{"name":"eyeDiagramSI.Modulation","type":"property","refpurpose":"Number of symbol levels in eye diagram","href":"ref\/eyediagramsi-system-object.html"},{"name":"eyeDiagramSI.SampleOn","type":"property","refpurpose":"Method to sample waveform clock signals","href":"ref\/eyediagramsi-system-object.html"},{"name":"eyeDiagramSI.ClockMode","type":"property","refpurpose":"Method used by recovered clock to capture data","href":"ref\/eyediagramsi-system-object.html"},{"name":"eyeDiagramSI.PhaseDetector","type":"property","refpurpose":"Clock phase detector algorithm","href":"ref\/eyediagramsi-system-object.html"},{"name":"eyeDiagramSI.PhaseOffset","type":"property","refpurpose":"Delay between clock edge and timing origin","href":"ref\/eyediagramsi-system-object.html"},{"name":"eyeDiagramSI.PhaseOffsetUnit","type":"property","refpurpose":"Unit for phase offset","href":"ref\/eyediagramsi-system-object.html"},{"name":"eyeDiagramSI.SymbolsPerDiagram","type":"property","refpurpose":"Width of eye diagram in symbols","href":"ref\/eyediagramsi-system-object.html"},{"name":"eyeDiagramSI.TimeBins","type":"property","refpurpose":"Number of time bins in eye diagram","href":"ref\/eyediagramsi-system-object.html"},{"name":"eyeDiagramSI.AmplitudeBins","type":"property","refpurpose":"Number of amplitude bins in eye diagram","href":"ref\/eyediagramsi-system-object.html"},{"name":"eyeDiagramSI.AmplitudeLimits","type":"property","refpurpose":"Minimum and maximum eye amplitudes in eye diagram","href":"ref\/eyediagramsi-system-object.html"},{"name":"eyeDiagramSI.SymbolPDFs","type":"property","refpurpose":"Eye diagram stack for each symbol","href":"ref\/eyediagramsi-system-object.html"},{"name":"eyeDiagramSI.EyeHistogram","type":"property","refpurpose":"2-D eye histogram","href":"ref\/eyediagramsi-system-object.html"},{"name":"eyeDiagramSI.ClockEdgeTimes","type":"property","refpurpose":"Histogram of clock edge times","href":"ref\/eyediagramsi-system-object.html"},{"name":"bathtub","type":"function","fcntype":"instancemethod","refpurpose":"Plot bathtub curves","href":"ref\/eyediagramsi.bathtub.html"},{"name":"eyeDiagramSI.bathtub","type":"method","fcntype":"instancemethod","refpurpose":"Plot bathtub curves","href":"ref\/eyediagramsi.bathtub.html"},{"name":"com","type":"function","fcntype":"instancemethod","refpurpose":"Measure channel operating margin","href":"ref\/eyediagramsi.com.html"},{"name":"eyeDiagramSI.com","type":"method","fcntype":"instancemethod","refpurpose":"Measure channel operating margin","href":"ref\/eyediagramsi.com.html"},{"name":"eyeAmplitude","type":"function","fcntype":"instancemethod","refpurpose":"Measure eye amplitude","href":"ref\/eyediagramsi.eyeamplitude.html"},{"name":"eyeDiagramSI.eyeAmplitude","type":"method","fcntype":"instancemethod","refpurpose":"Measure eye amplitude","href":"ref\/eyediagramsi.eyeamplitude.html"},{"name":"eyeArea","type":"function","fcntype":"instancemethod","refpurpose":"Measure eye area","href":"ref\/eyediagramsi.eyearea.html"},{"name":"eyeDiagramSI.eyeArea","type":"method","fcntype":"instancemethod","refpurpose":"Measure eye area","href":"ref\/eyediagramsi.eyearea.html"},{"name":"eyeContour.eyeArea","type":"method","fcntype":"instancemethod","refpurpose":"Measure eye area","href":"ref\/eyediagramsi.eyearea.html"},{"name":"eyeCenter","type":"function","fcntype":"instancemethod","refpurpose":"Measure eye center point","href":"ref\/eyediagramsi.eyecenter.html"},{"name":"eyeDiagramSI.eyeCenter","type":"method","fcntype":"instancemethod","refpurpose":"Measure eye center point","href":"ref\/eyediagramsi.eyecenter.html"},{"name":"eyeCrossing","type":"function","fcntype":"instancemethod","refpurpose":"Measure eye crossing points","href":"ref\/eyediagramsi.eyecrossing.html"},{"name":"eyeDiagramSI.eyeCrossing","type":"method","fcntype":"instancemethod","refpurpose":"Measure eye crossing points","href":"ref\/eyediagramsi.eyecrossing.html"},{"name":"eyeHeight","type":"function","fcntype":"instancemethod","refpurpose":"Measure vertical eye opening","href":"ref\/eyediagramsi.eyeheight.html"},{"name":"eyeDiagramSI.eyeHeight","type":"method","fcntype":"instancemethod","refpurpose":"Measure vertical eye opening","href":"ref\/eyediagramsi.eyeheight.html"},{"name":"eyeContour.eyeHeight","type":"method","fcntype":"instancemethod","refpurpose":"Measure vertical eye opening","href":"ref\/eyediagramsi.eyeheight.html"},{"name":"eyeLevels","type":"function","fcntype":"instancemethod","refpurpose":"Measure symbol level statistics from eye diagram","href":"ref\/eyediagramsi.eyelevels.html"},{"name":"eyeDiagramSI.eyeLevels","type":"method","fcntype":"instancemethod","refpurpose":"Measure symbol level statistics from eye diagram","href":"ref\/eyediagramsi.eyelevels.html"},{"name":"eyeLinearity","type":"function","fcntype":"instancemethod","refpurpose":"Measure eye linearity","href":"ref\/eyediagramsi.eyelinearity.html"},{"name":"eyeDiagramSI.eyeLinearity","type":"method","fcntype":"instancemethod","refpurpose":"Measure eye linearity","href":"ref\/eyediagramsi.eyelinearity.html"},{"name":"eyeWidth","type":"function","fcntype":"instancemethod","refpurpose":"Measure horizontal eye opening","href":"ref\/eyediagramsi.eyewidth.html"},{"name":"eyeDiagramSI.eyeWidth","type":"method","fcntype":"instancemethod","refpurpose":"Measure horizontal eye opening","href":"ref\/eyediagramsi.eyewidth.html"},{"name":"eyeContour.eyeWidth","type":"method","fcntype":"instancemethod","refpurpose":"Measure horizontal eye opening","href":"ref\/eyediagramsi.eyewidth.html"},{"name":"falltime","type":"function","fcntype":"instancemethod","refpurpose":"Measure fall time from eye diagram","href":"ref\/eyediagramsi.falltime.html"},{"name":"eyeDiagramSI.falltime","type":"method","fcntype":"instancemethod","refpurpose":"Measure fall time from eye diagram","href":"ref\/eyediagramsi.falltime.html"},{"name":"margin","type":"function","fcntype":"instancemethod","refpurpose":"Calculate margins of eye contour from mask","href":"ref\/eyediagramsi.margin.html"},{"name":"eyeDiagramSI.margin","type":"method","fcntype":"instancemethod","refpurpose":"Calculate margins of eye contour from mask","href":"ref\/eyediagramsi.margin.html"},{"name":"eyeMask.margin","type":"method","fcntype":"instancemethod","refpurpose":"Calculate margins of eye contour from mask","href":"ref\/eyediagramsi.margin.html"},{"name":"risetime","type":"function","fcntype":"instancemethod","refpurpose":"Measure rise time from eye diagram","href":"ref\/eyediagramsi.risetime.html"},{"name":"eyeDiagramSI.risetime","type":"method","fcntype":"instancemethod","refpurpose":"Measure rise time from eye diagram","href":"ref\/eyediagramsi.risetime.html"},{"name":"slice","type":"function","fcntype":"instancemethod","refpurpose":"Extract slice from eye diagram","href":"ref\/eyediagramsi.slice.html"},{"name":"eyeDiagramSI.slice","type":"method","fcntype":"instancemethod","refpurpose":"Extract slice from eye diagram","href":"ref\/eyediagramsi.slice.html"},{"name":"vec","type":"function","fcntype":"instancemethod","refpurpose":"Measure vertical eye closure","href":"ref\/eyediagramsi.vec.html"},{"name":"eyeDiagramSI.vec","type":"method","fcntype":"instancemethod","refpurpose":"Measure vertical eye closure","href":"ref\/eyediagramsi.vec.html"},{"name":"plot","type":"function","fcntype":"instancemethod","refpurpose":"Plot eye diagram, eye contour, or eye mask object","href":"ref\/eyemask.plot.html"},{"name":"eyeMask.plot","type":"method","fcntype":"instancemethod","refpurpose":"Plot eye diagram, eye contour, or eye mask object","href":"ref\/eyemask.plot.html"},{"name":"eyeDiagramSI.plot","type":"method","fcntype":"instancemethod","refpurpose":"Plot eye diagram, eye contour, or eye mask object","href":"ref\/eyemask.plot.html"},{"name":"eyeContour.plot","type":"method","fcntype":"instancemethod","refpurpose":"Plot eye diagram, eye contour, or eye mask object","href":"ref\/eyemask.plot.html"},{"name":"eyeMask","type":"object","refpurpose":"Shape and size mask of eye opening","href":"ref\/eyemask.html"},{"name":"eyeMask","type":"function","fcntype":"constructor","refpurpose":"Shape and size mask of eye opening","href":"ref\/eyemask.html"},{"name":"eyeMask.Shape","type":"property","refpurpose":"Shape of eye mask","href":"ref\/eyemask.html"},{"name":"eyeMask.Position","type":"property","refpurpose":"Default position of origin of shape of mask in eye diagram","href":"ref\/eyemask.html"},{"name":"eyeMask.OptimizeTime","type":"property","refpurpose":"How to optimize time coordinates of position of mask","href":"ref\/eyemask.html"},{"name":"eyeMask.TimeUnit","type":"property","refpurpose":"Unit for time coordinates for position and shape","href":"ref\/eyemask.html"},{"name":"eyeMask.UpperLimit","type":"property","refpurpose":"Upper amplitude limit of eye mask","href":"ref\/eyemask.html"},{"name":"eyeMask.LowerLimit","type":"property","refpurpose":"Lower amplitude limit of eye mask","href":"ref\/eyemask.html"},{"name":"eyeMask.UserData","type":"property","refpurpose":"User specified data","href":"ref\/eyemask.html"},{"name":"eyeMask.w1","type":"property","refpurpose":"Width of rectangle, diamond, and center of hexagon eye masks","href":"ref\/eyemask.html"},{"name":"eyeMask.w2","type":"property","refpurpose":"Width of top and bottom of hexagon eye mask","href":"ref\/eyemask.html"},{"name":"eyeMask.h","type":"property","refpurpose":"Height of rectangle, diamond, or hexagon eye masks","href":"ref\/eyemask.html"},{"name":"eyeMask.FileName","type":"property","refpurpose":"Name of rules file or MAT file that defines eyeMask object","href":"ref\/eyemask.html"},{"name":"Eye Measurement","type":"block","refpurpose":"Calculate metrics from eye diagram","href":"ref\/eyemeasurement.html"},{"name":"jitter","type":"function","fcntype":"simple","refpurpose":"Measure jitter metrics from waveforms","href":"ref\/jitter.html"},{"name":"jitterDataDependent","type":"function","fcntype":"simple","refpurpose":"Measure data-dependent jitter from waveform","href":"ref\/jitterdatadependent.html"},{"name":"jitterDeterministic","type":"function","fcntype":"simple","refpurpose":"Measure deterministic jitter from waveform","href":"ref\/jitterdeterministic.html"},{"name":"jitterDutyCycle","type":"function","fcntype":"simple","refpurpose":"Measure jitter correlated with duty cycle distortion","href":"ref\/jitterdutycycle.html"},{"name":"jitterIntersymbol","type":"function","fcntype":"simple","refpurpose":"Measure jitter correlated with intersymbol interference","href":"ref\/jitterintersymbol.html"},{"name":"jitterPeriodic","type":"function","fcntype":"simple","refpurpose":"Measure periodic jitter from waveform","href":"ref\/jitterperiodic.html"},{"name":"jitterRandom","type":"function","fcntype":"simple","refpurpose":"Measure random jitter from waveform","href":"ref\/jitterrandom.html"},{"name":"jitterSinusoidal","type":"function","fcntype":"simple","refpurpose":"Measure sinusoidal jitter from waveform","href":"ref\/jittersinusoidal.html"},{"name":"jitterTotal","type":"function","fcntype":"simple","refpurpose":"Measure total jitter metric from waveform","href":"ref\/jittertotal.html"},{"name":"makeWave","type":"function","fcntype":"simple","refpurpose":"Create symbol pattern waveform","href":"ref\/makewave.html"},{"name":"openSignalIntegrityKit","type":"function","fcntype":"simple","refpurpose":"Download, extract, and open Signal Integrity Toolbox kits","href":"ref\/opensignalintegritykit.html"},{"name":"Parallel Link Designer","type":"app","refpurpose":"Analyze PCB designs for parallel link applications","href":"ref\/parallellinkdesigner-app.html"},{"name":"plotInputs","type":"function","fcntype":"simple","refpurpose":"Plot input waveforms and MER effective step responses","href":"ref\/plotinputs.html"},{"name":"plotPDFs","type":"function","fcntype":"simple","refpurpose":"Plot PDFs of MER waveforms","href":"ref\/plotpdfs.html"},{"name":"plotStateye","type":"function","fcntype":"simple","refpurpose":"Plot statistical eye of reconstructed MER waveform","href":"ref\/plotstateye.html"},{"name":"plotValidation","type":"function","fcntype":"simple","refpurpose":"Plot reconstructed, reference, and error waveforms","href":"ref\/plotvalidation.html"},{"name":"Serial Link Designer","type":"app","refpurpose":"Analyze PCB designs for serial link applications","href":"ref\/seriallinkdesigner-app.html"},{"name":"createSheet","type":"function","fcntype":"instancemethod","refpurpose":"Create sheet in the current interface","href":"ref\/si.api.signalintegrityproject.createsheet.html"},{"name":"si.api.SignalIntegrityProject.createSheet","type":"method","fcntype":"instancemethod","refpurpose":"Create sheet in the current interface","href":"ref\/si.api.signalintegrityproject.createsheet.html"},{"name":"ImportIBISFile","type":"function","fcntype":"instancemethod","refpurpose":"Import IBIS file into current project","href":"ref\/si.api.signalintegrityproject.importibisfile.html"},{"name":"si.api.SignalIntegrityProject.ImportIBISFile","type":"method","fcntype":"instancemethod","refpurpose":"Import IBIS file into current project","href":"ref\/si.api.signalintegrityproject.importibisfile.html"},{"name":"newSignalIntegrityProject","type":"function","fcntype":"instancemethod","refpurpose":"Create new serial or parallel link project","href":"ref\/si.api.signalintegrityproject.newsignalintegrityproject.html"},{"name":"si.api.SignalIntegrityProject.newSignalIntegrityProject","type":"method","fcntype":"instancemethod","refpurpose":"Create new serial or parallel link project","href":"ref\/si.api.signalintegrityproject.newsignalintegrityproject.html"},{"name":"designator","type":"function","fcntype":"instancemethod","refpurpose":"Return designator on sheet","href":"ref\/si.api.signalintegritysheet.designator.html"},{"name":"si.api.SignalIntegritySheet.designator","type":"method","fcntype":"instancemethod","refpurpose":"Return designator on sheet","href":"ref\/si.api.signalintegritysheet.designator.html"},{"name":"si.MER","type":"object","refpurpose":"Reconstruct MER waveform and estimate MER statistical eye of nonlinear systems","href":"ref\/si.mer.html"},{"name":"si.MER","type":"function","fcntype":"constructor","refpurpose":"Reconstruct MER waveform and estimate MER statistical eye of nonlinear systems","href":"ref\/si.mer.html"},{"name":"si.MER.Order","type":"property","refpurpose":"MER order","href":"ref\/si.mer.html"},{"name":"si.MER.Modulation","type":"property","refpurpose":"Number of pulse amplitude modulation symbol levels","href":"ref\/si.mer.html"},{"name":"si.MER.SymbolTime","type":"property","refpurpose":"Time of single symbol duration","href":"ref\/si.mer.html"},{"name":"si.MER.SamplesPerSymbol","type":"property","refpurpose":"Number of samples within single symbol time","href":"ref\/si.mer.html"},{"name":"si.MER.Specification","type":"property","refpurpose":"Type of nonlinear system","href":"ref\/si.mer.html"},{"name":"si.MER.SourceWaves","type":"property","refpurpose":"Input waveform defined by source waves pattern","href":"ref\/si.mer.html"},{"name":"si.MER.SourceWavesPattern","type":"property","refpurpose":"Symbol pattern","href":"ref\/si.mer.html"},{"name":"si.MER.SourceDelay","type":"property","refpurpose":"Channel delay","href":"ref\/si.mer.html"},{"name":"si.MER.SourceEffectiveSteps","type":"property","refpurpose":"Input MER step responses","href":"ref\/si.mer.html"},{"name":"si.MER.SourceEffectiveStepsPattern","type":"property","refpurpose":"Input MER step responses patterns","href":"ref\/si.mer.html"},{"name":"si.MER.SourceSymbolVoltage","type":"property","refpurpose":"Input symbol voltage","href":"ref\/si.mer.html"},{"name":"si.MER.ReferenceWave","type":"property","refpurpose":"Reference waveform to use to validate reconstructed MER waveform","href":"ref\/si.mer.html"},{"name":"si.MER.ReferenceWavePattern","type":"property","refpurpose":"Data pattern of reference waveform","href":"ref\/si.mer.html"},{"name":"si.MER.PlotAxis","type":"property","refpurpose":"Unit of measurement for axes in plot","href":"ref\/si.mer.html"},{"name":"si.MER.SourceWaveLabel","type":"property","refpurpose":"Labels for input source waveforms","href":"ref\/si.mer.html"},{"name":"si.MER.EffectiveSteps","type":"property","refpurpose":"Output MER step responses","href":"ref\/si.mer.html"},{"name":"si.MER.EffectiveStepsPattern","type":"property","refpurpose":"Calculated MER step responses patterns","href":"ref\/si.mer.html"},{"name":"si.MER.EffectiveStepsLabel","type":"property","refpurpose":"Label for output MER step responses","href":"ref\/si.mer.html"},{"name":"si.MER.SymbolVoltages","type":"property","refpurpose":"PAM symbol voltage levels","href":"ref\/si.mer.html"},{"name":"si.MER.VoltageReference","type":"property","refpurpose":"Threshold between symbol voltage levels","href":"ref\/si.mer.html"},{"name":"si.MER.SampleInterval","type":"property","refpurpose":"Uniform time step of waveform","href":"ref\/si.mer.html"},{"name":"si.MER.Wave","type":"property","refpurpose":"Symbol pattern of output waveform","href":"ref\/si.mer.html"},{"name":"si.MER.Stateye","type":"property","refpurpose":"Estimated statistical eye","href":"ref\/si.mer.html"},{"name":"si.MER.VEye","type":"property","refpurpose":"Voltage data of statistical eye","href":"ref\/si.mer.html"},{"name":"si.MER.TEye","type":"property","refpurpose":"Time data of statistical eye","href":"ref\/si.mer.html"},{"name":"si.MER.ZkPDF","type":"property","refpurpose":"Symbol transition probability distribution functions","href":"ref\/si.mer.html"},{"name":"si.MER.ZkPDFPattern","type":"property","refpurpose":"Patterns of symbol transition PDFs","href":"ref\/si.mer.html"},{"name":"si.MER.ZkPDFLabel","type":"property","refpurpose":"Labels of symbol transition PDFs","href":"ref\/si.mer.html"},{"name":"si.MER.StatEyeInfo","type":"property","refpurpose":"Statistical eye diagram information","href":"ref\/si.mer.html"},{"name":"si.MER.WaveAligned","type":"property","refpurpose":"Aligned validation waveform","href":"ref\/si.mer.html"},{"name":"si.MER.WaveDifference","type":"property","refpurpose":"Difference between aligned and reference waveforms","href":"ref\/si.mer.html"},{"name":"si.MER.ValidationResults","type":"property","refpurpose":"Validation metrics","href":"ref\/si.mer.html"},{"name":"si.MER.ReferenceWaveEyeInfo","type":"property","refpurpose":"Reference waveform eye diagram information","href":"ref\/si.mer.html"},{"name":"si.MER.AlignedWaveEyeInfo","type":"property","refpurpose":"Aligned waveform eye diagram information","href":"ref\/si.mer.html"},{"name":"si.MER.WaveEyeInfo","type":"property","refpurpose":"Aligned waveform eye diagram information","href":"ref\/si.mer.html"},{"name":"SignalIntegrityInterface","type":"object","refpurpose":"Return interface object of given Signal Integrity Toolbox project object","href":"ref\/signalintegrityinterface.html"},{"name":"SignalIntegrityInterface.Name","type":"property","refpurpose":"Name of current interface","href":"ref\/signalintegrityinterface.html"},{"name":"SignalIntegrityInterface.Type","type":"property","refpurpose":"Type of current interface","href":"ref\/signalintegrityinterface.html"},{"name":"SignalIntegrityInterface.CurrentSchematicSet","type":"property","refpurpose":"Name of current schematic set","href":"ref\/signalintegrityinterface.html"},{"name":"SignalIntegrityInterface.Results","type":"property","refpurpose":"Results of simulations ran in current interface","href":"ref\/signalintegrityinterface.html"},{"name":"SignalIntegrityInterface.Sheets","type":"property","refpurpose":"Object(s) representing all sheets in current interface","href":"ref\/signalintegrityinterface.html"},{"name":"SignalIntegrityInterface.ParentProject","type":"property","refpurpose":"Parent project object","href":"ref\/signalintegrityinterface.html"},{"name":"SignalIntegrityInterface.SimulationParameters","type":"property","refpurpose":"Simulation parameters for the current interface","href":"ref\/signalintegrityinterface.html"},{"name":"SignalIntegrityProject","type":"object","refpurpose":"Create Signal Integrity Toolbox project object","href":"ref\/signalintegrityproject.html"},{"name":"SignalIntegrityProject","type":"function","fcntype":"constructor","refpurpose":"Create Signal Integrity Toolbox project object","href":"ref\/signalintegrityproject.html"},{"name":"SignalIntegrityProject.ProjectFolder","type":"property","refpurpose":"Full path to project folder","href":"ref\/signalintegrityproject.html"},{"name":"SignalIntegrityProject.CurrentInterface","type":"property","refpurpose":"Object representing current interface","href":"ref\/signalintegrityproject.html"},{"name":"SignalIntegrityProject.Type","type":"property","refpurpose":"Type of current interface","href":"ref\/signalintegrityproject.html"},{"name":"SignalIntegrityProject.Sheets","type":"property","refpurpose":"Object(s) representing all sheets in current interface","href":"ref\/signalintegrityproject.html"},{"name":"SignalIntegrityProject.Interfaces","type":"property","refpurpose":"Object(s) representing all interfaces in project","href":"ref\/signalintegrityproject.html"},{"name":"SignalIntegrityProject.SimulationParameters","type":"property","refpurpose":"Simulation parameters for the current interface","href":"ref\/signalintegrityproject.html"},{"name":"SignalIntegritySheet","type":"object","refpurpose":"Return sheet object of given Signal Integrity Toolbox interface object","href":"ref\/signalintegritysheet.html"},{"name":"SignalIntegritySheet.Name","type":"property","refpurpose":"Name of current sheet","href":"ref\/signalintegritysheet.html"},{"name":"SignalIntegritySheet.Included","type":"property","refpurpose":"Determine whether sheet is included in simulation","href":"ref\/signalintegritysheet.html"},{"name":"SignalIntegritySheet.CaseMode","type":"property","refpurpose":"Determine whether case mode is turned on during simulation","href":"ref\/signalintegritysheet.html"},{"name":"SignalIntegritySheet.CurrentState","type":"property","refpurpose":"Object representing current state","href":"ref\/signalintegritysheet.html"},{"name":"SignalIntegritySheet.Designators","type":"property","refpurpose":"Designator objects in the sheet","href":"ref\/signalintegritysheet.html"},{"name":"SignalIntegritySheet.Differential","type":"property","refpurpose":"Determine whether sheet is differential or single-ended","href":"ref\/signalintegritysheet.html"},{"name":"SignalIntegritySheet.Widebus","type":"property","refpurpose":"Determine whether sheet is widebus sheet","href":"ref\/signalintegritysheet.html"},{"name":"SignalIntegritySheet.Simulations","type":"property","refpurpose":"Objects representing all simulations in sheet","href":"ref\/signalintegritysheet.html"},{"name":"SignalIntegritySheet.SolutionSpace","type":"property","refpurpose":"Pre-layout solution space for current state","href":"ref\/signalintegritysheet.html"},{"name":"SignalIntegritySheet.Results","type":"property","refpurpose":"Results of simulations ran in current sheet","href":"ref\/signalintegritysheet.html"},{"name":"SignalIntegritySheet.SimulationParameters","type":"property","refpurpose":"Simulation parameters for the current interface","href":"ref\/signalintegritysheet.html"},{"name":"SignalIntegritySheet.States","type":"property","refpurpose":"Object(s) representing all states in current sheet","href":"ref\/signalintegritysheet.html"},{"name":"SignalIntegritySheet.ParentInterface","type":"property","refpurpose":"Parent interface object","href":"ref\/signalintegritysheet.html"},{"name":"SignalIntegritySimulation","type":"object","refpurpose":"Return simulation object of given Signal Integrity Toolbox sheet object","href":"ref\/signalintegritysimulation.html"},{"name":"SignalIntegritySimulation.Name","type":"property","refpurpose":"Name of simulation","href":"ref\/signalintegritysimulation.html"},{"name":"SignalIntegritySimulation.Transfer","type":"property","refpurpose":"Name of transfer net","href":"ref\/signalintegritysimulation.html"},{"name":"SignalIntegritySimulation.Results","type":"property","refpurpose":"Results of simulations","href":"ref\/signalintegritysimulation.html"},{"name":"SignalIntegritySimulation.Waveforms","type":"property","refpurpose":"Objects representing all waveforms in current simulation","href":"ref\/signalintegritysimulation.html"},{"name":"SignalIntegritySimulation.ParentSheet","type":"property","refpurpose":"Parent sheet object","href":"ref\/signalintegritysimulation.html"},{"name":"SignalIntegritySimulation.ParentState","type":"property","refpurpose":"Parent state object","href":"ref\/signalintegritysimulation.html"},{"name":"SignalIntegritySimulation.ProjectFolder","type":"property","refpurpose":"Full path to project folder","href":"ref\/signalintegritysimulation.html"},{"name":"SignalIntegritySimulation.Number","type":"property","refpurpose":"Simulation number","href":"ref\/signalintegritysimulation.html"},{"name":"SignalIntegritySimulation.InterfaceName","type":"property","refpurpose":"Name of simulation interface","href":"ref\/signalintegritysimulation.html"},{"name":"SignalIntegritySolutionSpace","type":"object","refpurpose":"Return solution space object of given Signal Integrity Toolbox sheet object","href":"ref\/signalintegritysolutionspace.html"},{"name":"SignalIntegritySolutionSpace.Table","type":"property","refpurpose":"Solution space table","href":"ref\/signalintegritysolutionspace.html"},{"name":"SignalIntegritySolutionSpace.ParentSheet","type":"property","refpurpose":"Parent sheet object","href":"ref\/signalintegritysolutionspace.html"},{"name":"SignalIntegritySolutionSpace.ParentState","type":"property","refpurpose":"Parent state object","href":"ref\/signalintegritysolutionspace.html"},{"name":"SignalIntegrityState","type":"object","refpurpose":"Return state object of given Signal Integrity Toolbox sheet object","href":"ref\/signalintegritystate.html"},{"name":"SignalIntegrityState.Name","type":"property","refpurpose":"Name of current state","href":"ref\/signalintegritystate.html"},{"name":"SignalIntegrityState.SolutionSpace","type":"property","refpurpose":"Pre-layout solution space for current state","href":"ref\/signalintegritystate.html"},{"name":"SignalIntegrityState.Simulations","type":"property","refpurpose":"Objects representing all simulations in state","href":"ref\/signalintegritystate.html"},{"name":"SignalIntegrityState.ParentSheet","type":"property","refpurpose":"Parent sheet object","href":"ref\/signalintegritystate.html"},{"name":"Signal Integrity Viewer","type":"app","refpurpose":"View the signal integrity results of Serial Link Designer or Parallel Link Designer apps","href":"ref\/signalintegrityviewer-app.html"},{"name":"SignalIntegrityWaveform","type":"object","refpurpose":"Return waveform object of given Signal Integrity Toolbox simulation object","href":"ref\/signalintegritywaveform.html"},{"name":"SignalIntegrityWaveform.Title","type":"property","refpurpose":"Waveform title","href":"ref\/signalintegritywaveform.html"},{"name":"SignalIntegrityWaveform.File","type":"property","refpurpose":"Full path to waveform file","href":"ref\/signalintegritywaveform.html"},{"name":"SignalIntegrityWaveform.Domain","type":"property","refpurpose":"Simulation domain","href":"ref\/signalintegritywaveform.html"},{"name":"SignalIntegrityWaveform.Display","type":"property","refpurpose":"Waveform type","href":"ref\/signalintegritywaveform.html"},{"name":"SignalIntegrityWaveform.ParentSimulation","type":"property","refpurpose":"Parent simulation object","href":"ref\/signalintegritywaveform.html"},{"name":"plotAveragingResults","type":"function","fcntype":"instancemethod","refpurpose":"Plot waveform averaging process results","href":"ref\/sndr.plotaveragingresults.html"},{"name":"sndr.plotAveragingResults","type":"method","fcntype":"instancemethod","refpurpose":"Plot waveform averaging process results","href":"ref\/sndr.plotaveragingresults.html"},{"name":"plotDataPattern","type":"function","fcntype":"instancemethod","refpurpose":"Plot data pattern","href":"ref\/sndr.plotdatapattern.html"},{"name":"sndr.plotDataPattern","type":"method","fcntype":"instancemethod","refpurpose":"Plot data pattern","href":"ref\/sndr.plotdatapattern.html"},{"name":"plotLPFR","type":"function","fcntype":"instancemethod","refpurpose":"Plot linear pulse fit response results","href":"ref\/sndr.plotlpfr.html"},{"name":"sndr.plotLPFR","type":"method","fcntype":"instancemethod","refpurpose":"Plot linear pulse fit response results","href":"ref\/sndr.plotlpfr.html"},{"name":"plotMPFR4","type":"function","fcntype":"instancemethod","refpurpose":"Plot multiple pulse fit response PAM4 results","href":"ref\/sndr.plotmpfr4.html"},{"name":"sndr.plotMPFR4","type":"method","fcntype":"instancemethod","refpurpose":"Plot multiple pulse fit response PAM4 results","href":"ref\/sndr.plotmpfr4.html"},{"name":"plotMPFROddEven","type":"function","fcntype":"instancemethod","refpurpose":"Plot multiple pulse fit response odd\/even results","href":"ref\/sndr.plotmpfroddeven.html"},{"name":"sndr.plotMPFROddEven","type":"method","fcntype":"instancemethod","refpurpose":"Plot multiple pulse fit response odd\/even results","href":"ref\/sndr.plotmpfroddeven.html"},{"name":"plotSigmaNoise","type":"function","fcntype":"instancemethod","refpurpose":"Plot sigma noise value against pattern repetition","href":"ref\/sndr.plotsigmanoise.html"},{"name":"sndr.plotSigmaNoise","type":"method","fcntype":"instancemethod","refpurpose":"Plot sigma noise value against pattern repetition","href":"ref\/sndr.plotsigmanoise.html"},{"name":"plotVLik","type":"function","fcntype":"instancemethod","refpurpose":"Plot voltages sampled from resampled wave used for noise estimation","href":"ref\/sndr.plotvlik.html"},{"name":"sndr.plotVLik","type":"method","fcntype":"instancemethod","refpurpose":"Plot voltages sampled from resampled wave used for noise estimation","href":"ref\/sndr.plotvlik.html"},{"name":"plotWaveResampled","type":"function","fcntype":"instancemethod","refpurpose":"Plot resampled waveform","href":"ref\/sndr.plotwaveresampled.html"},{"name":"sndr.plotWaveResampled","type":"method","fcntype":"instancemethod","refpurpose":"Plot resampled waveform","href":"ref\/sndr.plotwaveresampled.html"},{"name":"report","type":"function","fcntype":"instancemethod","refpurpose":"Report calculated SNDR and RLM for specified standard","href":"ref\/sndr.report.html"},{"name":"sndr.report","type":"method","fcntype":"instancemethod","refpurpose":"Report calculated SNDR and RLM for specified standard","href":"ref\/sndr.report.html"},{"name":"sndr","type":"object","refpurpose":"Signal to noise and distortion ratio for serial link standards","href":"ref\/sndr.html"},{"name":"sndr.DataPattern","type":"property","refpurpose":"Data pattern symbols","href":"ref\/sndr.html"},{"name":"sndr.SymbolTime","type":"property","refpurpose":"Time of a single symbol duration","href":"ref\/sndr.html"},{"name":"sndr.InputSampleInterval","type":"property","refpurpose":"Sample interval of input waveform","href":"ref\/sndr.html"},{"name":"sndr.Wave","type":"property","refpurpose":"Full input waveform","href":"ref\/sndr.html"},{"name":"sndr.WaveAverageInput","type":"property","refpurpose":"Single repetition of data pattern in input waveform","href":"ref\/sndr.html"},{"name":"sndr.SigmaNoiseInput","type":"property","refpurpose":"User-defined sigma noise derived from full input waveform","href":"ref\/sndr.html"},{"name":"sndr.ResampleMethod","type":"property","refpurpose":"Waveform resampling method","href":"ref\/sndr.html"},{"name":"sndr.OverSampleRatio","type":"property","refpurpose":"Over sampling ratio used for resampling","href":"ref\/sndr.html"},{"name":"sndr.Dp","type":"property","refpurpose":"Fitted pulse response delay in symbols","href":"ref\/sndr.html"},{"name":"sndr.Np","type":"property","refpurpose":"Fitted pulse response length in symbols","href":"ref\/sndr.html"},{"name":"sndr.Standard","type":"property","refpurpose":"Standard specific methods to calculate sigma noise, effective pulse maximum, and SNDR","href":"ref\/sndr.html"},{"name":"sndr.SNDRMetric","type":"property","refpurpose":"Signal to noise distortion ratio","href":"ref\/sndr.html"},{"name":"sndr.RLM","type":"property","refpurpose":"Level mismatch ratio","href":"ref\/sndr.html"},{"name":"sndr.SigmaNoise","type":"property","refpurpose":"Calculated noise standard deviation","href":"ref\/sndr.html"},{"name":"sndr.SampleInterval","type":"property","refpurpose":"Sample interval of resampled waveform","href":"ref\/sndr.html"},{"name":"sndr.Pmax","type":"property","refpurpose":"Effective pulse maximum","href":"ref\/sndr.html"},{"name":"sndr.PatternRepeatFactor","type":"property","refpurpose":"Number of complete repetition of data pattern in full waveform","href":"ref\/sndr.html"},{"name":"sndr.PulseOddEven","type":"property","refpurpose":"Fitted pulse response for odd\/even fitting","href":"ref\/sndr.html"},{"name":"sndr.ErrorOddEven","type":"property","refpurpose":"Fitted pulse response error for odd\/even fitting","href":"ref\/sndr.html"},{"name":"sndr.SigmaErrorOddEven","type":"property","refpurpose":"Fitted pulse response error standard deviation for odd\/even fitting","href":"ref\/sndr.html"},{"name":"sndr.PulseMPFR4","type":"property","refpurpose":"Fitted pulse response for PAM4 multiple pulse fit response","href":"ref\/sndr.html"},{"name":"sndr.PulseUnnormMPFR4","type":"property","refpurpose":"Unnormalized fitted pulse response for PAM4 multiple pulse fit response","href":"ref\/sndr.html"},{"name":"sndr.MPFRSymbolVoltages","type":"property","refpurpose":"Symbol voltages for PAM4 multiple pulse fit response","href":"ref\/sndr.html"},{"name":"sndr.PulseLinear","type":"property","refpurpose":"Fitted pulse response for linear pulse estimation","href":"ref\/sndr.html"},{"name":"sndr.ErrorLinear","type":"property","refpurpose":"Fitted pulse response error for linear pulse estimation","href":"ref\/sndr.html"},{"name":"sndr.SigmaErrorLinear","type":"property","refpurpose":"Fitted pulse response error standard deviation for linear pulse estimation","href":"ref\/sndr.html"},{"name":"tdr.automaticPortOrdering","type":"function","fcntype":"simple","refpurpose":"Display port ordering of S-parameter data","href":"ref\/tdr.automaticportordering.html"},{"name":"plot","type":"function","fcntype":"instancemethod","refpurpose":"Plot TDR response","href":"ref\/tdr.plottdr.html"},{"name":"tdr.plot (TDR)","type":"method","fcntype":"instancemethod","refpurpose":"Plot TDR response","href":"ref\/tdr.plottdr.html"},{"name":"tdr.sParamQuality","type":"function","fcntype":"simple","refpurpose":"Return S-parameter quality metrics","href":"ref\/tdr.sparamquality.html"},{"name":"tdr","type":"object","refpurpose":"Characterize impedance discontinuities from S-parameters using TDR","href":"ref\/tdr.html"},{"name":"tdr","type":"function","fcntype":"constructor","refpurpose":"Characterize impedance discontinuities from S-parameters using TDR","href":"ref\/tdr.html"},{"name":"tdr.Ports","type":"property","refpurpose":"Port definitions for single-ended and differential ports","href":"ref\/tdr.html"},{"name":"tdr.ConvertToDifferential","type":"property","refpurpose":"Option to enable differential S-parameter conversion","href":"ref\/tdr.html"},{"name":"tdr.SampleTime","type":"property","refpurpose":"Time step of TDR step response","href":"ref\/tdr.html"},{"name":"tdr.RiseTime","type":"property","refpurpose":"Rise time of TDR step stimulus waveform","href":"ref\/tdr.html"},{"name":"tdr.EndTime","type":"property","refpurpose":"Stop time of TDR step response","href":"ref\/tdr.html"},{"name":"tdr.CustomWaveform","type":"property","refpurpose":"Custom TDR stimulus waveform","href":"ref\/tdr.html"},{"name":"tdr.RationalOptions","type":"property","refpurpose":"Rational fitting options","href":"ref\/tdr.html"},{"name":"tdr.Fit","type":"property","refpurpose":"Fit of each TDR response","href":"ref\/tdr.html"},{"name":"tdr.ImpedanceTDR","type":"property","refpurpose":"TDR response in units of impedance","href":"ref\/tdr.html"},{"name":"tdr.VoltageTDR","type":"property","refpurpose":"TDR response in units of volts","href":"ref\/tdr.html"},{"name":"tdr.Time","type":"property","refpurpose":"Time vector of TDR responses","href":"ref\/tdr.html"},{"name":"tdr.SParameterQuality","type":"property","refpurpose":"IEEE quality rating","href":"ref\/tdr.html"},{"name":"tdr.Label","type":"property","refpurpose":"Port label","href":"ref\/tdr.html"},{"name":"timeIntervalError","type":"function","fcntype":"simple","refpurpose":"Measure time interval error","href":"ref\/timeintervalerror.html"},{"name":"timingError","type":"function","fcntype":"simple","refpurpose":"Measure timing error from waveform","href":"ref\/timingerror.html"},{"name":"validateWave","type":"function","fcntype":"simple","refpurpose":"Compare MER waveform to reference waveform","href":"ref\/validatewave.html"}]}