{"schema":"referenceapi_lookup_schema.json","schemaVersion":"1.0","docVersion":"doc25a.2968260.Bdoc25a.2967890.pass.r2025a","productName":"RF Blockset","baseCode":"RB","helpFolder":"simrf","helpLocation":"simrf",  "refItems" : [{"name":"Amplifier","type":"block","refpurpose":"Model amplifier in RF systems","href":"ref\/amplifier.html"},{"name":"Amplifier","type":"block","refpurpose":"Complex baseband model of amplifier with noise and nonlinearities","href":"ref\/amplifieridealizedbaseband.html"},{"name":"Antenna","type":"block","refpurpose":"Model antenna or antenna array accounting for incident power wave (RX) and radiated power wave (TX)","href":"ref\/antenna.html"},{"name":"Attenuator","type":"block","refpurpose":"Model attenuator for RF circuit","href":"ref\/attenuator.html"},{"name":"Capacitor","type":"block","refpurpose":"Model capacitor for circuit envelope analysis","href":"ref\/capacitor.html"},{"name":"Channel","type":"block","refpurpose":"Model isotropic free-space or ray-tracing based channel","href":"ref\/channel.html"},{"name":"Circulator","type":"block","refpurpose":"Model ideal frequency-independent circulators with S-parameters","href":"ref\/circulator.html"},{"name":"Coaxial Transmission Line","type":"block","refpurpose":"Model coaxial transmission line","href":"ref\/coaxialtransmissionline.html"},{"name":"Configuration","type":"block","refpurpose":"Define system simulation settings","href":"ref\/configuration.html"},{"name":"Connection Label","type":"block","refpurpose":"Virtual connection between circuit envelope ports","href":"ref\/connectionlabel.html"},{"name":"Connection Port","type":"block","refpurpose":"Connection port for RF subsystem","href":"ref\/connectionport.html"},{"name":"Continuous Wave","type":"block","refpurpose":"Model constant envelope source","href":"ref\/continuouswave.html"},{"name":"Coplanar Waveguide Transmission Line","type":"block","refpurpose":"Model coplanar waveguide transmission line","href":"ref\/coplanarwaveguidetransmissionline.html"},{"name":"Coupler","type":"block","refpurpose":"Model ideal frequency-independent couplers with S-parameters","href":"ref\/coupler.html"},{"name":"CursorMeasurementsConfiguration","type":"function","fcntype":"constructor","refpurpose":"Measure signal values using vertical waveform cursors that track along the signal","href":"ref\/cursormeasurementsconfiguration.html"},{"name":"CursorMeasurementsConfiguration","type":"object","refpurpose":"Measure signal values using vertical waveform cursors that track along the signal","href":"ref\/cursormeasurementsconfiguration.html"},{"name":"CursorMeasurementsConfiguration.XLocation","type":"property","refpurpose":"x-coordinates of the cursors","href":"ref\/cursormeasurementsconfiguration.html"},{"name":"CursorMeasurementsConfiguration.SnapToData","type":"property","refpurpose":"Position cursors on signal data points","href":"ref\/cursormeasurementsconfiguration.html"},{"name":"CursorMeasurementsConfiguration.LockSpacing","type":"property","refpurpose":"Lock spacing between cursors","href":"ref\/cursormeasurementsconfiguration.html"},{"name":"CursorMeasurementsConfiguration.Enabled","type":"property","refpurpose":"Enable cursor measurements","href":"ref\/cursormeasurementsconfiguration.html"},{"name":"Demodulator","type":"block","refpurpose":"Model RF to RF demodulator","href":"ref\/demodulator.html"},{"name":"DistortionMeasurementsConfiguration","type":"function","fcntype":"constructor","refpurpose":"Compute and display harmonic and intermodulation distortion","href":"ref\/distortionmeasurementsconfiguration.html"},{"name":"DistortionMeasurementsConfiguration","type":"object","refpurpose":"Compute and display harmonic and intermodulation distortion","href":"ref\/distortionmeasurementsconfiguration.html"},{"name":"DistortionMeasurementsConfiguration.Type","type":"property","refpurpose":"Type of measurement to display","href":"ref\/distortionmeasurementsconfiguration.html"},{"name":"DistortionMeasurementsConfiguration.NumHarmonics","type":"property","refpurpose":"Number of harmonics to measure","href":"ref\/distortionmeasurementsconfiguration.html"},{"name":"DistortionMeasurementsConfiguration.LabelValues","type":"property","refpurpose":"Label values","href":"ref\/distortionmeasurementsconfiguration.html"},{"name":"DistortionMeasurementsConfiguration.Enabled","type":"property","refpurpose":"Enable distortion measurements","href":"ref\/distortionmeasurementsconfiguration.html"},{"name":"Divider","type":"block","refpurpose":"Model ideal frequency-independent dividers or combiners with S-parameters","href":"ref\/divider.html"},{"name":"Transmission Line (Equivalent Baseband)","type":"block","refpurpose":"Model general transmission line","href":"ref\/equivalentbasebandtransmissionline.html"},{"name":"Filter","type":"block","refpurpose":"Model RF Filter","href":"ref\/filter.html"},{"name":"Filter","type":"block","refpurpose":"Filter RF complex baseband signals in Simulink","href":"ref\/filteridealizedbaseband.html"},{"name":"General Amplifier","type":"block","refpurpose":"Model nonlinear amplifier described by object or file data","href":"ref\/generalamplifier.html"},{"name":"General Circuit Element","type":"block","refpurpose":"Model two-port network described by rfckt object","href":"ref\/generalcircuitelement.html"},{"name":"General Mixer","type":"block","refpurpose":"Model mixer and local oscillator described by rfdata object","href":"ref\/generalmixer.html"},{"name":"General Passive Network","type":"block","refpurpose":"Model two-port passive network described by rfdata object","href":"ref\/generalpassivenetwork.html"},{"name":"Ground","type":"block","refpurpose":"Simulate connection to electrical ground","href":"ref\/ground.html"},{"name":"Amplifier","type":"block","refpurpose":"Complex baseband model of amplifier with noise","href":"ref\/idealizedbasebandamplifierold.html"},{"name":"Ideal Transformer","type":"simscapeblock","refpurpose":"Model ideal transformer","href":"ref\/idealtransformer.html"},{"name":"IIP2 Testbench","type":"block","refpurpose":"Measure input second intercept point of system","href":"ref\/iip2testbench.html"},{"name":"IIP3 Testbench","type":"block","refpurpose":"Measure input third intercept point of system","href":"ref\/iip3testbench.html"},{"name":"Z (Impedance)","type":"block","refpurpose":"Model complex impedance","href":"ref\/impedance.html"},{"name":"IMT Mixer","type":"block","refpurpose":"Model mixer using intermodulation table (IMT)","href":"ref\/imtmixer.html"},{"name":"Inductor","type":"block","refpurpose":"Model inductor for circuit envelope analysis","href":"ref\/inductor.html"},{"name":"Inport","type":"block","refpurpose":"Convert Simulink input signal to RF Blockset signal","href":"ref\/inport.html"},{"name":"Input Port","type":"block","refpurpose":"Connection block from Simulink environment to RF physical blocks","href":"ref\/inputport.html"},{"name":"IQ Demodulator","type":"block","refpurpose":"Convert RF signal to baseband signal","href":"ref\/iqdemodulator.html"},{"name":"IQ Modulator","type":"block","refpurpose":"Convert baseband signal to RF signal","href":"ref\/iqmodulator.html"},{"name":"LC Bandpass Pi","type":"block","refpurpose":"Model LC bandpass pi network","href":"ref\/lcbandpasspi.html"},{"name":"LC Bandpass Tee","type":"block","refpurpose":"Model LC bandpass tee network","href":"ref\/lcbandpasstee.html"},{"name":"LC Bandstop Pi","type":"block","refpurpose":"Model LC bandstop pi network","href":"ref\/lcbandstoppi.html"},{"name":"LC Bandstop Tee","type":"block","refpurpose":"Model LC bandstop tee network","href":"ref\/lcbandstoptee.html"},{"name":"LC Highpass Pi","type":"block","refpurpose":"Model LC highpass pi network","href":"ref\/lchighpasspi.html"},{"name":"LC Highpass Tee","type":"block","refpurpose":"Model LC highpass tee network","href":"ref\/lchighpasstee.html"},{"name":"LC Ladder","type":"block","refpurpose":"Model LC ladder networks","href":"ref\/lcladder.html"},{"name":"LC Lowpass Pi","type":"block","refpurpose":"Model LC lowpass pi network","href":"ref\/lclowpasspi.html"},{"name":"LC Lowpass Tee","type":"block","refpurpose":"Model LC lowpass tee network","href":"ref\/lclowpasstee.html"},{"name":"Microstrip Transmission Line","type":"block","refpurpose":"Model microstrip transmission line","href":"ref\/microstriptransmissionline.html"},{"name":"Mixer","type":"block","refpurpose":"Model mixer in RF systems","href":"ref\/mixer.html"},{"name":"Mixer","type":"block","refpurpose":"Model RF and IQ modulator and RF and IQ demodulator with impairments and noise","href":"ref\/mixeridealizedbaseband.html"},{"name":"Modulator","type":"block","refpurpose":"Model RF to RF modulator","href":"ref\/modulator.html"},{"name":"Mutual Inductor","type":"block","refpurpose":"Model two coupled inductors for circuit envelope analysis","href":"ref\/mutualinductor.html"},{"name":"Noise","type":"block","refpurpose":"Model noise using current or voltage noise source in RF systems","href":"ref\/noise.html"},{"name":"Noise Figure Testbench","type":"block","refpurpose":"Measures noise figure of system","href":"ref\/noisefiguretestbench.html"},{"name":"OIP2 Testbench","type":"block","refpurpose":"Measure output second intercept point of system","href":"ref\/oip2testbench.html"},{"name":"OIP3 Testbench","type":"block","refpurpose":"Measure output third intercept point of system","href":"ref\/oip3testbench.html"},{"name":"Outport","type":"block","refpurpose":"Convert RF Blockset signal to Simulink output signals","href":"ref\/outport.html"},{"name":"Output Port","type":"block","refpurpose":"Connection block from RF physical blocks to Simulink environment","href":"ref\/outputport.html"},{"name":"Parallel-Plate Transmission Line","type":"block","refpurpose":"Model parallel-plate transmission line","href":"ref\/parallelplatetransmissionline.html"},{"name":"PeakFinderConfiguration","type":"function","fcntype":"constructor","refpurpose":"Compute and display the largest calculated peak values on the scope display","href":"ref\/peakfinderconfiguration.html"},{"name":"PeakFinderConfiguration","type":"object","refpurpose":"Compute and display the largest calculated peak values on the scope display","href":"ref\/peakfinderconfiguration.html"},{"name":"PeakFinderConfiguration.MinHeight","type":"property","refpurpose":"Level above which scope detects peaks","href":"ref\/peakfinderconfiguration.html"},{"name":"PeakFinderConfiguration.NumPeaks","type":"property","refpurpose":"Maximum number of peaks to show","href":"ref\/peakfinderconfiguration.html"},{"name":"PeakFinderConfiguration.MinDistance","type":"property","refpurpose":"Minimum number of samples between adjacent peaks","href":"ref\/peakfinderconfiguration.html"},{"name":"PeakFinderConfiguration.Threshold","type":"property","refpurpose":"Minimum difference in height of peak and its neighboring samples","href":"ref\/peakfinderconfiguration.html"},{"name":"PeakFinderConfiguration.LabelPeaks","type":"property","refpurpose":"Label found peaks","href":"ref\/peakfinderconfiguration.html"},{"name":"PeakFinderConfiguration.LabelFormat","type":"property","refpurpose":"Coordinates to display","href":"ref\/peakfinderconfiguration.html"},{"name":"PeakFinderConfiguration.Enabled","type":"property","refpurpose":"Enable peak finder measurements","href":"ref\/peakfinderconfiguration.html"},{"name":"Phase Shift","type":"block","refpurpose":"Model phase shift in RF systems","href":"ref\/phaseshift.html"},{"name":"Potentiometer","type":"block","refpurpose":"Simulink controlled potentiometer","href":"ref\/potentiometer.html"},{"name":"Power Amplifier","type":"block","refpurpose":"Model power amplifier with memory","href":"ref\/poweramplifier.html"},{"name":"Power Amplifier","type":"block","refpurpose":"Model narrowband power amplifier with memory","href":"ref\/poweramplifieridealizedbaseband.html"},{"name":"Resistor","type":"block","refpurpose":"Model resistor for circuit envelope analysis","href":"ref\/resistor.html"},{"name":"RF Budget","type":"block","refpurpose":"Simulate RF budget chain of 2-port elements in Idealized Baseband simulation environment","href":"ref\/rfbudget.html"},{"name":"RF PCB","type":"block","refpurpose":"Model RF PCB Component","href":"ref\/rfpcb.html"},{"name":"RLCG Transmission Line","type":"block","refpurpose":"Model RLCG transmission line","href":"ref\/rlcgtransmissionline.html"},{"name":"Series C","type":"block","refpurpose":"Model series capacitor","href":"ref\/seriesc.html"},{"name":"Series L","type":"block","refpurpose":"Model series inductor","href":"ref\/seriesl.html"},{"name":"Series R","type":"block","refpurpose":"Model series resistor","href":"ref\/seriesr.html"},{"name":"Series RLC","type":"block","refpurpose":"Model series RLC network","href":"ref\/seriesrlc.html"},{"name":"Shunt C","type":"block","refpurpose":"Model shunt capacitor","href":"ref\/shuntc.html"},{"name":"Shunt L","type":"block","refpurpose":"Model shunt inductor","href":"ref\/shuntl.html"},{"name":"Shunt R","type":"block","refpurpose":"Model shunt resistor","href":"ref\/shuntr.html"},{"name":"Shunt RLC","type":"block","refpurpose":"Model shunt RLC network","href":"ref\/shuntrlc.html"},{"name":"Signal Combiner","type":"block","refpurpose":"Compute sum of RF signals","href":"ref\/signalcombiner.html"},{"name":"simrfSupportPackages","type":"function","fcntype":"simple","refpurpose":"Start Add-On Explorer to download, install, or uninstall RF Blockset models and supporting software for third–party hardware","href":"ref\/simrfsupportpackages.html"},{"name":"Sinusoid","type":"block","refpurpose":"Model DC offset and sinusoidal modulation","href":"ref\/sinusoid.html"},{"name":"S-Parameters","type":"block","refpurpose":"Model S-parameter network","href":"ref\/sparameters.html"},{"name":"S-Parameters Amplifier","type":"block","refpurpose":"Model nonlinear amplifier using S-parameters","href":"ref\/sparametersamplifier.html"},{"name":"S-parameters","type":"block","refpurpose":"Model RF complex baseband S-parameters in Simulink","href":"ref\/sparametersidealizedbaseband.html"},{"name":"S-Parameters Mixer","type":"block","refpurpose":"Model mixer and local oscillator using S-parameters","href":"ref\/sparametersmixer.html"},{"name":"S-Parameters Passive Network","type":"block","refpurpose":"Model passive network using S-parameters","href":"ref\/sparameterspassivenetwork.html"},{"name":"S-Parameter Testbench","type":"block","refpurpose":"Measure S-parameters of system","href":"ref\/sparametertestbench.html"},{"name":"SPDT","type":"block","refpurpose":"Single pole double throw switch","href":"ref\/spdt.html"},{"name":"Spectrum Analyzer","type":"block","refpurpose":"Display frequency spectrum of time-domain signals","href":"ref\/spectrumanalyzer.html"},{"name":"SpectrumAnalyzerBlockConfiguration","type":"object","refpurpose":"Configure Spectrum Analyzer for programmatic access","href":"ref\/spectrumanalyzerconfiguration.html"},{"name":"SpectrumAnalyzerConfiguration","type":"object","refpurpose":"Configure Spectrum Analyzer for programmatic access","href":"ref\/spectrumanalyzerconfiguration.html"},{"name":"SpectrumAnalyzerConfiguration.NumInputPorts","type":"property","refpurpose":"Number of input ports","href":"ref\/spectrumanalyzerconfiguration.html"},{"name":"SpectrumAnalyzerConfiguration.SpectrumType","type":"property","refpurpose":"Spectrum type","href":"ref\/spectrumanalyzerconfiguration.html"},{"name":"SpectrumAnalyzerConfiguration.SampleRateSource","type":"property","refpurpose":"Source of input sample rate","href":"ref\/spectrumanalyzerconfiguration.html"},{"name":"SpectrumAnalyzerConfiguration.SampleRate","type":"property","refpurpose":"Sample rate of input","href":"ref\/spectrumanalyzerconfiguration.html"},{"name":"SpectrumAnalyzerConfiguration.PlotAsTwoSidedSpectrum","type":"property","refpurpose":"Option to plot a two-sided spectrum","href":"ref\/spectrumanalyzerconfiguration.html"},{"name":"SpectrumAnalyzerConfiguration.FrequencyScale","type":"property","refpurpose":"Scale to display frequency","href":"ref\/spectrumanalyzerconfiguration.html"},{"name":"SpectrumAnalyzerConfiguration.PlotType","type":"property","refpurpose":"Plot type to display normal traces","href":"ref\/spectrumanalyzerconfiguration.html"},{"name":"SpectrumAnalyzerConfiguration.AxesScaling","type":"property","refpurpose":"Axes scaling mode","href":"ref\/spectrumanalyzerconfiguration.html"},{"name":"SpectrumAnalyzerConfiguration.AxesScalingNumUpdates","type":"property","refpurpose":"Number of updates before scaling","href":"ref\/spectrumanalyzerconfiguration.html"},{"name":"SpectrumAnalyzerConfiguration.RBWSource","type":"property","refpurpose":"Source of resolution bandwidth value","href":"ref\/spectrumanalyzerconfiguration.html"},{"name":"SpectrumAnalyzerConfiguration.RBW","type":"property","refpurpose":"Resolution bandwidth","href":"ref\/spectrumanalyzerconfiguration.html"},{"name":"SpectrumAnalyzerConfiguration.WindowInvariantSamplesPerUpdate","type":"property","refpurpose":"Maintain samples per update","href":"ref\/spectrumanalyzerconfiguration.html"},{"name":"SpectrumAnalyzerConfiguration.OverlapPercent","type":"property","refpurpose":"Overlap percentage","href":"ref\/spectrumanalyzerconfiguration.html"},{"name":"SpectrumAnalyzerConfiguration.Window","type":"property","refpurpose":"Window function","href":"ref\/spectrumanalyzerconfiguration.html"},{"name":"SpectrumAnalyzerConfiguration.AveragingMethod","type":"property","refpurpose":"Smoothing method","href":"ref\/spectrumanalyzerconfiguration.html"},{"name":"SpectrumAnalyzerConfiguration.ForgettingFactor","type":"property","refpurpose":"Weighting forgetting factor","href":"ref\/spectrumanalyzerconfiguration.html"},{"name":"SpectrumAnalyzerConfiguration.VBWSource","type":"property","refpurpose":"Source of video bandwidth","href":"ref\/spectrumanalyzerconfiguration.html"},{"name":"SpectrumAnalyzerConfiguration.VBW","type":"property","refpurpose":"Video bandwidth","href":"ref\/spectrumanalyzerconfiguration.html"},{"name":"SpectrumAnalyzerConfiguration.SpectralAverages","type":"property","refpurpose":"Number of spectral averages","href":"ref\/spectrumanalyzerconfiguration.html"},{"name":"SpectrumAnalyzerConfiguration.SpectrumUnits","type":"property","refpurpose":"Units of the spectrum","href":"ref\/spectrumanalyzerconfiguration.html"},{"name":"SpectrumAnalyzerConfiguration.ReferenceLoad","type":"property","refpurpose":"Reference load to compute power levels","href":"ref\/spectrumanalyzerconfiguration.html"},{"name":"SpectrumAnalyzerConfiguration.FrequencyOffset","type":"property","refpurpose":"Frequency offset","href":"ref\/spectrumanalyzerconfiguration.html"},{"name":"SpectrumAnalyzerConfiguration.TreatMby1SignalsAsOneChannel","type":"property","refpurpose":"Option to treat unoriented input signal as a column vector","href":"ref\/spectrumanalyzerconfiguration.html"},{"name":"SpectrumAnalyzerConfiguration.MeasurementChannel","type":"property","refpurpose":"Channel for which to obtain measurements","href":"ref\/spectrumanalyzerconfiguration.html"},{"name":"SpectrumAnalyzerConfiguration.CursorMeasurements","type":"property","refpurpose":"Cursor measurements","href":"ref\/spectrumanalyzerconfiguration.html"},{"name":"SpectrumAnalyzerConfiguration.DistortionMeasurements","type":"property","refpurpose":"Distortion measurements","href":"ref\/spectrumanalyzerconfiguration.html"},{"name":"SpectrumAnalyzerConfiguration.PeakFinder","type":"property","refpurpose":"Peak finder measurement","href":"ref\/spectrumanalyzerconfiguration.html"},{"name":"SpectrumAnalyzerConfiguration.Name","type":"property","refpurpose":"Caption to display in spectrum Analyzer window","href":"ref\/spectrumanalyzerconfiguration.html"},{"name":"SpectrumAnalyzerConfiguration.Position","type":"property","refpurpose":"Window position","href":"ref\/spectrumanalyzerconfiguration.html"},{"name":"SpectrumAnalyzerConfiguration.MaximizeAxes","type":"property","refpurpose":"Maximize axes control","href":"ref\/spectrumanalyzerconfiguration.html"},{"name":"SpectrumAnalyzerConfiguration.Title","type":"property","refpurpose":"Display title","href":"ref\/spectrumanalyzerconfiguration.html"},{"name":"SpectrumAnalyzerConfiguration.YLabel","type":"property","refpurpose":"Y-axis label","href":"ref\/spectrumanalyzerconfiguration.html"},{"name":"SpectrumAnalyzerConfiguration.YLimits","type":"property","refpurpose":"Y-axis limits","href":"ref\/spectrumanalyzerconfiguration.html"},{"name":"SpectrumAnalyzerConfiguration.ShowGrid","type":"property","refpurpose":"Flag to show grid","href":"ref\/spectrumanalyzerconfiguration.html"},{"name":"SpectrumAnalyzerConfiguration.ChannelNames","type":"property","refpurpose":"Channel names","href":"ref\/spectrumanalyzerconfiguration.html"},{"name":"SpectrumAnalyzerConfiguration.ShowLegend","type":"property","refpurpose":"Flag to show legend","href":"ref\/spectrumanalyzerconfiguration.html"},{"name":"SpectrumAnalyzerConfiguration.OpenAtSimulationStart","type":"property","refpurpose":"Flag to open scope when simulation starts","href":"ref\/spectrumanalyzerconfiguration.html"},{"name":"SpectrumAnalyzerConfiguration.Visible","type":"property","refpurpose":"Visibility of the Spectrum Analyzer","href":"ref\/spectrumanalyzerconfiguration.html"},{"name":"SPnT","type":"block","refpurpose":"Single pole multiple throw switch","href":"ref\/spnt.html"},{"name":"SPST","type":"block","refpurpose":"Single pole single throw switch","href":"ref\/spst.html"},{"name":"Switch","type":"simscapeblock","refpurpose":"Simulink controlled two–terminal switch","href":"ref\/switch.html"},{"name":"Three-Winding Transformer","type":"block","refpurpose":"Compute sum of RF signals","href":"ref\/threewindingtransformer.html"},{"name":"Transducer Gain Testbench","type":"block","refpurpose":"Measures transducer gain of system","href":"ref\/transducergaintestbench.html"},{"name":"Transmission Line","type":"block","refpurpose":"Model transmission line","href":"ref\/transmissionline.html"},{"name":"Two-Wire Transmission Line","type":"block","refpurpose":"Model two-wire transmission line","href":"ref\/twowiretransmissionline.html"},{"name":"Variable Attenuator","type":"block","refpurpose":"Model variable attenuator","href":"ref\/variableattenuator.html"},{"name":"Variable Capacitor","type":"block","refpurpose":"Model variable capacitor","href":"ref\/variablecapacitor.html"},{"name":"Variable Inductor","type":"block","refpurpose":"Model variable inductor","href":"ref\/variableinductor.html"},{"name":"Variable Phase Shift","type":"block","refpurpose":"Model variable phase device","href":"ref\/variablephaseshift.html"},{"name":"Variable Resistor","type":"block","refpurpose":"Model variable resistor","href":"ref\/variableresistor.html"},{"name":"VGA","type":"simscapeblock","refpurpose":"Model variable gain amplifier","href":"ref\/vga.html"},{"name":"Y-Parameters Amplifier","type":"block","refpurpose":"Model nonlinear amplifier using Y-parameters","href":"ref\/yparametersamplifier.html"},{"name":"Y-Parameters Mixer","type":"block","refpurpose":"Model mixer and local oscillator using Y-parameters","href":"ref\/yparametersmixer.html"},{"name":"Y-Parameters Passive Network","type":"block","refpurpose":"Model passive network using Y-parameters","href":"ref\/yparameterspassivenetwork.html"},{"name":"Z-Parameters Amplifier","type":"block","refpurpose":"Model nonlinear amplifier using Z-parameters","href":"ref\/zparametersamplifier.html"},{"name":"Z-Parameters Mixer","type":"block","refpurpose":"Model mixer and local oscillator using Z-parameters","href":"ref\/zparametersmixer.html"},{"name":"Z-Parameters Passive Network","type":"block","refpurpose":"Model passive network using Z-parameters","href":"ref\/zparameterspassivenetwork.html"}]}