{"schema":"referenceapi_lookup_schema.json","schemaVersion":"1.0","docVersion":"doc25a.2968260.Bdoc25a.2967890.pass.r2025a","productName":"Simscape","baseCode":"SS","helpFolder":"simscape","helpLocation":"simscape",  "refItems" : [{"name":"time","type":"simscapelanguage","refpurpose":"访问全局仿真时间","href":"lang\/time.html"},{"name":"value","type":"simscapelanguage","refpurpose":"使用指定单位转换将变量或参数转换为无单位值","href":"lang\/value.html"},{"name":"AC Current Source","type":"simscapeblock","refpurpose":"理想的正弦电流源","href":"ref\/accurrentsource.html"},{"name":"AC Voltage Source","type":"simscapeblock","refpurpose":"理想的恒定电压源","href":"ref\/acvoltagesource.html"},{"name":"Asynchronous Sample & Hold","type":"simscapeblock","refpurpose":"（旧模块）带外部触发器的输出采样和保持信号","href":"ref\/asynchronoussamplehold.html"},{"name":"Capacitor","type":"simscapeblock","refpurpose":"电气系统中的线性电容器","href":"ref\/capacitor.html"},{"name":"Controlled Current Source","type":"simscapeblock","refpurpose":"由输入信号驱动的理想电流源","href":"ref\/controlledcurrentsource.html"},{"name":"Controlled Flux Source","type":"simscapeblock","refpurpose":"由输入信号驱动的理想磁通源","href":"ref\/controlledfluxsource.html"},{"name":"Controlled Heat Flow Rate Source","type":"simscapeblock","refpurpose":"可变热能源，以热流为特征","href":"ref\/controlledheatflowratesource.html"},{"name":"Controlled Temperature Source","type":"simscapeblock","refpurpose":"可变热能源，以温度为特征","href":"ref\/controlledtemperaturesource.html"},{"name":"Controlled Voltage Source","type":"simscapeblock","refpurpose":"由输入信号驱动的理想电压源","href":"ref\/controlledvoltagesource.html"},{"name":"Convective Heat Transfer","type":"simscapeblock","refpurpose":"对流传热","href":"ref\/convectiveheattransfer.html"},{"name":"Current Sensor","type":"simscapeblock","refpurpose":"电气系统中的电流传感器","href":"ref\/currentsensor.html"},{"name":"DC Current Source","type":"simscapeblock","refpurpose":"理想的恒定电流源","href":"ref\/dccurrentsource.html"},{"name":"DC Voltage Source","type":"simscapeblock","refpurpose":"理想的恒定电压源","href":"ref\/dcvoltagesource.html"},{"name":"Diode","type":"simscapeblock","refpurpose":"电气系统中的分段线性二极管","href":"ref\/diode.html"},{"name":"Electrical Reference","type":"simscapeblock","refpurpose":"电气接地连接","href":"ref\/electricalreference.html"},{"name":"Electromagnetic Converter","type":"simscapeblock","refpurpose":"无损电磁能量转换设备","href":"ref\/electromagneticconverter.html"},{"name":"Gear Box","type":"simscapeblock","refpurpose":"机械系统中的齿轮箱","href":"ref\/gearbox.html"},{"name":"Graph Importer","type":"tool","refpurpose":"从数据表中提取图以用于模块参数化","href":"ref\/graphimporter.html"},{"name":"Heat Flow Rate Sensor","type":"simscapeblock","refpurpose":"理想的热流计","href":"ref\/heatflowratesensor.html"},{"name":"Heat Flow Rate Source","type":"simscapeblock","refpurpose":"恒定热能源，以热流为特征","href":"ref\/heatflowratesource.html"},{"name":"hydraulicToIsothermalLiquid","type":"function","fcntype":"simple","refpurpose":"升级液压模块图以使用等温液体模块","href":"ref\/hydraulictoisothermalliquid.html"},{"name":"Ideal Angular Velocity Source","type":"simscapeblock","refpurpose":"机械旋转系统中理想的角速度源","href":"ref\/idealangularvelocitysource.html"},{"name":"Ideal Force Sensor","type":"simscapeblock","refpurpose":"机械平移系统中的力传感器","href":"ref\/idealforcesensor.html"},{"name":"Ideal Force Source","type":"simscapeblock","refpurpose":"产生与输入信号成比例的力的理想机械能量源","href":"ref\/idealforcesource.html"},{"name":"Ideal Rotational Motion Sensor","type":"simscapeblock","refpurpose":"机械旋转系统中的运动传感器","href":"ref\/idealrotationalmotionsensor.html"},{"name":"Ideal Torque Sensor","type":"simscapeblock","refpurpose":"机械旋转系统中的扭矩传感器","href":"ref\/idealtorquesensor.html"},{"name":"Ideal Torque Source","type":"simscapeblock","refpurpose":"产生与输入信号成比例的扭矩的理想机械能量源","href":"ref\/idealtorquesource.html"},{"name":"Ideal Transformer","type":"simscapeblock","refpurpose":"电气系统中的理想变压器","href":"ref\/idealtransformer.html"},{"name":"Ideal Translational Velocity Source","type":"simscapeblock","refpurpose":"机械平移系统中的理想速度源","href":"ref\/idealtranslationalvelocitysource.html"},{"name":"Inductor","type":"simscapeblock","refpurpose":"电气系统中的线性电感器","href":"ref\/inductor.html"},{"name":"Inertia","type":"simscapeblock","refpurpose":"理想的机械旋转惯量","href":"ref\/inertia.html"},{"name":"Infinite Resistance","type":"simscapeblock","refpurpose":"用于设置两个节点之间初始电压差的电气元件","href":"ref\/infiniteresistance.html"},{"name":"Infinite Thermal Resistance","type":"simscapeblock","refpurpose":"用于设置两个节点之间初始温差的热元件","href":"ref\/infinitethermalresistance.html"},{"name":"Magnetic Reference","type":"simscapeblock","refpurpose":"磁端口的参考连接","href":"ref\/magneticreference.html"},{"name":"Mass","type":"simscapeblock","refpurpose":"理想的机械平移质量","href":"ref\/mass.html"},{"name":"Mechanical Rotational Reference","type":"simscapeblock","refpurpose":"机械旋转端口的参考连接","href":"ref\/mechanicalrotationalreference.html"},{"name":"Mechanical Translational Reference","type":"simscapeblock","refpurpose":"机械平移端口的参考连接","href":"ref\/mechanicaltranslationalreference.html"},{"name":"Op-Amp","type":"simscapeblock","refpurpose":"理想的运算放大器","href":"ref\/opamp.html"},{"name":"PS Constant","type":"simscapeblock","refpurpose":"生成恒定的物理信号","href":"ref\/psconstant.html"},{"name":"PS-Simulink Converter","type":"simscapeblock","refpurpose":"将物理信号转换为 Simulink 输出信号","href":"ref\/pssimulinkconverter.html"},{"name":"Radiative Heat Transfer","type":"simscapeblock","refpurpose":"辐射传热","href":"ref\/radiativeheattransfer.html"},{"name":"Repeating Sequence","type":"simscapeblock","refpurpose":"（旧模块）输出周期性分段线性信号","href":"ref\/repeatingsequence.html"},{"name":"Resistor","type":"simscapeblock","refpurpose":"电气系统中的线性电阻器","href":"ref\/resistor.html"},{"name":"Rotational Damper","type":"simscapeblock","refpurpose":"机械旋转系统中的粘性阻尼器","href":"ref\/rotationaldamper.html"},{"name":"Rotational Electromechanical Converter","type":"simscapeblock","refpurpose":"电气旋转域和机械旋转域之间的接口","href":"ref\/rotationalelectromechanicalconverter.html"},{"name":"Rotational Friction","type":"simscapeblock","refpurpose":"旋转物体之间接触时的摩擦","href":"ref\/rotationalfriction.html"},{"name":"Rotational Spring","type":"simscapeblock","refpurpose":"机械旋转系统中的理想弹簧","href":"ref\/rotationalspring.html"},{"name":"Simscape Onramp","type":"tool","refpurpose":"自定进度的免费交互式 Simscape 课程","href":"ref\/simscapeonramp.html"},{"name":"Simscape Results Explorer","type":"tool","refpurpose":"导航和绘制仿真数据记录结果","href":"ref\/simscaperesultsexplorer.html"},{"name":"Simulink-PS Converter","type":"simscapeblock","refpurpose":"将 Simulink 输入信号转换为物理信号","href":"ref\/simulinkpsconverter.html"},{"name":"ssc_new","type":"function","fcntype":"simple","refpurpose":"（即将删除）创建填充有必需和常用的模块的新 Simscape 模型","href":"ref\/ssc_new.html"},{"name":"sscnew","type":"function","fcntype":"simple","refpurpose":"创建填充有必需和常用的模块的新 Simscape 模型","href":"ref\/sscnew.html"},{"name":"Switch","type":"simscapeblock","refpurpose":"由外部物理信号控制的开关","href":"ref\/switch.html"},{"name":"Temperature Sensor","type":"simscapeblock","refpurpose":"理想的温度传感器","href":"ref\/temperaturesensor.html"},{"name":"Temperature Source","type":"simscapeblock","refpurpose":"恒定热能源，以温度为特征","href":"ref\/temperaturesource.html"},{"name":"Thermal Reference","type":"simscapeblock","refpurpose":"热端口的参考连接","href":"ref\/thermalreference.html"},{"name":"Thermal Resistance","type":"simscapeblock","refpurpose":"热系统中的恒定电阻","href":"ref\/thermalresistance.html"},{"name":"Translational Damper","type":"simscapeblock","refpurpose":"机械平移系统中的粘性阻尼器","href":"ref\/translationaldamper.html"},{"name":"Translational Friction","type":"simscapeblock","refpurpose":"运动实体之间接触时的摩擦","href":"ref\/translationalfriction.html"},{"name":"Translational Spring","type":"simscapeblock","refpurpose":"机械平移系统中的理想弹簧","href":"ref\/translationalspring.html"},{"name":"Variable Resistor","type":"simscapeblock","refpurpose":"电气系统中的线性可变电阻器","href":"ref\/variableresistor.html"},{"name":"Voltage-Controlled Voltage Source","type":"simscapeblock","refpurpose":"线性压控电压源","href":"ref\/voltagecontrolledvoltagesource.html"},{"name":"Voltage Sensor","type":"simscapeblock","refpurpose":"电气系统中的电压传感器","href":"ref\/voltagesensor.html"}]}