{"schema":"referenceapi_lookup_schema.json","schemaVersion":"1.0","docVersion":"doc25a.2968260.Bdoc25a.2967890.pass.r2025a","productName":"Simscape Battery","baseCode":"BT","helpFolder":"simscape-battery","helpLocation":"simscape-battery",  "refItems" : [{"name":"Battery Builder","type":"app","refpurpose":"배터리 시스템 정의 및 동적 모델 자동 생성","href":"ref\/batterybuilder-app.html"},{"name":"Battery CC-CV","type":"block","refpurpose":"정전류 정전압 충전 알고리즘","href":"ref\/batterycccv.html"},{"name":"batteryCell","type":"function","fcntype":"simple","refpurpose":"단일 전기화학 배터리 셀 만들기","href":"ref\/batterycell.html"},{"name":"batteryChart","type":"function","fcntype":"simple","refpurpose":"배터리 객체 시각화","href":"ref\/simscape.battery.builder.batterychart.html"},{"name":"simscape.battery.builder.BatteryChart","type":"object","refpurpose":"배터리 객체 시각화","href":"ref\/simscape.battery.builder.batterychart.html"},{"name":"simscape.battery.builder.BatteryChart.Parent","type":"property","refpurpose":"배터리 시각화를 위한 컨테이너","href":"ref\/simscape.battery.builder.batterychart.html"},{"name":"simscape.battery.builder.BatteryChart.Battery","type":"property","refpurpose":"시각화할 배터리 객체","href":"ref\/simscape.battery.builder.batterychart.html"},{"name":"simscape.battery.builder.BatteryChart.AxesVisible","type":"property","refpurpose":"차트의 좌표축을 시각화하기 위한 옵션","href":"ref\/simscape.battery.builder.batterychart.html"},{"name":"simscape.battery.builder.BatteryChart.AxesXDir","type":"property","refpurpose":"x축을 따라 값이 증가하는 방향","href":"ref\/simscape.battery.builder.batterychart.html"},{"name":"simscape.battery.builder.BatteryChart.AxesYDir","type":"property","refpurpose":"y축을 따라 값이 증가하는 방향","href":"ref\/simscape.battery.builder.batterychart.html"},{"name":"simscape.battery.builder.BatteryChart.AxesZDir","type":"property","refpurpose":"z축을 따라 값이 증가하는 방향","href":"ref\/simscape.battery.builder.batterychart.html"},{"name":"simscape.battery.builder.BatteryChart.SimulationStrategyVisible","type":"property","refpurpose":"차트의 좌표축을 시각화하기 위한 옵션","href":"ref\/simscape.battery.builder.batterychart.html"},{"name":"simscape.battery.builder.BatteryChart.SimulationStrategyLineColor","type":"property","refpurpose":"시뮬레이션 전략의 선 색","href":"ref\/simscape.battery.builder.batterychart.html"},{"name":"simscape.battery.builder.BatteryChart.SimulationStrategyLineStyle","type":"property","refpurpose":"시뮬레이션 전략의 선 스타일","href":"ref\/simscape.battery.builder.batterychart.html"},{"name":"simscape.battery.builder.BatteryChart.SimulationStrategyLineWidth","type":"property","refpurpose":"시뮬레이션 전략의 선 너비","href":"ref\/simscape.battery.builder.batterychart.html"},{"name":"simscape.battery.builder.BatteryChart.LightColor","type":"property","refpurpose":"조명 색","href":"ref\/simscape.battery.builder.batterychart.html"},{"name":"simscape.battery.builder.BatteryChart.LightStyle","type":"property","refpurpose":"광원의 유형","href":"ref\/simscape.battery.builder.batterychart.html"},{"name":"simscape.battery.builder.BatteryChart.LightPosition","type":"property","refpurpose":"광원의 위치","href":"ref\/simscape.battery.builder.batterychart.html"},{"name":"simscape.battery.builder.BatteryChart.LightVisible","type":"property","refpurpose":"광원의 조명 표시 여부","href":"ref\/simscape.battery.builder.batterychart.html"},{"name":"Simscape Battery Onramp","type":"tool","refpurpose":"대화형 방식의 무료 자기 주도형 Simscape Battery 교육과정","href":"ref\/simscapebatteryonramp.html"},{"name":"SOC Estimator (Coulomb Counting)","type":"block","refpurpose":"쿨롱 카운팅 방법을 사용한 충전 상태 추정기","href":"ref\/socestimatorcoulombcounting.html"},{"name":"SOC Estimator (Coulomb Counting, Variable Capacity)","type":"block","refpurpose":"쿨롱 카운팅 방법과 가변 용량을 사용하는 충전 상태 추정기","href":"ref\/socestimatorcoulombcountingvariablecapacity.html"},{"name":"SOH Estimator","type":"block","refpurpose":"성능 상태 추정기","href":"ref\/sohestimator.html"}]}