{"schema":"referenceapi_lookup_schema.json","schemaVersion":"1.0","docVersion":"doc25a.2968260.Bdoc25a.2967890.pass.r2025a","productName":"Simulink","baseCode":"SL","helpFolder":"simulink","helpLocation":"simulink","addons":"RASPPI LEGOEV3 ANDROID ARDUINO MINIDRONES",  "refItems" : [{"name":"jc_0011: Parametri di ottimizzazione per i tipi di dati booleani","type":"mdlguideline","refpurpose":"","href":"mdl_gd\/maab\/jc_0011optimizationparametersforbooleandatatypes.html"},{"name":"Degrees to Radians","type":"block","refpurpose":"Convertire i gradi in radianti","href":"ref_extras\/degreestoradians.html"},{"name":"Radians to Degrees","type":"block","refpurpose":"Convertire i radianti in gradi","href":"ref_extras\/radianstodegrees.html"},{"name":"S-R Flip-Flop","type":"block","refpurpose":"Modellare un flip-flop S-R","href":"ref_extras\/srflipflop.html"},{"name":"Signal Builder","type":"block","refpurpose":"Creare e generare gruppi intercambiabili di segnali le cui forme d'onda siano lineari a segmenti","deprecated":"true","href":"ref_obsolete_blocks\/signalbuilder.html"},{"name":"add_block","type":"function","fcntype":"simple","refpurpose":"Aggiungere un blocco al modello","href":"slref\/add_block.html"},{"name":"Band-Limited White Noise","type":"block","refpurpose":"Introdurre rumore bianco nel sistema continuo","href":"slref\/bandlimitedwhitenoise.html"},{"name":"Clock","type":"block","refpurpose":"Visualizzare e fornire il tempo di simulazione","href":"slref\/clock.html"},{"name":"color","type":"function","fcntype":"simple","refpurpose":"Modificare il colore di disegno di comandi successivi di disegno dell'icona della maschera","href":"slref\/color.html"},{"name":"Cross Product","type":"block","refpurpose":"Prodotto incrociato di due vettori","href":"slref\/crossproduct.html"},{"name":"Derivative","type":"block","refpurpose":"Calcolare la derivata continua approssimata del segnale continuo di input rispetto al tempo","href":"slref\/derivative.html"},{"name":"Detect Change","type":"block","refpurpose":"Rilevare la variazione del valore del segnale","href":"slref\/detectchange.html"},{"name":"Digital Clock","type":"block","refpurpose":"Tempo di simulazione dell'output all'intervallo di campionamento specificato","href":"slref\/digitalclock.html"},{"name":"Finder","type":"tool","refpurpose":"Trovare e a scelta sostituire i valori nei modelli, nelle librerie e nei sottosistemi di Simulink","href":"slref\/finder.html"},{"name":"fprintf","type":"function","fcntype":"simple","refpurpose":"Visualizza il testo della variabile centrato sull’icona del sottosistema mascherato","href":"slref\/fprintf.html"},{"name":"gcbh","type":"function","fcntype":"simple","refpurpose":"Ottenere l'handle del blocco corrente","href":"slref\/gcbh.html"},{"name":"get_param","type":"function","fcntype":"simple","refpurpose":"Ottenere i nomi e i valori dei parametri","href":"slref\/get_param.html"},{"name":"getfullname","type":"function","fcntype":"simple","refpurpose":"Ottenere il percorso che identifica il blocco o la linea","href":"slref\/getfullname.html"},{"name":"Simulink.Mask.getParameter","type":"method","fcntype":"instancemethod","refpurpose":"Ottenere il parametro della maschera per nome","href":"slref\/getparameter.html"},{"name":"Hermitian Transpose","type":"block","refpurpose":"Calcolare la trasposizione hermitiana della matrice","href":"slref\/hermitiantranspose.html"},{"name":"IC","type":"block","refpurpose":"Impostare il valore iniziale del segnale","href":"slref\/ic.html"},{"name":"If","type":"block","refpurpose":"Selezionare l'esecuzione del sottosistema utilizzando una logica simile alla dichiarazione if-else","href":"slref\/if.html"},{"name":"load_system","type":"function","fcntype":"simple","refpurpose":"Caricare un modello Simulink nella memoria","href":"slref\/load_system.html"},{"name":"lookupTableEditor","type":"function","fcntype":"simple","refpurpose":"Avviare Lookup Table Editor (Editor della tabella di ricerca)","href":"slref\/lookuptableeditor.html"},{"name":"Manual Switch","type":"block","refpurpose":"Commutare tra due input","href":"slref\/manualswitch.html"},{"name":"matlab.System.getCurrentTime","type":"method","fcntype":"instancemethod","refpurpose":"Tempo di simulazione attuale nel blocco MATLAB System","href":"slref\/matlab.system.getcurrenttime.html"},{"name":"Memory","type":"block","refpurpose":"Generare l'input dal passo temporale precedente","href":"slref\/memory.html"},{"name":"Mux","type":"block","refpurpose":"Combinare segnali di input dello stesso tipo di dati e complessità in vettore virtuale","href":"slref\/mux.html"},{"name":"Quantizer","type":"block","refpurpose":"Discretizzare l'input a un dato intervallo","href":"slref\/quantizer.html"},{"name":"Ramp","type":"block","refpurpose":"Generare un segnale crescente o decrescente in modo costante","href":"slref\/ramp.html"},{"name":"Random Number","type":"block","refpurpose":"Generare numeri casuali distribuiti normalmente","href":"slref\/randomnumber.html"},{"name":"Rate Limiter","type":"block","refpurpose":"Limitare la velocità di variazione del segnale","href":"slref\/ratelimiter.html"},{"name":"Saturation","type":"block","refpurpose":"Limitare il segnale di input ai valori di saturazione superiore e inferiore","href":"slref\/saturation.html"},{"name":"Selector","type":"block","refpurpose":"Selezionare gli elementi di input da un vettore, una matrice o un segnale multidimensionale","href":"slref\/selector.html"},{"name":"set_param","type":"function","fcntype":"simple","refpurpose":"Impostare il valore del parametro di Simulink","href":"slref\/set_param.html"},{"name":"S-Function","type":"block","refpurpose":"Includere S-function nel modello","href":"slref\/sfunction.html"},{"name":"S-Function Builder","type":"block","refpurpose":"Integrare codice C o C++ per creare S-function","href":"slref\/sfunctionbuilder.html"},{"name":"Sign","type":"block","refpurpose":"Indicare il segno di input","href":"slref\/sign.html"},{"name":"Signal Generator","type":"block","refpurpose":"Generare varie forme d'onda","href":"slref\/signalgenerator.html"},{"name":"Simulation Data Inspector","type":"tool","refpurpose":"Esaminare e confrontare i dati e i risultati della simulazione per validare e iterare i progetti dei modelli","href":"slref\/simulationdatainspector.html"},{"name":"Simulink.data.dictionary.create","type":"function","fcntype":"simple","refpurpose":"Creare un nuovo dizionario dei dati e un oggetto Simulink.data.Dictionary","href":"slref\/simulink.data.dictionary.create.html"},{"name":"getValue","type":"function","fcntype":"instancemethod","refpurpose":"Valore di ritorno della voce del dizionario dei dati","href":"slref\/simulink.data.dictionary.entry.getvalue.html"},{"name":"Simulink.data.dictionary.Entry.getValue","type":"method","fcntype":"instancemethod","refpurpose":"Valore di ritorno della voce del dizionario dei dati","href":"slref\/simulink.data.dictionary.entry.getvalue.html"},{"name":"setValue","type":"function","fcntype":"instancemethod","refpurpose":"Impostare il valore della voce del dizionario dei dati","href":"slref\/simulink.data.dictionary.entry.setvalue.html"},{"name":"Simulink.data.dictionary.Entry.setValue","type":"method","fcntype":"instancemethod","refpurpose":"Impostare il valore della voce del dizionario dei dati","href":"slref\/simulink.data.dictionary.entry.setvalue.html"},{"name":"getSection","type":"function","fcntype":"instancemethod","refpurpose":"Restituire l'oggetto Simulink.data.dictionary.Section per rappresentare la sezione del dizionario dei dati","href":"slref\/simulink.data.dictionary.getsection.html"},{"name":"Simulink.data.Dictionary.getSection","type":"method","fcntype":"instancemethod","refpurpose":"Restituire l'oggetto Simulink.data.dictionary.Section per rappresentare la sezione del dizionario dei dati","href":"slref\/simulink.data.dictionary.getsection.html"},{"name":"Simulink.data.dictionary.open","type":"function","fcntype":"simple","refpurpose":"Aprire il dizionario dei dati per la modifica","href":"slref\/simulink.data.dictionary.open.html"},{"name":"saveChanges","type":"function","fcntype":"instancemethod","refpurpose":"Salvare le modifiche del dizionario dei dati","href":"slref\/simulink.data.dictionary.savechanges.html"},{"name":"Simulink.data.Dictionary.saveChanges","type":"method","fcntype":"instancemethod","refpurpose":"Salvare le modifiche del dizionario dei dati","href":"slref\/simulink.data.dictionary.savechanges.html"},{"name":"Simulink.data.Dictionary","type":"object","refpurpose":"Configurare il dizionario dei dati","href":"slref\/simulink.data.dictionary.html"},{"name":"Simulink.data.Dictionary.DataSources","type":"property","refpurpose":"Dizionari di dati referenziati","href":"slref\/simulink.data.dictionary.html"},{"name":"Simulink.data.Dictionary.EnableAccessToBaseWorkspace","type":"property","refpurpose":"Specificare se i modelli possono utilizzare i dati di progettazione nel workspace di base","href":"slref\/simulink.data.dictionary.html"},{"name":"Simulink.data.Dictionary.HasAccessToBaseWorkspace","type":"property","refpurpose":"Eseguire una query per sapere se i modelli possono utilizzare i dati di progettazione nel workspace di base","href":"slref\/simulink.data.dictionary.html"},{"name":"Simulink.data.Dictionary.HasUnsavedChanges","type":"property","refpurpose":"Indicatore delle modifiche non salvate","href":"slref\/simulink.data.dictionary.html"},{"name":"Simulink.data.Dictionary.NumberOfEntries","type":"property","refpurpose":"Numero totale di voci nel dizionario dei dati","href":"slref\/simulink.data.dictionary.html"},{"name":"Simulink.findBlocks","type":"function","fcntype":"simple","refpurpose":"Trovare i blocchi nei modelli di Simulink","href":"slref\/simulink.findblocks.html"},{"name":"Simulink.findBlocksOfType","type":"function","fcntype":"simple","refpurpose":"Trovare il tipo di blocco specificato nei modelli di Simulink","href":"slref\/simulink.findblocksoftype.html"},{"name":"assignin","type":"function","fcntype":"instancemethod","refpurpose":"Assegnare una variabile nel workspace del modello di un modello","href":"slref\/simulink.modelworkspace.assignin.html"},{"name":"Simulink.ModelWorkspace.assignin","type":"method","fcntype":"instancemethod","refpurpose":"Assegnare una variabile nel workspace del modello di un modello","href":"slref\/simulink.modelworkspace.assignin.html"},{"name":"Simulink.ModelWorkspace","type":"object","refpurpose":"Interagire con il workspace di un modello in modo programmatico","href":"slref\/simulink.modelworkspace.html"},{"name":"Simulink.ModelWorkspace.DataSource","type":"property","refpurpose":"Sorgente per l'inizializzazione delle variabili nel workspace del modello","href":"slref\/simulink.modelworkspace.html"},{"name":"Simulink.ModelWorkspace.FileName","type":"property","refpurpose":"Nome del file esterno che memorizza o crea le variabili","href":"slref\/simulink.modelworkspace.html"},{"name":"Simulink.ModelWorkspace.MATLABCode","type":"property","refpurpose":"Codice MATLAB per l'inizializzazione delle variabili","href":"slref\/simulink.modelworkspace.html"},{"name":"Simulink.SimulationInput","type":"function","fcntype":"constructor","refpurpose":"Creare oggetti Simulink.SimulationInput per apportare modifiche al modello per simulazioni multiple o singole","href":"slref\/simulink.simulationinput.html"},{"name":"Simulink.SimulationInput","type":"object","refpurpose":"Creare oggetti Simulink.SimulationInput per apportare modifiche al modello per simulazioni multiple o singole","href":"slref\/simulink.simulationinput.html"},{"name":"Simulink.SimulationInput.ModelName","type":"property","refpurpose":"Nome del modello","href":"slref\/simulink.simulationinput.html"},{"name":"Simulink.SimulationInput.InitialState","type":"property","refpurpose":"Stato iniziale","href":"slref\/simulink.simulationinput.html"},{"name":"Simulink.SimulationInput.ExternalInput","type":"property","refpurpose":"Input esterno","href":"slref\/simulink.simulationinput.html"},{"name":"Simulink.SimulationInput.BlockParameters","type":"property","refpurpose":"Parametri del blocco","href":"slref\/simulink.simulationinput.html"},{"name":"Simulink.SimulationInput.Variables","type":"property","refpurpose":"Variabili","href":"slref\/simulink.simulationinput.html"},{"name":"Simulink.SimulationInput.ModelParameters","type":"property","refpurpose":"Parametri del modello","href":"slref\/simulink.simulationinput.html"},{"name":"Simulink.SimulationInput.PreSimFcn","type":"property","refpurpose":"Funzione di pre-imulazione","href":"slref\/simulink.simulationinput.html"},{"name":"Simulink.SimulationInput.PostSimFcn","type":"property","refpurpose":"Funzione di post-simulazione","href":"slref\/simulink.simulationinput.html"},{"name":"Simulink.SimulationInput.UserString","type":"property","refpurpose":"Stringa utente","href":"slref\/simulink.simulationinput.html"},{"name":"Simulink.SimulationInput.VariantConfiguration","type":"property","refpurpose":"Nome della configurazione della variante","href":"slref\/simulink.simulationinput.html"},{"name":"simulink","type":"function","fcntype":"simple","refpurpose":"Aprire la pagina iniziale di Simulink","href":"slref\/simulink.html"},{"name":"Simulink Onramp","type":"tool","refpurpose":"Corso Simulink gratuito, autogestito e interattivo","href":"slref\/simulinkonramp.html"},{"name":"start_simulink","type":"function","fcntype":"simple","refpurpose":"Avviare Simulink senza aprire alcuna finestra","href":"slref\/start_simulink.html"},{"name":"Step","type":"block","refpurpose":"Generare funzioni a gradino","href":"slref\/step.html"},{"name":"Stop Simulation","type":"block","refpurpose":"Arrestare la simulazione quando l'input è diverso da zero","href":"slref\/stopsimulation.html"},{"name":"Switch Case","type":"block","refpurpose":"Selezionare l'esecuzione del sottosistema utilizzando una logica simile alla dichiarazione switch","href":"slref\/switchcase.html"},{"name":"Terminator","type":"block","refpurpose":"Terminare la porta di output non collegata","href":"slref\/terminator.html"},{"name":"Transport Delay","type":"block","refpurpose":"Posticipare l'input di una determinata quantità di tempo","href":"slref\/transportdelay.html"},{"name":"Transpose","type":"block","refpurpose":"Calcolare la trasposizione della matrice","href":"slref\/transpose.html"},{"name":"Unit Delay","type":"block","refpurpose":"Ritardare il segnale di un periodo di campionamento","href":"slref\/unitdelay.html"},{"name":"Zero-Order Hold","type":"block","refpurpose":"Implementare un periodo di campionamento di mantenimento di ordine zero","href":"slref\/zeroorderhold.html"},{"name":"TCP\/IP Receive","type":"block","refpurpose":"Ricevere dati su rete TCP\/IP da host remoto","href":"supportpkg\/raspberrypi_ref\/tcpipreceive.html"},{"name":"TCP\/IP Send","type":"block","refpurpose":"Inviare dati su rete TCP\/IP a un altro host remoto","href":"supportpkg\/raspberrypi_ref\/tcpipsend.html"}]}