{"schema":"referenceapi_lookup_schema.json","schemaVersion":"1.0","docVersion":"doc25a.2968260.Bdoc25a.2967890.pass.r2025a","productName":"Simulink 3D Animation","baseCode":"VR","helpFolder":"sl3d","helpLocation":"sl3d","addons":"SL_3D_ANIMATION",  "refItems" : [{"name":"ReadSimulation3DMessage","type":"function","fcntype":"instancemethod","refpurpose":"Receives message from Simulink model using a message reader object","href":"asim3dactor.readsimulation3dmessage.html"},{"name":"ASim3dActor.ReadSimulation3DMessage","type":"method","fcntype":"instancemethod","refpurpose":"Receives message from Simulink model using a message reader object","href":"asim3dactor.readsimulation3dmessage.html"},{"name":"Sim3dRelease","type":"function","fcntype":"instancemethod","refpurpose":"C++ method that releases actor in Unreal Engine 3D simulation","href":"asim3dactor.sim3drelease.html"},{"name":"ASim3dActor.Sim3dRelease","type":"method","fcntype":"instancemethod","refpurpose":"C++ method that releases actor in Unreal Engine 3D simulation","href":"asim3dactor.sim3drelease.html"},{"name":"Sim3dSetup","type":"function","fcntype":"instancemethod","refpurpose":"C++ method that sets up actor in Unreal Engine 3D simulation","href":"asim3dactor.sim3dsetup.html"},{"name":"ASim3dActor.Sim3dSetup","type":"method","fcntype":"instancemethod","refpurpose":"C++ method that sets up actor in Unreal Engine 3D simulation","href":"asim3dactor.sim3dsetup.html"},{"name":"Sim3dStep","type":"function","fcntype":"instancemethod","refpurpose":"C++ method that steps actor in Unreal Engine 3D simulation","href":"asim3dactor.sim3dstep.html"},{"name":"ASim3dActor.Sim3dStep","type":"method","fcntype":"instancemethod","refpurpose":"C++ method that steps actor in Unreal Engine 3D simulation","href":"asim3dactor.sim3dstep.html"},{"name":"StartSimulation3DMessageReader","type":"function","fcntype":"instancemethod","refpurpose":"Constructs a message reader object in the Unreal Editor","href":"asim3dactor.startsimulation3dmessagereader.html"},{"name":"ASim3dActor.StartSimulation3DMessageReader","type":"method","fcntype":"instancemethod","refpurpose":"Constructs a message reader object in the Unreal Editor","href":"asim3dactor.startsimulation3dmessagereader.html"},{"name":"StartSimulation3DMessageWriter","type":"function","fcntype":"instancemethod","refpurpose":"Constructs a message writer object in the Unreal Editor","href":"asim3dactor.startsimulation3dmessagewriter.html"},{"name":"ASim3dActor.StartSimulation3DMessageWriter","type":"method","fcntype":"instancemethod","refpurpose":"Constructs a message writer object in the Unreal Editor","href":"asim3dactor.startsimulation3dmessagewriter.html"},{"name":"StopSimulation3DMessageReader","type":"function","fcntype":"instancemethod","refpurpose":"Deletes message reader object in the Unreal Editor","href":"asim3dactor.stopsimulation3dmessagereader.html"},{"name":"ASim3dActor.StopSimulation3DMessageReader","type":"method","fcntype":"instancemethod","refpurpose":"Deletes message reader object in the Unreal Editor","href":"asim3dactor.stopsimulation3dmessagereader.html"},{"name":"StopSimulation3DMessageWriter","type":"function","fcntype":"instancemethod","refpurpose":"Deletes message writer object in the Unreal Editor","href":"asim3dactor.stopsimulation3dmessagewriter.html"},{"name":"ASim3dActor.StopSimulation3DMessageWriter","type":"method","fcntype":"instancemethod","refpurpose":"Deletes message writer object in the Unreal Editor","href":"asim3dactor.stopsimulation3dmessagewriter.html"},{"name":"WriteSimulation3DMessage","type":"function","fcntype":"instancemethod","refpurpose":"Sends message to Simulink model using a message writer object","href":"asim3dactor.writesimulation3dmessage.html"},{"name":"ASim3dActor.WriteSimulation3DMessage","type":"method","fcntype":"instancemethod","refpurpose":"Sends message to Simulink model using a message writer object","href":"asim3dactor.writesimulation3dmessage.html"},{"name":"ASim3dActor","type":"object","refpurpose":"Abstract class to use as a base class for user-defined Unreal Engine C++ or blueprint actors","href":"asim3dactor.html"},{"name":"ASim3dActor.Translation","type":"property","refpurpose":"Actor translation","href":"asim3dactor.html"},{"name":"ASim3dActor.Rotation","type":"property","refpurpose":"Actor rotation","href":"asim3dactor.html"},{"name":"ASim3dActor.Scale","type":"property","refpurpose":"Actor scale","href":"asim3dactor.html"},{"name":"Blank Scene","type":"scene","refpurpose":"Blank scene","href":"blankscene.html"},{"name":"sim3d.utils.sim3d.utils.copyExampleSim3dProject","type":"method","fcntype":"instancemethod","refpurpose":"Copy support package files and plugins to specified folders","href":"copyexamplesim3dproject.html"},{"name":"Cross Product","type":"block","refpurpose":"(To be removed) Cross product of two 3-D vectors","deprecated":"true","href":"crossproduct.html"},{"name":"Curved Road","type":"scene","refpurpose":"Curved road 3D environment","href":"curvedroad.html"},{"name":"Empty Grass","type":"scene","refpurpose":"Empty grass 3D environment","href":"emptygrass.html"},{"name":"Empty Scene","type":"scene","refpurpose":"Empty world","href":"emptyscene.html"},{"name":"MATLAB to VR Coordinates","type":"block","refpurpose":"(To be removed) Convert MATLAB coordinates to VR coordinates","deprecated":"true","href":"matlabtovrcoordinates.html"},{"name":"Normalize Vector","type":"block","refpurpose":"(To be removed) Output unit vector parallel to input vector","deprecated":"true","href":"normalizevector.html"},{"name":"Rotation Between 2 Vectors","type":"block","refpurpose":"(To be removed) Virtual world rotation between two 3-D vectors","deprecated":"true","href":"rotationbetween2vectors.html"},{"name":"Rotation Matrix to VR Rotation","type":"block","refpurpose":"(To be removed) Convert rotation matrix to axis\/angle rotation","deprecated":"true","href":"rotationmatrixtovrrotation.html"},{"name":"addMesh","type":"function","fcntype":"instancemethod","refpurpose":"Append mesh on top of current mesh","href":"sim3d.actor.addmesh.html"},{"name":"sim3d.Actor.addMesh","type":"method","fcntype":"instancemethod","refpurpose":"Append mesh on top of current mesh","href":"sim3d.actor.addmesh.html"},{"name":"copy","type":"function","fcntype":"instancemethod","refpurpose":"Copy all properties from another actor","href":"sim3d.actor.copy.html"},{"name":"sim3d.Actor.copy","type":"method","fcntype":"instancemethod","refpurpose":"Copy all properties from another actor","href":"sim3d.actor.copy.html"},{"name":"createMesh","type":"function","fcntype":"instancemethod","refpurpose":"Create new mesh with specified values","href":"sim3d.actor.createmesh.html"},{"name":"sim3d.Actor.createMesh","type":"method","fcntype":"instancemethod","refpurpose":"Create new mesh with specified values","href":"sim3d.actor.createmesh.html"},{"name":"createShape","type":"function","fcntype":"instancemethod","refpurpose":"Create geometry for basic primitives","href":"sim3d.actor.createshape.html"},{"name":"sim3d.Actor.createShape","type":"method","fcntype":"instancemethod","refpurpose":"Create geometry for basic primitives","href":"sim3d.actor.createshape.html"},{"name":"findBy","type":"function","fcntype":"instancemethod","refpurpose":"Find all actors that match specified criteria","href":"sim3d.actor.findby.html"},{"name":"sim3d.Actor.findBy","type":"method","fcntype":"instancemethod","refpurpose":"Find all actors that match specified criteria","href":"sim3d.actor.findby.html"},{"name":"gather","type":"function","fcntype":"instancemethod","refpurpose":"Return values of selected property from all objects in selected branch","href":"sim3d.actor.gather.html"},{"name":"sim3d.Actor.gather","type":"method","fcntype":"instancemethod","refpurpose":"Return values of selected property from all objects in selected branch","href":"sim3d.actor.gather.html"},{"name":"load","type":"function","fcntype":"instancemethod","refpurpose":"Load or import 3D file","href":"sim3d.actor.load.html"},{"name":"sim3d.Actor.load","type":"method","fcntype":"instancemethod","refpurpose":"Load or import 3D file","href":"sim3d.actor.load.html"},{"name":"propagate","type":"function","fcntype":"instancemethod","refpurpose":"Propagate value of selected property to actor and its children","href":"sim3d.actor.propagate.html"},{"name":"sim3d.Actor.propagate","type":"method","fcntype":"instancemethod","refpurpose":"Propagate value of selected property to actor and its children","href":"sim3d.actor.propagate.html"},{"name":"save","type":"function","fcntype":"instancemethod","refpurpose":"Save actor and children to a MAT file","href":"sim3d.actor.save.html"},{"name":"sim3d.Actor.save","type":"method","fcntype":"instancemethod","refpurpose":"Save actor and children to a MAT file","href":"sim3d.actor.save.html"},{"name":"sim3d.Actor","type":"function","fcntype":"constructor","refpurpose":"Create empty actor in 3D environment","href":"sim3d.actor.html"},{"name":"sim3d.Actor","type":"object","refpurpose":"Create empty actor in 3D environment","href":"sim3d.actor.html"},{"name":"sim3d.Actor.UserData","type":"property","refpurpose":"Structure to hold actor data","href":"sim3d.actor.html"},{"name":"sim3d.Actor.Parent","type":"property","refpurpose":"Parent of actor","href":"sim3d.actor.html"},{"name":"sim3d.Actor.Children","type":"property","refpurpose":"Children of actor","href":"sim3d.actor.html"},{"name":"sim3d.Actor.ParentWorld","type":"property","refpurpose":"Parent world","href":"sim3d.actor.html"},{"name":"sim3d.Actor.CoordinateSystem","type":"property","refpurpose":"Coordinate system for actor transformation","href":"sim3d.actor.html"},{"name":"sim3d.Actor.Translation","type":"property","refpurpose":"Relative translation","href":"sim3d.actor.html"},{"name":"sim3d.Actor.Rotation","type":"property","refpurpose":"Relative rotation","href":"sim3d.actor.html"},{"name":"sim3d.Actor.Scale","type":"property","refpurpose":"Relative scale","href":"sim3d.actor.html"},{"name":"sim3d.Actor.Mobility","type":"property","refpurpose":"Type of actor mobility","href":"sim3d.actor.html"},{"name":"sim3d.Actor.Vertices","type":"property","refpurpose":"Vertices of mesh geometry","href":"sim3d.actor.html"},{"name":"sim3d.Actor.Faces","type":"property","refpurpose":"Vertices of each triangular face","href":"sim3d.actor.html"},{"name":"sim3d.Actor.Normals","type":"property","refpurpose":"Normal vectors of each vertex","href":"sim3d.actor.html"},{"name":"sim3d.Actor.TextureCoordinates","type":"property","refpurpose":"Texture coordinates","href":"sim3d.actor.html"},{"name":"sim3d.Actor.VertexColors","type":"property","refpurpose":"Vertex colors","href":"sim3d.actor.html"},{"name":"sim3d.Actor.Color","type":"property","refpurpose":"Base color of actor","href":"sim3d.actor.html"},{"name":"sim3d.Actor.Transparency","type":"property","refpurpose":"Transparency of actor","href":"sim3d.actor.html"},{"name":"sim3d.Actor.Shininess","type":"property","refpurpose":"Shininess of actor","href":"sim3d.actor.html"},{"name":"sim3d.Actor.Metallic","type":"property","refpurpose":"Metallic look of actor","href":"sim3d.actor.html"},{"name":"sim3d.Actor.Flat","type":"property","refpurpose":"Flat shading factor of actor","href":"sim3d.actor.html"},{"name":"sim3d.Actor.Shadows","type":"property","refpurpose":"Actor shadows","href":"sim3d.actor.html"},{"name":"sim3d.Actor.VertexBlend","type":"property","refpurpose":"Color blending coefficient of vertices","href":"sim3d.actor.html"},{"name":"sim3d.Actor.TextureTransform","type":"property","refpurpose":"Texture transformations applied to actor texture","href":"sim3d.actor.html"},{"name":"sim3d.Actor.TextureMapping","type":"property","refpurpose":"Texture mapping parameters applied to actor texture","href":"sim3d.actor.html"},{"name":"sim3d.Actor.Texture","type":"property","refpurpose":"Source file for texture","href":"sim3d.actor.html"},{"name":"sim3d.Actor.TwoSided","type":"property","refpurpose":"Two-sided visibility of actor surface","href":"sim3d.actor.html"},{"name":"sim3d.Actor.Specular","type":"property","refpurpose":"Surface reflectivity","href":"sim3d.actor.html"},{"name":"sim3d.Actor.LinearVelocity","type":"property","refpurpose":"Linear velocity of actor","href":"sim3d.actor.html"},{"name":"sim3d.Actor.AngularVelocity","type":"property","refpurpose":"Angular velocity of actor","href":"sim3d.actor.html"},{"name":"sim3d.Actor.Mass","type":"property","refpurpose":"Mass of actor","href":"sim3d.actor.html"},{"name":"sim3d.Actor.CenterOfMass","type":"property","refpurpose":"Center of mass of actor","href":"sim3d.actor.html"},{"name":"sim3d.Actor.Gravity","type":"property","refpurpose":"Application of gravity to actor","href":"sim3d.actor.html"},{"name":"sim3d.Actor.Physics","type":"property","refpurpose":"Reaction of actor to physical forces","href":"sim3d.actor.html"},{"name":"sim3d.Actor.Collisions","type":"property","refpurpose":"Object collision","href":"sim3d.actor.html"},{"name":"sim3d.Actor.PreciseContacts","type":"property","refpurpose":"Precise contacts","href":"sim3d.actor.html"},{"name":"sim3d.Actor.LocationLocked","type":"property","refpurpose":"Stationary translational motion","href":"sim3d.actor.html"},{"name":"sim3d.Actor.RotationLocked","type":"property","refpurpose":"Stationary rotational motion","href":"sim3d.actor.html"},{"name":"sim3d.Actor.Hidden","type":"property","refpurpose":"Option to hide actor","href":"sim3d.actor.html"},{"name":"sim3d.Actor.Friction","type":"property","refpurpose":"Dynamic friction","href":"sim3d.actor.html"},{"name":"sim3d.Actor.Restitution","type":"property","refpurpose":"Coefficient of restitution","href":"sim3d.actor.html"},{"name":"sim3d.Actor.Force","type":"property","refpurpose":"Force applied to actor","href":"sim3d.actor.html"},{"name":"sim3d.Actor.Torque","type":"property","refpurpose":"Torque applied to actor","href":"sim3d.actor.html"},{"name":"sim3d.Actor.LinearDamping","type":"property","refpurpose":"Level of linear movement resistance","href":"sim3d.actor.html"},{"name":"sim3d.Actor.AngularDamping","type":"property","refpurpose":"Level of angular movement resistance","href":"sim3d.actor.html"},{"name":"sim3d.Actor.HitEventEnabled","type":"property","refpurpose":"Option to report hit event","href":"sim3d.actor.html"},{"name":"sim3d.Actor.OverlapEventEnabled","type":"property","refpurpose":"Option to report overlap event","href":"sim3d.actor.html"},{"name":"sim3d.Actor.HitEvent","type":"property","refpurpose":"Hit event","href":"sim3d.actor.html"},{"name":"sim3d.Actor.HitSelfID","type":"property","refpurpose":"Hit sim3d.Actor object identifier","href":"sim3d.actor.html"},{"name":"sim3d.Actor.HitOtherID","type":"property","refpurpose":"Identifier of actor that collides with sim3d.Actor object","href":"sim3d.actor.html"},{"name":"sim3d.Actor.HitLocation","type":"property","refpurpose":"Hit event location","href":"sim3d.actor.html"},{"name":"sim3d.Actor.HitOtherActorName","type":"property","refpurpose":"Name of actor that collides with sim3d.Actor object","href":"sim3d.actor.html"},{"name":"sim3d.Actor.BeginOverlapEvent","type":"property","refpurpose":"Overlap begin event","href":"sim3d.actor.html"},{"name":"sim3d.Actor.BeginOverlapSelfID","type":"property","refpurpose":"Identifier of overlapped sim3d.Actor object","href":"sim3d.actor.html"},{"name":"sim3d.Actor.BeginOverlapOtherID","type":"property","refpurpose":"Identifier of actor that overlaps with sim3d.Actor object","href":"sim3d.actor.html"},{"name":"sim3d.Actor.BeginOverlapOtherActorName","type":"property","refpurpose":"Name of actor that overlaps with sim3d.Actor object","href":"sim3d.actor.html"},{"name":"sim3d.Actor.EndOverlapEvent","type":"property","refpurpose":"Overlap end event","href":"sim3d.actor.html"},{"name":"sim3d.Actor.EndOverlapSelfID","type":"property","refpurpose":"Identifier of sim3d.Actor object ending overlap","href":"sim3d.actor.html"},{"name":"sim3d.Actor.EndOverlapOtherID","type":"property","refpurpose":"Identifier of actor that ends overlap with sim3d.Actor object","href":"sim3d.actor.html"},{"name":"sim3d.Actor.EndOverlapOtherActorName","type":"property","refpurpose":"Name of actor that ends overlap with sim3d.Actor object","href":"sim3d.actor.html"},{"name":"sim3d.Actor.ClickEvent","type":"property","refpurpose":"Click event","href":"sim3d.actor.html"},{"name":"sim3d.Actor.ClickActorID","type":"property","refpurpose":"Identifier of sim3d.Actor object that is clicked","href":"sim3d.actor.html"},{"name":"sim3d.Actor.ClickLocation","type":"property","refpurpose":"Cartesian coordinates of the click event location","href":"sim3d.actor.html"},{"name":"sim3d.Actor.ClickActorName","type":"property","refpurpose":"Name of clicked actor","href":"sim3d.actor.html"},{"name":"open","type":"function","fcntype":"instancemethod","refpurpose":"Open the Unreal Editor","href":"sim3d.editor.open.html"},{"name":"sim3d.Editor.open","type":"method","fcntype":"instancemethod","refpurpose":"Open the Unreal Editor","href":"sim3d.editor.open.html"},{"name":"sim3d.Editor","type":"function","fcntype":"constructor","refpurpose":"Interface to the Unreal Engine project","href":"sim3d.editor.html"},{"name":"sim3d.Editor","type":"object","refpurpose":"Interface to the Unreal Engine project","href":"sim3d.editor.html"},{"name":"sim3d.Editor.Uproject","type":"property","refpurpose":"Project path and name","href":"sim3d.editor.html"},{"name":"sim3d.environment.WeatherConfiguration","type":"function","fcntype":"constructor","refpurpose":"Control scene weather and sun position","href":"sim3d.environment.weatherconfiguration.html"},{"name":"sim3d.environment.WeatherConfiguration","type":"object","refpurpose":"Control scene weather and sun position","href":"sim3d.environment.weatherconfiguration.html"},{"name":"sim3d.environment.WeatherConfiguration.SunAltitude","type":"property","refpurpose":"Altitude angle","href":"sim3d.environment.weatherconfiguration.html"},{"name":"sim3d.environment.WeatherConfiguration.SunAzimuth","type":"property","refpurpose":"Azimuth angle","href":"sim3d.environment.weatherconfiguration.html"},{"name":"sim3d.environment.WeatherConfiguration.EnableGeospatialSun","type":"property","refpurpose":"Option to enable geospatial sun","href":"sim3d.environment.weatherconfiguration.html"},{"name":"sim3d.environment.WeatherConfiguration.Latitude","type":"property","refpurpose":"Latitude of geolocation on earth","href":"sim3d.environment.weatherconfiguration.html"},{"name":"sim3d.environment.WeatherConfiguration.Longitude","type":"property","refpurpose":"Longitude of geolocation on earth","href":"sim3d.environment.weatherconfiguration.html"},{"name":"sim3d.environment.WeatherConfiguration.TimeZone","type":"property","refpurpose":"Time zone","href":"sim3d.environment.weatherconfiguration.html"},{"name":"sim3d.environment.WeatherConfiguration.IsDaylightSavingTime","type":"property","refpurpose":"Option to enable daylight saving time","href":"sim3d.environment.weatherconfiguration.html"},{"name":"sim3d.environment.WeatherConfiguration.Date","type":"property","refpurpose":"Date","href":"sim3d.environment.weatherconfiguration.html"},{"name":"sim3d.environment.WeatherConfiguration.Time","type":"property","refpurpose":"Time","href":"sim3d.environment.weatherconfiguration.html"},{"name":"sim3d.environment.WeatherConfiguration.CloudDensity","type":"property","refpurpose":"Density of clouds","href":"sim3d.environment.weatherconfiguration.html"},{"name":"sim3d.environment.WeatherConfiguration.CloudSpeed","type":"property","refpurpose":"Speed of clouds","href":"sim3d.environment.weatherconfiguration.html"},{"name":"sim3d.environment.WeatherConfiguration.EnableVolumetricClouds","type":"property","refpurpose":"Option to enable volumetric clouds","href":"sim3d.environment.weatherconfiguration.html"},{"name":"sim3d.environment.WeatherConfiguration.CloudCoverage","type":"property","refpurpose":"Amount of clouds","href":"sim3d.environment.weatherconfiguration.html"},{"name":"sim3d.environment.WeatherConfiguration.CloudAltitude","type":"property","refpurpose":"Height of clouds","href":"sim3d.environment.weatherconfiguration.html"},{"name":"sim3d.environment.WeatherConfiguration.RainDensity","type":"property","refpurpose":"Amount of rain particles","href":"sim3d.environment.weatherconfiguration.html"},{"name":"sim3d.environment.WeatherConfiguration.EnableRaindropsOnLens","type":"property","refpurpose":"Option to enable raindrops on camera lens","href":"sim3d.environment.weatherconfiguration.html"},{"name":"sim3d.environment.WeatherConfiguration.FogDensity","type":"property","refpurpose":"Thickness of fog","href":"sim3d.environment.weatherconfiguration.html"},{"name":"sim3d.environment.WeatherConfiguration.SnowDensity","type":"property","refpurpose":"Amount of snowfall","href":"sim3d.environment.weatherconfiguration.html"},{"name":"sim3d.graphics.Arrow","type":"function","fcntype":"constructor","refpurpose":"Create arrow actor","href":"sim3d.graphics.arrow.html"},{"name":"sim3d.graphics.Arrow","type":"object","refpurpose":"Create arrow actor","href":"sim3d.graphics.arrow.html"},{"name":"sim3d.graphics.Arrow.Parent","type":"property","refpurpose":"Parent of actor","href":"sim3d.graphics.arrow.html"},{"name":"sim3d.graphics.Arrow.Children","type":"property","refpurpose":"Children of actor","href":"sim3d.graphics.arrow.html"},{"name":"sim3d.graphics.Arrow.ParentWorld","type":"property","refpurpose":"Parent world","href":"sim3d.graphics.arrow.html"},{"name":"sim3d.graphics.Arrow.CoordinateSystem","type":"property","refpurpose":"Coordinate system for actor transformation","href":"sim3d.graphics.arrow.html"},{"name":"sim3d.graphics.Arrow.Translation","type":"property","refpurpose":"Relative translation","href":"sim3d.graphics.arrow.html"},{"name":"sim3d.graphics.Arrow.Rotation","type":"property","refpurpose":"Relative rotation","href":"sim3d.graphics.arrow.html"},{"name":"sim3d.graphics.Arrow.Scale","type":"property","refpurpose":"Relative scale","href":"sim3d.graphics.arrow.html"},{"name":"sim3d.graphics.Arrow.Color","type":"property","refpurpose":"Base color of actor","href":"sim3d.graphics.arrow.html"},{"name":"sim3d.graphics.Arrow.Length","type":"property","refpurpose":"Total length of arrow","href":"sim3d.graphics.arrow.html"},{"name":"sim3d.graphics.Arrow.Hidden","type":"property","refpurpose":"Option to hide actor","href":"sim3d.graphics.arrow.html"},{"name":"sim3d.graphics.PathMarker","type":"function","fcntype":"constructor","refpurpose":"Display trajectory","href":"sim3d.graphics.pathmarker.html"},{"name":"sim3d.graphics.PathMarker","type":"object","refpurpose":"Display trajectory","href":"sim3d.graphics.pathmarker.html"},{"name":"sim3d.graphics.PathMarker.Parent","type":"property","refpurpose":"Parent of actor","href":"sim3d.graphics.pathmarker.html"},{"name":"sim3d.graphics.PathMarker.Children","type":"property","refpurpose":"Children of actor","href":"sim3d.graphics.pathmarker.html"},{"name":"sim3d.graphics.PathMarker.ParentWorld","type":"property","refpurpose":"Parent world","href":"sim3d.graphics.pathmarker.html"},{"name":"sim3d.graphics.PathMarker.Translation","type":"property","refpurpose":"Relative translation","href":"sim3d.graphics.pathmarker.html"},{"name":"sim3d.graphics.PathMarker.Rotation","type":"property","refpurpose":"Relative rotation","href":"sim3d.graphics.pathmarker.html"},{"name":"sim3d.graphics.PathMarker.WayPoints","type":"property","refpurpose":"Reference path coordinates","href":"sim3d.graphics.pathmarker.html"},{"name":"sim3d.graphics.PathMarker.ControlActorName","type":"property","refpurpose":"Name of control actor","href":"sim3d.graphics.pathmarker.html"},{"name":"sim3d.graphics.PathMarker.Color","type":"property","refpurpose":"Base color of marker","href":"sim3d.graphics.pathmarker.html"},{"name":"sim3d.graphics.PathMarker.MarkersShape","type":"property","refpurpose":"Shape of markers","href":"sim3d.graphics.pathmarker.html"},{"name":"sim3d.graphics.PathMarker.MarkersSize","type":"property","refpurpose":"Size of markers","href":"sim3d.graphics.pathmarker.html"},{"name":"sim3d.graphics.PathMarker.Hidden","type":"property","refpurpose":"Option to hide actor","href":"sim3d.graphics.pathmarker.html"},{"name":"sim3d.graphics.PathMarker.MarkersTransparency","type":"property","refpurpose":"Transparency of markers","href":"sim3d.graphics.pathmarker.html"},{"name":"sim3d.graphics.PathMarker.LastMarkerTranslation","type":"property","refpurpose":"Translation of last drawn marker","href":"sim3d.graphics.pathmarker.html"},{"name":"sim3d.graphics.PathMarker.LastMarkerRotation","type":"property","refpurpose":"Rotation of last drawn marker","href":"sim3d.graphics.pathmarker.html"},{"name":"sim3d.graphics.Text","type":"function","fcntype":"constructor","refpurpose":"Create text actor","href":"sim3d.graphics.text.html"},{"name":"sim3d.graphics.Text","type":"object","refpurpose":"Create text actor","href":"sim3d.graphics.text.html"},{"name":"sim3d.graphics.Text.Parent","type":"property","refpurpose":"Parent of actor","href":"sim3d.graphics.text.html"},{"name":"sim3d.graphics.Text.Children","type":"property","refpurpose":"Children of actor","href":"sim3d.graphics.text.html"},{"name":"sim3d.graphics.Text.ParentWorld","type":"property","refpurpose":"Parent world","href":"sim3d.graphics.text.html"},{"name":"sim3d.graphics.Text.CoordinateSystem","type":"property","refpurpose":"Coordinate system for actor transformation","href":"sim3d.graphics.text.html"},{"name":"sim3d.graphics.Text.Translation","type":"property","refpurpose":"Relative translation","href":"sim3d.graphics.text.html"},{"name":"sim3d.graphics.Text.Rotation","type":"property","refpurpose":"Relative rotation","href":"sim3d.graphics.text.html"},{"name":"sim3d.graphics.Text.Color","type":"property","refpurpose":"Base color of actor","href":"sim3d.graphics.text.html"},{"name":"sim3d.graphics.Text.String","type":"property","refpurpose":"Text to display","href":"sim3d.graphics.text.html"},{"name":"sim3d.graphics.Text.FontSize","type":"property","refpurpose":"Horizontal and vertical scale of text","href":"sim3d.graphics.text.html"},{"name":"sim3d.graphics.Text.Hidden","type":"property","refpurpose":"Option to hide actor","href":"sim3d.graphics.text.html"},{"name":"axis","type":"function","fcntype":"instancemethod","refpurpose":"Read status of joystick","href":"sim3d.io.joystick.axis.html"},{"name":"sim3d.io.Joystick.axis","type":"method","fcntype":"instancemethod","refpurpose":"Read status of joystick","href":"sim3d.io.joystick.axis.html"},{"name":"button","type":"function","fcntype":"instancemethod","refpurpose":"Read status of joystick","href":"sim3d.io.joystick.button.html"},{"name":"sim3d.io.Joystick.button","type":"method","fcntype":"instancemethod","refpurpose":"Read status of joystick","href":"sim3d.io.joystick.button.html"},{"name":"caps","type":"function","fcntype":"instancemethod","refpurpose":"Joystick capabilities","href":"sim3d.io.joystick.caps.html"},{"name":"sim3d.io.Joystick.caps","type":"method","fcntype":"instancemethod","refpurpose":"Joystick capabilities","href":"sim3d.io.joystick.caps.html"},{"name":"force","type":"function","fcntype":"instancemethod","refpurpose":"Apply force feedback to joystick axis","href":"sim3d.io.joystick.force.html"},{"name":"sim3d.io.Joystick.force","type":"method","fcntype":"instancemethod","refpurpose":"Apply force feedback to joystick axis","href":"sim3d.io.joystick.force.html"},{"name":"pov","type":"function","fcntype":"instancemethod","refpurpose":"Read status of joystick point of view","href":"sim3d.io.joystick.pov.html"},{"name":"sim3d.io.Joystick.pov","type":"method","fcntype":"instancemethod","refpurpose":"Read status of joystick point of view","href":"sim3d.io.joystick.pov.html"},{"name":"read","type":"function","fcntype":"instancemethod","refpurpose":"Read status of joystick button, axes, and POV","href":"sim3d.io.joystick.read.html"},{"name":"sim3d.io.Joystick.read","type":"method","fcntype":"instancemethod","refpurpose":"Read status of joystick button, axes, and POV","href":"sim3d.io.joystick.read.html"},{"name":"sim3d.io.Joystick","type":"function","fcntype":"constructor","refpurpose":"Create joystick device interface","href":"sim3d.io.joystick.html"},{"name":"sim3d.io.Joystick","type":"object","refpurpose":"Create joystick device interface","href":"sim3d.io.joystick.html"},{"name":"sim3d.io.Joystick.Axes","type":"property","refpurpose":"Number of axes","href":"sim3d.io.joystick.html"},{"name":"sim3d.io.Joystick.Buttons","type":"property","refpurpose":"Number of buttons","href":"sim3d.io.joystick.html"},{"name":"sim3d.io.Joystick.POVs","type":"property","refpurpose":"Number of POV axes","href":"sim3d.io.joystick.html"},{"name":"sim3d.io.Joystick.Forces","type":"property","refpurpose":"Number of axes with force feedback","href":"sim3d.io.joystick.html"},{"name":"button","type":"function","fcntype":"instancemethod","refpurpose":"Read status of space mouse","href":"sim3d.io.spacemouse.button.html"},{"name":"sim3d.io.SpaceMouse.button","type":"method","fcntype":"instancemethod","refpurpose":"Read status of space mouse","href":"sim3d.io.spacemouse.button.html"},{"name":"position","type":"function","fcntype":"instancemethod","refpurpose":"Read position of space mouse","href":"sim3d.io.spacemouse.position.html"},{"name":"sim3d.io.SpaceMouse.position","type":"method","fcntype":"instancemethod","refpurpose":"Read position of space mouse","href":"sim3d.io.spacemouse.position.html"},{"name":"speed","type":"function","fcntype":"instancemethod","refpurpose":"Read speed of space mouse axis number","href":"sim3d.io.spacemouse.speed.html"},{"name":"sim3d.io.SpaceMouse.speed","type":"method","fcntype":"instancemethod","refpurpose":"Read speed of space mouse axis number","href":"sim3d.io.spacemouse.speed.html"},{"name":"viewpoint","type":"function","fcntype":"instancemethod","refpurpose":"Read space mouse coordinates in viewpoint format","href":"sim3d.io.spacemouse.viewpoint.html"},{"name":"sim3d.io.SpaceMouse.viewpoint","type":"method","fcntype":"instancemethod","refpurpose":"Read space mouse coordinates in viewpoint format","href":"sim3d.io.spacemouse.viewpoint.html"},{"name":"sim3d.io.SpaceMouse","type":"function","fcntype":"constructor","refpurpose":"Create space mouse device interface","href":"sim3d.io.spacemouse.html"},{"name":"sim3d.io.SpaceMouse","type":"object","refpurpose":"Create space mouse device interface","href":"sim3d.io.spacemouse.html"},{"name":"sim3d.io.SpaceMouse.PositionSensitivity","type":"property","refpurpose":"Mouse sensitivity for translations","href":"sim3d.io.spacemouse.html"},{"name":"sim3d.io.SpaceMouse.RotationSensitivity","type":"property","refpurpose":"Mouse sensitivity for rotations","href":"sim3d.io.spacemouse.html"},{"name":"sim3d.io.SpaceMouse.DisableRotation","type":"property","refpurpose":"Option to fix rotation at initial value","href":"sim3d.io.spacemouse.html"},{"name":"sim3d.io.SpaceMouse.DisableTranslation","type":"property","refpurpose":"Option to fix translation at initial value","href":"sim3d.io.spacemouse.html"},{"name":"sim3d.io.SpaceMouse.DominantMode","type":"property","refpurpose":"Option to enable mouse movement","href":"sim3d.io.spacemouse.html"},{"name":"sim3d.io.SpaceMouse.UpperPositionLimit","type":"property","refpurpose":"Position coordinates for upper limit of mouse","href":"sim3d.io.spacemouse.html"},{"name":"sim3d.io.SpaceMouse.LimitPosition","type":"property","refpurpose":"Option to enable mouse position limits","href":"sim3d.io.spacemouse.html"},{"name":"sim3d.io.SpaceMouse.LowerPositionLimit","type":"property","refpurpose":"Position coordinates for lower limit of mouse","href":"sim3d.io.spacemouse.html"},{"name":"sim3d.io.SpaceMouse.NormalizeOutputAngle","type":"property","refpurpose":"Option to normalize input rotation angle","href":"sim3d.io.spacemouse.html"},{"name":"sim3d.io.SpaceMouse.InitialPosition","type":"property","refpurpose":"Initial condition for integrated translations","href":"sim3d.io.spacemouse.html"},{"name":"sim3d.io.SpaceMouse.InitialRotation","type":"property","refpurpose":"Initial condition for integrated rotations","href":"sim3d.io.spacemouse.html"},{"name":"sim3d.io.VideoWriter","type":"function","fcntype":"constructor","refpurpose":"Capture 3D simulation as video file","href":"sim3d.io.videowriter.html"},{"name":"sim3d.io.VideoWriter","type":"object","refpurpose":"Capture 3D simulation as video file","href":"sim3d.io.videowriter.html"},{"name":"sim3d.io.VideoWriter.Writer","type":"property","refpurpose":"Created VideoWriter object","href":"sim3d.io.videowriter.html"},{"name":"sim3d.io.VideoWriter.FileAction","type":"property","refpurpose":"How to manage video file","href":"sim3d.io.videowriter.html"},{"name":"sim3d.io.VideoWriter.Interval","type":"property","refpurpose":"Recording time interval","href":"sim3d.io.videowriter.html"},{"name":"sim3d.Joint","type":"function","fcntype":"constructor","refpurpose":"Link sim3d.Actor objects with physics-based constraints","href":"sim3d.joint.html"},{"name":"sim3d.Joint","type":"object","refpurpose":"Link sim3d.Actor objects with physics-based constraints","href":"sim3d.joint.html"},{"name":"sim3d.Joint.Parent","type":"property","refpurpose":"Parent of actor","href":"sim3d.joint.html"},{"name":"sim3d.Joint.Children","type":"property","refpurpose":"Children of actor","href":"sim3d.joint.html"},{"name":"sim3d.Joint.ParentWorld","type":"property","refpurpose":"Parent world","href":"sim3d.joint.html"},{"name":"sim3d.Joint.Translation","type":"property","refpurpose":"Relative translation","href":"sim3d.joint.html"},{"name":"sim3d.Joint.Rotation","type":"property","refpurpose":"Relative rotation","href":"sim3d.joint.html"},{"name":"sim3d.Joint.JointType","type":"property","refpurpose":"Type of joint","href":"sim3d.joint.html"},{"name":"sim3d.Joint.Constraints","type":"property","refpurpose":"Custom joint movement","href":"sim3d.joint.html"},{"name":"sim3d.Joint.LinearStiffness","type":"property","refpurpose":"Magnitude of linear stiffness","href":"sim3d.joint.html"},{"name":"sim3d.Joint.LinearDamping","type":"property","refpurpose":"Magnitude of linear damping","href":"sim3d.joint.html"},{"name":"sim3d.Joint.AngularStiffness","type":"property","refpurpose":"Magnitude of angular stiffness","href":"sim3d.joint.html"},{"name":"sim3d.Joint.AngularDamping","type":"property","refpurpose":"Magnitude of angular damping","href":"sim3d.joint.html"},{"name":"sim3d.Joint.LinearLimit","type":"property","refpurpose":"Constraints on translational movement","href":"sim3d.joint.html"},{"name":"sim3d.Joint.AngularLimit","type":"property","refpurpose":"Constraints on rotational movement","href":"sim3d.joint.html"},{"name":"sim3d.Light","type":"function","fcntype":"constructor","refpurpose":"Create light actor","href":"sim3d.light.html"},{"name":"sim3d.Light","type":"object","refpurpose":"Create light actor","href":"sim3d.light.html"},{"name":"sim3d.Light.Parent","type":"property","refpurpose":"Parent of actor","href":"sim3d.light.html"},{"name":"sim3d.Light.Children","type":"property","refpurpose":"Children of actor","href":"sim3d.light.html"},{"name":"sim3d.Light.ParentWorld","type":"property","refpurpose":"Parent world","href":"sim3d.light.html"},{"name":"sim3d.Light.CoordinateSystem","type":"property","refpurpose":"Coordinate system for actor transformation","href":"sim3d.light.html"},{"name":"sim3d.Light.Translation","type":"property","refpurpose":"Relative translation","href":"sim3d.light.html"},{"name":"sim3d.Light.Rotation","type":"property","refpurpose":"Relative rotation","href":"sim3d.light.html"},{"name":"sim3d.Light.Mobility","type":"property","refpurpose":"Type of actor mobility","href":"sim3d.light.html"},{"name":"sim3d.Light.LightState","type":"property","refpurpose":"Status of light","href":"sim3d.light.html"},{"name":"sim3d.Light.LightColor","type":"property","refpurpose":"Color of light","href":"sim3d.light.html"},{"name":"sim3d.Light.Intensity","type":"property","refpurpose":"Brightness of light","href":"sim3d.light.html"},{"name":"sim3d.Light.IntensityUnit","type":"property","refpurpose":"Light intensity unit name","href":"sim3d.light.html"},{"name":"sim3d.Light.AttenuationRadius","type":"property","refpurpose":"Range of light","href":"sim3d.light.html"},{"name":"sim3d.Light.Temperature","type":"property","refpurpose":"Temperature of emitted light","href":"sim3d.light.html"},{"name":"sim3d.Light.IESFilePath","type":"property","refpurpose":"Source file for IES texture","href":"sim3d.light.html"},{"name":"sim3d.Light.LightFunction","type":"property","refpurpose":"Source file for projection","href":"sim3d.light.html"},{"name":"sim3d.Light.LightFunctionScale","type":"property","refpurpose":"Projection scale","href":"sim3d.light.html"},{"name":"sim3d.Light.SourceRadius","type":"property","refpurpose":"Radius of light source","href":"sim3d.light.html"},{"name":"sim3d.Light.SourceLength","type":"property","refpurpose":"Length of light source","href":"sim3d.light.html"},{"name":"sim3d.Light.ConeAngle","type":"property","refpurpose":"Angle of light beam","href":"sim3d.light.html"},{"name":"sim3d.Light.SourceWidth","type":"property","refpurpose":"Width of rectangular light source","href":"sim3d.light.html"},{"name":"sim3d.Light.SourceHeight","type":"property","refpurpose":"Height of rectangular light source","href":"sim3d.light.html"},{"name":"sim3d.person.Bicyclist","type":"function","fcntype":"constructor","refpurpose":"Create bicyclist that follows ground in 3D environment","href":"sim3d.person.bicyclist.html"},{"name":"sim3d.person.Bicyclist","type":"object","refpurpose":"Create bicyclist that follows ground in 3D environment","href":"sim3d.person.bicyclist.html"},{"name":"sim3d.person.Bicyclist.Parent","type":"property","refpurpose":"Parent of actor","href":"sim3d.person.bicyclist.html"},{"name":"sim3d.person.Bicyclist.Children","type":"property","refpurpose":"Children of actor","href":"sim3d.person.bicyclist.html"},{"name":"sim3d.person.Bicyclist.ParentWorld","type":"property","refpurpose":"Parent world","href":"sim3d.person.bicyclist.html"},{"name":"sim3d.person.Bicyclist.CoordinateSystem","type":"property","refpurpose":"Coordinate system for actor transformation","href":"sim3d.person.bicyclist.html"},{"name":"sim3d.person.Bicyclist.X","type":"property","refpurpose":"Longitudinal position of actor","href":"sim3d.person.bicyclist.html"},{"name":"sim3d.person.Bicyclist.Y","type":"property","refpurpose":"Lateral position of actor","href":"sim3d.person.bicyclist.html"},{"name":"sim3d.person.Bicyclist.Yaw","type":"property","refpurpose":"Yaw orientation angle of actor","href":"sim3d.person.bicyclist.html"},{"name":"sim3d.person.Pedestrian","type":"function","fcntype":"constructor","refpurpose":"Create pedestrian that follows ground in 3D environment","href":"sim3d.person.pedestrian.html"},{"name":"sim3d.person.Pedestrian","type":"object","refpurpose":"Create pedestrian that follows ground in 3D environment","href":"sim3d.person.pedestrian.html"},{"name":"sim3d.person.Pedestrian.Parent","type":"property","refpurpose":"Parent of actor","href":"sim3d.person.pedestrian.html"},{"name":"sim3d.person.Pedestrian.Children","type":"property","refpurpose":"Children of actor","href":"sim3d.person.pedestrian.html"},{"name":"sim3d.person.Pedestrian.ParentWorld","type":"property","refpurpose":"Parent world","href":"sim3d.person.pedestrian.html"},{"name":"sim3d.person.Pedestrian.PedestrianType","type":"property","refpurpose":"Type of pedestrian","href":"sim3d.person.pedestrian.html"},{"name":"sim3d.person.Pedestrian.CoordinateSystem","type":"property","refpurpose":"Coordinate system for actor transformation","href":"sim3d.person.pedestrian.html"},{"name":"sim3d.person.Pedestrian.X","type":"property","refpurpose":"Longitudinal position of actor","href":"sim3d.person.pedestrian.html"},{"name":"sim3d.person.Pedestrian.Y","type":"property","refpurpose":"Lateral position of actor","href":"sim3d.person.pedestrian.html"},{"name":"sim3d.person.Pedestrian.Yaw","type":"property","refpurpose":"Yaw orientation angle of actor","href":"sim3d.person.pedestrian.html"},{"name":"read","type":"function","fcntype":"instancemethod","refpurpose":"Return image data captured with camera","href":"sim3d.sensors.camera.read.html"},{"name":"sim3d.sensors.Camera.read","type":"method","fcntype":"instancemethod","refpurpose":"Return image data captured with camera","href":"sim3d.sensors.camera.read.html"},{"name":"sim3d.sensors.Camera","type":"function","fcntype":"constructor","refpurpose":"Implement camera sensor model with lens","href":"sim3d.sensors.camera.html"},{"name":"sim3d.sensors.Camera","type":"object","refpurpose":"Implement camera sensor model with lens","href":"sim3d.sensors.camera.html"},{"name":"sim3d.sensors.Camera.Parent","type":"property","refpurpose":"Parent of actor","href":"sim3d.sensors.camera.html"},{"name":"sim3d.sensors.Camera.Children","type":"property","refpurpose":"Children of actor","href":"sim3d.sensors.camera.html"},{"name":"sim3d.sensors.Camera.ParentWorld","type":"property","refpurpose":"Parent world","href":"sim3d.sensors.camera.html"},{"name":"sim3d.sensors.Camera.SensorIdentifier","type":"property","refpurpose":"Unique ID of sensor","href":"sim3d.sensors.camera.html"},{"name":"sim3d.sensors.Camera.CoordinateSystem","type":"property","refpurpose":"Coordinate system for actor transformation","href":"sim3d.sensors.camera.html"},{"name":"sim3d.sensors.Camera.Translation","type":"property","refpurpose":"Relative translation","href":"sim3d.sensors.camera.html"},{"name":"sim3d.sensors.Camera.Rotation","type":"property","refpurpose":"Relative rotation","href":"sim3d.sensors.camera.html"},{"name":"sim3d.sensors.Camera.Mobility","type":"property","refpurpose":"Type of actor mobility","href":"sim3d.sensors.camera.html"},{"name":"sim3d.sensors.Camera.FocalLength","type":"property","refpurpose":"Focal length of camera","href":"sim3d.sensors.camera.html"},{"name":"sim3d.sensors.Camera.OpticalCenter","type":"property","refpurpose":"Optical center of camera","href":"sim3d.sensors.camera.html"},{"name":"sim3d.sensors.Camera.ImageSize","type":"property","refpurpose":"Image size produced by camera","href":"sim3d.sensors.camera.html"},{"name":"sim3d.sensors.Camera.RadialDistortionCoefficients","type":"property","refpurpose":"Radial distortion coefficients","href":"sim3d.sensors.camera.html"},{"name":"sim3d.sensors.Camera.TangentialDistortionCoefficients","type":"property","refpurpose":"Tangential distortion coefficients","href":"sim3d.sensors.camera.html"},{"name":"sim3d.sensors.Camera.Skew","type":"property","refpurpose":"Skew angle of camera axes","href":"sim3d.sensors.camera.html"},{"name":"read","type":"function","fcntype":"instancemethod","refpurpose":"Return image data captured with fisheye camera","href":"sim3d.sensors.fisheyecamera.read.html"},{"name":"sim3d.sensors.FisheyeCamera.read","type":"method","fcntype":"instancemethod","refpurpose":"Return image data captured with fisheye camera","href":"sim3d.sensors.fisheyecamera.read.html"},{"name":"sim3d.sensors.FisheyeCamera","type":"function","fcntype":"constructor","refpurpose":"Implement fisheye camera model","href":"sim3d.sensors.fisheyecamera.html"},{"name":"sim3d.sensors.FisheyeCamera","type":"object","refpurpose":"Implement fisheye camera model","href":"sim3d.sensors.fisheyecamera.html"},{"name":"sim3d.sensors.FisheyeCamera.Parent","type":"property","refpurpose":"Parent of actor","href":"sim3d.sensors.fisheyecamera.html"},{"name":"sim3d.sensors.FisheyeCamera.Children","type":"property","refpurpose":"Children of actor","href":"sim3d.sensors.fisheyecamera.html"},{"name":"sim3d.sensors.FisheyeCamera.ParentWorld","type":"property","refpurpose":"Parent world","href":"sim3d.sensors.fisheyecamera.html"},{"name":"sim3d.sensors.FisheyeCamera.SensorIdentifier","type":"property","refpurpose":"Unique ID of sensor","href":"sim3d.sensors.fisheyecamera.html"},{"name":"sim3d.sensors.FisheyeCamera.CoordinateSystem","type":"property","refpurpose":"Coordinate system for actor transformation","href":"sim3d.sensors.fisheyecamera.html"},{"name":"sim3d.sensors.FisheyeCamera.Translation","type":"property","refpurpose":"Relative translation","href":"sim3d.sensors.fisheyecamera.html"},{"name":"sim3d.sensors.FisheyeCamera.Rotation","type":"property","refpurpose":"Relative rotation","href":"sim3d.sensors.fisheyecamera.html"},{"name":"sim3d.sensors.FisheyeCamera.Mobility","type":"property","refpurpose":"Type of actor mobility","href":"sim3d.sensors.fisheyecamera.html"},{"name":"sim3d.sensors.FisheyeCamera.ImageSize","type":"property","refpurpose":"Image size produced by camera","href":"sim3d.sensors.fisheyecamera.html"},{"name":"sim3d.sensors.FisheyeCamera.DistortionCenter","type":"property","refpurpose":"Center of distortion","href":"sim3d.sensors.fisheyecamera.html"},{"name":"sim3d.sensors.FisheyeCamera.MappingCoefficients","type":"property","refpurpose":"Polynomial coefficients for projection function","href":"sim3d.sensors.fisheyecamera.html"},{"name":"sim3d.sensors.FisheyeCamera.StretchMatrix","type":"property","refpurpose":"Transformation of point from sensor plane to camera plane","href":"sim3d.sensors.fisheyecamera.html"},{"name":"read","type":"function","fcntype":"instancemethod","refpurpose":"Return image data captured with ideal camera","href":"sim3d.sensors.idealcamera.read.html"},{"name":"sim3d.sensors.IdealCamera.read","type":"method","fcntype":"instancemethod","refpurpose":"Return image data captured with ideal camera","href":"sim3d.sensors.idealcamera.read.html"},{"name":"sim3d.sensors.IdealCamera","type":"function","fcntype":"constructor","refpurpose":"Create ideal camera actor to capture image and make it available in MATLAB","href":"sim3d.sensors.idealcamera.html"},{"name":"sim3d.sensors.IdealCamera","type":"object","refpurpose":"Create ideal camera actor to capture image and make it available in MATLAB","href":"sim3d.sensors.idealcamera.html"},{"name":"sim3d.sensors.IdealCamera.Parent","type":"property","refpurpose":"Parent of actor","href":"sim3d.sensors.idealcamera.html"},{"name":"sim3d.sensors.IdealCamera.Children","type":"property","refpurpose":"Children of actor","href":"sim3d.sensors.idealcamera.html"},{"name":"sim3d.sensors.IdealCamera.ParentWorld","type":"property","refpurpose":"Parent world","href":"sim3d.sensors.idealcamera.html"},{"name":"sim3d.sensors.IdealCamera.SensorIdentifier","type":"property","refpurpose":"Unique ID of sensor","href":"sim3d.sensors.idealcamera.html"},{"name":"sim3d.sensors.IdealCamera.ImageSize","type":"property","refpurpose":"Image size produced by camera","href":"sim3d.sensors.idealcamera.html"},{"name":"sim3d.sensors.IdealCamera.HorizontalFieldOfView","type":"property","refpurpose":"Horizontal field of view","href":"sim3d.sensors.idealcamera.html"},{"name":"sim3d.sensors.IdealCamera.CoordinateSystem","type":"property","refpurpose":"Coordinate system for actor transformation","href":"sim3d.sensors.idealcamera.html"},{"name":"sim3d.sensors.IdealCamera.Translation","type":"property","refpurpose":"Relative translation","href":"sim3d.sensors.idealcamera.html"},{"name":"sim3d.sensors.IdealCamera.Rotation","type":"property","refpurpose":"Relative rotation","href":"sim3d.sensors.idealcamera.html"},{"name":"sim3d.sensors.IdealCamera.Mobility","type":"property","refpurpose":"Type of actor mobility","href":"sim3d.sensors.idealcamera.html"},{"name":"read","type":"function","fcntype":"instancemethod","refpurpose":"Return target data using lidar","href":"sim3d.sensors.lidar.read.html"},{"name":"sim3d.sensors.Lidar.read","type":"method","fcntype":"instancemethod","refpurpose":"Return target data using lidar","href":"sim3d.sensors.lidar.read.html"},{"name":"sim3d.sensors.Lidar","type":"function","fcntype":"constructor","refpurpose":"Implement lidar sensor model","href":"sim3d.sensors.lidar.html"},{"name":"sim3d.sensors.Lidar","type":"object","refpurpose":"Implement lidar sensor model","href":"sim3d.sensors.lidar.html"},{"name":"sim3d.sensors.Lidar.Parent","type":"property","refpurpose":"Parent of actor","href":"sim3d.sensors.lidar.html"},{"name":"sim3d.sensors.Lidar.Children","type":"property","refpurpose":"Children of actor","href":"sim3d.sensors.lidar.html"},{"name":"sim3d.sensors.Lidar.ParentWorld","type":"property","refpurpose":"Parent world","href":"sim3d.sensors.lidar.html"},{"name":"sim3d.sensors.Lidar.SensorIdentifier","type":"property","refpurpose":"Unique ID of sensor","href":"sim3d.sensors.lidar.html"},{"name":"sim3d.sensors.Lidar.CoordinateSystem","type":"property","refpurpose":"Coordinate system for actor transformation","href":"sim3d.sensors.lidar.html"},{"name":"sim3d.sensors.Lidar.Translation","type":"property","refpurpose":"Relative translation","href":"sim3d.sensors.lidar.html"},{"name":"sim3d.sensors.Lidar.Rotation","type":"property","refpurpose":"Relative rotation","href":"sim3d.sensors.lidar.html"},{"name":"sim3d.sensors.Lidar.Mobility","type":"property","refpurpose":"Type of actor mobility","href":"sim3d.sensors.lidar.html"},{"name":"sim3d.sensors.Lidar.Range","type":"property","refpurpose":"Maximum distance measured by lidar sensor","href":"sim3d.sensors.lidar.html"},{"name":"sim3d.sensors.Lidar.VerticalFieldOfView","type":"property","refpurpose":"Vertical field of view","href":"sim3d.sensors.lidar.html"},{"name":"sim3d.sensors.Lidar.VerticalAngularResolution","type":"property","refpurpose":"Vertical angular resolution","href":"sim3d.sensors.lidar.html"},{"name":"sim3d.sensors.Lidar.HorizontalFieldOfView","type":"property","refpurpose":"Horizontal field of view","href":"sim3d.sensors.lidar.html"},{"name":"sim3d.sensors.Lidar.HorizontalAngularResolution","type":"property","refpurpose":"Horizontal angular (azimuth) resolution","href":"sim3d.sensors.lidar.html"},{"name":"sim3d.sensors.Lidar.RangeQuantizationFactor","type":"property","refpurpose":"Resolution of lidar sensor range","href":"sim3d.sensors.lidar.html"},{"name":"sim3d.sensors.MainCamera","type":"object","refpurpose":"Create main camera actor to define perspective in Simulation 3D Viewer window","href":"sim3d.sensors.maincamera.html"},{"name":"sim3d.sensors.MainCamera.Parent","type":"property","refpurpose":"Parent of actor","href":"sim3d.sensors.maincamera.html"},{"name":"sim3d.sensors.MainCamera.Children","type":"property","refpurpose":"Children of actor","href":"sim3d.sensors.maincamera.html"},{"name":"sim3d.sensors.MainCamera.ParentWorld","type":"property","refpurpose":"Parent world","href":"sim3d.sensors.maincamera.html"},{"name":"sim3d.sensors.MainCamera.SensorIdentifier","type":"property","refpurpose":"Unique ID of sensor","href":"sim3d.sensors.maincamera.html"},{"name":"sim3d.sensors.MainCamera.Translation","type":"property","refpurpose":"Relative translation","href":"sim3d.sensors.maincamera.html"},{"name":"sim3d.sensors.MainCamera.Rotation","type":"property","refpurpose":"Relative rotation","href":"sim3d.sensors.maincamera.html"},{"name":"read","type":"function","fcntype":"instancemethod","refpurpose":"Return target data using ray tracing","href":"sim3d.sensors.raytracesensor.read.html"},{"name":"sim3d.sensors.RaytraceSensor.read","type":"method","fcntype":"instancemethod","refpurpose":"Return target data using ray tracing","href":"sim3d.sensors.raytracesensor.read.html"},{"name":"sim3d.sensors.RaytraceSensor","type":"function","fcntype":"constructor","refpurpose":"Implement ray tracing","href":"sim3d.sensors.raytracesensor.html"},{"name":"sim3d.sensors.RaytraceSensor","type":"object","refpurpose":"Implement ray tracing","href":"sim3d.sensors.raytracesensor.html"},{"name":"sim3d.sensors.RaytraceSensor.Parent","type":"property","refpurpose":"Parent of actor","href":"sim3d.sensors.raytracesensor.html"},{"name":"sim3d.sensors.RaytraceSensor.Children","type":"property","refpurpose":"Children of actor","href":"sim3d.sensors.raytracesensor.html"},{"name":"sim3d.sensors.RaytraceSensor.ParentWorld","type":"property","refpurpose":"Parent world","href":"sim3d.sensors.raytracesensor.html"},{"name":"sim3d.sensors.RaytraceSensor.SensorIdentifier","type":"property","refpurpose":"Unique ID of sensor","href":"sim3d.sensors.raytracesensor.html"},{"name":"sim3d.sensors.RaytraceSensor.CoordinateSystem","type":"property","refpurpose":"Coordinate system for actor transformation","href":"sim3d.sensors.raytracesensor.html"},{"name":"sim3d.sensors.RaytraceSensor.Translation","type":"property","refpurpose":"Relative translation","href":"sim3d.sensors.raytracesensor.html"},{"name":"sim3d.sensors.RaytraceSensor.Rotation","type":"property","refpurpose":"Relative rotation","href":"sim3d.sensors.raytracesensor.html"},{"name":"sim3d.sensors.RaytraceSensor.Mobility","type":"property","refpurpose":"Type of actor mobility","href":"sim3d.sensors.raytracesensor.html"},{"name":"sim3d.sensors.RaytraceSensor.RayOrigins","type":"property","refpurpose":"Ray origin","href":"sim3d.sensors.raytracesensor.html"},{"name":"sim3d.sensors.RaytraceSensor.RayDirections","type":"property","refpurpose":"Normalized ray direction","href":"sim3d.sensors.raytracesensor.html"},{"name":"sim3d.sensors.RaytraceSensor.RayLengths","type":"property","refpurpose":"Maximum total ray length","href":"sim3d.sensors.raytracesensor.html"},{"name":"sim3d.sensors.RaytraceSensor.NumberOfBounces","type":"property","refpurpose":"Number of bounces per ray","href":"sim3d.sensors.raytracesensor.html"},{"name":"sim3d.sensors.RaytraceSensor.VisualizeTraceLines","type":"property","refpurpose":"Option to visualize trace lines","href":"sim3d.sensors.raytracesensor.html"},{"name":"read","type":"function","fcntype":"instancemethod","refpurpose":"Return target detections using ultrasonic sensor","href":"sim3d.sensors.ultrasonicsensor.read.html"},{"name":"sim3d.sensors.UltrasonicSensor.read","type":"method","fcntype":"instancemethod","refpurpose":"Return target detections using ultrasonic sensor","href":"sim3d.sensors.ultrasonicsensor.read.html"},{"name":"sim3d.sensors.UltrasonicSensor","type":"function","fcntype":"constructor","refpurpose":"Implement ultrasonic sensor model","href":"sim3d.sensors.ultrasonicsensor.html"},{"name":"sim3d.sensors.UltrasonicSensor","type":"object","refpurpose":"Implement ultrasonic sensor model","href":"sim3d.sensors.ultrasonicsensor.html"},{"name":"sim3d.sensors.UltrasonicSensor.Parent","type":"property","refpurpose":"Parent of actor","href":"sim3d.sensors.ultrasonicsensor.html"},{"name":"sim3d.sensors.UltrasonicSensor.Children","type":"property","refpurpose":"Children of actor","href":"sim3d.sensors.ultrasonicsensor.html"},{"name":"sim3d.sensors.UltrasonicSensor.ParentWorld","type":"property","refpurpose":"Parent world","href":"sim3d.sensors.ultrasonicsensor.html"},{"name":"sim3d.sensors.UltrasonicSensor.SensorIdentifier","type":"property","refpurpose":"Unique ID of sensor","href":"sim3d.sensors.ultrasonicsensor.html"},{"name":"sim3d.sensors.UltrasonicSensor.CoordinateSystem","type":"property","refpurpose":"Coordinate system for actor transformation","href":"sim3d.sensors.ultrasonicsensor.html"},{"name":"sim3d.sensors.UltrasonicSensor.Translation","type":"property","refpurpose":"Relative translation","href":"sim3d.sensors.ultrasonicsensor.html"},{"name":"sim3d.sensors.UltrasonicSensor.Rotation","type":"property","refpurpose":"Relative rotation","href":"sim3d.sensors.ultrasonicsensor.html"},{"name":"sim3d.sensors.UltrasonicSensor.Mobility","type":"property","refpurpose":"Type of actor mobility","href":"sim3d.sensors.ultrasonicsensor.html"},{"name":"sim3d.sensors.UltrasonicSensor.Range","type":"property","refpurpose":"Detection range vector of ultrasonic sensor","href":"sim3d.sensors.ultrasonicsensor.html"},{"name":"sim3d.sensors.UltrasonicSensor.FieldOfView","type":"property","refpurpose":"Field of view","href":"sim3d.sensors.ultrasonicsensor.html"},{"name":"sim3d.vehicle.ground.PassengerVehicle","type":"function","fcntype":"constructor","refpurpose":"Create four-wheeled passenger vehicle that follows ground in 3D environment","href":"sim3d.vehicle.ground.passengervehicle.html"},{"name":"sim3d.vehicle.ground.PassengerVehicle","type":"object","refpurpose":"Create four-wheeled passenger vehicle that follows ground in 3D environment","href":"sim3d.vehicle.ground.passengervehicle.html"},{"name":"sim3d.vehicle.ground.PassengerVehicle.Parent","type":"property","refpurpose":"Parent of actor","href":"sim3d.vehicle.ground.passengervehicle.html"},{"name":"sim3d.vehicle.ground.PassengerVehicle.Children","type":"property","refpurpose":"Children of actor","href":"sim3d.vehicle.ground.passengervehicle.html"},{"name":"sim3d.vehicle.ground.PassengerVehicle.ParentWorld","type":"property","refpurpose":"Parent world","href":"sim3d.vehicle.ground.passengervehicle.html"},{"name":"sim3d.vehicle.ground.PassengerVehicle.CoordinateSystem","type":"property","refpurpose":"Coordinate system for actor transformation","href":"sim3d.vehicle.ground.passengervehicle.html"},{"name":"sim3d.vehicle.ground.PassengerVehicle.X","type":"property","refpurpose":"Longitudinal position of actor","href":"sim3d.vehicle.ground.passengervehicle.html"},{"name":"sim3d.vehicle.ground.PassengerVehicle.Y","type":"property","refpurpose":"Lateral position of actor","href":"sim3d.vehicle.ground.passengervehicle.html"},{"name":"sim3d.vehicle.ground.PassengerVehicle.Yaw","type":"property","refpurpose":"Yaw orientation angle of actor","href":"sim3d.vehicle.ground.passengervehicle.html"},{"name":"sim3d.vehicle.ground.PassengerVehicle.VehicleType","type":"property","refpurpose":"Type of vehicle","href":"sim3d.vehicle.ground.passengervehicle.html"},{"name":"sim3d.vehicle.ground.PassengerVehicle.Color","type":"property","refpurpose":"Color of vehicle","href":"sim3d.vehicle.ground.passengervehicle.html"},{"name":"sim3d.vehicle.ground.PassengerVehicle.EnableLightControls","type":"property","refpurpose":"Option to enable vehicle light control","href":"sim3d.vehicle.ground.passengervehicle.html"},{"name":"sim3d.vehicle.ground.PassengerVehicle.LightControls","type":"property","refpurpose":"Vehicle light controls","href":"sim3d.vehicle.ground.passengervehicle.html"},{"name":"sim3d.vehicle.ground.PassengerVehicle.HeadlightColor","type":"property","refpurpose":"Headlight color","href":"sim3d.vehicle.ground.passengervehicle.html"},{"name":"sim3d.vehicle.ground.PassengerVehicle.HighBeamIntensity","type":"property","refpurpose":"High beam intensity","href":"sim3d.vehicle.ground.passengervehicle.html"},{"name":"sim3d.vehicle.ground.PassengerVehicle.LowBeamIntensity","type":"property","refpurpose":"Low beam intensity","href":"sim3d.vehicle.ground.passengervehicle.html"},{"name":"sim3d.vehicle.ground.PassengerVehicle.HighBeamConeHalfAngle","type":"property","refpurpose":"High beam cone half angle","href":"sim3d.vehicle.ground.passengervehicle.html"},{"name":"sim3d.vehicle.ground.PassengerVehicle.LowBeamConeHalfAngle","type":"property","refpurpose":"Low beam cone half angle","href":"sim3d.vehicle.ground.passengervehicle.html"},{"name":"sim3d.vehicle.ground.PassengerVehicle.LeftHeadlightBeamOrientation","type":"property","refpurpose":"Left headlight beam orientation","href":"sim3d.vehicle.ground.passengervehicle.html"},{"name":"sim3d.vehicle.ground.PassengerVehicle.RightHeadlightBeamOrientation","type":"property","refpurpose":"Right headlight beam orientation","href":"sim3d.vehicle.ground.passengervehicle.html"},{"name":"sim3d.vehicle.ground.PassengerVehicle.BrakeLightIntensity","type":"property","refpurpose":"Intensity of brake light","href":"sim3d.vehicle.ground.passengervehicle.html"},{"name":"sim3d.vehicle.ground.PassengerVehicle.ReverseLightIntensity","type":"property","refpurpose":"Intensity of reverse light","href":"sim3d.vehicle.ground.passengervehicle.html"},{"name":"sim3d.vehicle.ground.PassengerVehicle.TurnSignalLightIntensity","type":"property","refpurpose":"Intensity of turn signal light","href":"sim3d.vehicle.ground.passengervehicle.html"},{"name":"add","type":"function","fcntype":"instancemethod","refpurpose":"Add actor to 3D environment","href":"sim3d.world.add.html"},{"name":"sim3d.World.add","type":"method","fcntype":"instancemethod","refpurpose":"Add actor to 3D environment","href":"sim3d.world.add.html"},{"name":"close","type":"function","fcntype":"instancemethod","refpurpose":"End co-simulation and close simulation window","href":"sim3d.world.close.html"},{"name":"sim3d.World.close","type":"method","fcntype":"instancemethod","refpurpose":"End co-simulation and close simulation window","href":"sim3d.world.close.html"},{"name":"createViewpoint","type":"function","fcntype":"instancemethod","refpurpose":"Create custom view of 3D environment","href":"sim3d.world.createviewpoint.html"},{"name":"sim3d.World.createViewpoint","type":"method","fcntype":"instancemethod","refpurpose":"Create custom view of 3D environment","href":"sim3d.world.createviewpoint.html"},{"name":"createViewport","type":"function","fcntype":"instancemethod","refpurpose":"Create view of 3D environment","href":"sim3d.world.createviewport.html"},{"name":"sim3d.World.createViewport","type":"method","fcntype":"instancemethod","refpurpose":"Create view of 3D environment","href":"sim3d.world.createviewport.html"},{"name":"deleteViewpoint","type":"function","fcntype":"instancemethod","refpurpose":"Delete viewpoint from 3D environment","href":"sim3d.world.deleteviewpoint.html"},{"name":"sim3d.World.deleteViewpoint","type":"method","fcntype":"instancemethod","refpurpose":"Delete viewpoint from 3D environment","href":"sim3d.world.deleteviewpoint.html"},{"name":"deleteViewport","type":"function","fcntype":"instancemethod","refpurpose":"Delete viewport from 3D environment","href":"sim3d.world.deleteviewport.html"},{"name":"sim3d.World.deleteViewport","type":"method","fcntype":"instancemethod","refpurpose":"Delete viewport from 3D environment","href":"sim3d.world.deleteviewport.html"},{"name":"load","type":"function","fcntype":"instancemethod","refpurpose":"Load 3D models or actors into 3D environment","href":"sim3d.world.load.html"},{"name":"sim3d.World.load","type":"method","fcntype":"instancemethod","refpurpose":"Load 3D models or actors into 3D environment","href":"sim3d.world.load.html"},{"name":"pause","type":"function","fcntype":"instancemethod","refpurpose":"Pause co-simulation with 3D simulation engine","href":"sim3d.world.pause.html"},{"name":"sim3d.World.pause","type":"method","fcntype":"instancemethod","refpurpose":"Pause co-simulation with 3D simulation engine","href":"sim3d.world.pause.html"},{"name":"play","type":"function","fcntype":"instancemethod","refpurpose":"Play recorded animation data","href":"sim3d.world.play.html"},{"name":"sim3d.World.play","type":"method","fcntype":"instancemethod","refpurpose":"Play recorded animation data","href":"sim3d.world.play.html"},{"name":"remove","type":"function","fcntype":"instancemethod","refpurpose":"Remove actor added to world or remove all actors in world","href":"sim3d.world.remove.html"},{"name":"sim3d.World.remove","type":"method","fcntype":"instancemethod","refpurpose":"Remove actor added to world or remove all actors in world","href":"sim3d.world.remove.html"},{"name":"resume","type":"function","fcntype":"instancemethod","refpurpose":"Resume co-simulation with 3D simulation engine","href":"sim3d.world.resume.html"},{"name":"sim3d.World.resume","type":"method","fcntype":"instancemethod","refpurpose":"Resume co-simulation with 3D simulation engine","href":"sim3d.world.resume.html"},{"name":"run","type":"function","fcntype":"instancemethod","refpurpose":"Run co-simulation with the 3D simulation engine","href":"sim3d.world.run.html"},{"name":"sim3d.World.run","type":"method","fcntype":"instancemethod","refpurpose":"Run co-simulation with the 3D simulation engine","href":"sim3d.world.run.html"},{"name":"save","type":"function","fcntype":"instancemethod","refpurpose":"Save world object to MAT file","href":"sim3d.world.save.html"},{"name":"sim3d.World.save","type":"method","fcntype":"instancemethod","refpurpose":"Save world object to MAT file","href":"sim3d.world.save.html"},{"name":"setView","type":"function","fcntype":"instancemethod","refpurpose":"Set view of 3D environment","href":"sim3d.world.setview.html"},{"name":"sim3d.World.setView","type":"method","fcntype":"instancemethod","refpurpose":"Set view of 3D environment","href":"sim3d.world.setview.html"},{"name":"view","type":"function","fcntype":"instancemethod","refpurpose":"View 3D environment in Simulation 3D Viewer window","href":"sim3d.world.view.html"},{"name":"sim3d.World.view","type":"method","fcntype":"instancemethod","refpurpose":"View 3D environment in Simulation 3D Viewer window","href":"sim3d.world.view.html"},{"name":"wait","type":"function","fcntype":"instancemethod","refpurpose":"Wait for co-simulation to complete","href":"sim3d.world.wait.html"},{"name":"sim3d.World.wait","type":"method","fcntype":"instancemethod","refpurpose":"Wait for co-simulation to complete","href":"sim3d.world.wait.html"},{"name":"sim3d.World","type":"function","fcntype":"constructor","refpurpose":"Create 3D environment in Unreal Engine","href":"sim3d.world.html"},{"name":"sim3d.World","type":"object","refpurpose":"Create 3D environment in Unreal Engine","href":"sim3d.world.html"},{"name":"sim3d.World.Name","type":"property","refpurpose":"Name of world","href":"sim3d.world.html"},{"name":"sim3d.World.Actors","type":"property","refpurpose":"All actors in world","href":"sim3d.world.html"},{"name":"sim3d.World.UserData","type":"property","refpurpose":"Data specified by user","href":"sim3d.world.html"},{"name":"sim3d.World.Viewports","type":"property","refpurpose":"Viewports in 3D environment","href":"sim3d.world.html"},{"name":"sim3d.World.Viewpoints","type":"property","refpurpose":"Viewpoints in 3D environment","href":"sim3d.world.html"},{"name":"sim3d.World.HitActors","type":"property","refpurpose":"Event container","href":"sim3d.world.html"},{"name":"sim3d.World.BeginOverlappedActors","type":"property","refpurpose":"Event container","href":"sim3d.world.html"},{"name":"sim3d.World.EndOverlappedActors","type":"property","refpurpose":"Event container","href":"sim3d.world.html"},{"name":"sim3d.World.ClickedActors","type":"property","refpurpose":"Event container","href":"sim3d.world.html"},{"name":"sim3d.World.SampleTime","type":"property","refpurpose":"Sample time of simulation","href":"sim3d.world.html"},{"name":"sim3d.World.StopTime","type":"property","refpurpose":"Simulation stop time","href":"sim3d.world.html"},{"name":"sim3d.World.SimulationTime","type":"property","refpurpose":"Current simulation time","href":"sim3d.world.html"},{"name":"sim3d.World.PauseTime","type":"property","refpurpose":"Time until simulation pauses","href":"sim3d.world.html"},{"name":"sim3d.World.EnablePacing","type":"property","refpurpose":"Option to enable simulation pacing","href":"sim3d.world.html"},{"name":"sim3d.World.PacingRate","type":"property","refpurpose":"Simulation pacing rate","href":"sim3d.world.html"},{"name":"sim3d.World.AnimationRecording","type":"property","refpurpose":"Option to enable recording simulation data","href":"sim3d.world.html"},{"name":"sim3d.World.AnimationRecordingInterval","type":"property","refpurpose":"Recording time interval","href":"sim3d.world.html"},{"name":"sim3d.World.AnimationRecordingFileName","type":"property","refpurpose":"Name of data file","href":"sim3d.world.html"},{"name":"Simulation 3D Actor","type":"block","refpurpose":"Create actors in 3D environment","href":"simulation3dactor.html"},{"name":"Simulation 3D Actor Transform Get","type":"block","refpurpose":"Get actor translation, rotation, scale","href":"simulation3dactortransformget.html"},{"name":"Simulation 3D Actor Transform Set","type":"block","refpurpose":"Set actor translation, rotation, scale","href":"simulation3dactortransformset.html"},{"name":"Simulation 3D Bicyclist","type":"block","refpurpose":"Implement bicyclist in 3D environment","href":"simulation3dbicyclist.html"},{"name":"Simulation 3D Camera","type":"block","refpurpose":"Camera sensor model with lens in 3D simulation environment","href":"simulation3dcamera.html"},{"name":"Simulation 3D Camera Get","type":"block","refpurpose":"Camera image","href":"simulation3dcameraget.html"},{"name":"Simulation 3D Fisheye Camera","type":"block","refpurpose":"Fisheye camera sensor model in 3D simulation environment","href":"simulation3dfisheyecamera.html"},{"name":"Simulation 3D Joystick","type":"block","refpurpose":"Process input from asynchronous joystick device","href":"simulation3djoystick.html"},{"name":"Simulation 3D Lidar","type":"block","refpurpose":"Lidar sensor model in 3D simulation environment","href":"simulation3dlidar.html"},{"name":"Simulation 3D Message Get","type":"block","refpurpose":"Retrieve data from Unreal Engine visualization environment","href":"simulation3dmessageget.html"},{"name":"Simulation 3D Message Set","type":"block","refpurpose":"Send data to Unreal Engine visualization environment","href":"simulation3dmessageset.html"},{"name":"Simulation 3D Pedestrian","type":"block","refpurpose":"Implement pedestrian in 3D environment","href":"simulation3dpedestrian.html"},{"name":"Simulation 3D Radar Data Generator","type":"block","refpurpose":"Generate radar sensor detections and tracks","href":"simulation3dradardatagenerator.html"},{"name":"Simulation 3D Ray Tracer","type":"block","refpurpose":"Implement ray tracing in 3D environment","href":"simulation3draytracer.html"},{"name":"Simulation 3D Scene Configuration","type":"block","refpurpose":"Scene configuration for 3D simulation environment","href":"simulation3dsceneconfiguration.html"},{"name":"Simulation 3D Space Mouse","type":"block","refpurpose":"Process input from space mouse device","href":"simulation3dspacemouse.html"},{"name":"Simulation 3D Ultrasonic Array","type":"block","refpurpose":"Ultrasonic sensor model with tunable acoustic parameters in 3D simulation environment","href":"simulation3dultrasonicarray.html"},{"name":"Simulation 3D Ultrasonic Sensor","type":"block","refpurpose":"Ultrasonic sensor model in 3D simulation environment","href":"simulation3dultrasonicsensor.html"},{"name":"Simulation 3D Vehicle with Ground Following","type":"block","refpurpose":"Implement vehicle that follows ground in 3D environment","href":"simulation3dvehiclewithgroundfollowing.html"},{"name":"Simulation 3D Video Writer","type":"block","refpurpose":"Capture 3D simulation as video file","href":"simulation3dvideowriter.html"},{"name":"stl2vrml","type":"function","fcntype":"simple","refpurpose":"(To be removed) Convert STL file to virtual world file","deprecated":"true","href":"stl2vrml.html"},{"name":"Straight Road","type":"scene","refpurpose":"Straight road 3D environment","href":"straightroad.html"},{"name":"Viewpoint Direction to VR Orientation","type":"block","refpurpose":"(To be removed) Convert viewpoint direction to virtual world orientation","deprecated":"true","href":"viewpointdirectiontovrorientation.html"},{"name":"vr.canvas","type":"class","refpurpose":"(To be removed) Create virtual reality canvas","deprecated":"true","href":"vr.canvas-class.html"},{"name":"vr.canvas.Antialiasing","type":"property","refpurpose":"Smooth textures using antialiasing","deprecated":"true","href":"vr.canvas-class.html"},{"name":"vr.canvas.CameraBound","type":"property","refpurpose":"Camera movement with current viewpoint","deprecated":"true","href":"vr.canvas-class.html"},{"name":"vr.canvas.CameraDirection","type":"property","refpurpose":"Camera direction in the current viewpoint local coordinates","deprecated":"true","href":"vr.canvas-class.html"},{"name":"vr.canvas.CameraDirectionAbs","type":"property","refpurpose":"Camera direction in world coordinates","deprecated":"true","href":"vr.canvas-class.html"},{"name":"vr.canvas.CameraPosition","type":"property","refpurpose":"Current camera position in the current viewpoint local coordinates","deprecated":"true","href":"vr.canvas-class.html"},{"name":"vr.canvas.CameraPositionAbs","type":"property","refpurpose":"Camera position in world coordinates","deprecated":"true","href":"vr.canvas-class.html"},{"name":"vr.canvas.CameraUpVector","type":"property","refpurpose":"Camera up vector","deprecated":"true","href":"vr.canvas-class.html"},{"name":"vr.canvas.CameraUpVectorAbs","type":"property","refpurpose":"Camera up vector in world coordinates","deprecated":"true","href":"vr.canvas-class.html"},{"name":"vr.canvas.DeleteFcn","type":"property","refpurpose":"Callback invoked when closing vr.canvas object","deprecated":"true","href":"vr.canvas-class.html"},{"name":"vr.canvas.ExaminePivotPoint","type":"property","refpurpose":"Pivot point about which camera rotates in examine navigation mode","deprecated":"true","href":"vr.canvas-class.html"},{"name":"vr.canvas.Headlight","type":"property","refpurpose":"Headlight from camera","deprecated":"true","href":"vr.canvas-class.html"},{"name":"vr.canvas.Lighting","type":"property","refpurpose":"Lighting effect","deprecated":"true","href":"vr.canvas-class.html"},{"name":"vr.canvas.MaxTextureSize","type":"property","refpurpose":"Maximum pixel size of textures","deprecated":"true","href":"vr.canvas-class.html"},{"name":"vr.canvas.NavMode","type":"property","refpurpose":"Navigation mode","deprecated":"true","href":"vr.canvas-class.html"},{"name":"vr.canvas.NavPanel","type":"property","refpurpose":"Navigation panel appearance","deprecated":"true","href":"vr.canvas-class.html"},{"name":"vr.canvas.Navspeed","type":"property","refpurpose":"Navigation speed","deprecated":"true","href":"vr.canvas-class.html"},{"name":"vr.canvas.NavZones","type":"property","refpurpose":"Display navigation zones","deprecated":"true","href":"vr.canvas-class.html"},{"name":"vr.canvas.Parent","type":"property","refpurpose":"Handle of parent of virtual reality canvas object","deprecated":"true","href":"vr.canvas-class.html"},{"name":"vr.canvas.Position","type":"property","refpurpose":"Canvas location and size","deprecated":"true","href":"vr.canvas-class.html"},{"name":"vr.canvas.Sound","type":"property","refpurpose":"Sound effects","deprecated":"true","href":"vr.canvas-class.html"},{"name":"vr.canvas.Stereo3D","type":"property","refpurpose":"Stereoscopic vision mode","deprecated":"true","href":"vr.canvas-class.html"},{"name":"vr.canvas.Stereo3DCameraOffset","type":"property","refpurpose":"Distance of left and right camera for stereoscopic vision","deprecated":"true","href":"vr.canvas-class.html"},{"name":"vr.canvas.Stereo3DHIT","type":"property","refpurpose":"Horizontal image translation (HIT) of two stereoscopic images","deprecated":"true","href":"vr.canvas-class.html"},{"name":"vr.canvas.Textures","type":"property","refpurpose":"Texture use","deprecated":"true","href":"vr.canvas-class.html"},{"name":"vr.canvas.Tooltips","type":"property","refpurpose":"Tooltips display","deprecated":"true","href":"vr.canvas-class.html"},{"name":"vr.canvas.Transparency","type":"property","refpurpose":"Transparency effect","deprecated":"true","href":"vr.canvas-class.html"},{"name":"vr.canvas.Triad","type":"property","refpurpose":"Triad location","deprecated":"true","href":"vr.canvas-class.html"},{"name":"vr.canvas.Units","type":"property","refpurpose":"Units for Position property","deprecated":"true","href":"vr.canvas-class.html"},{"name":"vr.canvas.Viewpoint","type":"property","refpurpose":"Active viewpoint of figure","deprecated":"true","href":"vr.canvas-class.html"},{"name":"vr.canvas.Wireframe","type":"property","refpurpose":"Wireframe display","deprecated":"true","href":"vr.canvas-class.html"},{"name":"vr.canvas.World","type":"property","refpurpose":"World containing canvas","deprecated":"true","href":"vr.canvas-class.html"},{"name":"vr.canvas.ZoomFactor","type":"property","refpurpose":"Camera zoom factor","deprecated":"true","href":"vr.canvas-class.html"},{"name":"vr.canvas.capture","type":"method","fcntype":"instancemethod","refpurpose":"(To be removed) Capture virtual reality canvas image","deprecated":"true","href":"vr.canvas.capture.html"},{"name":"vr.utils.stereo3d","type":"class","refpurpose":"(To be removed) Stereoscopic vision settings for vr.canvas and vr.figure objects","deprecated":"true","href":"vr.utils.stereo3d-class.html"},{"name":"vr.utils.stereo3d.CameraAngle","type":"property","refpurpose":"Camera angle","deprecated":"true","href":"vr.utils.stereo3d-class.html"},{"name":"vr.utils.stereo3d.CameraOffset","type":"property","refpurpose":"Camera offset","deprecated":"true","href":"vr.utils.stereo3d-class.html"},{"name":"vr.utils.stereo3d.HIT","type":"property","refpurpose":"Horizontal image translation","deprecated":"true","href":"vr.utils.stereo3d-class.html"},{"name":"vr.utils.stereo3d.LeftCameraFilter","type":"property","refpurpose":"Color filter of left camera","deprecated":"true","href":"vr.utils.stereo3d-class.html"},{"name":"vr.utils.stereo3d.Mode","type":"property","refpurpose":"Stereoscopic vision mode","deprecated":"true","href":"vr.utils.stereo3d-class.html"},{"name":"vr.utils.stereo3d.RightCameraFilter","type":"property","refpurpose":"Color filter of right camera","deprecated":"true","href":"vr.utils.stereo3d-class.html"},{"name":"vrcadcleanup","type":"function","fcntype":"simple","refpurpose":"(To be removed) Clean up virtual world 3D file exported from CAD tools","deprecated":"true","href":"vrcadcleanup.html"},{"name":"vrclear","type":"function","fcntype":"simple","refpurpose":"(To be removed) Remove all closed virtual worlds from memory","deprecated":"true","href":"vrclear.html"},{"name":"vrclose","type":"function","fcntype":"simple","refpurpose":"(To be removed) Close virtual reality figure windows","deprecated":"true","href":"vrclose.html"},{"name":"vrcoordm2vr","type":"function","fcntype":"simple","refpurpose":"(To be removed) Convert MATLAB coordinates to VR coordinates","deprecated":"true","href":"vrcoordm2vr.html"},{"name":"vrcoordvr2m","type":"function","fcntype":"simple","refpurpose":"(To be removed) Convert VR coordinates to MATLAB coordinates","deprecated":"true","href":"vrcoordvr2m.html"},{"name":"vrdir2ori","type":"function","fcntype":"simple","refpurpose":"(To be removed) Convert viewpoint direction to orientation","deprecated":"true","href":"vrdir2ori.html"},{"name":"vrdrawnow","type":"function","fcntype":"simple","refpurpose":"(To be removed) Update virtual world","deprecated":"true","href":"vrdrawnow.html"},{"name":"vredit","type":"function","fcntype":"simple","refpurpose":"(To be removed) Open 3D World Editor","deprecated":"true","href":"vredit.html"},{"name":"vrfigure","type":"class","refpurpose":"(To be removed) Create virtual reality figure","deprecated":"true","href":"vrfigure-class.html"},{"name":"vrfigure.capture","type":"method","fcntype":"instancemethod","refpurpose":"(To be removed) Capture virtual reality figure image","deprecated":"true","href":"vrfigure.capture.html"},{"name":"vrfigure.close","type":"method","fcntype":"instancemethod","refpurpose":"(To be removed) Close virtual reality figure","deprecated":"true","href":"vrfigure.close.html"},{"name":"vrfigure.get","type":"method","fcntype":"instancemethod","refpurpose":"(To be removed) Return property value of vrfigure object","deprecated":"true","href":"vrfigure.get.html"},{"name":"vrfigure.isvalid","type":"method","fcntype":"instancemethod","refpurpose":"(To be removed) Check validity of vrfigure object handles","deprecated":"true","href":"vrfigure.isvalid.html"},{"name":"vrfigure.set","type":"method","fcntype":"instancemethod","refpurpose":"(To be removed) Set property values of vrfigure object","deprecated":"true","href":"vrfigure.set.html"},{"name":"vrgcbf","type":"function","fcntype":"simple","refpurpose":"(To be removed) Current callback vrfigure object","deprecated":"true","href":"vrgcbf.html"},{"name":"vrgcf","type":"function","fcntype":"simple","refpurpose":"(To be removed) Handle for active virtual reality figure","deprecated":"true","href":"vrgcf.html"},{"name":"vrgetpref","type":"function","fcntype":"simple","refpurpose":"(To be removed) Values of Simulink 3D Animation preferences","deprecated":"true","href":"vrgetpref.html"},{"name":"vrifs2patch","type":"function","fcntype":"simple","refpurpose":"(To be removed) Convert virtual world IndexedFaceSet nodes to MATLAB patches","deprecated":"true","href":"vrifs2patch.html"},{"name":"vrimport","type":"function","fcntype":"simple","refpurpose":"(To be removed) Import 3D file into virtual world or node","deprecated":"true","href":"vrimport.html"},{"name":"vrinsertrobot","type":"function","fcntype":"simple","refpurpose":"(To be removed) Add robot to virtual world","deprecated":"true","href":"vrinsertrobot.html"},{"name":"vrjoystick.axis","type":"method","fcntype":"instancemethod","refpurpose":"(To be removed) Read status of joystick","deprecated":"true","href":"vrjoystick.axis.html"},{"name":"vrjoystick.button","type":"method","fcntype":"instancemethod","refpurpose":"(To be removed) Read status of joystick","deprecated":"true","href":"vrjoystick.button.html"},{"name":"vrjoystick.caps","type":"method","fcntype":"instancemethod","refpurpose":"(To be removed) Joystick capabilities","deprecated":"true","href":"vrjoystick.caps.html"},{"name":"vrjoystick.close","type":"method","fcntype":"instancemethod","refpurpose":"(To be removed) Close and invalidate joystick","deprecated":"true","href":"vrjoystick.close.html"},{"name":"vrjoystick.force","type":"method","fcntype":"instancemethod","refpurpose":"(To be removed) Apply force feedback to joystick axis","deprecated":"true","href":"vrjoystick.force.html"},{"name":"vrjoystick.pov","type":"method","fcntype":"instancemethod","refpurpose":"(To be removed) Read status of joystick point of view","deprecated":"true","href":"vrjoystick.pov.html"},{"name":"vrjoystick.read","type":"method","fcntype":"instancemethod","refpurpose":"(To be removed) Read status of joystick button, axes and pov","deprecated":"true","href":"vrjoystick.read.html"},{"name":"vrjoystick","type":"object","refpurpose":"(To be removed) Create joystick object","deprecated":"true","href":"vrjoystick.html"},{"name":"vrjoystick","type":"function","fcntype":"constructor","refpurpose":"(To be removed) Create joystick object","deprecated":"true","href":"vrjoystick.html"},{"name":"vrlib","type":"function","fcntype":"simple","refpurpose":"(To be removed) Open Simulink block library for Simulink 3D Animation","deprecated":"true","href":"vrlib.html"},{"name":"vrnode","type":"function","fcntype":"instancemethod","refpurpose":"(To be removed) Create node or handle to existing node","deprecated":"true","href":"vrnode.html"},{"name":"vrnode\/delete","type":"function","fcntype":"simple","refpurpose":"(To be removed) Remove vrnode object","deprecated":"true","href":"vrnodedelete.html"},{"name":"vrnode\/fields","type":"function","fcntype":"simple","refpurpose":"(To be removed) Virtual world field summary of node object","deprecated":"true","href":"vrnodefields.html"},{"name":"vrnode\/get","type":"function","fcntype":"simple","refpurpose":"(To be removed) Property value of vrnode object","deprecated":"true","href":"vrnodeget.html"},{"name":"vrnode\/getfield","type":"function","fcntype":"simple","refpurpose":"(To be removed) Field value of vrnode object","deprecated":"true","href":"vrnodegetfield.html"},{"name":"vrnode\/interpolate","type":"function","fcntype":"simple","refpurpose":"(To be removed) Interpolate field value","deprecated":"true","href":"vrnodeinterpolate.html"},{"name":"vrnode\/isfield","type":"function","fcntype":"simple","refpurpose":"(To be removed) Returns true if field is name of vrnode object field","deprecated":"true","href":"vrnodeisfield.html"},{"name":"vrnode\/isvalid","type":"function","fcntype":"simple","refpurpose":"(To be removed) 1 if vrnode object is valid, 0 if not","deprecated":"true","href":"vrnodeisvalid.html"},{"name":"vrnode\/parent","type":"function","fcntype":"simple","refpurpose":"(To be removed) Return parent node of vrnode object","deprecated":"true","href":"vrnodeparent.html"},{"name":"vrnode\/propagate","type":"function","fcntype":"simple","refpurpose":"(To be removed) Propagate value of selected property to vrnode object","deprecated":"true","href":"vrnodepropagate.html"},{"name":"vrnode\/set","type":"function","fcntype":"simple","refpurpose":"(To be removed) Change property of virtual world node","deprecated":"true","href":"vrnodeset.html"},{"name":"vrnode\/setfield","type":"function","fcntype":"simple","refpurpose":"(To be removed) Change field value of vrnode object","deprecated":"true","href":"vrnodesetfield.html"},{"name":"vrnode\/sync","type":"function","fcntype":"simple","refpurpose":"(To be removed) Enable or disable synchronization of fields with client","deprecated":"true","href":"vrnodesync.html"},{"name":"vrori2dir","type":"function","fcntype":"simple","refpurpose":"(To be removed) Convert viewpoint orientation to direction","deprecated":"true","href":"vrori2dir.html"},{"name":"vrpatch2ifs","type":"function","fcntype":"simple","refpurpose":"(To be removed) Convert MATLAB patches to IndexedFaceSet nodes","deprecated":"true","href":"vrpatch2ifs.html"},{"name":"vrphysmod","type":"function","fcntype":"simple","refpurpose":"(To be removed) Add virtual reality visualization framework to block diagrams","deprecated":"true","href":"vrphysmod.html"},{"name":"VR Placeholder","type":"block","refpurpose":"(To be removed) Send unspecified value to Simulink 3D Animation block","deprecated":"true","href":"vrplaceholder.html"},{"name":"vrplay","type":"function","fcntype":"simple","refpurpose":"(To be removed) Play VRML animation file","deprecated":"true","href":"vrplay.html"},{"name":"VR RigidBodyTree","type":"block","refpurpose":"(To be removed) Visualize Robotics System Toolbox rigidBodyTree objects in Simulink","deprecated":"true","href":"vrrigidbodytree.html"},{"name":"VR Rotation to Rotation Matrix","type":"block","refpurpose":"(To be removed) Convert array\/angle rotation to rotation matrix","deprecated":"true","href":"vrrotationtorotationmatrix.html"},{"name":"vrrotmat2vec","type":"function","fcntype":"simple","refpurpose":"(To be removed) Convert rotation from matrix to axis-angle representation","deprecated":"true","href":"vrrotmat2vec.html"},{"name":"vrrotvec2mat","type":"function","fcntype":"simple","refpurpose":"(To be removed) Convert rotation from axis-angle to matrix representation","deprecated":"true","href":"vrrotvec2mat.html"},{"name":"vrrotvec","type":"function","fcntype":"simple","refpurpose":"(To be removed) Calculate rotation between two vectors","deprecated":"true","href":"vrrotvec.html"},{"name":"vrsetpref","type":"function","fcntype":"simple","refpurpose":"(To be removed) Change Simulink 3D Animation preferences","deprecated":"true","href":"vrsetpref.html"},{"name":"VR Signal Expander","type":"block","refpurpose":"(To be removed) Expand input vectors into fully qualified virtual world field vectors","deprecated":"true","href":"vrsignalexpander.html"},{"name":"VR Sink","type":"block","refpurpose":"(To be removed) Write data from Simulink model to virtual world","deprecated":"true","href":"vrsink.html"},{"name":"VR Source","type":"block","refpurpose":"(To be removed) Read data from virtual world to Simulink model","deprecated":"true","href":"vrsource.html"},{"name":"vrspacemouse","type":"function","fcntype":"simple","refpurpose":"(To be removed) Create space mouse object","deprecated":"true","href":"vrspacemouse.html"},{"name":"VR Text Output","type":"block","refpurpose":"(To be removed) Allows display of Simulink signal values as text in virtual reality scene","deprecated":"true","href":"vrtextoutput.html"},{"name":"VR to MATLAB Coordinates","type":"block","refpurpose":"(To be removed) Convert VR coordinates to MATLAB coordinates","deprecated":"true","href":"vrtomatlabcoordinates.html"},{"name":"VR To Video","type":"block","refpurpose":"(To be removed) Write data from Simulink model to virtual world (video output port enabled)","deprecated":"true","href":"vrtovideo.html"},{"name":"VR Tracer","type":"block","refpurpose":"(To be removed) Trace trajectory of object in associated virtual scene","deprecated":"true","href":"vrtracer.html"},{"name":"vrupdaterobot","type":"function","fcntype":"simple","refpurpose":"(To be removed) Update rigidBodyTree robot pose","deprecated":"true","href":"vrupdaterobot.html"},{"name":"vrview","type":"function","fcntype":"simple","refpurpose":"(To be removed) View virtual world using Simulink 3D Animation viewer or Web browser","deprecated":"true","href":"vrview.html"},{"name":"vrwho","type":"function","fcntype":"simple","refpurpose":"(To be removed) List virtual worlds in memory","deprecated":"true","href":"vrwho.html"},{"name":"vrwhos","type":"function","fcntype":"simple","refpurpose":"(To be removed) List details about virtual worlds in memory","deprecated":"true","href":"vrwhos.html"},{"name":"optimize","type":"function","fcntype":"instancemethod","refpurpose":"(To be removed) Change geometries to reduce number of vertices","deprecated":"true","href":"vrworld.optimize.html"},{"name":"vrworld.optimize","type":"method","fcntype":"instancemethod","refpurpose":"(To be removed) Change geometries to reduce number of vertices","deprecated":"true","href":"vrworld.optimize.html"},{"name":"vrworld","type":"function","fcntype":"simple","refpurpose":"(To be removed) Create new vrworld object associated with virtual world","deprecated":"true","href":"vrworld.html"},{"name":"vrworld\/addexternproto","type":"function","fcntype":"simple","refpurpose":"(To be removed) Add externproto declaration to virtual world","deprecated":"true","href":"vrworldaddexternproto.html"},{"name":"vrworld\/close","type":"function","fcntype":"simple","refpurpose":"(To be removed) Close virtual world","deprecated":"true","href":"vrworldclose.html"},{"name":"vrworld\/delete","type":"function","fcntype":"simple","refpurpose":"(To be removed) Remove virtual world from memory","deprecated":"true","href":"vrworlddelete.html"},{"name":"vrworld\/edit","type":"function","fcntype":"simple","refpurpose":"(To be removed) Open virtual world file in virtual world editor","deprecated":"true","href":"vrworldedit.html"},{"name":"vrworld\/get","type":"function","fcntype":"simple","refpurpose":"(To be removed) Property value of vrworld object","deprecated":"true","href":"vrworldget.html"},{"name":"vrworld\/isvalid","type":"function","fcntype":"simple","refpurpose":"(To be removed) 1 if vrworld object is valid, 0 if not","deprecated":"true","href":"vrworldisvalid.html"},{"name":"vrworld\/nodes","type":"function","fcntype":"simple","refpurpose":"(To be removed) List nodes available in virtual world","deprecated":"true","href":"vrworldnodes.html"},{"name":"vrworld\/open","type":"function","fcntype":"simple","refpurpose":"(To be removed) Open virtual world","deprecated":"true","href":"vrworldopen.html"},{"name":"vrworld\/reload","type":"function","fcntype":"simple","refpurpose":"(To be removed) Reload virtual world from virtual world 3D file","deprecated":"true","href":"vrworldreload.html"},{"name":"vrworld\/root","type":"function","fcntype":"simple","refpurpose":"(To be removed) Return root node of world","deprecated":"true","href":"vrworldroot.html"},{"name":"vrworld\/save","type":"function","fcntype":"simple","refpurpose":"(To be removed) Write virtual world to virtual world 3D file","deprecated":"true","href":"vrworldsave.html"},{"name":"vrworld\/set","type":"function","fcntype":"simple","refpurpose":"(To be removed) Change property values of vrworld object","deprecated":"true","href":"vrworldset.html"},{"name":"vrworld\/view","type":"function","fcntype":"simple","refpurpose":"(To be removed) View virtual world","deprecated":"true","href":"vrworldview.html"}]}