{"schema":"referenceapi_lookup_schema.json","schemaVersion":"1.0","docVersion":"doc25a.2968260.Bdoc25a.2967890.pass.r2025a","productName":"Simulink Check","baseCode":"VV","helpFolder":"slcheck","helpLocation":"slcheck","addons":"SL_CICD",  "refItems" : [{"name":"Advisor.addExclusion","type":"function","fcntype":"simple","refpurpose":"向模型或排除项文件添加排除项","href":"ref\/advisor.addexclusion.html"},{"name":"Advisor.Application","type":"class","refpurpose":"跨模型引用层次结构和变体运行模型顾问","href":"ref\/advisor.application-class.html"},{"name":"Advisor.Application.AnalysisRoot","type":"property","refpurpose":"要分析的模型引用层次结构中的根模型的名称","href":"ref\/advisor.application-class.html"},{"name":"Advisor.Application.ID","type":"property","refpurpose":"Advisor.Application 对象的唯一标识符","href":"ref\/advisor.application-class.html"},{"name":"Advisor.Application.UseTempDir","type":"property","refpurpose":"在临时工作文件夹中运行分析","href":"ref\/advisor.application-class.html"},{"name":"Advisor.Application.AnalyzeVariants","type":"property","refpurpose":"对活动变体运行分析","href":"ref\/advisor.application-class.html"},{"name":"Advisor.Application.delete","type":"method","fcntype":"instancemethod","refpurpose":"删除 Advisor.Application 对象","href":"ref\/advisor.application.delete.html"},{"name":"Advisor.Application.getResults","type":"method","fcntype":"instancemethod","refpurpose":"访问模型顾问分析结果","href":"ref\/advisor.application.getresults.html"},{"name":"Advisor.Application.loadConfiguration","type":"method","fcntype":"instancemethod","refpurpose":"加载模型顾问配置","href":"ref\/advisor.application.loadconfiguration.html"},{"name":"Advisor.Application.run","type":"method","fcntype":"instancemethod","refpurpose":"对模型组件运行模型顾问分析","href":"ref\/advisor.application.run.html"},{"name":"Advisor.Application.setAnalysisRoot","type":"method","fcntype":"instancemethod","refpurpose":"为模型顾问分析指定模型引用层次结构","href":"ref\/advisor.application.setanalysisroot.html"},{"name":"Advisor.authoring.createBlockConstraintCheck","type":"function","fcntype":"simple","refpurpose":"使用模块约束创建模型顾问检查","href":"ref\/advisor.authoring.createblockconstraintcheck.html"},{"name":"Advisor.authoring.CustomCheck.actionCallback","type":"method","fcntype":"staticmethod","refpurpose":"注册操作回调以进行模型配置检查","href":"ref\/advisor.authoring.customcheck.actioncallback.html"},{"name":"Advisor.authoring.CustomCheck.checkCallback","type":"method","fcntype":"staticmethod","refpurpose":"注册检查回调以进行模型配置检查","href":"ref\/advisor.authoring.customcheck.checkcallback.html"},{"name":"Advisor.authoring.CustomCheck","type":"object","refpurpose":"定义自定义配置参数检查","href":"ref\/advisor.authoring.customcheck.html"},{"name":"Advisor.authoring.DataFile","type":"object","refpurpose":"与数据文件交互以进行模型配置检查","href":"ref\/advisor.authoring.datafile.html"},{"name":"Advisor.authoring.NegativeBlockParameterConstraint","type":"class","refpurpose":"创建模型顾问约束以检查不受支持的模块参数值","href":"ref\/advisor.authoring.negativeblockparameterconstraint-class.html"},{"name":"Advisor.authoring.NegativeBlockParameterConstraint.ID","type":"property","refpurpose":"唯一标识符","href":"ref\/advisor.authoring.negativeblockparameterconstraint-class.html"},{"name":"Advisor.authoring.NegativeBlockParameterConstraint.BlockType","type":"property","refpurpose":"模块类型","href":"ref\/advisor.authoring.negativeblockparameterconstraint-class.html"},{"name":"Advisor.authoring.NegativeBlockParameterConstraint.ParameterName","type":"property","refpurpose":"模块参数的名称","href":"ref\/advisor.authoring.negativeblockparameterconstraint-class.html"},{"name":"Advisor.authoring.NegativeBlockParameterConstraint.UnsupportedParameterValues","type":"property","refpurpose":"不支持的模块参数值","href":"ref\/advisor.authoring.negativeblockparameterconstraint-class.html"},{"name":"Advisor.authoring.NegativeBlockParameterConstraint.ValueOperator","type":"property","refpurpose":"用于指定不支持的参数值的运算符","href":"ref\/advisor.authoring.negativeblockparameterconstraint-class.html"},{"name":"Advisor.authoring.NegativeBlockParameterConstraint.PreRequisiteConstraintIDs","type":"property","refpurpose":"前提条件约束的 ID","href":"ref\/advisor.authoring.negativeblockparameterconstraint-class.html"},{"name":"Advisor.authoring.NegativeBlockTypeConstraint","type":"class","refpurpose":"创建模型顾问约束以检查不受支持的模块","href":"ref\/advisor.authoring.negativeblocktypeconstraint-class.html"},{"name":"Advisor.authoring.NegativeBlockTypeConstraint.ID","type":"property","refpurpose":"唯一标识符","href":"ref\/advisor.authoring.negativeblocktypeconstraint-class.html"},{"name":"Advisor.authoring.NegativeBlockTypeConstraint.UnsupportedBlockTypes","type":"property","refpurpose":"不受支持的模块类型","href":"ref\/advisor.authoring.negativeblocktypeconstraint-class.html"},{"name":"Advisor.authoring.NegativeBlockTypeConstraint.PreRequisiteConstraintIDs","type":"property","refpurpose":"前提条件约束的 ID","href":"ref\/advisor.authoring.negativeblocktypeconstraint-class.html"},{"name":"Advisor.authoring.NegativeModelParameterConstraint","type":"class","refpurpose":"创建模型顾问约束以检查不受支持的模型参数值","href":"ref\/advisor.authoring.negativemodelparameterconstraint-class.html"},{"name":"Advisor.authoring.NegativeModelParameterConstraint.ID","type":"property","refpurpose":"唯一标识符","href":"ref\/advisor.authoring.negativemodelparameterconstraint-class.html"},{"name":"Advisor.authoring.NegativeModelParameterConstraint.ParameterName","type":"property","refpurpose":"模型参数的名称","href":"ref\/advisor.authoring.negativemodelparameterconstraint-class.html"},{"name":"Advisor.authoring.NegativeModelParameterConstraint.UnsupportedParameterValues","type":"property","refpurpose":"不受支持的模型参数值","href":"ref\/advisor.authoring.negativemodelparameterconstraint-class.html"},{"name":"Advisor.authoring.NegativeModelParameterConstraint.PreRequisiteConstraintIDs","type":"property","refpurpose":"前提条件约束的 ID","href":"ref\/advisor.authoring.negativemodelparameterconstraint-class.html"},{"name":"Advisor.authoring.PositiveBlockParameterConstraint","type":"class","refpurpose":"创建模型顾问约束以检查受支持的模块参数值","href":"ref\/advisor.authoring.positiveblockparameterconstraint-class.html"},{"name":"Advisor.authoring.PositiveBlockParameterConstraint.ID","type":"property","refpurpose":"唯一标识符","href":"ref\/advisor.authoring.positiveblockparameterconstraint-class.html"},{"name":"Advisor.authoring.PositiveBlockParameterConstraint.BlockType","type":"property","refpurpose":"模块类型","href":"ref\/advisor.authoring.positiveblockparameterconstraint-class.html"},{"name":"Advisor.authoring.PositiveBlockParameterConstraint.ParameterName","type":"property","refpurpose":"模块参数的名称","href":"ref\/advisor.authoring.positiveblockparameterconstraint-class.html"},{"name":"Advisor.authoring.PositiveBlockParameterConstraint.SupportedParameterValues","type":"property","refpurpose":"受支持的模块参数值","href":"ref\/advisor.authoring.positiveblockparameterconstraint-class.html"},{"name":"Advisor.authoring.PositiveBlockParameterConstraint.ValueOperator","type":"property","refpurpose":"用于指定受支持的参数值的运算符","href":"ref\/advisor.authoring.positiveblockparameterconstraint-class.html"},{"name":"Advisor.authoring.PositiveBlockParameterConstraint.PreRequisiteConstraintIDs","type":"property","refpurpose":"前提条件约束的 ID","href":"ref\/advisor.authoring.positiveblockparameterconstraint-class.html"},{"name":"Advisor.authoring.PositiveBlockTypeConstraint","type":"class","refpurpose":"创建模型顾问约束以检查受支持的模块类型","href":"ref\/advisor.authoring.positiveblocktypeconstraint-class.html"},{"name":"Advisor.authoring.PositiveBlockTypeConstraint.ID","type":"property","refpurpose":"唯一标识符","href":"ref\/advisor.authoring.positiveblocktypeconstraint-class.html"},{"name":"Advisor.authoring.PositiveBlockTypeConstraint.SupportedBlockTypes","type":"property","refpurpose":"受支持的模块类型","href":"ref\/advisor.authoring.positiveblocktypeconstraint-class.html"},{"name":"Advisor.authoring.PositiveBlockTypeConstraint.PreRequisiteConstraintIDs","type":"property","refpurpose":"前提条件约束的 ID","href":"ref\/advisor.authoring.positiveblocktypeconstraint-class.html"},{"name":"Advisor.authoring.PositiveModelParameterConstraint","type":"class","refpurpose":"创建模型顾问约束以检查受支持的模型参数值","href":"ref\/advisor.authoring.positivemodelparameterconstraint-class.html"},{"name":"Advisor.authoring.PositiveModelParameterConstraint.ID","type":"property","refpurpose":"唯一标识符","href":"ref\/advisor.authoring.positivemodelparameterconstraint-class.html"},{"name":"Advisor.authoring.PositiveModelParameterConstraint.ParameterName","type":"property","refpurpose":"模型参数的名称","href":"ref\/advisor.authoring.positivemodelparameterconstraint-class.html"},{"name":"Advisor.authoring.PositiveModelParameterConstraint.SupportedParameterValues","type":"property","refpurpose":"受支持的模型参数值","href":"ref\/advisor.authoring.positivemodelparameterconstraint-class.html"},{"name":"Advisor.authoring.PositiveModelParameterConstraint.PreRequisiteConstraintIDs","type":"property","refpurpose":"前提条件约束的 ID","href":"ref\/advisor.authoring.positivemodelparameterconstraint-class.html"},{"name":"Advisor.component.Component.getPath","type":"method","fcntype":"instancemethod","refpurpose":"检索组件路径","href":"ref\/advisor.component.component.getpath.html"},{"name":"Advisor.component.Types","type":"class","refpurpose":"创建指定组件类型的 enum 类","href":"ref\/advisor.component.types-class.html"},{"name":"Advisor.Manager","type":"class","refpurpose":"管理模型顾问应用程序","href":"ref\/advisor.manager-class.html"},{"name":"Advisor.Manager.createApplication","type":"method","fcntype":"staticmethod","refpurpose":"创建 Advisor.Application 对象","href":"ref\/advisor.manager.createapplication.html"},{"name":"Advisor.Manager.getApplication","type":"method","fcntype":"staticmethod","refpurpose":"返回 Advisor.Application 对象的句柄","href":"ref\/advisor.manager.getapplication.html"},{"name":"Advisor.Manager.refresh_customizations","type":"method","fcntype":"staticmethod","refpurpose":"刷新模型顾问检查信息缓存","href":"ref\/advisor.manager.refresh_customizations.html"},{"name":"clonedetection","type":"function","fcntype":"simple","refpurpose":"打开克隆检测器","href":"ref\/clonedetection.html"},{"name":"Clone Detector","type":"app","refpurpose":"通过标识和替换克隆，在模型中实现模型重构和子系统重用","href":"ref\/clonedetector-app.html"},{"name":"edittime.getAdvisorChecking","type":"function","fcntype":"simple","refpurpose":"确定编辑时检查是否打开","href":"ref\/edittime.getadvisorchecking.html"},{"name":"edittime.setAdvisorChecking","type":"function","fcntype":"simple","refpurpose":"根据建模标准以交互方式检查您的模型","href":"ref\/edittime.setadvisorchecking.html"},{"name":"mdltransformer","type":"function","fcntype":"simple","refpurpose":"打开模型变换器","href":"ref\/mdltransformer.html"},{"name":"metric.Engine","type":"object","refpurpose":"收集度量结果","href":"ref\/metric.engine.html"},{"name":"metric.Engine","type":"function","fcntype":"constructor","refpurpose":"收集度量结果","href":"ref\/metric.engine.html"},{"name":"metric.Engine.ProjectPath","type":"property","refpurpose":"要进行度量收集的工程","href":"ref\/metric.engine.html"},{"name":"metricsdashboard","type":"function","fcntype":"simple","refpurpose":"（将删除）打开度量仪表板","deprecated":"true","href":"ref\/metricsdashboard.html"},{"name":"ModelAdvisor.Action","type":"class","refpurpose":"向自定义检查添加操作","href":"ref\/modeladvisor.action-class.html"},{"name":"ModelAdvisor.Action.Description","type":"property","refpurpose":"操作框中的消息","href":"ref\/modeladvisor.action.description.html"},{"name":"ModelAdvisor.Action.Name","type":"property","refpurpose":"操作按钮标签","href":"ref\/modeladvisor.action.name.html"},{"name":"ModelAdvisor.Action.setCallbackFcn","type":"method","fcntype":"instancemethod","refpurpose":"指定操作回调函数","href":"ref\/modeladvisor.action.setcallbackfcn.html"},{"name":"ModelAdvisor.Action.Action","type":"method","fcntype":"constructor","refpurpose":"向自定义检查添加操作","href":"ref\/modeladvisor.action.html"},{"name":"ModelAdvisor.Check.CallbackContext","type":"property","refpurpose":"指定何时运行检查","href":"ref\/modeladvisor.check.callbackcontext.html"},{"name":"ModelAdvisor.Check.CallbackHandle","type":"property","refpurpose":"检查回调函数句柄","href":"ref\/modeladvisor.check.callbackhandle.html"},{"name":"ModelAdvisor.Check.Enable","type":"property","refpurpose":"指示用户是否可以启用或禁用检查","href":"ref\/modeladvisor.check.enable.html"},{"name":"ModelAdvisor.Check.getID","type":"method","fcntype":"instancemethod","refpurpose":"返回检查标识符","href":"ref\/modeladvisor.check.getid.html"},{"name":"ModelAdvisor.Check.ID","type":"property","refpurpose":"检查的标识符","href":"ref\/modeladvisor.check.id.html"},{"name":"ModelAdvisor.Check.Result","type":"property","refpurpose":"结果元胞数组","href":"ref\/modeladvisor.check.result.html"},{"name":"ModelAdvisor.Check.ResultDetails","type":"property","refpurpose":"元胞数组中的结果详细信息","href":"ref\/modeladvisor.check.resultdetails.html"},{"name":"ModelAdvisor.Check.setAction","type":"method","fcntype":"instancemethod","refpurpose":"指定检查的操作","href":"ref\/modeladvisor.check.setaction.html"},{"name":"ModelAdvisor.Check.setCallbackFcn","type":"method","fcntype":"instancemethod","refpurpose":"为检查指定回调函数","href":"ref\/modeladvisor.check.setcallbackfcn.html"},{"name":"ModelAdvisor.Check.setInputParameters","type":"method","fcntype":"instancemethod","refpurpose":"指定检查的输入参数","href":"ref\/modeladvisor.check.setinputparameters.html"},{"name":"ModelAdvisor.Check.setInputParametersLayoutGrid","type":"method","fcntype":"instancemethod","refpurpose":"为输入参数指定布局网格","href":"ref\/modeladvisor.check.setinputparameterslayoutgrid.html"},{"name":"ModelAdvisor.Check.setResultDetails","type":"method","fcntype":"instancemethod","refpurpose":"将结果详细信息与检查对象相关联","href":"ref\/modeladvisor.check.setresultdetails.html"},{"name":"ModelAdvisor.Check.SupportExclusion","type":"property","refpurpose":"设置为支持排除项","href":"ref\/modeladvisor.check.supportexclusion.html"},{"name":"ModelAdvisor.Check.SupportLibrary","type":"property","refpurpose":"设置为支持库模型","href":"ref\/modeladvisor.check.supportlibrary.html"},{"name":"ModelAdvisor.Check.Title","type":"property","refpurpose":"检查的名称","href":"ref\/modeladvisor.check.title.html"},{"name":"ModelAdvisor.Check.TitleTips","type":"property","refpurpose":"检查描述","href":"ref\/modeladvisor.check.titletips.html"},{"name":"ModelAdvisor.Check.Visible","type":"property","refpurpose":"指示是显示还是隐藏检查","href":"ref\/modeladvisor.check.visible.html"},{"name":"ModelAdvisor.Check","type":"object","refpurpose":"创建自定义模型顾问检查","href":"ref\/modeladvisor.check.html"},{"name":"ModelAdvisor.Check","type":"function","fcntype":"constructor","refpurpose":"创建自定义模型顾问检查","href":"ref\/modeladvisor.check.html"},{"name":"ModelAdvisor.FactoryGroup","type":"class","refpurpose":"（不建议）在按任务文件夹中定义子文件夹","deprecated":"true","href":"ref\/modeladvisor.factorygroup-class.html"},{"name":"ModelAdvisor.FactoryGroup.addCheck","type":"method","fcntype":"instancemethod","refpurpose":"将检查添加到文件夹","deprecated":"true","href":"ref\/modeladvisor.factorygroup.addcheck.html"},{"name":"ModelAdvisor.FactoryGroup.Description","type":"property","refpurpose":"文件夹描述","deprecated":"true","href":"ref\/modeladvisor.factorygroup.description.html"},{"name":"ModelAdvisor.FactoryGroup.DisplayName","type":"property","refpurpose":"文件夹名称","deprecated":"true","href":"ref\/modeladvisor.factorygroup.displayname.html"},{"name":"ModelAdvisor.FactoryGroup.ID","type":"property","refpurpose":"文件夹的标识符","deprecated":"true","href":"ref\/modeladvisor.factorygroup.id.html"},{"name":"ModelAdvisor.FactoryGroup.MAObj","type":"property","refpurpose":"模型顾问对象","deprecated":"true","href":"ref\/modeladvisor.factorygroup.maobj.html"},{"name":"ModelAdvisor.FactoryGroup.FactoryGroup","type":"method","fcntype":"constructor","refpurpose":"在按任务文件夹中定义子文件夹","deprecated":"true","href":"ref\/modeladvisor.factorygroup.html"},{"name":"addRow","type":"function","fcntype":"instancemethod","refpurpose":"向模型顾问分析结果中添加表行","href":"ref\/modeladvisor.formattemplate.addrow.html"},{"name":"ModelAdvisor.FormatTemplate.addRow","type":"method","fcntype":"instancemethod","refpurpose":"向模型顾问分析结果中添加表行","href":"ref\/modeladvisor.formattemplate.addrow.html"},{"name":"setColTitles","type":"function","fcntype":"instancemethod","refpurpose":"在模型顾问分析结果中添加表列标题","href":"ref\/modeladvisor.formattemplate.setcoltitles.html"},{"name":"ModelAdvisor.FormatTemplate.setColTitles","type":"method","fcntype":"instancemethod","refpurpose":"在模型顾问分析结果中添加表列标题","href":"ref\/modeladvisor.formattemplate.setcoltitles.html"},{"name":"ModelAdvisor.FormatTemplate.setListObj","type":"method","fcntype":"instancemethod","refpurpose":"向模型对象添加超链接的列表","href":"ref\/modeladvisor.formattemplate.setlistobj.html"},{"name":"ModelAdvisor.FormatTemplate.setSubBar","type":"method","fcntype":"instancemethod","refpurpose":"在子检查结果之间添加行","href":"ref\/modeladvisor.formattemplate.setsubbar.html"},{"name":"ModelAdvisor.FormatTemplate.setSubTitle","type":"method","fcntype":"instancemethod","refpurpose":"为结果中的子检查添加标题","href":"ref\/modeladvisor.formattemplate.setsubtitle.html"},{"name":"setTableTitle","type":"function","fcntype":"instancemethod","refpurpose":"在模型顾问分析结果中向表添加标题","href":"ref\/modeladvisor.formattemplate.settabletitle.html"},{"name":"ModelAdvisor.FormatTemplate.setTableTitle","type":"method","fcntype":"instancemethod","refpurpose":"在模型顾问分析结果中向表添加标题","href":"ref\/modeladvisor.formattemplate.settabletitle.html"},{"name":"ModelAdvisor.FormatTemplate","type":"object","refpurpose":"用于格式化模型顾问分析结果的模板","href":"ref\/modeladvisor.formattemplate.html"},{"name":"ModelAdvisor.FormatTemplate","type":"function","fcntype":"constructor","refpurpose":"用于格式化模型顾问分析结果的模板","href":"ref\/modeladvisor.formattemplate.html"},{"name":"ModelAdvisor.getModelConfiguration","type":"function","fcntype":"simple","refpurpose":"获取与模型关联的模型顾问配置","href":"ref\/modeladvisor.getmodelconfiguration.html"},{"name":"ModelAdvisor.Group","type":"class","refpurpose":"（不建议）定义自定义文件夹","deprecated":"true","href":"ref\/modeladvisor.group-class.html"},{"name":"ModelAdvisor.Group.addGroup","type":"method","fcntype":"instancemethod","refpurpose":"（不建议）将子文件夹添加到文件夹","deprecated":"true","href":"ref\/modeladvisor.group.addgroup.html"},{"name":"Group.ModelAdvisor.addProcedure","type":"method","fcntype":"instancemethod","refpurpose":"将检查过程添加到模型顾问文件夹中","href":"ref\/modeladvisor.group.addprocedure.html"},{"name":"ModelAdvisor.Group.addTask","type":"method","fcntype":"instancemethod","refpurpose":"（不建议）将任务添加到文件夹","deprecated":"true","href":"ref\/modeladvisor.group.addtask.html"},{"name":"ModelAdvisor.Group.Description","type":"property","refpurpose":"（不建议）文件夹描述","deprecated":"true","href":"ref\/modeladvisor.group.description.html"},{"name":"ModelAdvisor.Group.DisplayName","type":"property","refpurpose":"（不建议）文件夹名称","deprecated":"true","href":"ref\/modeladvisor.group.displayname.html"},{"name":"ModelAdvisor.Group.ID","type":"property","refpurpose":"（不建议）文件夹的标识符","deprecated":"true","href":"ref\/modeladvisor.group.id.html"},{"name":"ModelAdvisor.Group.MAObj","type":"property","refpurpose":"（不建议）模型顾问对象","deprecated":"true","href":"ref\/modeladvisor.group.maobj.html"},{"name":"ModelAdvisor.Group.Group","type":"method","fcntype":"constructor","refpurpose":"（不建议）定义自定义文件夹","deprecated":"true","href":"ref\/modeladvisor.group.html"},{"name":"ModelAdvisor.Image.setHyperlink","type":"method","fcntype":"instancemethod","refpurpose":"指定超链接位置","href":"ref\/modeladvisor.image.sethyperlink.html"},{"name":"ModelAdvisor.Image.setImageSource","type":"method","fcntype":"instancemethod","refpurpose":"指定图像位置","href":"ref\/modeladvisor.image.setimagesource.html"},{"name":"ModelAdvisor.InputParameter","type":"class","refpurpose":"向自定义检查添加输入参数","href":"ref\/modeladvisor.inputparameter-class.html"},{"name":"ModelAdvisor.InputParameter.Description","type":"property","refpurpose":"输入参数描述","href":"ref\/modeladvisor.inputparameter.description.html"},{"name":"ModelAdvisor.InputParameter.Entries","type":"property","refpurpose":"下拉列表项","href":"ref\/modeladvisor.inputparameter.entries.html"},{"name":"ModelAdvisor.InputParameter.Name","type":"property","refpurpose":"输入参数名称","href":"ref\/modeladvisor.inputparameter.name.html"},{"name":"ModelAdvisor.InputParameter.setColSpan","type":"method","fcntype":"instancemethod","refpurpose":"指定输入参数的列数","href":"ref\/modeladvisor.inputparameter.setcolspan.html"},{"name":"ModelAdvisor.InputParameter.setRowSpan","type":"method","fcntype":"instancemethod","refpurpose":"为输入参数指定行","href":"ref\/modeladvisor.inputparameter.setrowspan.html"},{"name":"ModelAdvisor.InputParameter.Type","type":"property","refpurpose":"输入参数类型","href":"ref\/modeladvisor.inputparameter.type.html"},{"name":"ModelAdvisor.InputParameter.Value","type":"property","refpurpose":"输入参数的值","href":"ref\/modeladvisor.inputparameter.value.html"},{"name":"ModelAdvisor.InputParameter.InputParameter","type":"method","fcntype":"constructor","refpurpose":"向自定义检查添加输入参数","href":"ref\/modeladvisor.inputparameter.html"},{"name":"ModelAdvisor.LineBreak","type":"object","refpurpose":"插入换行符","href":"ref\/modeladvisor.linebreak.html"},{"name":"addItem","type":"function","fcntype":"instancemethod","refpurpose":"将列表项添加到模型顾问结果中","href":"ref\/modeladvisor.list.additem.html"},{"name":"ModelAdvisor.List.addItem","type":"method","fcntype":"instancemethod","refpurpose":"将列表项添加到模型顾问结果中","href":"ref\/modeladvisor.list.additem.html"},{"name":"setType","type":"function","fcntype":"instancemethod","refpurpose":"指定模型顾问列表类型","href":"ref\/modeladvisor.list.settype.html"},{"name":"ModelAdvisor.List.setType","type":"method","fcntype":"instancemethod","refpurpose":"指定模型顾问列表类型","href":"ref\/modeladvisor.list.settype.html"},{"name":"ModelAdvisor.List","type":"object","refpurpose":"创建列表类","href":"ref\/modeladvisor.list.html"},{"name":"ModelAdvisor.List","type":"function","fcntype":"constructor","refpurpose":"创建列表类","href":"ref\/modeladvisor.list.html"},{"name":"ModelAdvisor.ListViewParameter.Attributes","type":"property","refpurpose":"在模型顾问报告资源管理器中显示的属性","href":"ref\/modeladvisor.listviewparameter.attributes.html"},{"name":"ModelAdvisor.ListViewParameter.Name","type":"property","refpurpose":"下拉列表条目","href":"ref\/modeladvisor.listviewparameter.name.html"},{"name":"ModelAdvisor.lookupCheckID","type":"function","fcntype":"simple","refpurpose":"查找旧模型顾问检查 ID 对应的当前模型顾问检查 ID","href":"ref\/modeladvisor.lookupcheckid.html"},{"name":"ModelAdvisor.ModelAdvisor.SystemResult.getReportFileName","type":"method","fcntype":"instancemethod","refpurpose":"获取 ModelAdvisor.run 系统结果对象的报告文件名","href":"ref\/modeladvisor.modeladvisor.systemresult.getreportfilename.html"},{"name":"ModelAdvisor.Paragraph","type":"class","refpurpose":"创建和格式化段落","href":"ref\/modeladvisor.paragraph-class.html"},{"name":"ModelAdvisor.Paragraph.addItem","type":"method","fcntype":"instancemethod","refpurpose":"将项目添加到段落","href":"ref\/modeladvisor.paragraph.additem.html"},{"name":"ModelAdvisor.Paragraph.setAlign","type":"method","fcntype":"instancemethod","refpurpose":"指定段落对齐方式","href":"ref\/modeladvisor.paragraph.setalign.html"},{"name":"ModelAdvisor.Paragraph.Paragraph","type":"method","fcntype":"constructor","refpurpose":"创建和格式化段落","href":"ref\/modeladvisor.paragraph.html"},{"name":"ModelAdvisor.Procedure.addTask","type":"method","fcntype":"instancemethod","refpurpose":"将任务添加到过程","href":"ref\/modeladvisor.procedure.addtask.html"},{"name":"ModelAdvisor.Procedure","type":"function","fcntype":"constructor","refpurpose":"定义自定义过程","href":"ref\/modeladvisor.procedure.html"},{"name":"ModelAdvisor.Procedure","type":"object","refpurpose":"定义自定义过程","href":"ref\/modeladvisor.procedure.html"},{"name":"ModelAdvisor.Procedure.Description","type":"property","refpurpose":"过程详细信息","href":"ref\/modeladvisor.procedure.html"},{"name":"ModelAdvisor.Procedure.DisplayName","type":"property","refpurpose":"过程名称","href":"ref\/modeladvisor.procedure.html"},{"name":"ModelAdvisor.Procedure.ID","type":"property","refpurpose":"唯一标识符","href":"ref\/modeladvisor.procedure.html"},{"name":"ModelAdvisor.Procedure.MAObj","type":"property","refpurpose":"模型顾问对象","href":"ref\/modeladvisor.procedure.html"},{"name":"ModelAdvisor.ResultDetail","type":"class","refpurpose":"定义检查结果详细信息","href":"ref\/modeladvisor.resultdetail-class.html"},{"name":"ModelAdvisor.ResultDetail.Data","type":"property","refpurpose":"模块标识符或信号线句柄","href":"ref\/modeladvisor.resultdetail-class.html"},{"name":"ModelAdvisor.ResultDetail.Type","type":"property","refpurpose":"数据类型","href":"ref\/modeladvisor.resultdetail-class.html"},{"name":"ModelAdvisor.ResultDetail.Description","type":"property","refpurpose":"检查结果的描述","href":"ref\/modeladvisor.resultdetail-class.html"},{"name":"ModelAdvisor.ResultDetail.Title","type":"property","refpurpose":"标题","href":"ref\/modeladvisor.resultdetail-class.html"},{"name":"ModelAdvisor.ResultDetail.Information","type":"property","refpurpose":"其他信息","href":"ref\/modeladvisor.resultdetail-class.html"},{"name":"ModelAdvisor.ResultDetail.Status","type":"property","refpurpose":"状态消息","href":"ref\/modeladvisor.resultdetail-class.html"},{"name":"ModelAdvisor.ResultDetail.RecAction","type":"property","refpurpose":"建议采取的操作","href":"ref\/modeladvisor.resultdetail-class.html"},{"name":"ModelAdvisor.ResultDetail.ViolationType","type":"property","refpurpose":"检查结果的严重性","href":"ref\/modeladvisor.resultdetail-class.html"},{"name":"ModelAdvisor.ResultDetail.setData","type":"method","fcntype":"staticmethod","refpurpose":"将模型顾问检查结果与模块或信号关联","href":"ref\/modeladvisor.resultdetail.setdata.html"},{"name":"ModelAdvisor.Root.publish","type":"method","fcntype":"instancemethod","refpurpose":"在模型顾问根中发布对象","href":"ref\/modeladvisor.root.publish.html"},{"name":"ModelAdvisor.Root.register","type":"method","fcntype":"instancemethod","refpurpose":"在模型顾问根中注册对象","href":"ref\/modeladvisor.root.register.html"},{"name":"ModelAdvisor.Root","type":"object","refpurpose":"识别根节点","href":"ref\/modeladvisor.root.html"},{"name":"ModelAdvisor.Root","type":"function","fcntype":"constructor","refpurpose":"识别根节点","href":"ref\/modeladvisor.root.html"},{"name":"ModelAdvisor.run","type":"function","fcntype":"simple","refpurpose":"使用模型顾问对系统运行检查","href":"ref\/modeladvisor.run.html"},{"name":"ModelAdvisor.setDefaultConfiguration","type":"function","fcntype":"simple","refpurpose":"设置模型顾问配置","href":"ref\/modeladvisor.setdefaultconfiguration.html"},{"name":"ModelAdvisor.setModelConfiguration","type":"function","fcntype":"simple","refpurpose":"设置与模型关联的模型顾问配置","href":"ref\/modeladvisor.setmodelconfiguration.html"},{"name":"ModelAdvisor.summaryReport","type":"function","fcntype":"simple","refpurpose":"打开模型顾问命令行摘要报告","href":"ref\/modeladvisor.summaryreport.html"},{"name":"ModelAdvisor.SystemResult","type":"object","refpurpose":"访问系统级模型顾问结果","href":"ref\/modeladvisor.systemresult.html"},{"name":"ModelAdvisor.SystemResult.System","type":"property","refpurpose":"模型顾问分析的模型或子系统","href":"ref\/modeladvisor.systemresult.html"},{"name":"ModelAdvisor.SystemResult.Type","type":"property","refpurpose":"模型组件","href":"ref\/modeladvisor.systemresult.html"},{"name":"ModelAdvisor.SystemResult.Summary","type":"property","refpurpose":"不同状态的检查数","href":"ref\/modeladvisor.systemresult.html"},{"name":"ModelAdvisor.SystemResult.CheckResults","type":"property","refpurpose":"模型顾问检查结果","href":"ref\/modeladvisor.systemresult.html"},{"name":"getEntry","type":"function","fcntype":"instancemethod","refpurpose":"从模型顾问分析结果的表中获取单元格内容","href":"ref\/modeladvisor.table.getentry.html"},{"name":"ModelAdvisor.Table.getEntry","type":"method","fcntype":"instancemethod","refpurpose":"从模型顾问分析结果的表中获取单元格内容","href":"ref\/modeladvisor.table.getentry.html"},{"name":"setColHeading","type":"function","fcntype":"instancemethod","refpurpose":"为模型顾问分析结果中的表指定列标题","href":"ref\/modeladvisor.table.setcolheading.html"},{"name":"ModelAdvisor.Table.setColHeading","type":"method","fcntype":"instancemethod","refpurpose":"为模型顾问分析结果中的表指定列标题","href":"ref\/modeladvisor.table.setcolheading.html"},{"name":"ModelAdvisor.Table.setColHeadingAlign","type":"method","fcntype":"instancemethod","refpurpose":"指定列标题对齐方式","href":"ref\/modeladvisor.table.setcolheadingalign.html"},{"name":"ModelAdvisor.Table.setColHeadingValign","type":"method","fcntype":"instancemethod","refpurpose":"指定列标题垂直对齐方式","href":"ref\/modeladvisor.table.setcolheadingvalign.html"},{"name":"setColWidth","type":"function","fcntype":"instancemethod","refpurpose":"为模型顾问分析结果中的表指定列宽","href":"ref\/modeladvisor.table.setcolwidth.html"},{"name":"ModelAdvisor.Table.setColWidth","type":"method","fcntype":"instancemethod","refpurpose":"为模型顾问分析结果中的表指定列宽","href":"ref\/modeladvisor.table.setcolwidth.html"},{"name":"setEntryAlign","type":"function","fcntype":"instancemethod","refpurpose":"为模型顾问分析结果中的表指定单元格对齐方式","href":"ref\/modeladvisor.table.setentryalign.html"},{"name":"ModelAdvisor.Table.setEntryAlign","type":"method","fcntype":"instancemethod","refpurpose":"为模型顾问分析结果中的表指定单元格对齐方式","href":"ref\/modeladvisor.table.setentryalign.html"},{"name":"ModelAdvisor.Table.setEntryValign","type":"method","fcntype":"instancemethod","refpurpose":"指定表单元格垂直对齐","href":"ref\/modeladvisor.table.setentryvalign.html"},{"name":"setHeading","type":"function","fcntype":"instancemethod","refpurpose":"为模型顾问分析结果中的表指定标题","href":"ref\/modeladvisor.table.setheading.html"},{"name":"ModelAdvisor.Table.setHeading","type":"method","fcntype":"instancemethod","refpurpose":"为模型顾问分析结果中的表指定标题","href":"ref\/modeladvisor.table.setheading.html"},{"name":"ModelAdvisor.Table.setHeadingAlign","type":"method","fcntype":"instancemethod","refpurpose":"指定表标题对齐方式","href":"ref\/modeladvisor.table.setheadingalign.html"},{"name":"ModelAdvisor.Table.setRowHeading","type":"method","fcntype":"instancemethod","refpurpose":"指定表的行标题","href":"ref\/modeladvisor.table.setrowheading.html"},{"name":"ModelAdvisor.Table","type":"object","refpurpose":"为模型顾问结果创建表","href":"ref\/modeladvisor.table.html"},{"name":"ModelAdvisor.Table","type":"function","fcntype":"constructor","refpurpose":"为模型顾问结果创建表","href":"ref\/modeladvisor.table.html"},{"name":"ModelAdvisor.Task","type":"class","refpurpose":"定义自定义任务","href":"ref\/modeladvisor.task-class.html"},{"name":"ModelAdvisor.Task.Description","type":"property","refpurpose":"任务描述","href":"ref\/modeladvisor.task.description.html"},{"name":"ModelAdvisor.Task.DisplayName","type":"property","refpurpose":"任务的名称","href":"ref\/modeladvisor.task.displayname.html"},{"name":"ModelAdvisor.Task.Enable","type":"property","refpurpose":"指示用户是否可以启用和禁用任务","href":"ref\/modeladvisor.task.enable.html"},{"name":"ModelAdvisor.Task.ID","type":"property","refpurpose":"任务的标识符","href":"ref\/modeladvisor.task.id.html"},{"name":"ModelAdvisor.Task.MAObj","type":"property","refpurpose":"模型顾问对象","href":"ref\/modeladvisor.task.maobj.html"},{"name":"ModelAdvisor.Task.setCheck","type":"method","fcntype":"instancemethod","refpurpose":"指定任务中使用的检查","href":"ref\/modeladvisor.task.setcheck.html"},{"name":"ModelAdvisor.Task.Visible","type":"property","refpurpose":"指示是显示还是隐藏任务","href":"ref\/modeladvisor.task.visible.html"},{"name":"ModelAdvisor.Task.Task","type":"method","fcntype":"constructor","refpurpose":"定义自定义任务","href":"ref\/modeladvisor.task.html"},{"name":"setBold","type":"function","fcntype":"instancemethod","refpurpose":"在模型顾问分析结果中指定粗体文本","href":"ref\/modeladvisor.text.setbold.html"},{"name":"ModelAdvisor.Text.setBold","type":"method","fcntype":"instancemethod","refpurpose":"在模型顾问分析结果中指定粗体文本","href":"ref\/modeladvisor.text.setbold.html"},{"name":"setColor","type":"function","fcntype":"instancemethod","refpurpose":"在模型顾问分析结果中指定文本颜色","href":"ref\/modeladvisor.text.setcolor.html"},{"name":"ModelAdvisor.Text.setColor","type":"method","fcntype":"instancemethod","refpurpose":"在模型顾问分析结果中指定文本颜色","href":"ref\/modeladvisor.text.setcolor.html"},{"name":"ModelAdvisor.Text.setHyperlink","type":"method","fcntype":"instancemethod","refpurpose":"指定超链接文本","href":"ref\/modeladvisor.text.sethyperlink.html"},{"name":"setItalic","type":"function","fcntype":"instancemethod","refpurpose":"在模型顾问分析结果中指定斜体文本","href":"ref\/modeladvisor.text.setitalic.html"},{"name":"ModelAdvisor.Text.setItalic","type":"method","fcntype":"instancemethod","refpurpose":"在模型顾问分析结果中指定斜体文本","href":"ref\/modeladvisor.text.setitalic.html"},{"name":"ModelAdvisor.Text.setSubscript","type":"method","fcntype":"instancemethod","refpurpose":"指定下标文本","href":"ref\/modeladvisor.text.setsubscript.html"},{"name":"ModelAdvisor.Text.setSuperscript","type":"method","fcntype":"instancemethod","refpurpose":"指定上标文本","href":"ref\/modeladvisor.text.setsuperscript.html"},{"name":"ModelAdvisor.Text.setUnderlined","type":"method","fcntype":"instancemethod","refpurpose":"对文本加下划线","href":"ref\/modeladvisor.text.setunderlined.html"},{"name":"ModelAdvisor.Text","type":"object","refpurpose":"创建模型顾问文本输出","href":"ref\/modeladvisor.text.html"},{"name":"ModelAdvisor.Text","type":"function","fcntype":"constructor","refpurpose":"创建模型顾问文本输出","href":"ref\/modeladvisor.text.html"},{"name":"Model Design Dashboard","type":"app","refpurpose":"收集模型度量数据，评估工程中模型的质量","href":"ref\/modeldesigndashboard-app.html"},{"name":"Simulink.CloneDetection.Settings.addLibraries","type":"method","fcntype":"instancemethod","refpurpose":"添加带子系统的库","href":"ref\/simulink.clonedetection.settings.addlibraries.html"},{"name":"Simulink.CloneDetection.Settings.removeLibraries","type":"method","fcntype":"instancemethod","refpurpose":"删除库","href":"ref\/simulink.clonedetection.settings.removelibraries.html"},{"name":"slmetric.config.Classification","type":"class","refpurpose":"（将删除）指定分类度量数据范围","deprecated":"true","href":"ref\/slmetric.config.classification-class.html"},{"name":"slmetric.config.Classification.Category","type":"property","refpurpose":"分类度量数据","deprecated":"true","href":"ref\/slmetric.config.classification-class.html"},{"name":"slmetric.config.Classification.Range","type":"property","refpurpose":"度量范围对象","deprecated":"true","href":"ref\/slmetric.config.classification-class.html"},{"name":"slmetric.config.setActiveConfiguration","type":"function","fcntype":"simple","refpurpose":"（将删除）激活自定义配置以供度量引擎使用","deprecated":"true","href":"ref\/slmetric.config.setactiveconfiguration.html"},{"name":"slmetric.dashboard.Layout","type":"class","refpurpose":"（将删除）创建用于保留度量仪表板自定义的对象","deprecated":"true","href":"ref\/slmetric.dashboard.layout-class.html"},{"name":"slmetric.dashboard.setActiveConfiguration","type":"function","fcntype":"simple","refpurpose":"（将删除）激活自定义度量仪表板布局","deprecated":"true","href":"ref\/slmetric.dashboard.setactiveconfiguration.html"},{"name":"slmetric.Engine.execute","type":"method","fcntype":"instancemethod","refpurpose":"（待删除）收集度量数据","href":"ref\/slmetric.engine.execute.html"},{"name":"slmetric.metric.getAvailableMetrics","type":"function","fcntype":"simple","refpurpose":"（将删除）获取可用度量","deprecated":"true","href":"ref\/slmetric.metric.getavailablemetrics.html"},{"name":"slmetric.metric.Metric.algorithm","type":"method","fcntype":"instancemethod","refpurpose":"（将删除）指定度量数据分析的逻辑","deprecated":"true","href":"ref\/slmetric.metric.metric.algorithm.html"},{"name":"slmetric.metric.refresh","type":"function","fcntype":"simple","refpurpose":"（将删除）更新可用的模型度量","deprecated":"true","href":"ref\/slmetric.metric.refresh.html"},{"name":"SLSlicerAPI.SLSlicer.activate","type":"method","fcntype":"instancemethod","refpurpose":"激活模型以进行分析","href":"ref\/slslicerapi.slslicer.activate.html"},{"name":"SLSlicerAPI.SLSlicer.highlight","type":"method","fcntype":"instancemethod","refpurpose":"更新模型突出显示","href":"ref\/slslicerapi.slslicer.highlight.html"},{"name":"SLSlicerAPI.SLSlicer.slice","type":"method","fcntype":"instancemethod","refpurpose":"从突出显示的模型创建切片模型","href":"ref\/slslicerapi.slslicer.slice.html"},{"name":"SLSlicerAPI.SLSlicer.terminate","type":"method","fcntype":"instancemethod","refpurpose":"丢弃分析数据并还原模型突出显示（对象超出范围时调用）","href":"ref\/slslicerapi.slslicer.terminate.html"},{"name":"SLSlicerAPI.SLSlicer.unlock","type":"method","fcntype":"instancemethod","refpurpose":"在保留模型突出显示的同时丢弃分析数据","href":"ref\/slslicerapi.slslicer.unlock.html"},{"name":"view","type":"function","fcntype":"simple","refpurpose":"查看检查的模型顾问运行结果","href":"ref\/view.html"},{"name":"viewReport","type":"function","fcntype":"simple","refpurpose":"查看系统的模型顾问运行结果","href":"ref\/viewreport.html"}]}