{"schema":"referenceapi_lookup_schema.json","schemaVersion":"1.0","docVersion":"doc25a.2968260.Bdoc25a.2967890.pass.r2025a","productName":"Simulink Check","baseCode":"VV","helpFolder":"slcheck","helpLocation":"slcheck","addons":"SL_CICD",  "refItems" : [{"name":"Advisor.addExclusion","type":"function","fcntype":"simple","refpurpose":"Agregar exclusiones al modelo o archivo de exclusiones","href":"ref\/advisor.addexclusion.html"},{"name":"Advisor.Application.loadConfiguration","type":"method","fcntype":"instancemethod","refpurpose":"Cargar configuración de Model Advisor","href":"ref\/advisor.application.loadconfiguration.html"},{"name":"Advisor.authoring.CustomCheck","type":"object","refpurpose":"Definir la comprobación de parámetros de configuración personalizados","href":"ref\/advisor.authoring.customcheck.html"},{"name":"Advisor.authoring.DataFile","type":"object","refpurpose":"Interactuar con el archivo de datos para realizar comprobaciones de configuración del modelo","href":"ref\/advisor.authoring.datafile.html"},{"name":"Advisor.component.Component.getPath","type":"method","fcntype":"instancemethod","refpurpose":"Recuperar la ruta del componente","href":"ref\/advisor.component.component.getpath.html"},{"name":"Advisor.component.Types","type":"class","refpurpose":"Crear clase enum especificando el tipo de componente","href":"ref\/advisor.component.types-class.html"},{"name":"Advisor.Manager.createApplication","type":"method","fcntype":"staticmethod","refpurpose":"Crear objeto Advisor.Application","href":"ref\/advisor.manager.createapplication.html"},{"name":"Advisor.Manager.refresh_customizations","type":"method","fcntype":"staticmethod","refpurpose":"Actualizar caché de información de comprobación de Model Advisor","href":"ref\/advisor.manager.refresh_customizations.html"},{"name":"mdltransformer","type":"function","fcntype":"simple","refpurpose":"Abrir Model Transformer","href":"ref\/mdltransformer.html"},{"name":"metric.Engine","type":"object","refpurpose":"Recopilar resultados de métricass","href":"ref\/metric.engine.html"},{"name":"metric.Engine","type":"function","fcntype":"constructor","refpurpose":"Recopilar resultados de métricass","href":"ref\/metric.engine.html"},{"name":"metric.Engine.ProjectPath","type":"property","refpurpose":"Proyecto de recolección de métricas","href":"ref\/metric.engine.html"},{"name":"ModelAdvisor.Action","type":"class","refpurpose":"Agregar acciones a comprobaciones personalizadas","href":"ref\/modeladvisor.action-class.html"},{"name":"ModelAdvisor.Action.setCallbackFcn","type":"method","fcntype":"instancemethod","refpurpose":"Especificar la función de callback de acción","href":"ref\/modeladvisor.action.setcallbackfcn.html"},{"name":"ModelAdvisor.Check.CallbackHandle","type":"property","refpurpose":"Identificador de función de callback para comprobación","href":"ref\/modeladvisor.check.callbackhandle.html"},{"name":"ModelAdvisor.Check.Result","type":"property","refpurpose":"arreglo de celdas de resultados","href":"ref\/modeladvisor.check.result.html"},{"name":"ModelAdvisor.Check.ResultDetails","type":"property","refpurpose":"Detalles de resultados en un arreglo de celdas","href":"ref\/modeladvisor.check.resultdetails.html"},{"name":"ModelAdvisor.Check.setInputParameters","type":"method","fcntype":"instancemethod","refpurpose":"Especificar parámetros de entrada para comprobaciones","href":"ref\/modeladvisor.check.setinputparameters.html"},{"name":"ModelAdvisor.Check.setResultDetails","type":"method","fcntype":"instancemethod","refpurpose":"Asociar detalles del resultado con un objeto de comprobación","href":"ref\/modeladvisor.check.setresultdetails.html"},{"name":"ModelAdvisor.Check.Visible","type":"property","refpurpose":"Indicar si se debe mostrar u ocultar la comprobación","href":"ref\/modeladvisor.check.visible.html"},{"name":"ModelAdvisor.Check","type":"object","refpurpose":"Crear comprobaciones de Model Advisor personalizadas","href":"ref\/modeladvisor.check.html"},{"name":"ModelAdvisor.Check","type":"function","fcntype":"constructor","refpurpose":"Crear comprobaciones de Model Advisor personalizadas","href":"ref\/modeladvisor.check.html"},{"name":"ModelAdvisor.FactoryGroup","type":"class","refpurpose":"(No recomendado) Definir subcarpeta en la carpeta By Task","deprecated":"true","href":"ref\/modeladvisor.factorygroup-class.html"},{"name":"ModelAdvisor.FactoryGroup.DisplayName","type":"property","refpurpose":"Nombre de carpeta","deprecated":"true","href":"ref\/modeladvisor.factorygroup.displayname.html"},{"name":"ModelAdvisor.getModelConfiguration","type":"function","fcntype":"simple","refpurpose":"Obtener la configuración de Model Advisor asociada con el modelo","href":"ref\/modeladvisor.getmodelconfiguration.html"},{"name":"ModelAdvisor.Group","type":"class","refpurpose":"(No recomendado) Definir carpeta personalizada","deprecated":"true","href":"ref\/modeladvisor.group-class.html"},{"name":"ModelAdvisor.Group.DisplayName","type":"property","refpurpose":"(No recomendado) Nombre de la carpeta","deprecated":"true","href":"ref\/modeladvisor.group.displayname.html"},{"name":"ModelAdvisor.InputParameter","type":"class","refpurpose":"Agregar parámetros de entrada a comprobaciones personalizadas","href":"ref\/modeladvisor.inputparameter-class.html"},{"name":"ModelAdvisor.InputParameter.Value","type":"property","refpurpose":"Valor del parámetro de entrada","href":"ref\/modeladvisor.inputparameter.value.html"},{"name":"ModelAdvisor.LineBreak","type":"object","refpurpose":"Insertar salto de línea","href":"ref\/modeladvisor.linebreak.html"},{"name":"ModelAdvisor.List","type":"object","refpurpose":"Crear clase con formato de lista","href":"ref\/modeladvisor.list.html"},{"name":"ModelAdvisor.List","type":"function","fcntype":"constructor","refpurpose":"Crear clase con formato de lista","href":"ref\/modeladvisor.list.html"},{"name":"ModelAdvisor.ListViewParameter.Name","type":"property","refpurpose":"Entrada de lista desplegable","href":"ref\/modeladvisor.listviewparameter.name.html"},{"name":"ModelAdvisor.Paragraph","type":"class","refpurpose":"Crear y dar formato a un párrafo","href":"ref\/modeladvisor.paragraph-class.html"},{"name":"ModelAdvisor.Procedure.addTask","type":"method","fcntype":"instancemethod","refpurpose":"Agregar tarea al procedimiento","href":"ref\/modeladvisor.procedure.addtask.html"},{"name":"ModelAdvisor.Procedure","type":"function","fcntype":"constructor","refpurpose":"Definir procedimientos personalizados","href":"ref\/modeladvisor.procedure.html"},{"name":"ModelAdvisor.Procedure","type":"object","refpurpose":"Definir procedimientos personalizados","href":"ref\/modeladvisor.procedure.html"},{"name":"ModelAdvisor.Procedure.Description","type":"property","refpurpose":"Detalles del procedimiento","href":"ref\/modeladvisor.procedure.html"},{"name":"ModelAdvisor.Procedure.DisplayName","type":"property","refpurpose":"Nombre del procedimiento","href":"ref\/modeladvisor.procedure.html"},{"name":"ModelAdvisor.Procedure.ID","type":"property","refpurpose":"Identificador único","href":"ref\/modeladvisor.procedure.html"},{"name":"ModelAdvisor.Procedure.MAObj","type":"property","refpurpose":"Objeto Model Advisor","href":"ref\/modeladvisor.procedure.html"},{"name":"ModelAdvisor.Root.publish","type":"method","fcntype":"instancemethod","refpurpose":"Publicar objeto en la raíz de Model Advisor","href":"ref\/modeladvisor.root.publish.html"},{"name":"ModelAdvisor.Root","type":"object","refpurpose":"Identificar el nodo raíz","href":"ref\/modeladvisor.root.html"},{"name":"ModelAdvisor.Root","type":"function","fcntype":"constructor","refpurpose":"Identificar el nodo raíz","href":"ref\/modeladvisor.root.html"},{"name":"ModelAdvisor.setDefaultConfiguration","type":"function","fcntype":"simple","refpurpose":"Establecer la configuración de Model Advisor","href":"ref\/modeladvisor.setdefaultconfiguration.html"},{"name":"ModelAdvisor.setModelConfiguration","type":"function","fcntype":"simple","refpurpose":"Establecer la configuración de Model Advisor asociada con el modelo","href":"ref\/modeladvisor.setmodelconfiguration.html"},{"name":"ModelAdvisor.Table.setRowHeading","type":"method","fcntype":"instancemethod","refpurpose":"Especificar el título de la fila de la tabla","href":"ref\/modeladvisor.table.setrowheading.html"},{"name":"ModelAdvisor.Task","type":"class","refpurpose":"Definir tareas personalizadas","href":"ref\/modeladvisor.task-class.html"},{"name":"ModelAdvisor.Task.DisplayName","type":"property","refpurpose":"Nombre de la tarea","href":"ref\/modeladvisor.task.displayname.html"},{"name":"ModelAdvisor.Task.Visible","type":"property","refpurpose":"Indicar si se debe mostrar u ocultar la tarea","href":"ref\/modeladvisor.task.visible.html"},{"name":"setBold","type":"function","fcntype":"instancemethod","refpurpose":"Especificar texto en negrita en los resultados del análisis de Model Advisor","href":"ref\/modeladvisor.text.setbold.html"},{"name":"ModelAdvisor.Text.setBold","type":"method","fcntype":"instancemethod","refpurpose":"Especificar texto en negrita en los resultados del análisis de Model Advisor","href":"ref\/modeladvisor.text.setbold.html"},{"name":"ModelAdvisor.Text.setSuperscript","type":"method","fcntype":"instancemethod","refpurpose":"Especificar texto en superíndice","href":"ref\/modeladvisor.text.setsuperscript.html"},{"name":"ModelAdvisor.Text.setUnderlined","type":"method","fcntype":"instancemethod","refpurpose":"Subrayar texto","href":"ref\/modeladvisor.text.setunderlined.html"},{"name":"Model Design Dashboard","type":"app","refpurpose":"Recopilar datos de métricas del modelo y evaluar la calidad en el proyecto","href":"ref\/modeldesigndashboard-app.html"},{"name":"SLSlicerAPI.SLSlicer.activate","type":"method","fcntype":"instancemethod","refpurpose":"Activar el modelo para su análisis","href":"ref\/slslicerapi.slslicer.activate.html"},{"name":"SLSlicerAPI.SLSlicer.slice","type":"method","fcntype":"instancemethod","refpurpose":"Crear un segmento de modelo a partir del área resaltada","href":"ref\/slslicerapi.slslicer.slice.html"}]}