{"schema":"referenceapi_lookup_schema.json","schemaVersion":"1.0","docVersion":"doc25a.2968260.Bdoc25a.2967890.pass.r2025a","productName":"Simulink Control Design","baseCode":"SD","helpFolder":"slcontrol","helpLocation":"slcontrol",  "refItems" : [{"name":"Active Disturbance Rejection Control","type":"block","refpurpose":"不明なダイナミクスおよび外乱があるプラント用のコントローラーを設計する","href":"ug\/activedisturbancerejectioncontrol.html"},{"name":"addoutputspec","type":"function","fcntype":"simple","refpurpose":"出力仕様を操作点の仕様に追加","href":"ug\/addoutputspec.html"},{"name":"Barrier Certificate Enforcement","type":"block","refpurpose":"制御動作を変更し、バリア証明書の制約およびアクション範囲を満たす","href":"ug\/barriercertificateenforcement.html"},{"name":"Bode Plot、Check Bode Characteristics","type":"block","refpurpose":"非線形 Simulink モデルから計算した線形システムのボード線図","href":"ug\/bodeplot.html"},{"name":"Check Nichols Characteristics","type":"block","refpurpose":"シミュレーション時に、ニコルス応答のゲイン余裕と位相余裕の範囲が満たされていることを確認します。","href":"ug\/checknicholscharacteristics.html"},{"name":"Check Pole-Zero Characteristics","type":"block","refpurpose":"シミュレーション時に、極の位置の範囲が満たされていることを確認します。","href":"ug\/checkpolezerocharacteristics.html"},{"name":"Check Singular Value Characteristics","type":"block","refpurpose":"シミュレーション時に、特異値が指定範囲内にあることを確認します。","href":"ug\/checksingularvaluecharacteristics.html"},{"name":"Closed-Loop PID Autotuner","type":"block","refpurpose":"閉ループの実験から推定したプラント周波数応答に基づき PID ゲインをリアルタイムで自動調整","href":"ug\/closedlooppidautotuner.html"},{"name":"Constraint Enforcement","type":"block","refpurpose":"制御動作を変更し、制約およびアクション範囲を満たす","href":"ug\/constraintenforcement.html"},{"name":"Control Design Onramp with Simulink","type":"tool","refpurpose":"無料の自己学習形式の対話型 Simulink Control Design コース","href":"ug\/controldesignonrampwithsimulink.html"},{"name":"Extremum Seeking Control","type":"block","refpurpose":"目的関数の最大化によるコントローラー パラメーターのリアルタイムでの計算","href":"ug\/extremumseekingcontrol.html"},{"name":"fastRestartForLinearAnalysis","type":"function","fcntype":"simple","refpurpose":"線形解析の高速リスタート","href":"ug\/fastrestartforlinearanalysis.html"},{"name":"findop","type":"function","fcntype":"simple","refpurpose":"仕様 (平衡化) またはシミュレーションからの定常状態の操作点","href":"ug\/findop.html"},{"name":"findopOptions","type":"function","fcntype":"simple","refpurpose":"仕様から操作点を検出するオプションの設定","href":"ug\/findopoptions.html"},{"name":"Frequency Response Estimator","type":"block","refpurpose":"シミュレーション時またはリアルタイムでプラントの周波数応答を推定","href":"ug\/frequencyresponseestimator.html"},{"name":"frest.Chirp","type":"function","fcntype":"constructor","refpurpose":"スイープ周波数の余弦入力信号","href":"ug\/frest.chirp.html"},{"name":"frest.Chirp","type":"object","refpurpose":"スイープ周波数の余弦入力信号","href":"ug\/frest.chirp.html"},{"name":"frest.Chirp.Amplitude","type":"property","refpurpose":"信号振幅","href":"ug\/frest.chirp.html"},{"name":"frest.Chirp.FreqRange","type":"property","refpurpose":"信号の周波数範囲","href":"ug\/frest.chirp.html"},{"name":"frest.Chirp.FreqUnits","type":"property","refpurpose":"周波数の単位","href":"ug\/frest.chirp.html"},{"name":"frest.Chirp.SampleTime","type":"property","refpurpose":"サンプル時間","href":"ug\/frest.chirp.html"},{"name":"frest.Chirp.NumSamples","type":"property","refpurpose":"サンプル数","href":"ug\/frest.chirp.html"},{"name":"frest.Chirp.SweepMethod","type":"property","refpurpose":"瞬時周波数の展開メソッド","href":"ug\/frest.chirp.html"},{"name":"frest.Chirp.Shape","type":"property","refpurpose":"2 次スイープ放物線の形状","href":"ug\/frest.chirp.html"},{"name":"frest.Chirp.InitialPhase","type":"property","refpurpose":"チャープ信号の初期位相","href":"ug\/frest.chirp.html"},{"name":"frest.createFixedTsSinestream","type":"function","fcntype":"simple","refpurpose":"固定サンプル時間の Sinestream 入力信号","href":"ug\/frest.createfixedtssinestream.html"},{"name":"frest.createStep","type":"function","fcntype":"simple","refpurpose":"ステップ入力信号の作成","href":"ug\/frest.createstep.html"},{"name":"frest.findDepend","type":"function","fcntype":"simple","refpurpose":"モデルのパス依存関係のリスト","href":"ug\/frest.finddepend.html"},{"name":"frest.findSources","type":"function","fcntype":"simple","refpurpose":"時変ソース ブロックを特定します。","href":"ug\/frest.findsources.html"},{"name":"frest.PRBS","type":"function","fcntype":"constructor","refpurpose":"2 値疑似乱数列入力信号","href":"ug\/frest.prbs.html"},{"name":"frest.PRBS","type":"object","refpurpose":"2 値疑似乱数列入力信号","href":"ug\/frest.prbs.html"},{"name":"frest.PRBS.Amplitude","type":"property","refpurpose":"信号振幅","href":"ug\/frest.prbs.html"},{"name":"frest.PRBS.Ts","type":"property","refpurpose":"信号のサンプル時間","href":"ug\/frest.prbs.html"},{"name":"frest.PRBS.Order","type":"property","refpurpose":"信号の次数","href":"ug\/frest.prbs.html"},{"name":"frest.PRBS.NumPeriods","type":"property","refpurpose":"周期数","href":"ug\/frest.prbs.html"},{"name":"frest.PRBS.OneSamplePerClockPeriod","type":"property","refpurpose":"クロック周期あたり 1 つのサンプルか複数のサンプルのいずれに対して信号を一定に維持するかを指定するオプション","href":"ug\/frest.prbs.html"},{"name":"frest.PRBS.UseWindow","type":"property","refpurpose":"入力信号にウィンドウベースのフィルター処理を適用するオプション","href":"ug\/frest.prbs.html"},{"name":"frest.Random","type":"function","fcntype":"constructor","refpurpose":"乱数入力信号","href":"ug\/frest.random.html"},{"name":"frest.Random","type":"object","refpurpose":"乱数入力信号","href":"ug\/frest.random.html"},{"name":"frest.Random.Amplitude","type":"property","refpurpose":"信号振幅","href":"ug\/frest.random.html"},{"name":"frest.Random.Ts","type":"property","refpurpose":"サンプル時間","href":"ug\/frest.random.html"},{"name":"frest.Random.NumSamples","type":"property","refpurpose":"サンプル数","href":"ug\/frest.random.html"},{"name":"frest.Random.Stream","type":"property","refpurpose":"乱数ストリーム","href":"ug\/frest.random.html"},{"name":"frest.simCompare","type":"function","fcntype":"simple","refpurpose":"非線形および線形モデルの時間領域シミュレーションのプロット","href":"ug\/frest.simcompare.html"},{"name":"frest.simView","type":"function","fcntype":"simple","refpurpose":"周波数応答モデルの時間領域および周波数領域でのプロット","href":"ug\/frest.simview.html"},{"name":"frest.Sinestream","type":"function","fcntype":"constructor","refpurpose":"一連の正弦波を含む入力信号","href":"ug\/frest.sinestream.html"},{"name":"frest.Sinestream","type":"object","refpurpose":"一連の正弦波を含む入力信号","href":"ug\/frest.sinestream.html"},{"name":"frest.Sinestream.Frequency","type":"property","refpurpose":"信号の周波数","href":"ug\/frest.sinestream.html"},{"name":"frest.Sinestream.Amplitude","type":"property","refpurpose":"信号振幅","href":"ug\/frest.sinestream.html"},{"name":"frest.Sinestream.SamplesPerPeriod","type":"property","refpurpose":"1 周期のサンプル数","href":"ug\/frest.sinestream.html"},{"name":"frest.Sinestream.FreqUnits","type":"property","refpurpose":"周波数の単位","href":"ug\/frest.sinestream.html"},{"name":"frest.Sinestream.RampPeriods","type":"property","refpurpose":"各正弦波の振幅をその最大値に引き上げるための周期の数","href":"ug\/frest.sinestream.html"},{"name":"frest.Sinestream.NumPeriods","type":"property","refpurpose":"各正弦波が最大振幅である周期の数。","href":"ug\/frest.sinestream.html"},{"name":"frest.Sinestream.SettlingPeriods","type":"property","refpurpose":"システムが定常状態に達するまでの周期数","href":"ug\/frest.sinestream.html"},{"name":"frest.Sinestream.ApplyFilteringInFRESTIMATE","type":"property","refpurpose":"入力信号の周波数選択性 FIR フィルター処理を適用するフラグ","href":"ug\/frest.sinestream.html"},{"name":"frest.Sinestream.SimulationOrder","type":"property","refpurpose":"個々の入力信号の周波数が挿入される順序","href":"ug\/frest.sinestream.html"},{"name":"frestimate","type":"function","fcntype":"simple","refpurpose":"Simulink モデルの周波数応答の推定","href":"ug\/frestimate.html"},{"name":"frestimateOptions","type":"function","fcntype":"simple","refpurpose":"周波数応答推定のオプション","href":"ug\/frestimateoptions.html"},{"name":"fselect","type":"function","fcntype":"simple","refpurpose":"指定された周波数で sinestream 信号を抽出","href":"ug\/fselect.html"},{"name":"Gain and Phase Margin Plot、Check Gain and Phase Margins","type":"block","refpurpose":"非線形化 Simulink モデルから近似した線形化システムのゲイン余裕と位相余裕","href":"ug\/gainandphasemarginplot.html"},{"name":"generateTimeseries","type":"function","fcntype":"simple","refpurpose":"入力信号の時間領域データの生成","href":"ug\/generatetimeseries.html"},{"name":"get","type":"function","fcntype":"simple","refpurpose":"線形化 I\/O および操作点のプロパティ","href":"ug\/get.html"},{"name":"getinputstruct","type":"function","fcntype":"simple","refpurpose":"操作点からの入力値の取得","href":"ug\/getinputstruct.html"},{"name":"getlinio","type":"function","fcntype":"simple","refpurpose":"Simulink モデル、Linear Analysis Plots ブロック、または Model Verification ブロックから線形解析ポイントを取得","href":"ug\/getlinio.html"},{"name":"getlinplant","type":"function","fcntype":"simple","refpurpose":"Simulink 図から開ループ プラント モデルを計算します。","href":"ug\/getlinplant.html"},{"name":"getOffsetsForLPV","type":"function","fcntype":"simple","refpurpose":"線形化の結果から LPV オフセットを抽出","href":"ug\/getoffsetsforlpv.html"},{"name":"getSimulationTime","type":"function","fcntype":"simple","refpurpose":"周波数応答推定のシミュレーションの最終時間","href":"ug\/getsimulationtime.html"},{"name":"getStateIndex","type":"function","fcntype":"simple","refpurpose":"操作点の仕様の状態要素のインデックスを取得","href":"ug\/getstateindex.html"},{"name":"getstatestruct","type":"function","fcntype":"simple","refpurpose":"操作点からの状態値の取得","href":"ug\/getstatestruct.html"},{"name":"getxu","type":"function","fcntype":"simple","refpurpose":"操作点からの状態と入力","href":"ug\/getxu.html"},{"name":"initopspec","type":"function","fcntype":"simple","refpurpose":"操作点の指定値の初期化","href":"ug\/initopspec.html"},{"name":"Linearization Manager","type":"app","refpurpose":"線形解析ポイントとブロック線形化の管理","href":"ug\/linearizationmanager-app.html"},{"name":"linearize.advisor.BlockDiagnostic","type":"object","refpurpose":"個々のブロック線形化に関する診断情報","href":"ug\/linearize.advisor.blockdiagnostic.html"},{"name":"linearize.advisor.BlockDiagnostic.IsOnPath","type":"property","refpurpose":"ブロックが線形化パス上にあるかどうかを示すフラグ","href":"ug\/linearize.advisor.blockdiagnostic.html"},{"name":"linearize.advisor.BlockDiagnostic.ContributesToLinearization","type":"property","refpurpose":"ブロックがモデルの線形化に数値的に影響するかどうかを示すフラグ","href":"ug\/linearize.advisor.blockdiagnostic.html"},{"name":"linearize.advisor.BlockDiagnostic.DiagnosticMessages","type":"property","refpurpose":"診断メッセージ","href":"ug\/linearize.advisor.blockdiagnostic.html"},{"name":"linearize.advisor.BlockDiagnostic.BlockPath","type":"property","refpurpose":"ブロック パス","href":"ug\/linearize.advisor.blockdiagnostic.html"},{"name":"linearize.advisor.BlockDiagnostic.HasDiagnostics","type":"property","refpurpose":"ブロックに診断メッセージをあるかどうかを示すフラグ","href":"ug\/linearize.advisor.blockdiagnostic.html"},{"name":"linearize.advisor.BlockDiagnostic.Linearization","type":"property","refpurpose":"ブロックの線形化","href":"ug\/linearize.advisor.blockdiagnostic.html"},{"name":"linearize.advisor.BlockDiagnostic.LinearizationMethod","type":"property","refpurpose":"線形化の方法","href":"ug\/linearize.advisor.blockdiagnostic.html"},{"name":"linearize.advisor.BlockDiagnostic.OperatingPoint","type":"property","refpurpose":"操作点","href":"ug\/linearize.advisor.blockdiagnostic.html"},{"name":"linearize.advisor.BlockOperatingPoint","type":"object","refpurpose":"ブロックが線形化される操作点","href":"ug\/linearize.advisor.blockoperatingpoint.html"},{"name":"linearize.advisor.BlockOperatingPoint.States","type":"property","refpurpose":"ブロックの状態値","href":"ug\/linearize.advisor.blockoperatingpoint.html"},{"name":"linearize.advisor.BlockOperatingPoint.Inputs","type":"property","refpurpose":"ブロックの入力値","href":"ug\/linearize.advisor.blockoperatingpoint.html"},{"name":"linearize.advisor.BlockOperatingPoint.BlockPath","type":"property","refpurpose":"ブロック パス","href":"ug\/linearize.advisor.blockoperatingpoint.html"},{"name":"advise","type":"function","fcntype":"instancemethod","refpurpose":"線形化で問題が生じる可能性のあるブロックの検出","href":"ug\/linearize.advisor.linearizationadvisor.advise.html"},{"name":"linearize.advisor.LinearizationAdvisor.advise","type":"method","fcntype":"instancemethod","refpurpose":"線形化で問題が生じる可能性のあるブロックの検出","href":"ug\/linearize.advisor.linearizationadvisor.advise.html"},{"name":"find","type":"function","fcntype":"instancemethod","refpurpose":"線形化の結果で特定の条件を満たすブロックを検出","href":"ug\/linearize.advisor.linearizationadvisor.find.html"},{"name":"linearize.advisor.LinearizationAdvisor.find","type":"method","fcntype":"instancemethod","refpurpose":"線形化の結果で特定の条件を満たすブロックを検出","href":"ug\/linearize.advisor.linearizationadvisor.find.html"},{"name":"getBlockInfo","type":"function","fcntype":"instancemethod","refpurpose":"ブロック線形化の診断情報の取得","href":"ug\/linearize.advisor.linearizationadvisor.getblockinfo.html"},{"name":"linearize.advisor.LinearizationAdvisor.getBlockInfo","type":"method","fcntype":"instancemethod","refpurpose":"ブロック線形化の診断情報の取得","href":"ug\/linearize.advisor.linearizationadvisor.getblockinfo.html"},{"name":"getBlockPaths","type":"function","fcntype":"instancemethod","refpurpose":"LinearizationAdvisor オブジェクト内のブロックのリストの取得","href":"ug\/linearize.advisor.linearizationadvisor.getblockpaths.html"},{"name":"linearize.advisor.LinearizationAdvisor.getBlockPaths","type":"method","fcntype":"instancemethod","refpurpose":"LinearizationAdvisor オブジェクト内のブロックのリストの取得","href":"ug\/linearize.advisor.linearizationadvisor.getblockpaths.html"},{"name":"highlight","type":"function","fcntype":"instancemethod","refpurpose":"Simulink モデルの線形化パスの強調表示","href":"ug\/linearize.advisor.linearizationadvisor.highlight.html"},{"name":"linearize.advisor.LinearizationAdvisor.highlight","type":"method","fcntype":"instancemethod","refpurpose":"Simulink モデルの線形化パスの強調表示","href":"ug\/linearize.advisor.linearizationadvisor.highlight.html"},{"name":"linearize.advisor.LinearizationAdvisor","type":"object","refpurpose":"線形化結果のトラブルシューティングのための診断情報","href":"ug\/linearize.advisor.linearizationadvisor.html"},{"name":"linearize.advisor.LinearizationAdvisor.Model","type":"property","refpurpose":"Simulink モデル","href":"ug\/linearize.advisor.linearizationadvisor.html"},{"name":"linearize.advisor.LinearizationAdvisor.AnalysisPoints","type":"property","refpurpose":"線形解析ポイント","href":"ug\/linearize.advisor.linearizationadvisor.html"},{"name":"linearize.advisor.LinearizationAdvisor.OperatingPoint","type":"property","refpurpose":"操作点","href":"ug\/linearize.advisor.linearizationadvisor.html"},{"name":"linearize.advisor.LinearizationAdvisor.Parameters","type":"property","refpurpose":"パラメーター サンプル","href":"ug\/linearize.advisor.linearizationadvisor.html"},{"name":"linearize.advisor.LinearizationAdvisor.LinearizationOptions","type":"property","refpurpose":"線形化アルゴリズム オプション","href":"ug\/linearize.advisor.linearizationadvisor.html"},{"name":"linearize.advisor.LinearizationAdvisor.BlockDiagnostics","type":"property","refpurpose":"診断情報","href":"ug\/linearize.advisor.linearizationadvisor.html"},{"name":"linearize.advisor.LinearizationAdvisor.QueryType","type":"property","refpurpose":"クエリ タイプ","href":"ug\/linearize.advisor.linearizationadvisor.html"},{"name":"linearize.advisor.LinearizationAdvisor.Description","type":"property","refpurpose":"クエリの説明","href":"ug\/linearize.advisor.linearizationadvisor.html"},{"name":"linearize.advisor.query.CompoundQuery","type":"object","refpurpose":"線形化の結果で特定のブロックを検出する複雑なクエリ オブジェクト","href":"ug\/linearize.advisor.query.compoundquery.html"},{"name":"linearize.advisor.query.CompoundQuery.QueryType","type":"property","refpurpose":"クエリ タイプ","href":"ug\/linearize.advisor.query.compoundquery.html"},{"name":"linearize.advisor.query.CompoundQuery.Description","type":"property","refpurpose":"クエリの説明","href":"ug\/linearize.advisor.query.compoundquery.html"},{"name":"linearize","type":"function","fcntype":"simple","refpurpose":"Simulink モデルまたはサブシステムの線形近似","href":"ug\/linearize.html"},{"name":"linearizeOptions","type":"function","fcntype":"simple","refpurpose":"線形化オプションの設定","href":"ug\/linearizeoptions.html"},{"name":"Linear Step Response Plot、Check Linear Step Response Characteristics","type":"block","refpurpose":"非線形 Simulink モデルから計算した線形システムのステップ応答","href":"ug\/linearstepresponseplot.html"},{"name":"linio","type":"function","fcntype":"simple","refpurpose":"Simulink モデル、Linear Analysis Plots ブロックまたは Model Verification ブロックに対し線形解析ポイントを作成","href":"ug\/linio.html"},{"name":"linlft","type":"function","fcntype":"simple","refpurpose":"指定されたブロックの影響を取り除きながら、モデルを線形化します。","href":"ug\/linlft.html"},{"name":"linlftfold","type":"function","fcntype":"simple","refpurpose":"指定されたブロックとモデルの線形化結果を組み合わせる","href":"ug\/linlftfold.html"},{"name":"linqueryAdvise","type":"function","fcntype":"constructor","refpurpose":"線形化で問題が生じる可能性のあるブロックを検出するためのクエリ オブジェクト","href":"ug\/linqueryadvise.html"},{"name":"linqueryAdvise","type":"object","refpurpose":"線形化で問題が生じる可能性のあるブロックを検出するためのクエリ オブジェクト","href":"ug\/linqueryadvise.html"},{"name":"linqueryAdvise.QueryType","type":"property","refpurpose":"クエリ タイプ","href":"ug\/linqueryadvise.html"},{"name":"linqueryAdvise.Description","type":"property","refpurpose":"クエリの説明","href":"ug\/linqueryadvise.html"},{"name":"linqueryAllBlocks","type":"function","fcntype":"constructor","refpurpose":"線形化されたすべてのブロックを検出するためのクエリ オブジェクト","href":"ug\/linqueryallblocks.html"},{"name":"linqueryAllBlocks","type":"object","refpurpose":"線形化されたすべてのブロックを検出するためのクエリ オブジェクト","href":"ug\/linqueryallblocks.html"},{"name":"linqueryAllBlocks.QueryType","type":"property","refpurpose":"クエリ タイプ","href":"ug\/linqueryallblocks.html"},{"name":"linqueryAllBlocks.Description","type":"property","refpurpose":"クエリの説明","href":"ug\/linqueryallblocks.html"},{"name":"linqueryContributesToLinearization","type":"function","fcntype":"constructor","refpurpose":"モデルの線形化結果に寄与するブロックを検出するためのクエリ オブジェクト","href":"ug\/linquerycontributestolinearization.html"},{"name":"linqueryContributesToLinearization","type":"object","refpurpose":"モデルの線形化結果に寄与するブロックを検出するためのクエリ オブジェクト","href":"ug\/linquerycontributestolinearization.html"},{"name":"linqueryContributesToLinearization.QueryType","type":"property","refpurpose":"クエリ タイプ","href":"ug\/linquerycontributestolinearization.html"},{"name":"linqueryContributesToLinearization.Description","type":"property","refpurpose":"クエリの説明","href":"ug\/linquerycontributestolinearization.html"},{"name":"linqueryHasDiagnostics","type":"function","fcntype":"constructor","refpurpose":"自らの線形化についての診断メッセージをもつブロックを検出するためのクエリ オブジェクト","href":"ug\/linqueryhasdiagnostics.html"},{"name":"linqueryHasDiagnostics","type":"object","refpurpose":"自らの線形化についての診断メッセージをもつブロックを検出するためのクエリ オブジェクト","href":"ug\/linqueryhasdiagnostics.html"},{"name":"linqueryHasDiagnostics.QueryType","type":"property","refpurpose":"クエリ タイプ","href":"ug\/linqueryhasdiagnostics.html"},{"name":"linqueryHasDiagnostics.Description","type":"property","refpurpose":"クエリの説明","href":"ug\/linqueryhasdiagnostics.html"},{"name":"linqueryHasInputs","type":"function","fcntype":"constructor","refpurpose":"指定された数の入力をもつブロックを検出するためのクエリ オブジェクト","href":"ug\/linqueryhasinputs.html"},{"name":"linqueryHasInputs","type":"object","refpurpose":"指定された数の入力をもつブロックを検出するためのクエリ オブジェクト","href":"ug\/linqueryhasinputs.html"},{"name":"linqueryHasInputs.NumInputs","type":"property","refpurpose":"ブロック入力の数","href":"ug\/linqueryhasinputs.html"},{"name":"linqueryHasInputs.QueryType","type":"property","refpurpose":"クエリ タイプ","href":"ug\/linqueryhasinputs.html"},{"name":"linqueryHasInputs.Description","type":"property","refpurpose":"クエリの説明","href":"ug\/linqueryhasinputs.html"},{"name":"linqueryHasOrder","type":"function","fcntype":"constructor","refpurpose":"指定された数の状態をもつブロックを検出するためのクエリ オブジェクト","href":"ug\/linqueryhasorder.html"},{"name":"linqueryHasOrder","type":"object","refpurpose":"指定された数の状態をもつブロックを検出するためのクエリ オブジェクト","href":"ug\/linqueryhasorder.html"},{"name":"linqueryHasOrder.NumStates","type":"property","refpurpose":"ブロックの状態数","href":"ug\/linqueryhasorder.html"},{"name":"linqueryHasOrder.QueryType","type":"property","refpurpose":"クエリ タイプ","href":"ug\/linqueryhasorder.html"},{"name":"linqueryHasOrder.Description","type":"property","refpurpose":"クエリの説明","href":"ug\/linqueryhasorder.html"},{"name":"linqueryHasOutputs","type":"function","fcntype":"constructor","refpurpose":"指定された数の出力をもつブロックを検出するためのクエリ オブジェクト","href":"ug\/linqueryhasoutputs.html"},{"name":"linqueryHasOutputs","type":"object","refpurpose":"指定された数の出力をもつブロックを検出するためのクエリ オブジェクト","href":"ug\/linqueryhasoutputs.html"},{"name":"linqueryHasOutputs.NumOutputs","type":"property","refpurpose":"ブロックの出力数","href":"ug\/linqueryhasoutputs.html"},{"name":"linqueryHasOutputs.QueryType","type":"property","refpurpose":"クエリ タイプ","href":"ug\/linqueryhasoutputs.html"},{"name":"linqueryHasOutputs.Description","type":"property","refpurpose":"クエリの説明","href":"ug\/linqueryhasoutputs.html"},{"name":"linqueryHasSampleTime","type":"function","fcntype":"constructor","refpurpose":"指定されたサンプル時間をもつブロックを検出するためのクエリ オブジェクト","href":"ug\/linqueryhassampletime.html"},{"name":"linqueryHasSampleTime","type":"object","refpurpose":"指定されたサンプル時間をもつブロックを検出するためのクエリ オブジェクト","href":"ug\/linqueryhassampletime.html"},{"name":"linqueryHasSampleTime.Ts","type":"property","refpurpose":"サンプル","href":"ug\/linqueryhassampletime.html"},{"name":"linqueryHasSampleTime.QueryType","type":"property","refpurpose":"クエリ タイプ","href":"ug\/linqueryhassampletime.html"},{"name":"linqueryHasSampleTime.Description","type":"property","refpurpose":"クエリの説明","href":"ug\/linqueryhassampletime.html"},{"name":"linqueryHasZeroIOPair","type":"function","fcntype":"constructor","refpurpose":"ゼロに線形化される入力\/出力ペアを少なくとも 1 つもつブロックを検出するためのクエリ オブジェクト","href":"ug\/linqueryhaszeroiopair.html"},{"name":"linqueryHasZeroIOPair","type":"object","refpurpose":"ゼロに線形化される入力\/出力ペアを少なくとも 1 つもつブロックを検出するためのクエリ オブジェクト","href":"ug\/linqueryhaszeroiopair.html"},{"name":"linqueryHasZeroIOPair.QueryType","type":"property","refpurpose":"クエリ タイプ","href":"ug\/linqueryhaszeroiopair.html"},{"name":"linqueryHasZeroIOPair.Description","type":"property","refpurpose":"クエリの説明","href":"ug\/linqueryhaszeroiopair.html"},{"name":"linqueryIsBlockSubstituted","type":"function","fcntype":"constructor","refpurpose":"カスタムのブロック線形化が指定されているブロックを検出するためのクエリ オブジェクト","href":"ug\/linqueryisblocksubstituted.html"},{"name":"linqueryIsBlockSubstituted","type":"object","refpurpose":"カスタムのブロック線形化が指定されているブロックを検出するためのクエリ オブジェクト","href":"ug\/linqueryisblocksubstituted.html"},{"name":"linqueryIsBlockSubstituted.QueryType","type":"property","refpurpose":"クエリ タイプ","href":"ug\/linqueryisblocksubstituted.html"},{"name":"linqueryIsBlockSubstituted.Description","type":"property","refpurpose":"クエリの説明","href":"ug\/linqueryisblocksubstituted.html"},{"name":"linqueryIsBlockType","type":"function","fcntype":"constructor","refpurpose":"指定されたタイプのブロックを検出するためのクエリ オブジェクト","href":"ug\/linqueryisblocktype.html"},{"name":"linqueryIsBlockType","type":"object","refpurpose":"指定されたタイプのブロックを検出するためのクエリ オブジェクト","href":"ug\/linqueryisblocktype.html"},{"name":"linqueryIsBlockType.QueryType","type":"property","refpurpose":"クエリ タイプ","href":"ug\/linqueryisblocktype.html"},{"name":"linqueryIsBlockType.Description","type":"property","refpurpose":"クエリの説明","href":"ug\/linqueryisblocktype.html"},{"name":"linqueryIsExact","type":"function","fcntype":"constructor","refpurpose":"定義された正確な線形化を使用して線形化されたブロックを検出するためのクエリ オブジェクト","href":"ug\/linqueryisexact.html"},{"name":"linqueryIsExact","type":"object","refpurpose":"定義された正確な線形化を使用して線形化されたブロックを検出するためのクエリ オブジェクト","href":"ug\/linqueryisexact.html"},{"name":"linqueryIsExact.QueryType","type":"property","refpurpose":"クエリ タイプ","href":"ug\/linqueryisexact.html"},{"name":"linqueryIsExact.Description","type":"property","refpurpose":"クエリの説明","href":"ug\/linqueryisexact.html"},{"name":"linqueryIsNumericallyPerturbed","type":"function","fcntype":"constructor","refpurpose":"数値摂動法を使用して線形化されたブロックを検出するためのクエリ オブジェクト","href":"ug\/linqueryisnumericallyperturbed.html"},{"name":"linqueryIsNumericallyPerturbed","type":"object","refpurpose":"数値摂動法を使用して線形化されたブロックを検出するためのクエリ オブジェクト","href":"ug\/linqueryisnumericallyperturbed.html"},{"name":"linqueryIsNumericallyPerturbed.QueryType","type":"property","refpurpose":"クエリ タイプ","href":"ug\/linqueryisnumericallyperturbed.html"},{"name":"linqueryIsNumericallyPerturbed.Description","type":"property","refpurpose":"クエリの説明","href":"ug\/linqueryisnumericallyperturbed.html"},{"name":"linqueryIsOnPath","type":"function","fcntype":"constructor","refpurpose":"線形化パス上にあるブロックを検出するためのクエリ オブジェクト","href":"ug\/linqueryisonpath.html"},{"name":"linqueryIsOnPath","type":"object","refpurpose":"線形化パス上にあるブロックを検出するためのクエリ オブジェクト","href":"ug\/linqueryisonpath.html"},{"name":"linqueryIsOnPath.QueryType","type":"property","refpurpose":"クエリ タイプ","href":"ug\/linqueryisonpath.html"},{"name":"linqueryIsOnPath.Description","type":"property","refpurpose":"クエリの説明","href":"ug\/linqueryisonpath.html"},{"name":"linqueryIsZero","type":"function","fcntype":"constructor","refpurpose":"ゼロに線形化するブロックを検出するためのクエリ オブジェクト","href":"ug\/linqueryiszero.html"},{"name":"linqueryIsZero","type":"object","refpurpose":"ゼロに線形化するブロックを検出するためのクエリ オブジェクト","href":"ug\/linqueryiszero.html"},{"name":"linqueryIsZero.QueryType","type":"property","refpurpose":"クエリ タイプ","href":"ug\/linqueryiszero.html"},{"name":"linqueryIsZero.Description","type":"property","refpurpose":"クエリの説明","href":"ug\/linqueryiszero.html"},{"name":"Model Linearizer","type":"app","refpurpose":"Simulink モデルの線形化","href":"ug\/modellinearizer-app.html"},{"name":"Model Reference Adaptive Control","type":"block","refpurpose":"制御対象システムを参照モデルに追従させる制御動作の計算","href":"ug\/modelreferenceadaptivecontrol.html"},{"name":"Nichols Plot","type":"block","refpurpose":"非線形 Simulink モデルから近似した線形システムのニコルス線図","href":"ug\/nicholsplot.html"},{"name":"getInputIndex","type":"function","fcntype":"instancemethod","refpurpose":"操作点の仕様の入力要素のインデックスを取得","href":"ug\/opcond.operatingspec.getinputindex.html"},{"name":"opcond.OperatingSpec.getInputIndex","type":"method","fcntype":"instancemethod","refpurpose":"操作点の仕様の入力要素のインデックスを取得","href":"ug\/opcond.operatingspec.getinputindex.html"},{"name":"opcond.OperatingPoint.getInputIndex","type":"method","fcntype":"instancemethod","refpurpose":"操作点の仕様の入力要素のインデックスを取得","href":"ug\/opcond.operatingspec.getinputindex.html"},{"name":"opcond.OperatingReport.getInputIndex","type":"method","fcntype":"instancemethod","refpurpose":"操作点の仕様の入力要素のインデックスを取得","href":"ug\/opcond.operatingspec.getinputindex.html"},{"name":"getOutputIndex","type":"function","fcntype":"instancemethod","refpurpose":"操作点の仕様の出力要素のインデックスを取得","href":"ug\/opcond.operatingspec.getoutputindex.html"},{"name":"opcond.OperatingSpec.getOutputIndex","type":"method","fcntype":"instancemethod","refpurpose":"操作点の仕様の出力要素のインデックスを取得","href":"ug\/opcond.operatingspec.getoutputindex.html"},{"name":"opcond.OperatingReport.getOutputIndex","type":"method","fcntype":"instancemethod","refpurpose":"操作点の仕様の出力要素のインデックスを取得","href":"ug\/opcond.operatingspec.getoutputindex.html"},{"name":"Open-Loop PID Autotuner","type":"block","refpurpose":"開ループ実験から推定されたプラントの周波数応答に基づき PID ゲインをリアルタイムで自動調整","href":"ug\/openlooppidautotuner.html"},{"name":"operpoint","type":"function","fcntype":"simple","refpurpose":"Simulink モデルの操作点を作成","href":"ug\/operpoint.html"},{"name":"copy","type":"function","fcntype":"instancemethod","refpurpose":"操作点または操作点仕様のコピー","href":"ug\/operspec.copy.html"},{"name":"operspec.copy","type":"method","fcntype":"instancemethod","refpurpose":"操作点または操作点仕様のコピー","href":"ug\/operspec.copy.html"},{"name":"operpoint.copy","type":"method","fcntype":"instancemethod","refpurpose":"操作点または操作点仕様のコピー","href":"ug\/operspec.copy.html"},{"name":"operspec","type":"function","fcntype":"simple","refpurpose":"操作点の仕様","href":"ug\/operspec.html"},{"name":"Pole-Zero Plot","type":"block","refpurpose":"非線形 Simulink モデルから近似した線形システムの極-零点プロット","href":"ug\/polezeroplot.html"},{"name":"set","type":"function","fcntype":"simple","refpurpose":"線形化 I\/O と操作点のプロパティを設定します。","href":"ug\/set.html"},{"name":"setlinio","type":"function","fcntype":"simple","refpurpose":"Simulink モデル、Linear Analysis Plots ブロックまたは Model Verification ブロックに線形解析ポイントを保存","href":"ug\/setlinio.html"},{"name":"setxu","type":"function","fcntype":"simple","refpurpose":"操作点に状態と入力を設定します。","href":"ug\/setxu.html"},{"name":"Singular Value Plot","type":"block","refpurpose":"非線形 Simulink モデルから近似した線形システムの特異値プロット","href":"ug\/singularvalueplot.html"},{"name":"addOpening","type":"function","fcntype":"instancemethod","refpurpose":"slLinearizer または slTuner インターフェイスの開始点リストに信号を追加","href":"ug\/sllinearizer.addopening.html"},{"name":"slLinearizer.addOpening","type":"method","fcntype":"instancemethod","refpurpose":"slLinearizer または slTuner インターフェイスの開始点リストに信号を追加","href":"ug\/sllinearizer.addopening.html"},{"name":"slTuner.addOpening","type":"method","fcntype":"instancemethod","refpurpose":"slLinearizer または slTuner インターフェイスの開始点リストに信号を追加","href":"ug\/sllinearizer.addopening.html"},{"name":"addPoint","type":"function","fcntype":"instancemethod","refpurpose":"slLinearizer または slTuner インターフェイスの解析ポイントのリストに信号を追加","href":"ug\/sllinearizer.addpoint.html"},{"name":"slLinearizer.addPoint","type":"method","fcntype":"instancemethod","refpurpose":"slLinearizer または slTuner インターフェイスの解析ポイントのリストに信号を追加","href":"ug\/sllinearizer.addpoint.html"},{"name":"slTuner.addPoint","type":"method","fcntype":"instancemethod","refpurpose":"slLinearizer または slTuner インターフェイスの解析ポイントのリストに信号を追加","href":"ug\/sllinearizer.addpoint.html"},{"name":"getCompSensitivity","type":"function","fcntype":"instancemethod","refpurpose":"slLinearizer または slTuner インターフェイスを使用する、指定された点での相補感度関数","href":"ug\/sllinearizer.getcompsensitivity.html"},{"name":"slLinearizer.getCompSensitivity","type":"method","fcntype":"instancemethod","refpurpose":"slLinearizer または slTuner インターフェイスを使用する、指定された点での相補感度関数","href":"ug\/sllinearizer.getcompsensitivity.html"},{"name":"slTuner.getCompSensitivity","type":"method","fcntype":"instancemethod","refpurpose":"slLinearizer または slTuner インターフェイスを使用する、指定された点での相補感度関数","href":"ug\/sllinearizer.getcompsensitivity.html"},{"name":"getIOTransfer","type":"function","fcntype":"instancemethod","refpurpose":"slLinearizer または slTuner インターフェイスを使用して指定された I\/O セットの伝達関数","href":"ug\/sllinearizer.getiotransfer.html"},{"name":"slLinearizer.getIOTransfer","type":"method","fcntype":"instancemethod","refpurpose":"slLinearizer または slTuner インターフェイスを使用して指定された I\/O セットの伝達関数","href":"ug\/sllinearizer.getiotransfer.html"},{"name":"slTuner.getIOTransfer","type":"method","fcntype":"instancemethod","refpurpose":"slLinearizer または slTuner インターフェイスを使用して指定された I\/O セットの伝達関数","href":"ug\/sllinearizer.getiotransfer.html"},{"name":"getLoopTransfer","type":"function","fcntype":"instancemethod","refpurpose":"slLinearizer または slTuner インターフェイスを使用した指定点での開ループ伝達関数","href":"ug\/sllinearizer.getlooptransfer.html"},{"name":"slLinearizer.getLoopTransfer","type":"method","fcntype":"instancemethod","refpurpose":"slLinearizer または slTuner インターフェイスを使用した指定点での開ループ伝達関数","href":"ug\/sllinearizer.getlooptransfer.html"},{"name":"slTuner.getLoopTransfer","type":"method","fcntype":"instancemethod","refpurpose":"slLinearizer または slTuner インターフェイスを使用した指定点での開ループ伝達関数","href":"ug\/sllinearizer.getlooptransfer.html"},{"name":"getOpenings","type":"function","fcntype":"instancemethod","refpurpose":"slLinearizer または slTuner インターフェイスの開始点のリストを取得","href":"ug\/sllinearizer.getopenings.html"},{"name":"slLinearizer.getOpenings","type":"method","fcntype":"instancemethod","refpurpose":"slLinearizer または slTuner インターフェイスの開始点のリストを取得","href":"ug\/sllinearizer.getopenings.html"},{"name":"slTuner.getOpenings","type":"method","fcntype":"instancemethod","refpurpose":"slLinearizer または slTuner インターフェイスの開始点のリストを取得","href":"ug\/sllinearizer.getopenings.html"},{"name":"getPoints","type":"function","fcntype":"instancemethod","refpurpose":"slLinearizer または slTuner インターフェイスの解析ポイントのリストを取得","href":"ug\/sllinearizer.getpoints.html"},{"name":"slLinearizer.getPoints","type":"method","fcntype":"instancemethod","refpurpose":"slLinearizer または slTuner インターフェイスの解析ポイントのリストを取得","href":"ug\/sllinearizer.getpoints.html"},{"name":"slTuner.getPoints","type":"method","fcntype":"instancemethod","refpurpose":"slLinearizer または slTuner インターフェイスの解析ポイントのリストを取得","href":"ug\/sllinearizer.getpoints.html"},{"name":"getSensitivity","type":"function","fcntype":"instancemethod","refpurpose":"slLinearizer または slTuner インターフェイスを使用した指定された点での感度関数","href":"ug\/sllinearizer.getsensitivity.html"},{"name":"slLinearizer.getSensitivity","type":"method","fcntype":"instancemethod","refpurpose":"slLinearizer または slTuner インターフェイスを使用した指定された点での感度関数","href":"ug\/sllinearizer.getsensitivity.html"},{"name":"slTuner.getSensitivity","type":"method","fcntype":"instancemethod","refpurpose":"slLinearizer または slTuner インターフェイスを使用した指定された点での感度関数","href":"ug\/sllinearizer.getsensitivity.html"},{"name":"refresh","type":"function","fcntype":"instancemethod","refpurpose":"slLinearizer または slTuner インターフェイスを現在のモデル状態と再同期","href":"ug\/sllinearizer.refresh.html"},{"name":"slLinearizer.refresh","type":"method","fcntype":"instancemethod","refpurpose":"slLinearizer または slTuner インターフェイスを現在のモデル状態と再同期","href":"ug\/sllinearizer.refresh.html"},{"name":"slTuner.refresh","type":"method","fcntype":"instancemethod","refpurpose":"slLinearizer または slTuner インターフェイスを現在のモデル状態と再同期","href":"ug\/sllinearizer.refresh.html"},{"name":"removeAllOpenings","type":"function","fcntype":"instancemethod","refpurpose":"slLinearizer または slTuner インターフェイスの永続的な開始点のリストからすべての開始点を削除","href":"ug\/sllinearizer.removeallopenings.html"},{"name":"slLinearizer.removeAllOpenings","type":"method","fcntype":"instancemethod","refpurpose":"slLinearizer または slTuner インターフェイスの永続的な開始点のリストからすべての開始点を削除","href":"ug\/sllinearizer.removeallopenings.html"},{"name":"slTuner.removeAllOpenings","type":"method","fcntype":"instancemethod","refpurpose":"slLinearizer または slTuner インターフェイスの永続的な開始点のリストからすべての開始点を削除","href":"ug\/sllinearizer.removeallopenings.html"},{"name":"removeAllPoints","type":"function","fcntype":"instancemethod","refpurpose":"slLinearizer または slTuner インターフェイスの解析ポイントのリストからすべての点を削除","href":"ug\/sllinearizer.removeallpoints.html"},{"name":"slLinearizer.removeAllPoints","type":"method","fcntype":"instancemethod","refpurpose":"slLinearizer または slTuner インターフェイスの解析ポイントのリストからすべての点を削除","href":"ug\/sllinearizer.removeallpoints.html"},{"name":"slTuner.removeAllPoints","type":"method","fcntype":"instancemethod","refpurpose":"slLinearizer または slTuner インターフェイスの解析ポイントのリストからすべての点を削除","href":"ug\/sllinearizer.removeallpoints.html"},{"name":"removeOpening","type":"function","fcntype":"instancemethod","refpurpose":"slLinearizer または slTuner インターフェイスの永続的なループ開始点のリストから開始点を削除","href":"ug\/sllinearizer.removeopening.html"},{"name":"slLinearizer.removeOpening","type":"method","fcntype":"instancemethod","refpurpose":"slLinearizer または slTuner インターフェイスの永続的なループ開始点のリストから開始点を削除","href":"ug\/sllinearizer.removeopening.html"},{"name":"slTuner.removeOpening","type":"method","fcntype":"instancemethod","refpurpose":"slLinearizer または slTuner インターフェイスの永続的なループ開始点のリストから開始点を削除","href":"ug\/sllinearizer.removeopening.html"},{"name":"removePoint","type":"function","fcntype":"instancemethod","refpurpose":"slLinearizer または slTuner インターフェイスの解析ポイントのリストから点を削除","href":"ug\/sllinearizer.removepoint.html"},{"name":"slLinearizer.removePoint","type":"method","fcntype":"instancemethod","refpurpose":"slLinearizer または slTuner インターフェイスの解析ポイントのリストから点を削除","href":"ug\/sllinearizer.removepoint.html"},{"name":"slTuner.removePoint","type":"method","fcntype":"instancemethod","refpurpose":"slLinearizer または slTuner インターフェイスの解析ポイントのリストから点を削除","href":"ug\/sllinearizer.removepoint.html"},{"name":"slLinearizer","type":"function","fcntype":"constructor","refpurpose":"Simulink モデルのバッチ線形化のインターフェイス","href":"ug\/sllinearizer.html"},{"name":"slLinearizer","type":"object","refpurpose":"Simulink モデルのバッチ線形化のインターフェイス","href":"ug\/sllinearizer.html"},{"name":"slLinearizer.Model","type":"property","refpurpose":"モデル名","href":"ug\/sllinearizer.html"},{"name":"slLinearizer.Options","type":"property","refpurpose":"線形化アルゴリズム オプション","href":"ug\/sllinearizer.html"},{"name":"slLinearizer.OperatingPoints","type":"property","refpurpose":"モデルを線形化するための操作点","href":"ug\/sllinearizer.html"},{"name":"slLinearizer.Parameters","type":"property","refpurpose":"パラメーター サンプル","href":"ug\/sllinearizer.html"},{"name":"slLinearizer.BlockSubstitutions","type":"property","refpurpose":"ブロックおよびモデル サブシステムの代替の線形化","href":"ug\/sllinearizer.html"},{"name":"slLinearizer.TimeUnit","type":"property","refpurpose":"線形化モデルの時間単位","href":"ug\/sllinearizer.html"},{"name":"addBlock","type":"function","fcntype":"instancemethod","refpurpose":"slTuner インターフェイスの調整ブロックのリストにブロックを追加","href":"ug\/sltuner.addblock.html"},{"name":"slTuner.addBlock","type":"method","fcntype":"instancemethod","refpurpose":"slTuner インターフェイスの調整ブロックのリストにブロックを追加","href":"ug\/sltuner.addblock.html"},{"name":"getBlockParam","type":"function","fcntype":"instancemethod","refpurpose":"slTuner インターフェイス内の調整ブロックのパラメーター化を取得","href":"ug\/sltuner.getblockparam.html"},{"name":"slTuner.getBlockParam","type":"method","fcntype":"instancemethod","refpurpose":"slTuner インターフェイス内の調整ブロックのパラメーター化を取得","href":"ug\/sltuner.getblockparam.html"},{"name":"getBlockRateConversion","type":"function","fcntype":"instancemethod","refpurpose":"slTuner インターフェイスの調整ブロックのレート変換設定を取得","href":"ug\/sltuner.getblockrateconversion.html"},{"name":"slTuner.getBlockRateConversion","type":"method","fcntype":"instancemethod","refpurpose":"slTuner インターフェイスの調整ブロックのレート変換設定を取得","href":"ug\/sltuner.getblockrateconversion.html"},{"name":"getBlockValue","type":"function","fcntype":"instancemethod","refpurpose":"slTuner インターフェイス内の調整ブロックのパラメーター化の現在値を取得","href":"ug\/sltuner.getblockvalue.html"},{"name":"slTuner.getBlockValue","type":"method","fcntype":"instancemethod","refpurpose":"slTuner インターフェイス内の調整ブロックのパラメーター化の現在値を取得","href":"ug\/sltuner.getblockvalue.html"},{"name":"getTunedValue","type":"function","fcntype":"instancemethod","refpurpose":"slTuner インターフェイスにおける調整された変数の現在の値を取得","href":"ug\/sltuner.gettunedvalue.html"},{"name":"slTuner.getTunedValue","type":"method","fcntype":"instancemethod","refpurpose":"slTuner インターフェイスにおける調整された変数の現在の値を取得","href":"ug\/sltuner.gettunedvalue.html"},{"name":"looptune","type":"function","fcntype":"instancemethod","refpurpose":"slTuner インターフェイスを使用して Simulink の MIMO フィードバック ループを調整","href":"ug\/sltuner.looptune.html"},{"name":"slTuner.looptune","type":"method","fcntype":"instancemethod","refpurpose":"slTuner インターフェイスを使用して Simulink の MIMO フィードバック ループを調整","href":"ug\/sltuner.looptune.html"},{"name":"looptuneSetup","type":"function","fcntype":"instancemethod","refpurpose":"slTuner インターフェイスを使用して looptune の調整設定を systune の調整設定として構築","href":"ug\/sltuner.looptunesetup.html"},{"name":"slTuner.looptuneSetup","type":"method","fcntype":"instancemethod","refpurpose":"slTuner インターフェイスを使用して looptune の調整設定を systune の調整設定として構築","href":"ug\/sltuner.looptunesetup.html"},{"name":"loopview","type":"function","fcntype":"instancemethod","refpurpose":"slTuner インターフェイスを用いて制御システムの調整結果をグラフィカルに解析","href":"ug\/sltuner.loopview.html"},{"name":"slTuner.loopview","type":"method","fcntype":"instancemethod","refpurpose":"slTuner インターフェイスを用いて制御システムの調整結果をグラフィカルに解析","href":"ug\/sltuner.loopview.html"},{"name":"removeBlock","type":"function","fcntype":"instancemethod","refpurpose":"slTuner インターフェイスの調整ブロックのリストからブロックを削除","href":"ug\/sltuner.removeblock.html"},{"name":"slTuner.removeBlock","type":"method","fcntype":"instancemethod","refpurpose":"slTuner インターフェイスの調整ブロックのリストからブロックを削除","href":"ug\/sltuner.removeblock.html"},{"name":"setBlockParam","type":"function","fcntype":"instancemethod","refpurpose":"slTuner インターフェイス内の調整ブロックのパラメーター化を設定","href":"ug\/sltuner.setblockparam.html"},{"name":"slTuner.setBlockParam","type":"method","fcntype":"instancemethod","refpurpose":"slTuner インターフェイス内の調整ブロックのパラメーター化を設定","href":"ug\/sltuner.setblockparam.html"},{"name":"setBlockRateConversion","type":"function","fcntype":"instancemethod","refpurpose":"slTuner インターフェイスの調整ブロックのレート変換を設定","href":"ug\/sltuner.setblockrateconversion.html"},{"name":"slTuner.setBlockRateConversion","type":"method","fcntype":"instancemethod","refpurpose":"slTuner インターフェイスの調整ブロックのレート変換を設定","href":"ug\/sltuner.setblockrateconversion.html"},{"name":"setBlockValue","type":"function","fcntype":"instancemethod","refpurpose":"slTuner インターフェイス内の調整ブロックのパラメーター化の値を設定","href":"ug\/sltuner.setblockvalue.html"},{"name":"slTuner.setBlockValue","type":"method","fcntype":"instancemethod","refpurpose":"slTuner インターフェイス内の調整ブロックのパラメーター化の値を設定","href":"ug\/sltuner.setblockvalue.html"},{"name":"setTunedValue","type":"function","fcntype":"instancemethod","refpurpose":"slTuner インターフェイスにおける調整された変数の現在の値の設定","href":"ug\/sltuner.settunedvalue.html"},{"name":"slTuner.setTunedValue","type":"method","fcntype":"instancemethod","refpurpose":"slTuner インターフェイスにおける調整された変数の現在の値の設定","href":"ug\/sltuner.settunedvalue.html"},{"name":"showTunable","type":"function","fcntype":"instancemethod","refpurpose":"slTuner インターフェイスの調整可能ブロックのパラメーター化の値を表示","href":"ug\/sltuner.showtunable.html"},{"name":"slTuner.showTunable","type":"method","fcntype":"instancemethod","refpurpose":"slTuner インターフェイスの調整可能ブロックのパラメーター化の値を表示","href":"ug\/sltuner.showtunable.html"},{"name":"systune","type":"function","fcntype":"instancemethod","refpurpose":"slTuner を使用して Simulink 内の制御システムのパラメーターを調整","href":"ug\/sltuner.systune.html"},{"name":"slTuner.systune","type":"method","fcntype":"instancemethod","refpurpose":"slTuner を使用して Simulink 内の制御システムのパラメーターを調整","href":"ug\/sltuner.systune.html"},{"name":"writeBlockValue","type":"function","fcntype":"instancemethod","refpurpose":"Simulink モデルのブロック値の更新","href":"ug\/sltuner.writeblockvalue.html"},{"name":"slTuner.writeBlockValue","type":"method","fcntype":"instancemethod","refpurpose":"Simulink モデルのブロック値の更新","href":"ug\/sltuner.writeblockvalue.html"},{"name":"writeLookupTableData","type":"function","fcntype":"instancemethod","refpurpose":"調整後のルックアップ テーブルの一部を更新","href":"ug\/sltuner.writelookuptabledata.html"},{"name":"slTuner.writeLookupTableData","type":"method","fcntype":"instancemethod","refpurpose":"調整後のルックアップ テーブルの一部を更新","href":"ug\/sltuner.writelookuptabledata.html"},{"name":"slTuner","type":"function","fcntype":"constructor","refpurpose":"Simulink モデルの制御システム調整のインターフェイス","href":"ug\/sltuner.html"},{"name":"slTuner","type":"object","refpurpose":"Simulink モデルの制御システム調整のインターフェイス","href":"ug\/sltuner.html"},{"name":"slTuner.Model","type":"property","refpurpose":"モデル名","href":"ug\/sltuner.html"},{"name":"slTuner.TunedBlocks","type":"property","refpurpose":"調整するブロック","href":"ug\/sltuner.html"},{"name":"slTuner.Options","type":"property","refpurpose":"調整オプション","href":"ug\/sltuner.html"},{"name":"slTuner.Ts","type":"property","refpurpose":"サンプル時間","href":"ug\/sltuner.html"},{"name":"slTuner.OperatingPoints","type":"property","refpurpose":"モデルを線形化するための操作点","href":"ug\/sltuner.html"},{"name":"slTuner.Parameters","type":"property","refpurpose":"パラメーター サンプル","href":"ug\/sltuner.html"},{"name":"slTuner.BlockSubstitutions","type":"property","refpurpose":"ブロックおよびモデル サブシステムの代替の線形化","href":"ug\/sltuner.html"},{"name":"slTuner.TimeUnit","type":"property","refpurpose":"線形化モデルの時間単位","href":"ug\/sltuner.html"},{"name":"slTunerOptions","type":"function","fcntype":"simple","refpurpose":"slTuner のインターフェイス オプションを設定","href":"ug\/sltuneroptions.html"},{"name":"Steady State Manager","type":"app","refpurpose":"Simulink モデルの操作点の検出","href":"ug\/steadystatemanager-app.html"},{"name":"Trigger-Based Operating Point Snapshot","type":"block","refpurpose":"トリガーされたイベントでの操作点の生成","href":"ug\/triggerbasedoperatingpointsnapshot.html"}]}