{"schema":"referenceapi_lookup_schema.json","schemaVersion":"1.0","docVersion":"doc25a.2968260.Bdoc25a.2967890.pass.r2025a","productName":"Simulink Coverage","baseCode":"CV","helpFolder":"slcoverage","helpLocation":"slcoverage",  "refItems" : [{"name":"要包含在覆盖率报告中的附加数据","type":"configparam","refpurpose":"报告中要包含的附加覆盖率数据","href":"ref\/additionaldatatoincludeincoveragereport.html"},{"name":"slcoverage.Filter.addRule","type":"method","fcntype":"instancemethod","refpurpose":"向过滤器添加覆盖率过滤规则","href":"ref\/addrule.html"},{"name":"slcoverage.BlockSelector.allSelectors","type":"method","fcntype":"instancemethod","refpurpose":"模型或代码元素的选择器","href":"ref\/allselectors.html"},{"name":"slcoverage.CodeSelector.allSelectors","type":"method","fcntype":"instancemethod","refpurpose":"模型或代码元素的选择器","href":"ref\/allselectors.html"},{"name":"slcoverage.Selector.allSelectors","type":"method","fcntype":"instancemethod","refpurpose":"模型或代码元素的选择器","href":"ref\/allselectors.html"},{"name":"slcoverage.MetricSelector.allSelectors","type":"method","fcntype":"instancemethod","refpurpose":"模型或代码元素的选择器","href":"ref\/allselectors.html"},{"name":"slcoverage.SFcnSelector.allSelectors","type":"method","fcntype":"instancemethod","refpurpose":"模型或代码元素的选择器","href":"ref\/allselectors.html"},{"name":"自动保存数据文件名","type":"configparam","refpurpose":"覆盖率数据文件的文件名","href":"ref\/autosavedatafilename.html"},{"name":"complexityinfo","type":"function","fcntype":"simple","refpurpose":"从 cvdata 对象中检索圈复杂度覆盖率信息","href":"ref\/complexityinfo.html"},{"name":"conditioninfo","type":"function","fcntype":"simple","refpurpose":"从 cvdata 对象中检索条件覆盖率信息","href":"ref\/conditioninfo.html"},{"name":"覆盖率过滤器文件名","type":"configparam","refpurpose":"覆盖率过滤器的文件名","href":"ref\/coveragefilterfilename.html"},{"name":"覆盖率区间开始时间","type":"configparam","refpurpose":"开始覆盖率分析的仿真时间","href":"ref\/coverageintervalstarttime.html"},{"name":"覆盖率区间停止时间","type":"configparam","refpurpose":"仿真停止覆盖率分析的时间","href":"ref\/coverageintervalstoptime.html"},{"name":"覆盖率度量设置","type":"configparam","refpurpose":"要分析的覆盖率度量","href":"ref\/coveragemetricsettings.html"},{"name":"覆盖率报告选项","type":"configparam","refpurpose":"覆盖率报告的显示选项","href":"ref\/coveragereportoptions.html"},{"name":"累积覆盖率变量名称","type":"configparam","refpurpose":"包含累计覆盖率结果的工作区变量的名称","href":"ref\/cumulativecoveragevariablename.html"},{"name":"cv.cvdatagroup","type":"class","refpurpose":"cvdata 对象的集合","href":"ref\/cv.cvdatagroup-class.html"},{"name":"cv.cvdatagroup.name","type":"property","refpurpose":"对象名称","href":"ref\/cv.cvdatagroup-class.html"},{"name":"cv.cvdatagroup.add","type":"method","fcntype":"instancemethod","refpurpose":"将 cvdata 对象添加到 cv.cvdatagroup 对象中","href":"ref\/cv.cvdatagroup.add.html"},{"name":"cv.cvdatagroup.allNames","type":"method","fcntype":"instancemethod","refpurpose":"获取 cvdata 对象中 cv.cvdatagroup 对象的名称","href":"ref\/cv.cvdatagroup.allnames.html"},{"name":"cv.cvdatagroup.allSimulationModes","type":"method","fcntype":"instancemethod","refpurpose":"获取与 cvdata 中的 cv.cvdatagroup 对象相关的所有仿真模式的名称","href":"ref\/cv.cvdatagroup.allsimulationmodes.html"},{"name":"cv.cvdatagroup.get","type":"method","fcntype":"instancemethod","refpurpose":"在 cvdata 中获取指定的 cvdatagroup 对象","href":"ref\/cv.cvdatagroup.get.html"},{"name":"cv.cvdatagroup.getAll","type":"method","fcntype":"instancemethod","refpurpose":"获取 cvdata 对象中的所有 cvdatagroup 对象","href":"ref\/cv.cvdatagroup.getall.html"},{"name":"cvdata","type":"object","refpurpose":"在 MATLAB 工作区中访问 Simulink Coverage 数据","href":"ref\/cvdata.html"},{"name":"cvdata.dbVersion","type":"property","refpurpose":"覆盖率数据来源版本","href":"ref\/cvdata.html"},{"name":"cvdata.id","type":"property","refpurpose":"内部覆盖率数据 ID","href":"ref\/cvdata.html"},{"name":"cvdata.type","type":"property","refpurpose":"内部覆盖率数据类型","href":"ref\/cvdata.html"},{"name":"cvdata.test","type":"property","refpurpose":"测试数据","href":"ref\/cvdata.html"},{"name":"cvdata.rootID","type":"property","refpurpose":"内部根 ID","href":"ref\/cvdata.html"},{"name":"cvdata.checksum","type":"property","refpurpose":"覆盖率数据校验和","href":"ref\/cvdata.html"},{"name":"cvdata.modelinfo","type":"property","refpurpose":"模型信息","href":"ref\/cvdata.html"},{"name":"cvdata.startTime","type":"property","refpurpose":"仿真开始时的系统时间","href":"ref\/cvdata.html"},{"name":"cvdata.stopTime","type":"property","refpurpose":"仿真停止时的系统时间","href":"ref\/cvdata.html"},{"name":"cvdata.intervalStartTime","type":"property","refpurpose":"覆盖率区间开始时间","href":"ref\/cvdata.html"},{"name":"cvdata.intervalStopTime","type":"property","refpurpose":"覆盖率区间停止时间","href":"ref\/cvdata.html"},{"name":"cvdata.filter","type":"property","refpurpose":"覆盖率过滤器文件名","href":"ref\/cvdata.html"},{"name":"cvdata.simMode","type":"property","refpurpose":"仿真模式","href":"ref\/cvdata.html"},{"name":"cvdata.excludeInactiveVariants","type":"property","refpurpose":"是否在覆盖率报告中排除非活动变体","href":"ref\/cvdata.html"},{"name":"cvdata 对象名称","type":"configparam","refpurpose":"包含覆盖率结果的工作区变量的名称","href":"ref\/cvdataobjectname.html"},{"name":"cvexit","type":"function","fcntype":"simple","refpurpose":"退出覆盖率环境","href":"ref\/cvexit.html"},{"name":"cvhtml","type":"function","fcntype":"simple","refpurpose":"从模型覆盖率对象创建 HTML 覆盖率报告","href":"ref\/cvhtml.html"},{"name":"cvload","type":"function","fcntype":"simple","refpurpose":"将覆盖率测试和存储结果加载到内存中","href":"ref\/cvload.html"},{"name":"cvmodelview","type":"function","fcntype":"simple","refpurpose":"通过模型突出显示来显示模型覆盖率结果","href":"ref\/cvmodelview.html"},{"name":"cvresults","type":"function","fcntype":"simple","refpurpose":"返回活动覆盖率数据，清除并从文件中加载活动覆盖率数据","href":"ref\/cvresults.html"},{"name":"cvsave","type":"function","fcntype":"simple","refpurpose":"将覆盖率设置和结果保存到文件","href":"ref\/cvsave.html"},{"name":"cvsim","type":"function","fcntype":"simple","refpurpose":"仿真并返回测试对象的模型覆盖率结果","href":"ref\/cvsim.html"},{"name":"cvtest","type":"function","fcntype":"constructor","refpurpose":"创建模型覆盖率测试设定对象","href":"ref\/cvtest.html"},{"name":"cvtest","type":"object","refpurpose":"创建模型覆盖率测试设定对象","href":"ref\/cvtest.html"},{"name":"cvtest.id","type":"property","refpurpose":"内部模型 ID","href":"ref\/cvtest.html"},{"name":"cvtest.modelcov","type":"property","refpurpose":"内部覆盖率配置 ID","href":"ref\/cvtest.html"},{"name":"cvtest.rootPath","type":"property","refpurpose":"要分析的系统的名称或句柄","href":"ref\/cvtest.html"},{"name":"cvtest.label","type":"property","refpurpose":"测试标签","href":"ref\/cvtest.html"},{"name":"cvtest.setupCmd","type":"property","refpurpose":"仿真前在 MATLAB 基础工作区中执行的命令","href":"ref\/cvtest.html"},{"name":"cvtest.settings","type":"property","refpurpose":"覆盖率设置","href":"ref\/cvtest.html"},{"name":"cvtest.options","type":"property","refpurpose":"高级覆盖率选项","href":"ref\/cvtest.html"},{"name":"cvtest.filter","type":"property","refpurpose":"覆盖率过滤器","href":"ref\/cvtest.html"},{"name":"cvtest.modelRefSettings","type":"property","refpurpose":"模型引用设置","href":"ref\/cvtest.html"},{"name":"cvtest.emlSettings","type":"property","refpurpose":"是否收集由 MATLAB 函数调用的外部程序文件的覆盖率","href":"ref\/cvtest.html"},{"name":"cvtest.sfcnSettings","type":"property","refpurpose":"是否收集 C\/C++ S-Function 模块的覆盖率","href":"ref\/cvtest.html"},{"name":"decisioninfo","type":"function","fcntype":"simple","refpurpose":"从 cvdata 对象检索决策覆盖率信息","href":"ref\/decisioninfo.html"},{"name":"启用覆盖率分析","type":"configparam","refpurpose":"分析覆盖率","href":"ref\/enablecoverageanalysis.html"},{"name":"启用累积数据采集","type":"configparam","refpurpose":"从连续仿真中收集模型覆盖率结果","href":"ref\/enablecumulativedatacollection.html"},{"name":"排除变体的非活动选择项","type":"configparam","refpurpose":"排除变体的非活动选择项","href":"ref\/excludeinactivechoicesofvariants.html"},{"name":"executioninfo","type":"function","fcntype":"simple","refpurpose":"从 cvdata 对象检索执行覆盖率信息","href":"ref\/executioninfo.html"},{"name":"extract","type":"function","fcntype":"simple","refpurpose":"从系统级覆盖率数据中提取子系统覆盖率数据","href":"ref\/extract.html"},{"name":"关系边界覆盖率绝对容差","type":"configparam","refpurpose":"关系边界覆盖率绝对容差","href":"ref\/floatingpointtoleranceabsolute.html"},{"name":"关系边界覆盖率相对容差","type":"configparam","refpurpose":"关系边界覆盖率相对容差","href":"ref\/floatingpointtolerancerelative.html"},{"name":"强制关闭模块简化","type":"configparam","refpurpose":"分析模型中每个受支持模块的覆盖率","href":"ref\/forceblockreductionoff.html"},{"name":"getCoverageInfo","type":"function","fcntype":"simple","refpurpose":"从 cvdata 对象检索 Simulink Design Verifier 模块的覆盖率信息","href":"ref\/getcoverageinfo.html"},{"name":"在覆盖率报告中包括累积数据","type":"configparam","refpurpose":"在覆盖率报告中显示连续仿真的覆盖率结果","href":"ref\/includecumulativedataincoveragereport.html"},{"name":"包含在分析中：C\/C++ S-Function","type":"configparam","refpurpose":"分析 C\/C++ S-Function 模块的覆盖率","href":"ref\/includeinanalysisccsfunctions.html"},{"name":"包含在分析中：MATLAB 文件","type":"configparam","refpurpose":"启用外部 MATLAB 文件的覆盖率","href":"ref\/includeinanalysismatlabfiles.html"},{"name":"包括顶层模型","type":"configparam","refpurpose":"在覆盖率分析中包含顶层模型","href":"ref\/includetopmodel.html"},{"name":"随每次仿真递增变量名称","type":"configparam","refpurpose":"为每个仿真创建新的覆盖率数据变量","href":"ref\/incrementvariablenamewitheachsimulation.html"},{"name":"查找表","type":"configparam","refpurpose":"启用查找表覆盖率","href":"ref\/lookuptable.html"},{"name":"mcdcinfo","type":"function","fcntype":"simple","refpurpose":"从 cvdata 对象中检索修正条件\/决策覆盖率信息","href":"ref\/mcdcinfo.html"},{"name":"MCDC 模式","type":"configparam","refpurpose":"修正条件决策覆盖率分析模式","href":"ref\/mcdcmode.html"},{"name":"目标和约束","type":"configparam","refpurpose":"实现目标和约束覆盖率","href":"ref\/objectivesandconstraints.html"},{"name":"输出目录","type":"configparam","refpurpose":"覆盖率输出文件的路径","href":"ref\/outputdirectory.html"},{"name":"overflowsaturationinfo","type":"function","fcntype":"simple","refpurpose":"从 cvdata 对象检索整数溢出覆盖率的饱和度","href":"ref\/overflowsaturationinfo.html"},{"name":"记录引用模型的覆盖率","type":"configparam","refpurpose":"分析引用模型的覆盖率","href":"ref\/recordcoverageforreferencedmodels.html"},{"name":"记录此模型的覆盖率","type":"configparam","refpurpose":"仿真期间记录覆盖率","href":"ref\/recordcoverageforthismodel.html"},{"name":"关系边界","type":"configparam","refpurpose":"启用关系边界覆盖率","href":"ref\/relationalboundary.html"},{"name":"relationalboundaryinfo","type":"function","fcntype":"simple","refpurpose":"从 cvdata 对象检索关系边界覆盖率","href":"ref\/relationalboundaryinfo.html"},{"name":"slcoverage.Filter.removeRule","type":"method","fcntype":"instancemethod","refpurpose":"从过滤器规则集中删除规则","href":"ref\/removerule.html"},{"name":"限制覆盖率记录区间","type":"configparam","refpurpose":"分析特定时间区间内的覆盖率","href":"ref\/restrictcoveragerecordinginterval.html"},{"name":"slcoverage.Filter.rules","type":"method","fcntype":"instancemethod","refpurpose":"过滤器规则","href":"ref\/rules.html"},{"name":"整数溢出饱和","type":"configparam","refpurpose":"启用整数溢出饱和覆盖率","href":"ref\/saturationonintegeroverflow.html"},{"name":"将累积覆盖率结果保存在工作区变量中","type":"configparam","refpurpose":"在单个变量中保存连续仿真的覆盖率数据","href":"ref\/savecumulativecoverageresultsinworkspacevariable.html"},{"name":"将上次运行保存在工作区变量中","type":"configparam","refpurpose":"将最新的覆盖率分析结果保存到 MATLAB 工作区","href":"ref\/savelastruninworkspacevariable.html"},{"name":"保存输出数据","type":"configparam","refpurpose":"将覆盖率数据结果保存到文件中","href":"ref\/saveoutputdata.html"},{"name":"覆盖率分析范围","type":"configparam","refpurpose":"设置覆盖率分析范围","href":"ref\/scopeofcoverageanalysis.html"},{"name":"选择模型","type":"configparam","refpurpose":"选择要包含在覆盖率分析中的模型","href":"ref\/selectmodels.html"},{"name":"选择子系统","type":"configparam","refpurpose":"选择要包含在覆盖率分析中的子系统","href":"ref\/selectsubsystem.html"},{"name":"信号范围","type":"configparam","refpurpose":"启用信号范围覆盖率","href":"ref\/signalrange.html"},{"name":"信号大小","type":"configparam","refpurpose":"启用信号大小覆盖率","href":"ref\/signalsize.html"},{"name":"sigrangeinfo","type":"function","fcntype":"simple","refpurpose":"从 cvdata 对象检索信号范围覆盖率信息","href":"ref\/sigrangeinfo.html"},{"name":"sigsizeinfo","type":"function","fcntype":"simple","refpurpose":"从 cvdata 对象检索信号大小覆盖率信息","href":"ref\/sigsizeinfo.html"},{"name":"slcoverage.BlockSelector","type":"class","refpurpose":"选择覆盖率过滤器的模块","href":"ref\/slcoverage.blockselector-class.html"},{"name":"slcoverage.BlockSelector.ConstructorCode","type":"property","refpurpose":"用于创建此选择器对象的代码","href":"ref\/slcoverage.blockselector-class.html"},{"name":"slcoverage.BlockSelector.Description","type":"property","refpurpose":"选择器的描述","href":"ref\/slcoverage.blockselector-class.html"},{"name":"slcoverage.BlockSelector.Id","type":"property","refpurpose":"模型元素标识符","href":"ref\/slcoverage.blockselector-class.html"},{"name":"slcoverage.BlockSelector.Type","type":"property","refpurpose":"模块选择器类型","href":"ref\/slcoverage.blockselector-class.html"},{"name":"slcoverage.CodeSelector","type":"class","refpurpose":"为覆盖率过滤器选择自定义 C 或 C++ 代码","href":"ref\/slcoverage.codeselector-class.html"},{"name":"slcoverage.CodeSelector.Type","type":"property","refpurpose":"要选择的自定义 C 或 C++ 代码类型","href":"ref\/slcoverage.codeselector-class.html"},{"name":"slcoverage.CodeSelector.FileName","type":"property","refpurpose":"要选择的 C 或 C++ 文件","href":"ref\/slcoverage.codeselector-class.html"},{"name":"slcoverage.CodeSelector.FunctionName","type":"property","refpurpose":"要选择的 C 或 C++ 函数","href":"ref\/slcoverage.codeselector-class.html"},{"name":"slcoverage.CodeSelector.Expr","type":"property","refpurpose":"选择的决策或条件表达式","href":"ref\/slcoverage.codeselector-class.html"},{"name":"slcoverage.CodeSelector.ExprIndex","type":"property","refpurpose":"表达式索引","href":"ref\/slcoverage.codeselector-class.html"},{"name":"slcoverage.CodeSelector.OutcomeIndex","type":"property","refpurpose":"要选择的结果索引","href":"ref\/slcoverage.codeselector-class.html"},{"name":"slcoverage.CodeSelector.DecOrCondIndex","type":"property","refpurpose":"父表达式索引","href":"ref\/slcoverage.codeselector-class.html"},{"name":"slcoverage.CodeSelector.ConstructorCode","type":"property","refpurpose":"用于创建此选择器对象的代码","href":"ref\/slcoverage.codeselector-class.html"},{"name":"slcoverage.CodeSelector.Description","type":"property","refpurpose":"选择器的描述","href":"ref\/slcoverage.codeselector-class.html"},{"name":"slcoverage.CodeSelector.Id","type":"property","refpurpose":"模型元素标识符","href":"ref\/slcoverage.codeselector-class.html"},{"name":"slcoverage.Filter","type":"class","refpurpose":"覆盖率过滤器设置","href":"ref\/slcoverage.filter-class.html"},{"name":"slcoverage.Filter.filterDescription","type":"method","fcntype":"instancemethod","refpurpose":"获取覆盖率过滤器对象的描述","href":"ref\/slcoverage.filter.filterdescription.html"},{"name":"slcoverage.Filter.filterName","type":"method","fcntype":"instancemethod","refpurpose":"获取覆盖率过滤器对象的名称","href":"ref\/slcoverage.filter.filtername.html"},{"name":"slcoverage.Filter.save","type":"method","fcntype":"instancemethod","refpurpose":"将覆盖率过滤器对象保存到覆盖率过滤器文件","href":"ref\/slcoverage.filter.save.html"},{"name":"slcoverage.Filter.setFilterDescription","type":"method","fcntype":"instancemethod","refpurpose":"设置覆盖率过滤器对象的描述","href":"ref\/slcoverage.filter.setfilterdescription.html"},{"name":"slcoverage.Filter.setFilterName","type":"method","fcntype":"instancemethod","refpurpose":"设置覆盖率过滤器对象的名称","href":"ref\/slcoverage.filter.setfiltername.html"},{"name":"slcoverage.FilterRule","type":"class","refpurpose":"创建覆盖率过滤器规则","href":"ref\/slcoverage.filterrule-class.html"},{"name":"slcoverage.FilterRule.selector","type":"property","refpurpose":"规则的选择器","href":"ref\/slcoverage.filterrule-class.html"},{"name":"slcoverage.FilterRule.rationale","type":"property","refpurpose":"过滤器规则的基本原理","href":"ref\/slcoverage.filterrule-class.html"},{"name":"slcoverage.FilterRule.mode","type":"property","refpurpose":"过滤器模式","href":"ref\/slcoverage.filterrule-class.html"},{"name":"slcoverage.MetricSelector","type":"class","refpurpose":"选择覆盖率过滤器的度量标准","href":"ref\/slcoverage.metricselector-class.html"},{"name":"slcoverage.MetricSelector.ConstructorCode","type":"property","refpurpose":"用于创建此选择器对象的代码","href":"ref\/slcoverage.metricselector-class.html"},{"name":"slcoverage.MetricSelector.Description","type":"property","refpurpose":"选择器的描述","href":"ref\/slcoverage.metricselector-class.html"},{"name":"slcoverage.MetricSelector.Id","type":"property","refpurpose":"元素标识符","href":"ref\/slcoverage.metricselector-class.html"},{"name":"slcoverage.MetricSelector.ObjectiveIndex","type":"property","refpurpose":"目标索引","href":"ref\/slcoverage.metricselector-class.html"},{"name":"slcoverage.MetricSelector.OutcomeIndex","type":"property","refpurpose":"结果索引","href":"ref\/slcoverage.metricselector-class.html"},{"name":"slcoverage.MetricSelector.Type","type":"property","refpurpose":"度量选择器类型","href":"ref\/slcoverage.metricselector-class.html"},{"name":"slcoverage.Selector","type":"class","refpurpose":"获取所有类型的选择器","href":"ref\/slcoverage.selector-class.html"},{"name":"slcoverage.Selector.ConstructorCode","type":"property","refpurpose":"用于创建此选择器对象的代码","href":"ref\/slcoverage.selector-class.html"},{"name":"slcoverage.Selector.Description","type":"property","refpurpose":"选择器的描述","href":"ref\/slcoverage.selector-class.html"},{"name":"slcoverage.Selector.Id","type":"property","refpurpose":"元素标识符","href":"ref\/slcoverage.selector-class.html"},{"name":"slcoverage.Selector.Type","type":"property","refpurpose":"选择器类型","href":"ref\/slcoverage.selector-class.html"},{"name":"slcoverage.SFcnSelector","type":"class","refpurpose":"选择 S-Function 标准作为过滤规则","href":"ref\/slcoverage.sfcnselector-class.html"},{"name":"slcoverage.SFcnSelector.Type","type":"property","refpurpose":"S-Function 的类型","href":"ref\/slcoverage.sfcnselector-class.html"},{"name":"slcoverage.SFcnSelector.Id","type":"property","refpurpose":"模型元素标识符","href":"ref\/slcoverage.sfcnselector-class.html"},{"name":"slcoverage.SFcnSelector.FileName","type":"property","refpurpose":"要选择的 C 或 C++ 文件","href":"ref\/slcoverage.sfcnselector-class.html"},{"name":"slcoverage.SFcnSelector.FunctionName","type":"property","refpurpose":"要选择的 C 或 C++ 函数","href":"ref\/slcoverage.sfcnselector-class.html"},{"name":"slcoverage.SFcnSelector.Expr","type":"property","refpurpose":"要选择的表达式","href":"ref\/slcoverage.sfcnselector-class.html"},{"name":"slcoverage.SFcnSelector.ExprIndex","type":"property","refpurpose":"表达式索引","href":"ref\/slcoverage.sfcnselector-class.html"},{"name":"slcoverage.SFcnSelector.OutcomeIndex","type":"property","refpurpose":"要选择的结果索引","href":"ref\/slcoverage.sfcnselector-class.html"},{"name":"slcoverage.SFcnSelector.DecOrCondIndex","type":"property","refpurpose":"父表达式索引","href":"ref\/slcoverage.sfcnselector-class.html"},{"name":"slcoverage.SFcnSelector.Description","type":"property","refpurpose":"选择器的描述","href":"ref\/slcoverage.sfcnselector-class.html"},{"name":"slcoverage.SFcnSelector.ConstructorCode","type":"property","refpurpose":"用于创建此选择器对象的代码","href":"ref\/slcoverage.sfcnselector-class.html"},{"name":"slcovmex","type":"function","fcntype":"simple","refpurpose":"从 C\/C++ 代码构建兼容覆盖率的 MEX 函数","href":"ref\/slcovmex.html"},{"name":"slvnvextract","type":"function","fcntype":"simple","refpurpose":"将原子子系统或子图内容提取到新模型中","href":"ref\/slvnvextract.html"},{"name":"slvnvharnessopts","type":"function","fcntype":"simple","refpurpose":"为 slvnvmakeharness 生成默认选项","href":"ref\/slvnvharnessopts.html"},{"name":"slvnvlogsignals","type":"function","fcntype":"simple","refpurpose":"在仿真期间记录组件或模型的测试数据","href":"ref\/slvnvlogsignals.html"},{"name":"slvnvmakeharness","type":"function","fcntype":"simple","refpurpose":"生成 Simulink Coverage 框架模型","href":"ref\/slvnvmakeharness.html"},{"name":"slvnvmergedata","type":"function","fcntype":"simple","refpurpose":"合并来自数据文件的测试数据","href":"ref\/slvnvmergedata.html"},{"name":"slvnvmergeharness","type":"function","fcntype":"simple","refpurpose":"结合框架模型的测试数据","href":"ref\/slvnvmergeharness.html"},{"name":"slvnvruncgvtest","type":"function","fcntype":"simple","refpurpose":"使用代码生成验证 (CGV) API 执行模型","href":"ref\/slvnvruncgvtest.html"},{"name":"slvnvruntest","type":"function","fcntype":"simple","refpurpose":"使用输入数据仿真模型","href":"ref\/slvnvruntest.html"},{"name":"slvnvruntestopts","type":"function","fcntype":"simple","refpurpose":"为 slvnvruntest 或 slvnvruncgvtest 生成仿真或执行选项","href":"ref\/slvnvruntestopts.html"},{"name":"slwebview_cov","type":"function","fcntype":"simple","refpurpose":"将 Simulink 模型导出到覆盖率的 Web 视图","href":"ref\/slwebview_cov.html"},{"name":"结构覆盖率等级","type":"configparam","refpurpose":"要分析的覆盖率类型","href":"ref\/structuralcoveragelevel.html"},{"name":"tableinfo","type":"function","fcntype":"simple","refpurpose":"从 cvdata 对象检索查找表覆盖率信息","href":"ref\/tableinfo.html"},{"name":"将 Simulink 逻辑模块视为短路","type":"configparam","refpurpose":"在覆盖率分析期间使用逻辑短路","href":"ref\/treatsimulinklogicblocksasshortcircuited.html"},{"name":"暂停时更新覆盖率结果","type":"configparam","refpurpose":"暂停时更新覆盖率结果","href":"ref\/updatecoverageresultsonpause.html"},{"name":"当模型中存在不受支持的模块时发出警告","type":"configparam","refpurpose":"如果 Simulink Coverage 检测到不受支持的模块，则显示警告","href":"ref\/warnwhenunsupportedblocksexistinmodel.html"}]}