{"schema":"referenceapi_lookup_schema.json","schemaVersion":"1.0","docVersion":"doc25a.2968260.Bdoc25a.2967890.pass.r2025a","productName":"Simulink Control Design","baseCode":"SD","helpFolder":"slcontrol","helpLocation":"slcontrol",  "refItems" : [{"name":"Active Disturbance Rejection Control","type":"block","refpurpose":"동특성과 외란을 알 수 없는 플랜트에 대한 제어기 설계","href":"ug\/activedisturbancerejectioncontrol.html"},{"name":"addoutputspec","type":"function","fcntype":"simple","refpurpose":"동작점 사양에 출력 사양 추가","href":"ug\/addoutputspec.html"},{"name":"Change Operating Points","type":"block","refpurpose":"시뮬레이션 중에 동작점 간 전환","href":"ug\/changeoperatingpoints.html"},{"name":"Control Design Onramp with Simulink","type":"tool","refpurpose":"대화형 방식의 무료 자기 주도형 Simulink Control Design 교육과정","href":"ug\/controldesignonrampwithsimulink.html"},{"name":"frest.createStep","type":"function","fcntype":"simple","refpurpose":"계단 입력 신호 만들기","href":"ug\/frest.createstep.html"},{"name":"frest.Random","type":"function","fcntype":"constructor","refpurpose":"랜덤 입력 신호","href":"ug\/frest.random.html"},{"name":"frest.Random","type":"object","refpurpose":"랜덤 입력 신호","href":"ug\/frest.random.html"},{"name":"frest.Random.Amplitude","type":"property","refpurpose":"신호 진폭","href":"ug\/frest.random.html"},{"name":"frest.Random.Ts","type":"property","refpurpose":"샘플 시간","href":"ug\/frest.random.html"},{"name":"frest.Random.NumSamples","type":"property","refpurpose":"샘플의 개수","href":"ug\/frest.random.html"},{"name":"frest.Random.Stream","type":"property","refpurpose":"난수 스트림","href":"ug\/frest.random.html"},{"name":"fselect","type":"function","fcntype":"simple","refpurpose":"특정 주파수에서 사인스트림 신호 추출","href":"ug\/fselect.html"},{"name":"generateTimeseries","type":"function","fcntype":"simple","refpurpose":"입력 신호에 대한 시간 영역 데이터 생성","href":"ug\/generatetimeseries.html"},{"name":"Linearization Manager","type":"app","refpurpose":"선형 분석점 및 블록 선형화를 관리합니다.","href":"ug\/linearizationmanager-app.html"},{"name":"linio","type":"function","fcntype":"simple","refpurpose":"Simulink 모델, Linear Analysis Plots의 블록, Model Verification 블록에 대한 선형 분석점 만들기","href":"ug\/linio.html"},{"name":"Model Linearizer","type":"app","refpurpose":"Simulink 모델 선형화","href":"ug\/modellinearizer-app.html"},{"name":"Steady State Manager","type":"app","refpurpose":"Simulink 모델의 동작점 찾기","href":"ug\/steadystatemanager-app.html"},{"name":"Trigger-Based Operating Point Snapshot","type":"block","refpurpose":"트리거된 이벤트에서 동작점 생성하기","href":"ug\/triggerbasedoperatingpointsnapshot.html"}]}