{"schema":"referenceapi_lookup_schema.json","schemaVersion":"1.0","docVersion":"doc25a.2968260.Bdoc25a.2967890.pass.r2025a","productName":"Simulink Desktop Real-Time","baseCode":"WT","helpFolder":"sldrt","helpLocation":"sldrt",  "refItems" : [{"name":"Analog Input","type":"block","refpurpose":"Read from one or multiple analog input channels","href":"ref\/analoginput.html"},{"name":"Analog Output","type":"block","refpurpose":"Write to one or multiple analog output channels","href":"ref\/analogoutput.html"},{"name":"Board setup","type":"tool","refpurpose":"Open a board-specific dialog box to set up the data acquisition board for Simulink Desktop Real-Time","href":"ref\/boardsetup.html"},{"name":"Code replacement library","type":"configparam","refpurpose":"Specify a target-specific floating-point math library extension","href":"ref\/codereplacementlibrary.html"},{"name":"Counter Input","type":"block","refpurpose":"Read from one or multiple counter-input channels","href":"ref\/counterinput.html"},{"name":"Digital Input","type":"block","refpurpose":"Read from one or multiple digital input channels","href":"ref\/digitalinput.html"},{"name":"Digital Output","type":"block","refpurpose":"Write to one or multiple digital output channels","href":"ref\/digitaloutput.html"},{"name":"Encoder Input","type":"block","refpurpose":"Read from one or multiple incremental encoder input channels","href":"ref\/encoderinput.html"},{"name":"Execution Time","type":"block","refpurpose":"Output total execution time in Run in Kernel mode","href":"ref\/executiontime.html"},{"name":"External mode","type":"configparam","refpurpose":"Enable client\/server communication between Simulink software and an application","href":"ref\/externalmode.html"},{"name":"Frequency Output","type":"block","refpurpose":"Write to one or multiple frequency or PWM output channels","href":"ref\/frequencyoutput.html"},{"name":"Generate assembly listings","type":"configparam","refpurpose":"Instruct the C compiler to generate assembly listings for the generated code","href":"ref\/generateassemblylistings.html"},{"name":"MEX-file arguments","type":"configparam","refpurpose":"Specify external mode MEX arguments","href":"ref\/mexfilearguments.html"},{"name":"Other Input","type":"block","refpurpose":"Read from one or more input channels not handled by specific blocks","href":"ref\/otherinput.html"},{"name":"Other Output","type":"block","refpurpose":"Write to one or more output channels not handled by specific blocks","href":"ref\/otheroutput.html"},{"name":"Packet Input","type":"block","refpurpose":"Read binary data or a CAN message from a communication channel","href":"ref\/packetinput.html"},{"name":"Packet Output","type":"block","refpurpose":"Write binary data or a CAN message to a communication channel","href":"ref\/packetoutput.html"},{"name":"Real-Time Sync","type":"block","refpurpose":"Synchronize model execution to real time in Connected IO mode","href":"ref\/realtimesync.html"},{"name":"Rebuild all","type":"configparam","refpurpose":"Force the object files to be rebuilt regardless of their timestamps","href":"ref\/rebuildall.html"},{"name":"RT.Driver","type":"object","refpurpose":"Represent device driver in real-time kernel","href":"ref\/rt.driver.html"},{"name":"RT.Driver.Parent","type":"property","refpurpose":"Parent object of device driver object","href":"ref\/rt.driver.html"},{"name":"RT.Driver.Name","type":"property","refpurpose":"Name of device driver","href":"ref\/rt.driver.html"},{"name":"RT.Driver.Address","type":"property","refpurpose":"Address of device driver","href":"ref\/rt.driver.html"},{"name":"RT.Driver.IOSizes","type":"property","refpurpose":"I\/O sizes of devices","href":"ref\/rt.driver.html"},{"name":"RT.DriverImage","type":"object","refpurpose":"Represent a binary image of device driver for real-time kernel","href":"ref\/rt.driverimage.html"},{"name":"RT.DriverImage.Name","type":"property","refpurpose":"Name of device driver image","href":"ref\/rt.driverimage.html"},{"name":"RT.DriverImage.InterfaceVersion","type":"property","refpurpose":"Version of device driver interface","href":"ref\/rt.driverimage.html"},{"name":"RT.DriverImage.DefaultParameters","type":"property","refpurpose":"Default parameters of device driver","href":"ref\/rt.driverimage.html"},{"name":"RT.DriverImage.BusInfo","type":"property","refpurpose":"Bus information for device driver","href":"ref\/rt.driverimage.html"},{"name":"RT.DriverImage.IOCapabilities","type":"property","refpurpose":"I\/O capabilities of device driver","href":"ref\/rt.driverimage.html"},{"name":"RT.Executable","type":"object","refpurpose":"Represent executable in real-time kernel","href":"ref\/rt.executable.html"},{"name":"RT.Executable.Parent","type":"property","refpurpose":"Parent object of executable object","href":"ref\/rt.executable.html"},{"name":"RT.Executable.CodeSize","type":"property","refpurpose":"Code size of executable object","href":"ref\/rt.executable.html"},{"name":"RT.Executable.DataSize","type":"property","refpurpose":"Data size of executable object","href":"ref\/rt.executable.html"},{"name":"createTimer","type":"function","fcntype":"instancemethod","refpurpose":"Create timer in real-time kernel","href":"ref\/rt.kernel.createtimer.html"},{"name":"RT.Kernel.createTimer","type":"method","fcntype":"instancemethod","refpurpose":"Create timer in real-time kernel","href":"ref\/rt.kernel.createtimer.html"},{"name":"loadDriver","type":"function","fcntype":"instancemethod","refpurpose":"Load driver instance into real-time kernel","href":"ref\/rt.kernel.loaddriver.html"},{"name":"RT.Kernel.loadDriver","type":"method","fcntype":"instancemethod","refpurpose":"Load driver instance into real-time kernel","href":"ref\/rt.kernel.loaddriver.html"},{"name":"loadExecutable","type":"function","fcntype":"instancemethod","refpurpose":"Load executable into real-time kernel","href":"ref\/rt.kernel.loadexecutable.html"},{"name":"RT.Kernel.loadExecutable","type":"method","fcntype":"instancemethod","refpurpose":"Load executable into real-time kernel","href":"ref\/rt.kernel.loadexecutable.html"},{"name":"RT.Kernel","type":"object","refpurpose":"Get real-time kernel property information and access child object for timers, executables, and drivers","href":"ref\/rt.kernel.html"},{"name":"RT.Kernel.Drivers","type":"object","refpurpose":"Get real-time kernel property information and access child object for timers, executables, and drivers","href":"ref\/rt.kernel.html"},{"name":"RT.Kernel.Executables","type":"object","refpurpose":"Get real-time kernel property information and access child object for timers, executables, and drivers","href":"ref\/rt.kernel.html"},{"name":"RT.Kernel.Timers","type":"object","refpurpose":"Get real-time kernel property information and access child object for timers, executables, and drivers","href":"ref\/rt.kernel.html"},{"name":"RT.Kernel.Version","type":"property","refpurpose":"Kernel version","href":"ref\/rt.kernel.html"},{"name":"RT.Kernel.Drivers.Version","type":"property","refpurpose":"Kernel version","href":"ref\/rt.kernel.html"},{"name":"RT.Kernel.Executables.Version","type":"property","refpurpose":"Kernel version","href":"ref\/rt.kernel.html"},{"name":"RT.Kernel.Timers.Version","type":"property","refpurpose":"Kernel version","href":"ref\/rt.kernel.html"},{"name":"RT.Kernel.TargetArchitecture","type":"property","refpurpose":"Kernel platform","href":"ref\/rt.kernel.html"},{"name":"RT.Kernel.Drivers.TargetArchitecture","type":"property","refpurpose":"Kernel platform","href":"ref\/rt.kernel.html"},{"name":"RT.Kernel.Executables.TargetArchitecture","type":"property","refpurpose":"Kernel platform","href":"ref\/rt.kernel.html"},{"name":"RT.Kernel.Timers.TargetArchitecture","type":"property","refpurpose":"Kernel platform","href":"ref\/rt.kernel.html"},{"name":"RT.Kernel.Timers","type":"property","refpurpose":"Kernel timers","href":"ref\/rt.kernel.html"},{"name":"RT.Kernel.Drivers.Timers","type":"property","refpurpose":"Kernel timers","href":"ref\/rt.kernel.html"},{"name":"RT.Kernel.Executables.Timers","type":"property","refpurpose":"Kernel timers","href":"ref\/rt.kernel.html"},{"name":"RT.Kernel.Timers.Timers","type":"property","refpurpose":"Kernel timers","href":"ref\/rt.kernel.html"},{"name":"RT.Kernel.Drivers","type":"property","refpurpose":"Kernel drivers","href":"ref\/rt.kernel.html"},{"name":"RT.Kernel.Drivers.Drivers","type":"property","refpurpose":"Kernel drivers","href":"ref\/rt.kernel.html"},{"name":"RT.Kernel.Executables.Drivers","type":"property","refpurpose":"Kernel drivers","href":"ref\/rt.kernel.html"},{"name":"RT.Kernel.Timers.Drivers","type":"property","refpurpose":"Kernel drivers","href":"ref\/rt.kernel.html"},{"name":"RT.Kernel.Executables","type":"property","refpurpose":"Kernel executables","href":"ref\/rt.kernel.html"},{"name":"RT.Kernel.Drivers.Executables","type":"property","refpurpose":"Kernel executables","href":"ref\/rt.kernel.html"},{"name":"RT.Kernel.Executables.Executables","type":"property","refpurpose":"Kernel executables","href":"ref\/rt.kernel.html"},{"name":"RT.Kernel.Timers.Executables","type":"property","refpurpose":"Kernel executables","href":"ref\/rt.kernel.html"},{"name":"RT.Timer","type":"object","refpurpose":"Represent timer in real-time kernel","href":"ref\/rt.timer.html"},{"name":"RT.Timer.Parent","type":"property","refpurpose":"Timer parent","href":"ref\/rt.timer.html"},{"name":"RT.Timer.Running","type":"property","refpurpose":"Timer run status","href":"ref\/rt.timer.html"},{"name":"RT.Timer.Priority","type":"property","refpurpose":"Timer priority","href":"ref\/rt.timer.html"},{"name":"RT.Timer.Period","type":"property","refpurpose":"Timer period","href":"ref\/rt.timer.html"},{"name":"RT.Timer.Ticks","type":"property","refpurpose":"Timer ticks","href":"ref\/rt.timer.html"},{"name":"RT.Timer.TimeToTick","type":"property","refpurpose":"Timer time to tick","href":"ref\/rt.timer.html"},{"name":"Servo Output","type":"block","refpurpose":"Write to standard servo output channels","href":"ref\/servooutput.html"},{"name":"Shared code placement","type":"configparam","refpurpose":"Specify the location for generating shared utility code","href":"ref\/sharedcodeplacement.html"},{"name":"Simulink Desktop Real-Time","type":"app","refpurpose":"Generate real-time applications for simulations that run on a desktop computer and interface with I\/O devices in the computer","href":"ref\/simulinkdesktoprealtime-app.html"},{"name":"rtwho","type":"function","fcntype":"instancemethod","refpurpose":"Display information about development computer status","href":"ref\/sldrt.rtwho.html"},{"name":"sldrt.rtwho","type":"method","fcntype":"instancemethod","refpurpose":"Display information about development computer status","href":"ref\/sldrt.rtwho.html"},{"name":"SLDRT.run","type":"function","fcntype":"simple","refpurpose":"Run model in real time by using Simulink Desktop Real-Time kernel","href":"ref\/sldrt.run.html"},{"name":"stop","type":"function","fcntype":"instancemethod","refpurpose":"Stops execution of current model simulation run and causes MATLAB to wait until execution stops","href":"ref\/sldrt.runstatus.stop.html"},{"name":"SLDRT.RunStatus.stop","type":"method","fcntype":"instancemethod","refpurpose":"Stops execution of current model simulation run and causes MATLAB to wait until execution stops","href":"ref\/sldrt.runstatus.stop.html"},{"name":"wait","type":"function","fcntype":"instancemethod","refpurpose":"Wait for model execution to complete","href":"ref\/sldrt.runstatus.wait.html"},{"name":"SLDRT.RunStatus.wait","type":"method","fcntype":"instancemethod","refpurpose":"Wait for model execution to complete","href":"ref\/sldrt.runstatus.wait.html"},{"name":"SLDRT.RunStatus","type":"object","refpurpose":"Get simulation run status and get data from scopes and logged signals","href":"ref\/sldrt.runstatus.html"},{"name":"SLDRT.RunStatus.Model","type":"property","refpurpose":"Name of model","href":"ref\/sldrt.runstatus.html"},{"name":"SLDRT.RunStatus.Running","type":"property","refpurpose":"Simulation run status","href":"ref\/sldrt.runstatus.html"},{"name":"SLDRT.RunStatus.ScopesData","type":"property","refpurpose":"Simulation scopes data","href":"ref\/sldrt.runstatus.html"},{"name":"SLDRT.RunStatus.LoggedSignals","type":"property","refpurpose":"Simulation logged signals data","href":"ref\/sldrt.runstatus.html"},{"name":"sldrtconfigset","type":"function","fcntype":"instancemethod","refpurpose":"Attach and activate default Simulink Desktop Real-Time configuration set","href":"ref\/sldrt.sldrtconfigset.html"},{"name":"sldrt.sldrtconfigset","type":"method","fcntype":"instancemethod","refpurpose":"Attach and activate default Simulink Desktop Real-Time configuration set","href":"ref\/sldrt.sldrtconfigset.html"},{"name":"sldrtkernel","type":"function","fcntype":"instancemethod","refpurpose":"Install and remove Simulink Desktop Real-Time kernel","href":"ref\/sldrt.sldrtkernel.html"},{"name":"sldrt.sldrtkernel","type":"method","fcntype":"instancemethod","refpurpose":"Install and remove Simulink Desktop Real-Time kernel","href":"ref\/sldrt.sldrtkernel.html"},{"name":"Stream Input","type":"block","refpurpose":"Read formatted ASCII data from communication channel","href":"ref\/streaminput.html"},{"name":"Stream Output","type":"block","refpurpose":"Write formatted ASCII data to communication channel","href":"ref\/streamoutput.html"},{"name":"ThingSpeak Input","type":"block","refpurpose":"Read input fields from ThingSpeak channel","href":"ref\/thingspeakinput.html"},{"name":"ThingSpeak Output","type":"block","refpurpose":"Write output fields to ThingSpeak channel","href":"ref\/thingspeakoutput.html"},{"name":"Timestamp","type":"block","refpurpose":"Output signal timestamp in Run in Kernel mode","href":"ref\/timestamp.html"},{"name":"Transport layer","type":"configparam","refpurpose":"Specify the transport protocol for external mode communication","href":"ref\/transportlayer.html"},{"name":"Video Input","type":"block","refpurpose":"Get video data from system video devices","href":"ref\/videoinput.html"}]}