{"schema":"referenceapi_lookup_schema.json","schemaVersion":"1.0","docVersion":"doc25a.2968260.Bdoc25a.2967890.pass.r2025a","productName":"Simulink Design Verifier","baseCode":"DV","helpFolder":"sldv","helpLocation":"sldv",  "refItems" : [{"name":"Detector","type":"block","refpurpose":"入力が true となる期間の検出と、出力タイプに基づく出力が true となる期間の作成","href":"ref\/detector.html"},{"name":"Extender","type":"block","refpurpose":"入力が true となる期間の延長","href":"ref\/extender.html"},{"name":"Implies","type":"block","refpurpose":"特定の応答を生成する条件の指定","href":"ref\/implies.html"},{"name":"Proof Assumption","type":"block","refpurpose":"モデルのプロパティを証明する場合に、信号値を制限する","href":"ref\/proofassumption.html"},{"name":"Proof Objective","type":"block","refpurpose":"モデルのプロパティを証明する場合に信号で達成されなければならないオブジェクティブを定義する","href":"ref\/proofobjective.html"},{"name":"sldv.assume","type":"function","fcntype":"simple","refpurpose":"Stateflow チャートおよび MATLAB Function ブロックについて証明の前提となる関数","href":"ref\/sldv.assume.html"},{"name":"sldv.condition","type":"function","fcntype":"simple","refpurpose":"Stateflow チャートおよび MATLAB Function ブロックのテスト条件関数","href":"ref\/sldv.condition.html"},{"name":"sldv.prove","type":"function","fcntype":"simple","refpurpose":"Stateflow チャートおよび MATLAB Function ブロックの証明オブジェクティブ関数","href":"ref\/sldv.prove.html"},{"name":"sldv.test","type":"function","fcntype":"simple","refpurpose":"Stateflow チャートと MATLAB Function ブロックのテスト オブジェクティブ関数","href":"ref\/sldv.test.html"},{"name":"sldvblockreplacement","type":"function","fcntype":"simple","refpurpose":"解析用にブロックを置き換える","href":"ref\/sldvblockreplacement.html"},{"name":"sldvchecksum","type":"function","fcntype":"simple","refpurpose":"モデルのチェックサムを返す","href":"ref\/sldvchecksum.html"},{"name":"sldvcompat","type":"function","fcntype":"simple","refpurpose":"モデルに解析との互換性があるかをチェックする","href":"ref\/sldvcompat.html"},{"name":"sldvextract","type":"function","fcntype":"simple","refpurpose":"サブシステムまたはサブチャートの内容を解析用の新しいモデルに抽出する","href":"ref\/sldvextract.html"},{"name":"sldvgencov","type":"function","fcntype":"simple","refpurpose":"モデルを解析して未達モデル カバレッジを取得する","href":"ref\/sldvgencov.html"},{"name":"sldvgenspreadsheet","type":"function","fcntype":"simple","refpurpose":"テスト ケースが含まれるスプレッドシートの生成","href":"ref\/sldvgenspreadsheet.html"},{"name":"sldvharnessopts","type":"function","fcntype":"simple","refpurpose":"sldvmakeharness の既定のオプション","href":"ref\/sldvharnessopts.html"},{"name":"sldvhighlight","type":"function","fcntype":"simple","refpurpose":"Simulink Design Verifier 解析のデータを使用してモデルを強調表示する","href":"ref\/sldvhighlight.html"},{"name":"sldvisactive","type":"function","fcntype":"simple","refpurpose":"ブロック線図の更新を検証","href":"ref\/sldvisactive.html"},{"name":"sldvloadresults","type":"function","fcntype":"simple","refpurpose":"モデルの Simulink Design Verifier 解析結果を読み込む","href":"ref\/sldvloadresults.html"},{"name":"sldvlogsignals","type":"function","fcntype":"simple","refpurpose":"シミュレーション入力端子の値を記録する","href":"ref\/sldvlogsignals.html"},{"name":"sldvmakefilter","type":"function","fcntype":"simple","refpurpose":"sldvData ファイル内のステータスが Unsatisfiable、Dead Logic、Falsified、Falsified - No Counterexample、または Error - Needs Simulation のオブジェクティブの正当化規則を含むフィルター ファイルを生成する","href":"ref\/sldvmakefilter.html"},{"name":"sldvmakeharness","type":"function","fcntype":"simple","refpurpose":"ハーネス モデルの生成","href":"ref\/sldvmakeharness.html"},{"name":"sldvmergeharness","type":"function","fcntype":"simple","refpurpose":"テスト ケースおよび初期化を 1 つのハーネス モデルにマージする","href":"ref\/sldvmergeharness.html"},{"name":"sldvoptions","type":"function","fcntype":"simple","refpurpose":"設計検証オプション オブジェクトの作成","href":"ref\/sldvoptions.html"},{"name":"sldvreport","type":"function","fcntype":"simple","refpurpose":"Simulink Design Verifier レポートを生成する","href":"ref\/sldvreport.html"},{"name":"sldvrun","type":"function","fcntype":"simple","refpurpose":"モデルの解析","href":"ref\/sldvrun.html"},{"name":"sldvruncgvtest","type":"function","fcntype":"simple","refpurpose":"コード生成検証 (CGV) API の起動とモデルの実行","href":"ref\/sldvruncgvtest.html"},{"name":"sldvruntest","type":"function","fcntype":"simple","refpurpose":"入力データを使用したモデルのシミュレーション","href":"ref\/sldvruntest.html"},{"name":"sldvruntestopts","type":"function","fcntype":"simple","refpurpose":"sldvruntest または sldvruncgvtest に対するシミュレーションまたは実行オプションの生成","href":"ref\/sldvruntestopts.html"},{"name":"sldvsimdata","type":"function","fcntype":"simple","refpurpose":"Dataset 形式のシミュレーション データの取得","href":"ref\/sldvsimdata.html"},{"name":"sldvtimer","type":"function","fcntype":"simple","refpurpose":"タイマー最適化の識別、変更、および表示","href":"ref\/sldvtimer.html"},{"name":"Test Condition","type":"block","refpurpose":"テスト ケースでの信号値の制限","href":"ref\/testcondition.html"},{"name":"Test Objective","type":"block","refpurpose":"テスト ケースで信号が達成しなければならないカスタム オブジェクティブを定義する","href":"ref\/testobjective.html"},{"name":"Verification Subsystem","type":"block","refpurpose":"シミュレーション結果や生成済みのコードに影響を与えることなく、証明オブジェクティブまたはテスト オブジェクティブを指定する","href":"ref\/verificationsubsystem.html"},{"name":"Within Implies","type":"block","refpurpose":"目的の期間内に応答が発生するかを確認する","href":"ref\/withinimplies.html"}]}