{"schema":"referenceapi_lookup_schema.json","schemaVersion":"1.0","docVersion":"doc25a.2968260.Bdoc25a.2967890.pass.r2025a","productName":"Simscape Electrical","baseCode":"PS","helpFolder":"sps","helpLocation":"sps",  "refItems" : [{"name":"Array of Electrical Nodes","type":"block","refpurpose":"将电气节点数组串联成单个电气节点数组端口","href":"ref\/arrayofelectricalnodes.html"},{"name":"Busbar","type":"simscapeblock","refpurpose":"负载潮流分析母排连接器","href":"ref\/busbar.html"},{"name":"Circuit Simulation Onramp","type":"tool","refpurpose":"免费的自定进度交互式 Simscape Electrical 电路仿真课程","href":"ref\/circuitsimulationonramp.html"},{"name":"DC Voltage Source","type":"simscapeblock","refpurpose":"恒定电压源","href":"ref\/dcvoltagesource.html"},{"name":"ee_importDeviceParameters","type":"function","fcntype":"simple","refpurpose":"对 Hitachi 或 Infineon XML 文件中的理想半导体模块进行参数化","href":"ref\/ee_importdeviceparameters.html"},{"name":"Power Electronics Simulation Onramp","type":"tool","refpurpose":"免费的自定进度交互式 Simscape Electrical 电力电子仿真课程","href":"ref\/powerelectronicssimulationonramp.html"}]}