{"schema":"referenceapi_lookup_schema.json","schemaVersion":"1.0","docVersion":"doc25a.2968260.Bdoc25a.2967890.pass.r2025a","productName":"Simscape Electrical","baseCode":"PS","helpFolder":"sps","helpLocation":"sps",  "refItems" : [{"name":"abc to Alpha-Beta-Zero, Alpha-Beta-Zero to abc","type":"block","refpurpose":"3상(abc) 신호에서 αβ0 고정자 기준 프레임으로의 변환 또는 역변환 수행","href":"powersys\/ref\/abctoalphabetazeroalphabetazerotoabc.html"},{"name":"abc to dq0, dq0 to abc","type":"block","refpurpose":"3상(abc) 신호에서 dq0 회전자 기준 프레임으로의 변환 또는 역변환 수행","href":"powersys\/ref\/abctodq0dq0toabc.html"},{"name":"Alpha-Beta-Zero to dq0, dq0 to Alpha-Beta-Zero","type":"block","refpurpose":"αβ0 고정자 기준 프레임에서 dq0 회전자 기준 프레임으로의 변환 또는 역변환 수행","href":"powersys\/ref\/alphabetazerotodq0dq0toalphabetazero.html"},{"name":"Battery","type":"block","refpurpose":"일반 배터리 모델","href":"powersys\/ref\/battery.html"},{"name":"Controlled Current Source","type":"block","refpurpose":"제어된 전류원 구현","href":"powersys\/ref\/controlledcurrentsource.html"},{"name":"Controlled Voltage Source","type":"block","refpurpose":"제어된 전압원 구현","href":"powersys\/ref\/controlledvoltagesource.html"},{"name":"Current Measurement","type":"block","refpurpose":"회로 전류 측정","href":"powersys\/ref\/currentmeasurement.html"},{"name":"DC Voltage Source","type":"block","refpurpose":"DC 전압원 구현","href":"powersys\/ref\/dcvoltagesource.html"},{"name":"Diode","type":"block","refpurpose":"다이오드 모델 구현","href":"powersys\/ref\/diode.html"},{"name":"Edge Detector","type":"block","refpurpose":"논리형 신호 상태의 변경 감지","href":"powersys\/ref\/edgedetector.html"},{"name":"FFT Analyzer","type":"app","refpurpose":"시뮬레이션 데이터 신호의 푸리에 해석 수행","href":"powersys\/ref\/fftanalyzer-app.html"},{"name":"powerFFT","type":"function","fcntype":"applauncher","refpurpose":"시뮬레이션 데이터 신호의 푸리에 해석 수행","href":"powersys\/ref\/fftanalyzer-app.html"},{"name":"Frequency (Phasor)","type":"block","refpurpose":"페이저 신호 주파수 측정","href":"powersys\/ref\/frequencyphasor.html"},{"name":"Ground","type":"block","refpurpose":"접지와의 연결 제공","href":"powersys\/ref\/ground.html"},{"name":"Ideal Switch","type":"block","refpurpose":"이상적 스위칭 소자 구현","href":"powersys\/ref\/idealswitch.html"},{"name":"IGBT","type":"block","refpurpose":"절연 게이트 양극성 트랜지스터(IGBT) 구현","href":"powersys\/ref\/igbt.html"},{"name":"IGBT\/Diode","type":"block","refpurpose":"이상적인 IGBT, GTO 또는 MOSFET 및 역병렬 다이오드 구현","href":"powersys\/ref\/igbtdiode.html"},{"name":"Lead-Lag Filter","type":"block","refpurpose":"1차 진상-지상 필터 구현","href":"powersys\/ref\/leadlagfilter.html"},{"name":"Mean","type":"block","refpurpose":"신호의 평균값 계산","href":"powersys\/ref\/mean.html"},{"name":"Mosfet","type":"block","refpurpose":"MOSFET 모델 구현","href":"powersys\/ref\/mosfet.html"},{"name":"Power (3ph, Instantaneous)","type":"block","refpurpose":"3상 순시 유효 전력과 무효 전력 계산","href":"powersys\/ref\/power3phinstantaneous.html"},{"name":"power_zmeter","type":"function","fcntype":"simple","refpurpose":"모델의 Impedance Measurement 블록의 임피던스 대 주파수 계산","href":"powersys\/ref\/power_zmeter.html"},{"name":"Power (dq0, Instantaneous)","type":"block","refpurpose":"3상 순시 유효 전력과 무효 전력 계산","href":"powersys\/ref\/powerdq0instantaneous.html"},{"name":"PWM Generator (DC-DC)","type":"block","refpurpose":"PWM으로 제어되는 DC-DC 컨버터를 위한 펄스 생성","href":"powersys\/ref\/pwmgeneratordcdc.html"},{"name":"RMS","type":"block","refpurpose":"신호의 RMS(제곱평균제곱근) 값 계산","href":"powersys\/ref\/rms.html"},{"name":"Sawtooth Generator","type":"block","refpurpose":"일정한 간격으로 톱니 파형 생성","href":"powersys\/ref\/sawtoothgenerator.html"},{"name":"Stair Generator","type":"block","refpurpose":"지정된 천이 시간에 변경되는 신호 생성","href":"powersys\/ref\/stairgenerator.html"},{"name":"SVPWM Generator (2-Level)","type":"block","refpurpose":"SVPWM으로 제어되는 2레벨 컨버터를 위한 펄스 생성","href":"powersys\/ref\/svpwmgenerator2level.html"},{"name":"THD","type":"block","refpurpose":"신호의 THD(총 고조파 왜곡) 계산","href":"powersys\/ref\/thd.html"},{"name":"Triangle Generator","type":"block","refpurpose":"규칙적 간격으로 대칭 삼각 파형 생성","href":"powersys\/ref\/trianglegenerator.html"},{"name":"Universal Bridge","type":"block","refpurpose":"선택 가능한 토폴로지와 전력전자 소자를 갖춘 범용 전력 컨버터 구현","href":"powersys\/ref\/universalbridge.html"},{"name":"Variable Resistor","type":"block","refpurpose":"이산 변수 저항기","href":"powersys\/ref\/variableresistor.html"},{"name":"Voltage Measurement","type":"block","refpurpose":"회로에서의 전압 측정","href":"powersys\/ref\/voltagemeasurement.html"},{"name":"Array of Electrical Nodes","type":"block","refpurpose":"(제거될 예정임) 여러 전기 노드 배열을 하나의 전기 노드 배열 포트로 결합","href":"ref\/arrayofelectricalnodes.html"},{"name":"BLDC Commutation Logic","type":"block","refpurpose":"브러시리스 DC 모터에 대한 스위치-정류 로직","href":"ref\/bldccommutationlogic.html"},{"name":"BLDC Current Controller","type":"block","refpurpose":"이산시간 브러시리스 DC 모터 전류 PI 제어기","href":"ref\/bldccurrentcontroller.html"},{"name":"BLDC Current Controller with PWM Generation","type":"block","refpurpose":"펄스 폭 변조 생성 기능이 있는 이산시간 브러시리스 DC 모터 전류 PI 제어기","href":"ref\/bldccurrentcontrollerwithpwmgeneration.html"},{"name":"Busbar","type":"simscapeblock","refpurpose":"부하 흐름 분석 부스바 커넥터","href":"ref\/busbar.html"},{"name":"Circuit Simulation Onramp","type":"tool","refpurpose":"대화형 방식의 무료 자기 주도형 Simscape Electrical 회로 시뮬레이션 교육과정","href":"ref\/circuitsimulationonramp.html"},{"name":"Clarke to Park Angle Transform","type":"block","refpurpose":"αβ0에서 dq0으로의 변환 구현","href":"ref\/clarketoparkangletransform.html"},{"name":"Clarke Transform","type":"block","refpurpose":"abc에서 αβ0으로의 변환 구현","href":"ref\/clarketransform.html"},{"name":"Controller LCFB1","type":"block","refpurpose":"터빈-거버너 모델에 대한 부하 제어기","href":"ref\/controllerlcfb1.html"},{"name":"Counter","type":"block","refpurpose":"이산시간 카운터 또는 연속시간 카운터","href":"ref\/counter.html"},{"name":"DC Voltage Source","type":"simscapeblock","refpurpose":"정전압원","href":"ref\/dcvoltagesource.html"},{"name":"Discrete PI Controller","type":"block","refpurpose":"외부 안티와인드업 입력을 사용하는 이산시간 PI 제어기","href":"ref\/discretepicontroller.html"},{"name":"Discrete PI Controller with Integral Anti-Windup","type":"block","refpurpose":"적분 안티와인드업이 있는 이산시간 PI 제어","href":"ref\/discretepicontrollerwithintegralantiwindup.html"},{"name":"ee_calculateThdPercent","type":"function","fcntype":"simple","refpurpose":"THD(총 고조파 왜곡) 백분율 계산","href":"ref\/ee_calculatethdpercent.html"},{"name":"ee_importDeviceParameters","type":"function","fcntype":"simple","refpurpose":"Hitachi, Infineon 또는 Wolfspeed XML 파일에서 추출한 이상적 반도체 블록 파라미터화","href":"ref\/ee_importdeviceparameters.html"},{"name":"Filtered Derivative (Discrete or Continuous)","type":"block","refpurpose":"이산시간 필터링된 도함수 또는 연속시간 필터링된 도함수","href":"ref\/filteredderivativediscreteorcontinuous.html"},{"name":"Foster Thermal Model","type":"simscapeblock","refpurpose":"반도체 모듈을 통한 열 전달","href":"ref\/fosterthermalmodel.html"},{"name":"Hysteresis Current Controller (Three-Phase)","type":"block","refpurpose":"3상 히스테리시스 전류 제어","href":"ref\/hysteresiscurrentcontrollerthreephase.html"},{"name":"Induction Machine Scalar Control","type":"block","refpurpose":"유도기 V\/f 제어","href":"ref\/inductionmachinescalarcontrol.html"},{"name":"Inverse Clarke Transform","type":"block","refpurpose":"αβ0에서 abc로의 변환 구현","href":"ref\/inverseclarketransform.html"},{"name":"Inverse Park Transform","type":"block","refpurpose":"dq0에서 abc로의 변환 구현","href":"ref\/inverseparktransform.html"},{"name":"Lead-Lag (Discrete or Continuous)","type":"block","refpurpose":"이산시간 진상-지상 보상기 또는 연속시간 진상-지상 보상기","href":"ref\/leadlagdiscreteorcontinuous.html"},{"name":"Low-Pass Filter (Discrete or Continuous)","type":"block","refpurpose":"이산시간 저역통과 필터 또는 연속시간 저역통과 필터","href":"ref\/lowpassfilterdiscreteorcontinuous.html"},{"name":"Park to Clarke Angle Transform","type":"block","refpurpose":"dq0에서 αβ0으로의 변환 구현","href":"ref\/parktoclarkeangletransform.html"},{"name":"Park Transform","type":"block","refpurpose":"abc에서 dq0으로의 변환 구현","href":"ref\/parktransform.html"},{"name":"Phase Splitter","type":"simscapeblock","refpurpose":"3개의 전기 에너지 보존 포트를 확장 또는 결합","href":"ref\/phasesplitter.html"},{"name":"PMSM","type":"simscapeblock","refpurpose":"정현파 플럭스 분포를 갖는 영구 자석 동기 모터","href":"ref\/pmsm.html"},{"name":"Power Electronics Simulation Onramp","type":"tool","refpurpose":"대화형 방식의 무료 자기 주도형 Simscape Electrical 전력전자 시뮬레이션 교육과정","href":"ref\/powerelectronicssimulationonramp.html"},{"name":"Power Systems Simulation Onramp","type":"tool","refpurpose":"대화형 방식의 무료 자기 주도형 Simscape Electrical 전력 시스템 시뮬레이션 교육과정","href":"ref\/powersystemssimulationonramp.html"},{"name":"PWM Generator","type":"block","refpurpose":"펄스 폭이 변조된 신호 또는 파형 생성","href":"ref\/pwmgenerator.html"},{"name":"Second-Order Filter","type":"block","refpurpose":"이산시간 또는 연속시간 저역통과, 고역통과, 대역통과 또는 대역저지 2차 필터","href":"ref\/secondorderfilter.html"},{"name":"Second-Order Low-Pass Filter (Discrete or Continuous)","type":"block","refpurpose":"이산시간 2차 저역통과 필터 또는 연속시간 2차 저역통과 필터","href":"ref\/secondorderlowpassfilterdiscreteorcontinuous.html"},{"name":"Serial-In Parallel-Out Shift Register","type":"block","refpurpose":"이산시간 직렬 입력 병렬 출력 시프트 레지스터","href":"ref\/serialinparalleloutshiftregister.html"},{"name":"Set-Reset Flip-Flop","type":"block","refpurpose":"set-reset 플립플롭 또는 쌍안정 멀티바이브레이터","href":"ref\/setresetflipflop.html"},{"name":"Signal Sample and Hold","type":"block","refpurpose":"이산시간 또는 연속시간 샘플 앤 홀드 입력 신호","href":"ref\/signalsampleandhold.html"},{"name":"Sliding Mode Controller","type":"block","refpurpose":"히스테리시스 기반 슬라이딩 모드 제어","href":"ref\/slidingmodecontroller.html"},{"name":"Smith Predictor Controller","type":"block","refpurpose":"이산시간 스미스 불감 시간 보상기","href":"ref\/smithpredictorcontroller.html"},{"name":"Total Harmonic Distortion","type":"block","refpurpose":"총 고조파 왜곡 측정","href":"ref\/totalharmonicdistortion.html"},{"name":"Voltage Source","type":"simscapeblock","refpurpose":"선택적 DC 성분, AC 성분, 잡음 성분이 있는 전압원","href":"ref\/voltagesource.html"},{"name":"Washout (Discrete or Continuous)","type":"block","refpurpose":"이산시간 또는 연속시간 워시아웃 필터 또는 고역통과 필터","href":"ref\/washoutdiscreteorcontinuous.html"}]}