{"schema":"referenceapi_lookup_schema.json","schemaVersion":"1.0","docVersion":"doc25a.2968260.Bdoc25a.2967890.pass.r2025a","productName":"Simscape Electrical","baseCode":"PS","helpFolder":"sps","helpLocation":"sps",  "refItems" : [{"name":"Busbar","type":"simscapeblock","refpurpose":"Conector de barra colectora para análisis de flujo de carga","href":"ref\/busbar.html"},{"name":"Circuit Simulation Onramp","type":"tool","refpurpose":"Curso introductorio gratuito interactivo y a su ritmo de simulación de circuitos en Simscape Electrical","href":"ref\/circuitsimulationonramp.html"},{"name":"DC Voltage Source","type":"simscapeblock","refpurpose":"Fuente de tensión constante","href":"ref\/dcvoltagesource.html"},{"name":"ee_importDeviceParameters","type":"function","fcntype":"simple","refpurpose":"Parametrizar un bloque de semiconductor ideal a partir de un archivo XML de Hitachi o Infineon","href":"ref\/ee_importdeviceparameters.html"},{"name":"Park Transform","type":"block","refpurpose":"Implementar transformada de abc a dq0","href":"ref\/parktransform.html"},{"name":"Power Electronics Simulation Onramp","type":"tool","refpurpose":"Curso introductorio gratuito interactivo y a su ritmo de simulación de electrónica de potencia en Simscape Electrical","href":"ref\/powerelectronicssimulationonramp.html"},{"name":"Power Systems Simulation Onramp","type":"tool","refpurpose":"Curso introductorio gratuito, interactivo y a su ritmo de simulación de sistemas de potencia en Simscape Electrical","href":"ref\/powersystemssimulationonramp.html"},{"name":"PWM Generator","type":"block","refpurpose":"Generar forma de onda o señal modulada por ancho de pulso","href":"ref\/pwmgenerator.html"}]}