{"schema":"referenceapi_lookup_schema.json","schemaVersion":"1.0","docVersion":"doc25a.2968260.Bdoc25a.2967890.pass.r2025a","productName":"Stateflow","baseCode":"SF","helpFolder":"stateflow","helpLocation":"stateflow",  "refItems" : [{"name":"convertToChart","type":"function","fcntype":"simple","refpurpose":"상태 천이 테이블을 Stateflow 차트로 변환","href":"api\/converttochart.html"},{"name":"convertToSTT","type":"function","fcntype":"simple","refpurpose":"Stateflow 차트를 상태 천이 테이블로 변환","href":"api\/converttostt.html"},{"name":"dialog","type":"function","fcntype":"instancemethod","refpurpose":"속성 대화 상자 열기","href":"api\/stateflow.chart.dialog.html"},{"name":"Stateflow.Chart.dialog","type":"method","fcntype":"instancemethod","refpurpose":"속성 대화 상자 열기","href":"api\/stateflow.chart.dialog.html"},{"name":"Stateflow.Annotation.dialog","type":"method","fcntype":"instancemethod","refpurpose":"속성 대화 상자 열기","href":"api\/stateflow.chart.dialog.html"},{"name":"Stateflow.AtomicBox.dialog","type":"method","fcntype":"instancemethod","refpurpose":"속성 대화 상자 열기","href":"api\/stateflow.chart.dialog.html"},{"name":"Stateflow.AtomicSubchart.dialog","type":"method","fcntype":"instancemethod","refpurpose":"속성 대화 상자 열기","href":"api\/stateflow.chart.dialog.html"},{"name":"Stateflow.Box.dialog","type":"method","fcntype":"instancemethod","refpurpose":"속성 대화 상자 열기","href":"api\/stateflow.chart.dialog.html"},{"name":"Stateflow.Data.dialog","type":"method","fcntype":"instancemethod","refpurpose":"속성 대화 상자 열기","href":"api\/stateflow.chart.dialog.html"},{"name":"Stateflow.Event.dialog","type":"method","fcntype":"instancemethod","refpurpose":"속성 대화 상자 열기","href":"api\/stateflow.chart.dialog.html"},{"name":"Stateflow.Function.dialog","type":"method","fcntype":"instancemethod","refpurpose":"속성 대화 상자 열기","href":"api\/stateflow.chart.dialog.html"},{"name":"Stateflow.Junction.dialog","type":"method","fcntype":"instancemethod","refpurpose":"속성 대화 상자 열기","href":"api\/stateflow.chart.dialog.html"},{"name":"Stateflow.Machine.dialog","type":"method","fcntype":"instancemethod","refpurpose":"속성 대화 상자 열기","href":"api\/stateflow.chart.dialog.html"},{"name":"Stateflow.EMChart.dialog","type":"method","fcntype":"instancemethod","refpurpose":"속성 대화 상자 열기","href":"api\/stateflow.chart.dialog.html"},{"name":"Stateflow.EMFunction.dialog","type":"method","fcntype":"instancemethod","refpurpose":"속성 대화 상자 열기","href":"api\/stateflow.chart.dialog.html"},{"name":"Stateflow.Message.dialog","type":"method","fcntype":"instancemethod","refpurpose":"속성 대화 상자 열기","href":"api\/stateflow.chart.dialog.html"},{"name":"Stateflow.Port.dialog","type":"method","fcntype":"instancemethod","refpurpose":"속성 대화 상자 열기","href":"api\/stateflow.chart.dialog.html"},{"name":"Stateflow.SLFunction.dialog","type":"method","fcntype":"instancemethod","refpurpose":"속성 대화 상자 열기","href":"api\/stateflow.chart.dialog.html"},{"name":"Stateflow.SimulinkBasedState.dialog","type":"method","fcntype":"instancemethod","refpurpose":"속성 대화 상자 열기","href":"api\/stateflow.chart.dialog.html"},{"name":"Stateflow.State.dialog","type":"method","fcntype":"instancemethod","refpurpose":"속성 대화 상자 열기","href":"api\/stateflow.chart.dialog.html"},{"name":"Stateflow.StateTransitionTableChart.dialog","type":"method","fcntype":"instancemethod","refpurpose":"속성 대화 상자 열기","href":"api\/stateflow.chart.dialog.html"},{"name":"Stateflow.Transition.dialog","type":"method","fcntype":"instancemethod","refpurpose":"속성 대화 상자 열기","href":"api\/stateflow.chart.dialog.html"},{"name":"Stateflow.TruthTable.dialog","type":"method","fcntype":"instancemethod","refpurpose":"속성 대화 상자 열기","href":"api\/stateflow.chart.dialog.html"},{"name":"Stateflow.TruthTableChart.dialog","type":"method","fcntype":"instancemethod","refpurpose":"속성 대화 상자 열기","href":"api\/stateflow.chart.dialog.html"},{"name":"find","type":"function","fcntype":"instancemethod","refpurpose":"지정된 객체를 계층 구조 내에서 식별","href":"api\/stateflow.chart.find.html"},{"name":"Stateflow.Chart.find","type":"method","fcntype":"instancemethod","refpurpose":"지정된 객체를 계층 구조 내에서 식별","href":"api\/stateflow.chart.find.html"},{"name":"Stateflow.Box.find","type":"method","fcntype":"instancemethod","refpurpose":"지정된 객체를 계층 구조 내에서 식별","href":"api\/stateflow.chart.find.html"},{"name":"Stateflow.EMChart.find","type":"method","fcntype":"instancemethod","refpurpose":"지정된 객체를 계층 구조 내에서 식별","href":"api\/stateflow.chart.find.html"},{"name":"Stateflow.EMFunction.find","type":"method","fcntype":"instancemethod","refpurpose":"지정된 객체를 계층 구조 내에서 식별","href":"api\/stateflow.chart.find.html"},{"name":"Stateflow.Function.find","type":"method","fcntype":"instancemethod","refpurpose":"지정된 객체를 계층 구조 내에서 식별","href":"api\/stateflow.chart.find.html"},{"name":"Stateflow.SLFunction.find","type":"method","fcntype":"instancemethod","refpurpose":"지정된 객체를 계층 구조 내에서 식별","href":"api\/stateflow.chart.find.html"},{"name":"Stateflow.State.find","type":"method","fcntype":"instancemethod","refpurpose":"지정된 객체를 계층 구조 내에서 식별","href":"api\/stateflow.chart.find.html"},{"name":"Stateflow.StateTransitionTableChart.find","type":"method","fcntype":"instancemethod","refpurpose":"지정된 객체를 계층 구조 내에서 식별","href":"api\/stateflow.chart.find.html"},{"name":"Stateflow.TruthTable.find","type":"method","fcntype":"instancemethod","refpurpose":"지정된 객체를 계층 구조 내에서 식별","href":"api\/stateflow.chart.find.html"},{"name":"Stateflow.TruthTableChart.find","type":"method","fcntype":"instancemethod","refpurpose":"지정된 객체를 계층 구조 내에서 식별","href":"api\/stateflow.chart.find.html"},{"name":"Stateflow.Machine.find","type":"method","fcntype":"instancemethod","refpurpose":"지정된 객체를 계층 구조 내에서 식별","href":"api\/stateflow.chart.find.html"},{"name":"Simulink.Root.find","type":"method","fcntype":"instancemethod","refpurpose":"지정된 객체를 계층 구조 내에서 식별","href":"api\/stateflow.chart.find.html"},{"name":"fitToView","type":"function","fcntype":"instancemethod","refpurpose":"그래픽 객체 확대","href":"api\/stateflow.chart.fittoview.html"},{"name":"Stateflow.Chart.fitToView","type":"method","fcntype":"instancemethod","refpurpose":"그래픽 객체 확대","href":"api\/stateflow.chart.fittoview.html"},{"name":"Stateflow.Annotation.fitToView","type":"method","fcntype":"instancemethod","refpurpose":"그래픽 객체 확대","href":"api\/stateflow.chart.fittoview.html"},{"name":"Stateflow.AtomicBox.fitToView","type":"method","fcntype":"instancemethod","refpurpose":"그래픽 객체 확대","href":"api\/stateflow.chart.fittoview.html"},{"name":"Stateflow.AtomicSubchart.fitToView","type":"method","fcntype":"instancemethod","refpurpose":"그래픽 객체 확대","href":"api\/stateflow.chart.fittoview.html"},{"name":"Stateflow.Box.fitToView","type":"method","fcntype":"instancemethod","refpurpose":"그래픽 객체 확대","href":"api\/stateflow.chart.fittoview.html"},{"name":"Stateflow.Function.fitToView","type":"method","fcntype":"instancemethod","refpurpose":"그래픽 객체 확대","href":"api\/stateflow.chart.fittoview.html"},{"name":"Stateflow.Junction.fitToView","type":"method","fcntype":"instancemethod","refpurpose":"그래픽 객체 확대","href":"api\/stateflow.chart.fittoview.html"},{"name":"Stateflow.Port.fitToView","type":"method","fcntype":"instancemethod","refpurpose":"그래픽 객체 확대","href":"api\/stateflow.chart.fittoview.html"},{"name":"Stateflow.EMFunction.fitToView","type":"method","fcntype":"instancemethod","refpurpose":"그래픽 객체 확대","href":"api\/stateflow.chart.fittoview.html"},{"name":"Stateflow.SLFunction.fitToView","type":"method","fcntype":"instancemethod","refpurpose":"그래픽 객체 확대","href":"api\/stateflow.chart.fittoview.html"},{"name":"Stateflow.SimulinkBasedState.fitToView","type":"method","fcntype":"instancemethod","refpurpose":"그래픽 객체 확대","href":"api\/stateflow.chart.fittoview.html"},{"name":"Stateflow.State.fitToView","type":"method","fcntype":"instancemethod","refpurpose":"그래픽 객체 확대","href":"api\/stateflow.chart.fittoview.html"},{"name":"Stateflow.Transition.fitToView","type":"method","fcntype":"instancemethod","refpurpose":"그래픽 객체 확대","href":"api\/stateflow.chart.fittoview.html"},{"name":"Stateflow.TruthTable.fitToView","type":"method","fcntype":"instancemethod","refpurpose":"그래픽 객체 확대","href":"api\/stateflow.chart.fittoview.html"},{"name":"getChildren","type":"function","fcntype":"instancemethod","refpurpose":"객체의 자식 식별","href":"api\/stateflow.chart.getchildren.html"},{"name":"Stateflow.Chart.getChildren","type":"method","fcntype":"instancemethod","refpurpose":"객체의 자식 식별","href":"api\/stateflow.chart.getchildren.html"},{"name":"Stateflow.Box.getChildren","type":"method","fcntype":"instancemethod","refpurpose":"객체의 자식 식별","href":"api\/stateflow.chart.getchildren.html"},{"name":"Stateflow.EMChart.getChildren","type":"method","fcntype":"instancemethod","refpurpose":"객체의 자식 식별","href":"api\/stateflow.chart.getchildren.html"},{"name":"Stateflow.EMFunction.getChildren","type":"method","fcntype":"instancemethod","refpurpose":"객체의 자식 식별","href":"api\/stateflow.chart.getchildren.html"},{"name":"Stateflow.Function.getChildren","type":"method","fcntype":"instancemethod","refpurpose":"객체의 자식 식별","href":"api\/stateflow.chart.getchildren.html"},{"name":"Stateflow.SLFunction.getChildren","type":"method","fcntype":"instancemethod","refpurpose":"객체의 자식 식별","href":"api\/stateflow.chart.getchildren.html"},{"name":"Stateflow.State.getChildren","type":"method","fcntype":"instancemethod","refpurpose":"객체의 자식 식별","href":"api\/stateflow.chart.getchildren.html"},{"name":"Stateflow.StateTransitionTableChart.getChildren","type":"method","fcntype":"instancemethod","refpurpose":"객체의 자식 식별","href":"api\/stateflow.chart.getchildren.html"},{"name":"Stateflow.TruthTable.getChildren","type":"method","fcntype":"instancemethod","refpurpose":"객체의 자식 식별","href":"api\/stateflow.chart.getchildren.html"},{"name":"Stateflow.TruthTableChart.getChildren","type":"method","fcntype":"instancemethod","refpurpose":"객체의 자식 식별","href":"api\/stateflow.chart.getchildren.html"},{"name":"view","type":"function","fcntype":"instancemethod","refpurpose":"편집 환경에 객체 표시","href":"api\/stateflow.chart.view.html"},{"name":"Stateflow.Chart.view","type":"method","fcntype":"instancemethod","refpurpose":"편집 환경에 객체 표시","href":"api\/stateflow.chart.view.html"},{"name":"Stateflow.Annotation.view","type":"method","fcntype":"instancemethod","refpurpose":"편집 환경에 객체 표시","href":"api\/stateflow.chart.view.html"},{"name":"Stateflow.AtomicBox.view","type":"method","fcntype":"instancemethod","refpurpose":"편집 환경에 객체 표시","href":"api\/stateflow.chart.view.html"},{"name":"Stateflow.AtomicSubchart.view","type":"method","fcntype":"instancemethod","refpurpose":"편집 환경에 객체 표시","href":"api\/stateflow.chart.view.html"},{"name":"Stateflow.Box.view","type":"method","fcntype":"instancemethod","refpurpose":"편집 환경에 객체 표시","href":"api\/stateflow.chart.view.html"},{"name":"Stateflow.Data.view","type":"method","fcntype":"instancemethod","refpurpose":"편집 환경에 객체 표시","href":"api\/stateflow.chart.view.html"},{"name":"Stateflow.Event.view","type":"method","fcntype":"instancemethod","refpurpose":"편집 환경에 객체 표시","href":"api\/stateflow.chart.view.html"},{"name":"Stateflow.Function.view","type":"method","fcntype":"instancemethod","refpurpose":"편집 환경에 객체 표시","href":"api\/stateflow.chart.view.html"},{"name":"Stateflow.Junction.view","type":"method","fcntype":"instancemethod","refpurpose":"편집 환경에 객체 표시","href":"api\/stateflow.chart.view.html"},{"name":"Stateflow.EMChart.view","type":"method","fcntype":"instancemethod","refpurpose":"편집 환경에 객체 표시","href":"api\/stateflow.chart.view.html"},{"name":"Stateflow.EMFunction.view","type":"method","fcntype":"instancemethod","refpurpose":"편집 환경에 객체 표시","href":"api\/stateflow.chart.view.html"},{"name":"Stateflow.Message.view","type":"method","fcntype":"instancemethod","refpurpose":"편집 환경에 객체 표시","href":"api\/stateflow.chart.view.html"},{"name":"Stateflow.Port.view","type":"method","fcntype":"instancemethod","refpurpose":"편집 환경에 객체 표시","href":"api\/stateflow.chart.view.html"},{"name":"Stateflow.SLFunction.view","type":"method","fcntype":"instancemethod","refpurpose":"편집 환경에 객체 표시","href":"api\/stateflow.chart.view.html"},{"name":"Stateflow.SimulinkBasedState.view","type":"method","fcntype":"instancemethod","refpurpose":"편집 환경에 객체 표시","href":"api\/stateflow.chart.view.html"},{"name":"Stateflow.State.view","type":"method","fcntype":"instancemethod","refpurpose":"편집 환경에 객체 표시","href":"api\/stateflow.chart.view.html"},{"name":"Stateflow.StateTransitionTableChart.view","type":"method","fcntype":"instancemethod","refpurpose":"편집 환경에 객체 표시","href":"api\/stateflow.chart.view.html"},{"name":"Stateflow.Transition.view","type":"method","fcntype":"instancemethod","refpurpose":"편집 환경에 객체 표시","href":"api\/stateflow.chart.view.html"},{"name":"Stateflow.TruthTable.view","type":"method","fcntype":"instancemethod","refpurpose":"편집 환경에 객체 표시","href":"api\/stateflow.chart.view.html"},{"name":"Stateflow.TruthTableChart.view","type":"method","fcntype":"instancemethod","refpurpose":"편집 환경에 객체 표시","href":"api\/stateflow.chart.view.html"},{"name":"copy","type":"function","fcntype":"instancemethod","refpurpose":"객체로 구성된 배열을 클립보드에 복사","href":"api\/stateflow.clipboard.copy.html"},{"name":"Stateflow.Clipboard.copy","type":"method","fcntype":"instancemethod","refpurpose":"객체로 구성된 배열을 클립보드에 복사","href":"api\/stateflow.clipboard.copy.html"},{"name":"Stateflow.Clipboard","type":"object","refpurpose":"Stateflow 객체를 복사하고 붙여넣기 위한 클립보드","href":"api\/stateflow.clipboard.html"},{"name":"zoomIn","type":"function","fcntype":"instancemethod","refpurpose":"Stateflow 차트에서 확대","href":"api\/stateflow.editor.zoomin.html"},{"name":"Stateflow.Editor.zoomIn","type":"method","fcntype":"instancemethod","refpurpose":"Stateflow 차트에서 확대","href":"api\/stateflow.editor.zoomin.html"},{"name":"zoomOut","type":"function","fcntype":"instancemethod","refpurpose":"Stateflow 차트에서 축소","href":"api\/stateflow.editor.zoomout.html"},{"name":"Stateflow.Editor.zoomOut","type":"method","fcntype":"instancemethod","refpurpose":"Stateflow 차트에서 축소","href":"api\/stateflow.editor.zoomout.html"},{"name":"Stateflow.JunctionPosition","type":"object","refpurpose":"연결점의 위치 및 크기","href":"api\/stateflow.junctionposition.html"},{"name":"Stateflow.JunctionPosition.Center","type":"property","refpurpose":"연결점의 중심 위치","href":"api\/stateflow.junctionposition.html"},{"name":"Stateflow.JunctionPosition.Radius","type":"property","refpurpose":"연결점의 반지름","href":"api\/stateflow.junctionposition.html"},{"name":"getParent","type":"function","fcntype":"instancemethod","refpurpose":"객체의 부모 식별","href":"api\/stateflow.state.getparent.html"},{"name":"Stateflow.State.getParent","type":"method","fcntype":"instancemethod","refpurpose":"객체의 부모 식별","href":"api\/stateflow.state.getparent.html"},{"name":"Stateflow.Annotation.getParent","type":"method","fcntype":"instancemethod","refpurpose":"객체의 부모 식별","href":"api\/stateflow.state.getparent.html"},{"name":"Stateflow.AtomicBox.getParent","type":"method","fcntype":"instancemethod","refpurpose":"객체의 부모 식별","href":"api\/stateflow.state.getparent.html"},{"name":"Stateflow.AtomicSubchart.getParent","type":"method","fcntype":"instancemethod","refpurpose":"객체의 부모 식별","href":"api\/stateflow.state.getparent.html"},{"name":"Stateflow.Box.getParent","type":"method","fcntype":"instancemethod","refpurpose":"객체의 부모 식별","href":"api\/stateflow.state.getparent.html"},{"name":"Stateflow.Data.getParent","type":"method","fcntype":"instancemethod","refpurpose":"객체의 부모 식별","href":"api\/stateflow.state.getparent.html"},{"name":"Stateflow.Event.getParent","type":"method","fcntype":"instancemethod","refpurpose":"객체의 부모 식별","href":"api\/stateflow.state.getparent.html"},{"name":"Stateflow.Function.getParent","type":"method","fcntype":"instancemethod","refpurpose":"객체의 부모 식별","href":"api\/stateflow.state.getparent.html"},{"name":"Stateflow.Junction.getParent","type":"method","fcntype":"instancemethod","refpurpose":"객체의 부모 식별","href":"api\/stateflow.state.getparent.html"},{"name":"Stateflow.EMFunction.getParent","type":"method","fcntype":"instancemethod","refpurpose":"객체의 부모 식별","href":"api\/stateflow.state.getparent.html"},{"name":"Stateflow.Message.getParent","type":"method","fcntype":"instancemethod","refpurpose":"객체의 부모 식별","href":"api\/stateflow.state.getparent.html"},{"name":"Stateflow.Port.getParent","type":"method","fcntype":"instancemethod","refpurpose":"객체의 부모 식별","href":"api\/stateflow.state.getparent.html"},{"name":"Stateflow.SLFunction.getParent","type":"method","fcntype":"instancemethod","refpurpose":"객체의 부모 식별","href":"api\/stateflow.state.getparent.html"},{"name":"Stateflow.SimulinkBasedState.getParent","type":"method","fcntype":"instancemethod","refpurpose":"객체의 부모 식별","href":"api\/stateflow.state.getparent.html"},{"name":"Stateflow.Transition.getParent","type":"method","fcntype":"instancemethod","refpurpose":"객체의 부모 식별","href":"api\/stateflow.state.getparent.html"},{"name":"Stateflow.TruthTable.getParent","type":"method","fcntype":"instancemethod","refpurpose":"객체의 부모 식별","href":"api\/stateflow.state.getparent.html"},{"name":"highlight","type":"function","fcntype":"instancemethod","refpurpose":"그래픽 객체 강조 표시","href":"api\/stateflow.state.highlight.html"},{"name":"Stateflow.State.highlight","type":"method","fcntype":"instancemethod","refpurpose":"그래픽 객체 강조 표시","href":"api\/stateflow.state.highlight.html"},{"name":"Stateflow.AtomicBox.highlight","type":"method","fcntype":"instancemethod","refpurpose":"그래픽 객체 강조 표시","href":"api\/stateflow.state.highlight.html"},{"name":"Stateflow.AtomicSubchart.highlight","type":"method","fcntype":"instancemethod","refpurpose":"그래픽 객체 강조 표시","href":"api\/stateflow.state.highlight.html"},{"name":"Stateflow.Box.highlight","type":"method","fcntype":"instancemethod","refpurpose":"그래픽 객체 강조 표시","href":"api\/stateflow.state.highlight.html"},{"name":"Stateflow.Function.highlight","type":"method","fcntype":"instancemethod","refpurpose":"그래픽 객체 강조 표시","href":"api\/stateflow.state.highlight.html"},{"name":"Stateflow.Junction.highlight","type":"method","fcntype":"instancemethod","refpurpose":"그래픽 객체 강조 표시","href":"api\/stateflow.state.highlight.html"},{"name":"Stateflow.Port.highlight","type":"method","fcntype":"instancemethod","refpurpose":"그래픽 객체 강조 표시","href":"api\/stateflow.state.highlight.html"},{"name":"Stateflow.EMFunction.highlight","type":"method","fcntype":"instancemethod","refpurpose":"그래픽 객체 강조 표시","href":"api\/stateflow.state.highlight.html"},{"name":"Stateflow.SLFunction.highlight","type":"method","fcntype":"instancemethod","refpurpose":"그래픽 객체 강조 표시","href":"api\/stateflow.state.highlight.html"},{"name":"Stateflow.SimulinkBasedState.highlight","type":"method","fcntype":"instancemethod","refpurpose":"그래픽 객체 강조 표시","href":"api\/stateflow.state.highlight.html"},{"name":"Stateflow.Transition.highlight","type":"method","fcntype":"instancemethod","refpurpose":"그래픽 객체 강조 표시","href":"api\/stateflow.state.highlight.html"},{"name":"Stateflow.TruthTable.highlight","type":"method","fcntype":"instancemethod","refpurpose":"그래픽 객체 강조 표시","href":"api\/stateflow.state.highlight.html"},{"name":"innerTransitions","type":"function","fcntype":"instancemethod","refpurpose":"지정된 소스를 갖는 내부 천이 식별","href":"api\/stateflow.state.innertransitions.html"},{"name":"Stateflow.State.innerTransitions","type":"method","fcntype":"instancemethod","refpurpose":"지정된 소스를 갖는 내부 천이 식별","href":"api\/stateflow.state.innertransitions.html"},{"name":"sinkedTransitions","type":"function","fcntype":"instancemethod","refpurpose":"지정된 대상을 갖는 천이 식별","href":"api\/stateflow.state.sinkedtransitions.html"},{"name":"Stateflow.State.sinkedTransitions","type":"method","fcntype":"instancemethod","refpurpose":"지정된 대상을 갖는 천이 식별","href":"api\/stateflow.state.sinkedtransitions.html"},{"name":"Stateflow.Junction.sinkedTransitions","type":"method","fcntype":"instancemethod","refpurpose":"지정된 대상을 갖는 천이 식별","href":"api\/stateflow.state.sinkedtransitions.html"},{"name":"Stateflow.Port.sinkedTransitions","type":"method","fcntype":"instancemethod","refpurpose":"지정된 대상을 갖는 천이 식별","href":"api\/stateflow.state.sinkedtransitions.html"},{"name":"sourcedTransitions","type":"function","fcntype":"instancemethod","refpurpose":"지정된 소스를 갖는 천이 식별","href":"api\/stateflow.state.sourcedtransitions.html"},{"name":"Stateflow.State.sourcedTransitions","type":"method","fcntype":"instancemethod","refpurpose":"지정된 소스를 갖는 천이 식별","href":"api\/stateflow.state.sourcedtransitions.html"},{"name":"Stateflow.Junction.sourcedTransitions","type":"method","fcntype":"instancemethod","refpurpose":"지정된 소스를 갖는 천이 식별","href":"api\/stateflow.state.sourcedtransitions.html"},{"name":"Stateflow.Port.sourcedTransitions","type":"method","fcntype":"instancemethod","refpurpose":"지정된 소스를 갖는 천이 식별","href":"api\/stateflow.state.sourcedtransitions.html"},{"name":"up","type":"function","fcntype":"instancemethod","refpurpose":"(권장되지 않음) 객체의 부모 식별","deprecated":"true","href":"api\/stateflow.state.up.html"},{"name":"Stateflow.State.up","type":"method","fcntype":"instancemethod","refpurpose":"(권장되지 않음) 객체의 부모 식별","deprecated":"true","href":"api\/stateflow.state.up.html"},{"name":"Stateflow.Annotation.up","type":"method","fcntype":"instancemethod","refpurpose":"(권장되지 않음) 객체의 부모 식별","deprecated":"true","href":"api\/stateflow.state.up.html"},{"name":"Stateflow.AtomicBox.up","type":"method","fcntype":"instancemethod","refpurpose":"(권장되지 않음) 객체의 부모 식별","deprecated":"true","href":"api\/stateflow.state.up.html"},{"name":"Stateflow.AtomicSubchart.up","type":"method","fcntype":"instancemethod","refpurpose":"(권장되지 않음) 객체의 부모 식별","deprecated":"true","href":"api\/stateflow.state.up.html"},{"name":"Stateflow.Box.up","type":"method","fcntype":"instancemethod","refpurpose":"(권장되지 않음) 객체의 부모 식별","deprecated":"true","href":"api\/stateflow.state.up.html"},{"name":"Stateflow.Data.up","type":"method","fcntype":"instancemethod","refpurpose":"(권장되지 않음) 객체의 부모 식별","deprecated":"true","href":"api\/stateflow.state.up.html"},{"name":"Stateflow.Event.up","type":"method","fcntype":"instancemethod","refpurpose":"(권장되지 않음) 객체의 부모 식별","deprecated":"true","href":"api\/stateflow.state.up.html"},{"name":"Stateflow.Function.up","type":"method","fcntype":"instancemethod","refpurpose":"(권장되지 않음) 객체의 부모 식별","deprecated":"true","href":"api\/stateflow.state.up.html"},{"name":"Stateflow.Junction.up","type":"method","fcntype":"instancemethod","refpurpose":"(권장되지 않음) 객체의 부모 식별","deprecated":"true","href":"api\/stateflow.state.up.html"},{"name":"Stateflow.EMFunction.up","type":"method","fcntype":"instancemethod","refpurpose":"(권장되지 않음) 객체의 부모 식별","deprecated":"true","href":"api\/stateflow.state.up.html"},{"name":"Stateflow.Message.up","type":"method","fcntype":"instancemethod","refpurpose":"(권장되지 않음) 객체의 부모 식별","deprecated":"true","href":"api\/stateflow.state.up.html"},{"name":"Stateflow.SLFunction.up","type":"method","fcntype":"instancemethod","refpurpose":"(권장되지 않음) 객체의 부모 식별","deprecated":"true","href":"api\/stateflow.state.up.html"},{"name":"Stateflow.SimulinkBasedState.up","type":"method","fcntype":"instancemethod","refpurpose":"(권장되지 않음) 객체의 부모 식별","deprecated":"true","href":"api\/stateflow.state.up.html"},{"name":"Stateflow.Transition.up","type":"method","fcntype":"instancemethod","refpurpose":"(권장되지 않음) 객체의 부모 식별","deprecated":"true","href":"api\/stateflow.state.up.html"},{"name":"Stateflow.TruthTable.up","type":"method","fcntype":"instancemethod","refpurpose":"(권장되지 않음) 객체의 부모 식별","deprecated":"true","href":"api\/stateflow.state.up.html"},{"name":"Stateflow Onramp","type":"tool","refpurpose":"대화형 방식의 무료 자기 주도형 Stateflow 교육과정","href":"gs\/stateflowonramp.html"},{"name":"after","type":"stateflow","refpurpose":"이벤트 브로드캐스트 또는 지정된 시간 후에 차트 실행","href":"ref\/after.html"},{"name":"ascii2str","type":"stateflow","refpurpose":"uint8 유형의 배열을 문자열로 변환하기","href":"ref\/ascii2str.html"},{"name":"at","type":"stateflow","refpurpose":"이벤트 브로드캐스트 또는 지정된 시간에 차트 실행","href":"ref\/at.html"},{"name":"before","type":"stateflow","refpurpose":"이벤트 브로드캐스트 또는 지정된 시간 전에 차트 실행","href":"ref\/before.html"},{"name":"blanks","type":"stateflow","refpurpose":"공백으로 구성된 문자형 배열","href":"ref\/blanks.html"},{"name":"boolean","type":"stateflow","refpurpose":"숫자형 값을 부울 값으로 변환","href":"ref\/boolean.html"},{"name":"change","type":"stateflow","refpurpose":"Stateflow 차트에서 데이터 값 변경 시 묵시적 이벤트 생성","href":"ref\/change.html"},{"name":"Chart","type":"block","refpurpose":"유한 상태 머신으로 제어 논리 구현","href":"ref\/chart.html"},{"name":"contains","type":"stateflow","refpurpose":"Stateflow 차트에서 문자열에 부분문자열이 포함되어 있는지 확인","href":"ref\/contains.html"},{"name":"count","type":"stateflow","refpurpose":"조건이 유효한 동안의 차트 실행 횟수","href":"ref\/count.html"},{"name":"crossing","type":"stateflow","refpurpose":"Stateflow 차트에서 마지막 시간 스텝 이후 데이터의 상승 또는 하강 에지 감지","href":"ref\/crossing.html"},{"name":"discard","type":"stateflow","refpurpose":"메시지 폐기","href":"ref\/discard.html"},{"name":"duration","type":"stateflow","refpurpose":"Stateflow 차트에서 조건이 유효한 시간","href":"ref\/duration.html"},{"name":"elapsed","type":"stateflow","refpurpose":"상태가 활성화된 이후의 시간","href":"ref\/elapsed.html"},{"name":"endsWith","type":"stateflow","refpurpose":"Stateflow 차트에서 문자열이 부분문자열로 끝나는지 확인","href":"ref\/endswith.html"},{"name":"enter","type":"stateflow","refpurpose":"상태가 활성화되면 묵시적 이벤트 생성","href":"ref\/enter.html"},{"name":"erase","type":"stateflow","refpurpose":"Stateflow 차트에서 문자열 내 부분문자열 삭제","href":"ref\/erase.html"},{"name":"every","type":"stateflow","refpurpose":"일정한 간격으로 차트 실행","href":"ref\/every.html"},{"name":"exit","type":"stateflow","refpurpose":"상태가 비활성화되면 묵시적 이벤트 생성","href":"ref\/exit.html"},{"name":"extractAfter","type":"stateflow","refpurpose":"Stateflow 차트에서 위치 뒤의 부분문자열 추출","href":"ref\/extractafter.html"},{"name":"extractBefore","type":"stateflow","refpurpose":"Stateflow 차트에서 위치 앞의 부분문자열 추출","href":"ref\/extractbefore.html"},{"name":"falling","type":"stateflow","refpurpose":"Stateflow 차트에서 마지막 시간 스텝 이후 데이터의 하강 에지 감지","href":"ref\/falling.html"},{"name":"forward","type":"stateflow","refpurpose":"메시지 전달하기","href":"ref\/forward.html"},{"name":"hasChanged","type":"stateflow","refpurpose":"Stateflow 차트에서 마지막 시간 스텝 이후 데이터의 변경 감지","href":"ref\/haschanged.html"},{"name":"hasChangedFrom","type":"stateflow","refpurpose":"Stateflow 차트에서 데이터가 지정된 값에서 변경되었는지 감지","href":"ref\/haschangedfrom.html"},{"name":"hasChangedTo","type":"stateflow","refpurpose":"Stateflow 차트에서 데이터가 지정된 값으로 변경되었는지 감지","href":"ref\/haschangedto.html"},{"name":"in","type":"stateflow","refpurpose":"상태 활동 검사","href":"ref\/in.html"},{"name":"insertAfter","type":"stateflow","refpurpose":"Stateflow 차트에서 부분문자열 뒤에 문자열 삽입","href":"ref\/insertafter.html"},{"name":"isletter","type":"stateflow","refpurpose":"Stateflow 차트에서 어떤 요소가 문자(letter)인지 식별","href":"ref\/isletter.html"},{"name":"isstring","type":"stateflow","refpurpose":"Stateflow 차트에서 입력값이 문자열인지 확인","href":"ref\/isstring.html"},{"name":"isvalid","type":"stateflow","refpurpose":"메시지가 유효한지 결정합니다.","href":"ref\/isvalid.html"},{"name":"lower","type":"stateflow","refpurpose":"Stateflow 차트에서 문자열을 소문자로 변환","href":"ref\/lower.html"},{"name":"matches","type":"stateflow","refpurpose":"Stateflow 차트에서 두 문자열이 일치하는지 확인","href":"ref\/matches.html"},{"name":"plus","type":"stateflow","refpurpose":"Stateflow 차트에서 문자열 결합","href":"ref\/plus.html"},{"name":"receive","type":"stateflow","refpurpose":"대기열에서 메시지 추출","href":"ref\/receive.html"},{"name":"replace","type":"stateflow","refpurpose":"Stateflow 차트에서 부분문자열 찾기 및 바꾸기","href":"ref\/replace.html"},{"name":"reverse","type":"stateflow","refpurpose":"Stateflow 차트에서 문자열의 문자 순서를 반전시키기","href":"ref\/reverse.html"},{"name":"rising","type":"stateflow","refpurpose":"Stateflow 차트에서 마지막 시간 스텝 이후 데이터의 상승 에지 감지","href":"ref\/rising.html"},{"name":"send","type":"stateflow","refpurpose":"메시지 또는 이벤트 브로드캐스트","href":"ref\/send.html"},{"name":"sfclipboard","type":"function","fcntype":"simple","refpurpose":"Clipboard 객체","href":"ref\/sfclipboard.html"},{"name":"sfclose","type":"function","fcntype":"simple","refpurpose":"Stateflow 차트 닫기","href":"ref\/sfclose.html"},{"name":"sfexplr","type":"function","fcntype":"simple","refpurpose":"모델 탐색기 열기","href":"ref\/sfexplr.html"},{"name":"sfhelp","type":"function","fcntype":"simple","refpurpose":"시스템 웹 브라우저에서 Stateflow 문서 열기","href":"ref\/sfhelp.html"},{"name":"sflib","type":"function","fcntype":"simple","refpurpose":"Stateflow 블록 라이브러리 열기","href":"ref\/sflib.html"},{"name":"sfnew","type":"function","fcntype":"simple","refpurpose":"빈 Stateflow 블록이 포함된 Simulink 모델을 만듭니다.","href":"ref\/sfnew.html"},{"name":"sfopen","type":"function","fcntype":"simple","refpurpose":"Simulink 모델 열기","href":"ref\/sfopen.html"},{"name":"sfroot","type":"function","fcntype":"simple","refpurpose":"Stateflow 계층 구조의 루트","href":"ref\/sfroot.html"},{"name":"startsWith","type":"stateflow","refpurpose":"Stateflow 차트에서 문자열이 부분문자열로 시작하는지 확인","href":"ref\/startswith.html"},{"name":"isActive","type":"function","fcntype":"instancemethod","refpurpose":"상태가 활성화되어 있는지 확인","href":"ref\/stateflow.op.operatingpointcontainer.isactive.html"},{"name":"Stateflow.op.OperatingPointContainer.isActive","type":"method","fcntype":"instancemethod","refpurpose":"상태가 활성화되어 있는지 확인","href":"ref\/stateflow.op.operatingpointcontainer.isactive.html"},{"name":"stateflow","type":"function","fcntype":"simple","refpurpose":"Stateflow 템플릿 페이지 열기","href":"ref\/stateflow.html"},{"name":"State Transition Table","type":"block","refpurpose":"테이블 형식으로 모달 논리 표현","href":"ref\/statetransitiontable.html"},{"name":"str2ascii","type":"stateflow","refpurpose":"문자열을 uint8 유형의 배열로 변환하기","href":"ref\/str2ascii.html"},{"name":"str2double","type":"stateflow","refpurpose":"Stateflow 차트에서 문자열을 배정밀도 값으로 변환","href":"ref\/str2double.html"},{"name":"strcat","type":"stateflow","refpurpose":"문자열 결합하기","href":"ref\/strcat.html"},{"name":"strcmp","type":"stateflow","refpurpose":"Stateflow 차트에서 문자열 비교(대\/소문자 구분)","href":"ref\/strcmp.html"},{"name":"strcmpi","type":"stateflow","refpurpose":"Stateflow 차트에서 문자열 비교(대\/소문자 구분 안 함)","href":"ref\/strcmpi.html"},{"name":"strcpy","type":"stateflow","refpurpose":"문자열 값 할당하기","href":"ref\/strcpy.html"},{"name":"strfind","type":"stateflow","refpurpose":"Stateflow 차트에서 문자열 내 부분문자열 찾기","href":"ref\/strfind.html"},{"name":"string","type":"stateflow","refpurpose":"Stateflow 차트에서 값을 string형으로 변환","href":"ref\/string.html"},{"name":"strlen","type":"stateflow","refpurpose":"문자열의 길이 결정하기","href":"ref\/strlen.html"},{"name":"strlength","type":"stateflow","refpurpose":"Stateflow 차트에서 문자열의 길이 확인","href":"ref\/strlength.html"},{"name":"strncmp","type":"stateflow","refpurpose":"Stateflow 차트에서 문자열의 처음 N개 문자 비교(대\/소문자 구분)","href":"ref\/strncmp.html"},{"name":"strncmpi","type":"stateflow","refpurpose":"Stateflow 차트에서 string형의 처음 N개 문자 비교(대\/소문자 구분 안 함)","href":"ref\/strncmpi.html"},{"name":"strrep","type":"stateflow","refpurpose":"Stateflow 차트에서 부분문자열 찾기 및 바꾸기","href":"ref\/strrep.html"},{"name":"strtrim","type":"stateflow","refpurpose":"Stateflow 차트에서 문자열의 선행 공백과 후행 공백 제거","href":"ref\/strtrim.html"},{"name":"substr","type":"stateflow","refpurpose":"문자열에서 부분문자열 추출하기","href":"ref\/substr.html"},{"name":"temporalCount","type":"stateflow","refpurpose":"상태가 활성화된 이후의 이벤트 수, 차트 실행 횟수 또는 시간 길이","href":"ref\/temporalcount.html"},{"name":"tostring","type":"stateflow","refpurpose":"값을 string형으로 변환","href":"ref\/tostring.html"},{"name":"Truth Table","type":"block","refpurpose":"조건, 결정, 동작으로 의사 결정 로직 표현","href":"ref\/truthtable.html"},{"name":"upper","type":"stateflow","refpurpose":"Stateflow 차트에서 문자열을 대문자로 변환","href":"ref\/upper.html"}]}