{"schema":"referenceapi_lookup_schema.json","schemaVersion":"1.0","docVersion":"doc25a.2968260.Bdoc25a.2967890.pass.r2025a","productName":"Stateflow","baseCode":"SF","helpFolder":"stateflow","helpLocation":"stateflow",  "refItems" : [{"name":"Stateflow Onramp","type":"tool","refpurpose":"Corso gratuito, autogestito e interattivo su Stateflow","href":"gs\/stateflowonramp.html"},{"name":"after","type":"stateflow","refpurpose":"Eseguire il grafico dopo la trasmissione dell'evento o dopo un tempo specificato","href":"ref\/after.html"},{"name":"ascii2str","type":"stateflow","refpurpose":"Convertire gli array di tipo uint8 in stringhe","href":"ref\/ascii2str.html"},{"name":"boolean","type":"stateflow","refpurpose":"Convertire da valore numerico a valore booleano","href":"ref\/boolean.html"},{"name":"change","type":"stateflow","refpurpose":"Generare un evento implicito quando cambia il valore dei dati","href":"ref\/change.html"},{"name":"Chart","type":"block","refpurpose":"Implementare la logica di controllo con macchina a stato finito","href":"ref\/chart.html"},{"name":"contains","type":"stateflow","refpurpose":"Determinare se una stringa contiene una sottostringa","href":"ref\/contains.html"},{"name":"count","type":"stateflow","refpurpose":"Numero di esecuzioni del grafico durante le quali la condizione è valida","href":"ref\/count.html"},{"name":"duration","type":"stateflow","refpurpose":"Tempo durante il quale la condizione è valida","href":"ref\/duration.html"},{"name":"elapsed","type":"stateflow","refpurpose":"Tempo trascorso da quando lo stato è diventato attivo","href":"ref\/elapsed.html"},{"name":"enter","type":"stateflow","refpurpose":"Generare un evento implicito quando lo stato diventa attivo","href":"ref\/enter.html"},{"name":"erase","type":"stateflow","refpurpose":"Eliminare le sottostringhe all'interno delle stringhe","href":"ref\/erase.html"},{"name":"extractAfter","type":"stateflow","refpurpose":"Estrarre una sottostringa dopo la posizione","href":"ref\/extractafter.html"},{"name":"extractBefore","type":"stateflow","refpurpose":"Estrarre una sottostringa prima della posizione","href":"ref\/extractbefore.html"},{"name":"forward","type":"stateflow","refpurpose":"Inoltrare un messaggio","href":"ref\/forward.html"},{"name":"isstring","type":"stateflow","refpurpose":"Determinare se l'input è una stringa","href":"ref\/isstring.html"},{"name":"plus","type":"stateflow","refpurpose":"Concatenare le stringhe","href":"ref\/plus.html"},{"name":"rising","type":"stateflow","refpurpose":"Rilevare il bordo di salita nei dati dall'ultimo passaggio temporale","href":"ref\/rising.html"},{"name":"sfclose","type":"function","fcntype":"simple","refpurpose":"Chiudere il grafico Stateflow","href":"ref\/sfclose.html"},{"name":"sfexplr","type":"function","fcntype":"simple","refpurpose":"Aprire il Model Explorer","href":"ref\/sfexplr.html"},{"name":"sfhelp","type":"function","fcntype":"simple","refpurpose":"Aprire la documentazione di Stateflow nel browser di aiuto","href":"ref\/sfhelp.html"},{"name":"sflib","type":"function","fcntype":"simple","refpurpose":"Aprire il blocco libreria Stateflow","href":"ref\/sflib.html"},{"name":"sfroot","type":"function","fcntype":"simple","refpurpose":"Root della gerarchia di Stateflow","href":"ref\/sfroot.html"},{"name":"stateflow","type":"function","fcntype":"simple","refpurpose":"Aprire il blocco libreria Stateflow e creare un modello di Simulink che contiene un grafico vuoto","href":"ref\/stateflow.html"},{"name":"str2ascii","type":"stateflow","refpurpose":"Convertire una stringa in un array di tipo uint8","href":"ref\/str2ascii.html"},{"name":"str2double","type":"stateflow","refpurpose":"Convertire una stringa in un valore a doppia precisione","href":"ref\/str2double.html"},{"name":"strcat","type":"stateflow","refpurpose":"Concatenare le stringhe","href":"ref\/strcat.html"},{"name":"strcmp","type":"stateflow","refpurpose":"Confronto tra stringhe (con differenziazione tra lettere maiuscole e lettere minuscole)","href":"ref\/strcmp.html"},{"name":"strcpy","type":"stateflow","refpurpose":"Assegnare un valore di stringa","href":"ref\/strcpy.html"},{"name":"strfind","type":"stateflow","refpurpose":"Trovare una sottostringa all'interno di una stringa","href":"ref\/strfind.html"},{"name":"string","type":"stateflow","refpurpose":"Convertire un valore in stringa","href":"ref\/string.html"},{"name":"strlen","type":"stateflow","refpurpose":"Determinare la lunghezza di una stringa","href":"ref\/strlen.html"},{"name":"strlength","type":"stateflow","refpurpose":"Determinare la lunghezza di una stringa","href":"ref\/strlength.html"},{"name":"substr","type":"stateflow","refpurpose":"Estrarre una sottostringa da una stringa","href":"ref\/substr.html"},{"name":"tostring","type":"stateflow","refpurpose":"Convertire un valore in stringa","href":"ref\/tostring.html"}]}