{"schema":"referenceapi_lookup_schema.json","schemaVersion":"1.0","docVersion":"doc25a.2968260.Bdoc25a.2967890.pass.r2025a","productName":"Statistics and Machine Learning Toolbox","baseCode":"ST","helpFolder":"stats","helpLocation":"stats",  "refItems" : [{"name":"andrewsplot","type":"function","fcntype":"simple","refpurpose":"安德鲁斯图","href":"andrewsplot.html"},{"name":"betacdf","type":"function","fcntype":"simple","refpurpose":"beta 累积分布函数","href":"betacdf.html"},{"name":"betapdf","type":"function","fcntype":"simple","refpurpose":"beta 概率密度函数","href":"betapdf.html"},{"name":"betarnd","type":"function","fcntype":"simple","refpurpose":"beta 随机数","href":"betarnd.html"},{"name":"binocdf","type":"function","fcntype":"simple","refpurpose":"二项累积分布函数","href":"binocdf.html"},{"name":"binopdf","type":"function","fcntype":"simple","refpurpose":"二项概率密度函数","href":"binopdf.html"},{"name":"binornd","type":"function","fcntype":"simple","refpurpose":"来自二项分布的随机数","href":"binornd.html"},{"name":"boxplot","type":"function","fcntype":"simple","refpurpose":"用箱线图可视化摘要统计量","href":"boxplot.html"},{"name":"caseread","type":"function","fcntype":"simple","refpurpose":"从文件中读取个案名称","href":"caseread.html"},{"name":"cdfplot","type":"function","fcntype":"simple","refpurpose":"经验累积分布函数 (cdf) 图","href":"cdfplot.html"},{"name":"chi2cdf","type":"function","fcntype":"simple","refpurpose":"卡方累积分布函数","href":"chi2cdf.html"},{"name":"chi2inv","type":"function","fcntype":"simple","refpurpose":"卡方逆累积分布函数","href":"chi2inv.html"},{"name":"chi2pdf","type":"function","fcntype":"simple","refpurpose":"卡方概率密度函数","href":"chi2pdf.html"},{"name":"chi2rnd","type":"function","fcntype":"simple","refpurpose":"卡方随机数","href":"chi2rnd.html"},{"name":"chi2stat","type":"function","fcntype":"simple","refpurpose":"卡方均值和方差","href":"chi2stat.html"},{"name":"Classification Learner","type":"app","refpurpose":"使用有监督的机器学习训练模型以对数据进行分类","href":"classificationlearner-app.html"},{"name":"classificationLearner","type":"function","fcntype":"applauncher","refpurpose":"使用有监督的机器学习训练模型以对数据进行分类","href":"classificationlearner-app.html"},{"name":"CompactTreeBagger.margin","type":"method","fcntype":"instancemethod","refpurpose":"分类间隔","href":"compacttreebagger.margin.html"},{"name":"corr","type":"function","fcntype":"simple","refpurpose":"线性或秩相关性","href":"corr.html"},{"name":"test","type":"function","fcntype":"instancemethod","refpurpose":"交叉验证的测试集索引","href":"cvpartition.test.html"},{"name":"cvpartition.test","type":"method","fcntype":"instancemethod","refpurpose":"交叉验证的测试集索引","href":"cvpartition.test.html"},{"name":"training","type":"function","fcntype":"instancemethod","refpurpose":"交叉验证的训练索引","href":"cvpartition.training.html"},{"name":"cvpartition.training","type":"method","fcntype":"instancemethod","refpurpose":"交叉验证的训练索引","href":"cvpartition.training.html"},{"name":"dataset.display","type":"method","fcntype":"instancemethod","refpurpose":"（不推荐）显示数据集合数组","deprecated":"true","href":"dataset.display.html"},{"name":"Distribution Fitter","type":"app","refpurpose":"对数据进行概率分布拟合","href":"distributionfitter-app.html"},{"name":"distributionFitter","type":"function","fcntype":"applauncher","refpurpose":"对数据进行概率分布拟合","href":"distributionfitter-app.html"},{"name":"distributionFitter","type":"function","fcntype":"simple","refpurpose":"打开分布拟合器","href":"distributionfitter.html"},{"name":"exprnd","type":"function","fcntype":"simple","refpurpose":"指数随机数","href":"exprnd.html"},{"name":"fcdf","type":"function","fcntype":"simple","refpurpose":"F 累积分布函数","href":"fcdf.html"},{"name":"ff2n","type":"function","fcntype":"simple","refpurpose":"二水平完全析因设计","href":"ff2n.html"},{"name":"finv","type":"function","fcntype":"simple","refpurpose":"F 逆累积分布函数","href":"finv.html"},{"name":"fitcsvm","type":"function","fcntype":"simple","refpurpose":"训练用于一类和二类分类的支持向量机 (SVM) 分类器","href":"fitcsvm.html"},{"name":"fitdist","type":"function","fcntype":"simple","refpurpose":"对数据进行概率分布对象拟合","href":"fitdist.html"},{"name":"fitlm","type":"function","fcntype":"simple","refpurpose":"拟合线性回归模型","href":"fitlm.html"},{"name":"fpdf","type":"function","fcntype":"simple","refpurpose":"F 概率密度函数","href":"fpdf.html"},{"name":"frnd","type":"function","fcntype":"simple","refpurpose":"F 随机数","href":"frnd.html"},{"name":"fullfact","type":"function","fcntype":"simple","refpurpose":"完全析因设计","href":"fullfact.html"},{"name":"gamrnd","type":"function","fcntype":"simple","refpurpose":"gamma 随机数","href":"gamrnd.html"},{"name":"gline","type":"function","fcntype":"simple","refpurpose":"以交互方式向绘图添加线条","href":"gline.html"},{"name":"cdf","type":"function","fcntype":"instancemethod","refpurpose":"高斯混合分布的累积分布函数","href":"gmdistribution.cdf.html"},{"name":"gmdistribution.cdf","type":"method","fcntype":"instancemethod","refpurpose":"高斯混合分布的累积分布函数","href":"gmdistribution.cdf.html"},{"name":"pdf","type":"function","fcntype":"instancemethod","refpurpose":"高斯混合分布的概率密度函数","href":"gmdistribution.pdf.html"},{"name":"gmdistribution.pdf","type":"method","fcntype":"instancemethod","refpurpose":"高斯混合分布的概率密度函数","href":"gmdistribution.pdf.html"},{"name":"random","type":"function","fcntype":"instancemethod","refpurpose":"高斯混合分布的随机变量","href":"gmdistribution.random.html"},{"name":"gmdistribution.random","type":"method","fcntype":"instancemethod","refpurpose":"高斯混合分布的随机变量","href":"gmdistribution.random.html"},{"name":"gscatter","type":"function","fcntype":"simple","refpurpose":"分组散点图","href":"gscatter.html"},{"name":"histfit","type":"function","fcntype":"simple","refpurpose":"具有分布拟合的直方图","href":"histfit.html"},{"name":"hougen","type":"function","fcntype":"simple","refpurpose":"豪根-瓦特森模型","href":"hougen.html"},{"name":"kmeans","type":"function","fcntype":"simple","refpurpose":"k 均值聚类","href":"kmeans.html"},{"name":"KNN 搜索","type":"block","refpurpose":"使用搜索器对象查找 k 最近邻","href":"knnsearchblock.html"},{"name":"kstest","type":"function","fcntype":"simple","refpurpose":"单样本柯尔莫哥洛夫-斯米尔诺夫检验","href":"kstest.html"},{"name":"lhsdesign","type":"function","fcntype":"simple","refpurpose":"拉丁超立方样本","href":"lhsdesign.html"},{"name":"lhsnorm","type":"function","fcntype":"simple","refpurpose":"来自多元正态分布的拉丁超立方样本","href":"lhsnorm.html"},{"name":"logncdf","type":"function","fcntype":"simple","refpurpose":"对数正态累积分布函数","href":"logncdf.html"},{"name":"logninv","type":"function","fcntype":"simple","refpurpose":"对数正态逆累积分布函数","href":"logninv.html"},{"name":"lognpdf","type":"function","fcntype":"simple","refpurpose":"对数正态概率密度函数","href":"lognpdf.html"},{"name":"lognrnd","type":"function","fcntype":"simple","refpurpose":"对数正态随机数","href":"lognrnd.html"},{"name":"lsline","type":"function","fcntype":"simple","refpurpose":"向散点图添加最小二乘线条","href":"lsline.html"},{"name":"makedist","type":"function","fcntype":"simple","refpurpose":"创建概率分布对象","href":"makedist.html"},{"name":"mvnpdf","type":"function","fcntype":"simple","refpurpose":"多元正态概率密度函数","href":"mvnpdf.html"},{"name":"mvnrnd","type":"function","fcntype":"simple","refpurpose":"多元正态随机数","href":"mvnrnd.html"},{"name":"nanmean","type":"function","fcntype":"simple","refpurpose":"（不推荐）均值，忽略 NaN 值","deprecated":"true","href":"nanmean.html"},{"name":"nansum","type":"function","fcntype":"simple","refpurpose":"（不推荐）总和，忽略 NaN 值","deprecated":"true","href":"nansum.html"},{"name":"nlinfit","type":"function","fcntype":"simple","refpurpose":"非线性回归","href":"nlinfit.html"},{"name":"normcdf","type":"function","fcntype":"simple","refpurpose":"正态累积分布函数","href":"normcdf.html"},{"name":"norminv","type":"function","fcntype":"simple","refpurpose":"正态逆累积分布函数","href":"norminv.html"},{"name":"normpdf","type":"function","fcntype":"simple","refpurpose":"正态概率密度函数","href":"normpdf.html"},{"name":"normrnd","type":"function","fcntype":"simple","refpurpose":"正态随机数","href":"normrnd.html"},{"name":"pca","type":"function","fcntype":"simple","refpurpose":"原始数据的主成分分析","href":"pca.html"},{"name":"pcacov","type":"function","fcntype":"simple","refpurpose":"对协方差矩阵的主成分分析","href":"pcacov.html"},{"name":"pdist2","type":"function","fcntype":"simple","refpurpose":"两组观测值之间的两两距离","href":"pdist2.html"},{"name":"pdist","type":"function","fcntype":"simple","refpurpose":"成对观测值之间的两两距离","href":"pdist.html"},{"name":"poisscdf","type":"function","fcntype":"simple","refpurpose":"泊松累积分布函数","href":"poisscdf.html"},{"name":"poissfit","type":"function","fcntype":"simple","refpurpose":"泊松参数估计","href":"poissfit.html"},{"name":"poisspdf","type":"function","fcntype":"simple","refpurpose":"泊松概率密度函数","href":"poisspdf.html"},{"name":"poissrnd","type":"function","fcntype":"simple","refpurpose":"来自泊松分布的随机数","href":"poissrnd.html"},{"name":"poisstat","type":"function","fcntype":"simple","refpurpose":"泊松均值和方差","href":"poisstat.html"},{"name":"prob.BetaDistribution","type":"object","refpurpose":"beta 概率分布对象","href":"prob.betadistribution.html"},{"name":"prob.BetaDistribution.a","type":"property","refpurpose":"第一个形状参数","href":"prob.betadistribution.html"},{"name":"prob.BetaDistribution.b","type":"property","refpurpose":"第二个形状参数","href":"prob.betadistribution.html"},{"name":"prob.BetaDistribution.IsTruncated","type":"property","refpurpose":"截尾分布的逻辑标志","href":"prob.betadistribution.html"},{"name":"prob.BetaDistribution.NumParameters","type":"property","refpurpose":"参数数目","href":"prob.betadistribution.html"},{"name":"prob.BetaDistribution.ParameterCovariance","type":"property","refpurpose":"参数估计值的协方差矩阵","href":"prob.betadistribution.html"},{"name":"prob.BetaDistribution.ParameterIsFixed","type":"property","refpurpose":"固定参数的逻辑标志","href":"prob.betadistribution.html"},{"name":"prob.BetaDistribution.ParameterValues","type":"property","refpurpose":"分布参数值","href":"prob.betadistribution.html"},{"name":"prob.BetaDistribution.Truncation","type":"property","refpurpose":"截尾区间","href":"prob.betadistribution.html"},{"name":"prob.BetaDistribution.DistributionName","type":"property","refpurpose":"概率分布名称","href":"prob.betadistribution.html"},{"name":"prob.BetaDistribution.InputData","type":"property","refpurpose":"用于分布拟合的数据","href":"prob.betadistribution.html"},{"name":"prob.BetaDistribution.ParameterDescription","type":"property","refpurpose":"分布参数描述","href":"prob.betadistribution.html"},{"name":"prob.BetaDistribution.ParameterNames","type":"property","refpurpose":"分布参数名称","href":"prob.betadistribution.html"},{"name":"prob.BinomialDistribution","type":"object","refpurpose":"二项概率分布对象","href":"prob.binomialdistribution.html"},{"name":"prob.BinomialDistribution.N","type":"property","refpurpose":"试验次数","href":"prob.binomialdistribution.html"},{"name":"prob.BinomialDistribution.p","type":"property","refpurpose":"成功概率","href":"prob.binomialdistribution.html"},{"name":"prob.BinomialDistribution.IsTruncated","type":"property","refpurpose":"截尾分布的逻辑标志","href":"prob.binomialdistribution.html"},{"name":"prob.BinomialDistribution.NumParameters","type":"property","refpurpose":"参数数目","href":"prob.binomialdistribution.html"},{"name":"prob.BinomialDistribution.ParameterCovariance","type":"property","refpurpose":"参数估计值的协方差矩阵","href":"prob.binomialdistribution.html"},{"name":"prob.BinomialDistribution.ParameterIsFixed","type":"property","refpurpose":"固定参数的逻辑标志","href":"prob.binomialdistribution.html"},{"name":"prob.BinomialDistribution.ParameterValues","type":"property","refpurpose":"分布参数值","href":"prob.binomialdistribution.html"},{"name":"prob.BinomialDistribution.Truncation","type":"property","refpurpose":"截尾区间","href":"prob.binomialdistribution.html"},{"name":"prob.BinomialDistribution.DistributionName","type":"property","refpurpose":"概率分布名称","href":"prob.binomialdistribution.html"},{"name":"prob.BinomialDistribution.InputData","type":"property","refpurpose":"用于分布拟合的数据","href":"prob.binomialdistribution.html"},{"name":"prob.BinomialDistribution.ParameterDescription","type":"property","refpurpose":"分布参数描述","href":"prob.binomialdistribution.html"},{"name":"prob.BinomialDistribution.ParameterNames","type":"property","refpurpose":"分布参数名称","href":"prob.binomialdistribution.html"},{"name":"prob.BurrDistribution","type":"object","refpurpose":"伯尔概率分布对象","href":"prob.burrdistribution.html"},{"name":"prob.BurrDistribution.alpha","type":"property","refpurpose":"尺度参数","href":"prob.burrdistribution.html"},{"name":"prob.BurrDistribution.c","type":"property","refpurpose":"第一个形状参数","href":"prob.burrdistribution.html"},{"name":"prob.BurrDistribution.k","type":"property","refpurpose":"第二个形状参数","href":"prob.burrdistribution.html"},{"name":"prob.BurrDistribution.IsTruncated","type":"property","refpurpose":"截尾分布的逻辑标志","href":"prob.burrdistribution.html"},{"name":"prob.BurrDistribution.NumParameters","type":"property","refpurpose":"参数数目","href":"prob.burrdistribution.html"},{"name":"prob.BurrDistribution.ParameterCovariance","type":"property","refpurpose":"参数估计值的协方差矩阵","href":"prob.burrdistribution.html"},{"name":"prob.BurrDistribution.ParameterIsFixed","type":"property","refpurpose":"固定参数的逻辑标志","href":"prob.burrdistribution.html"},{"name":"prob.BurrDistribution.ParameterValues","type":"property","refpurpose":"分布参数值","href":"prob.burrdistribution.html"},{"name":"prob.BurrDistribution.Truncation","type":"property","refpurpose":"截尾区间","href":"prob.burrdistribution.html"},{"name":"prob.BurrDistribution.DistributionName","type":"property","refpurpose":"概率分布名称","href":"prob.burrdistribution.html"},{"name":"prob.BurrDistribution.InputData","type":"property","refpurpose":"用于分布拟合的数据","href":"prob.burrdistribution.html"},{"name":"prob.BurrDistribution.ParameterDescription","type":"property","refpurpose":"分布参数描述","href":"prob.burrdistribution.html"},{"name":"prob.BurrDistribution.ParameterNames","type":"property","refpurpose":"分布参数名称","href":"prob.burrdistribution.html"},{"name":"prob.ExponentialDistribution","type":"object","refpurpose":"指数概率分布对象","href":"prob.exponentialdistribution.html"},{"name":"prob.ExponentialDistribution.mu","type":"property","refpurpose":"均值","href":"prob.exponentialdistribution.html"},{"name":"prob.ExponentialDistribution.IsTruncated","type":"property","refpurpose":"截尾分布的逻辑标志","href":"prob.exponentialdistribution.html"},{"name":"prob.ExponentialDistribution.NumParameters","type":"property","refpurpose":"参数数目","href":"prob.exponentialdistribution.html"},{"name":"prob.ExponentialDistribution.ParameterCovariance","type":"property","refpurpose":"参数估计值的协方差矩阵","href":"prob.exponentialdistribution.html"},{"name":"prob.ExponentialDistribution.ParameterIsFixed","type":"property","refpurpose":"固定参数的逻辑标志","href":"prob.exponentialdistribution.html"},{"name":"prob.ExponentialDistribution.ParameterValues","type":"property","refpurpose":"分布参数值","href":"prob.exponentialdistribution.html"},{"name":"prob.ExponentialDistribution.Truncation","type":"property","refpurpose":"截尾区间","href":"prob.exponentialdistribution.html"},{"name":"prob.ExponentialDistribution.DistributionName","type":"property","refpurpose":"概率分布名称","href":"prob.exponentialdistribution.html"},{"name":"prob.ExponentialDistribution.InputData","type":"property","refpurpose":"用于分布拟合的数据","href":"prob.exponentialdistribution.html"},{"name":"prob.ExponentialDistribution.ParameterDescription","type":"property","refpurpose":"分布参数描述","href":"prob.exponentialdistribution.html"},{"name":"prob.ExponentialDistribution.ParameterNames","type":"property","refpurpose":"分布参数名称","href":"prob.exponentialdistribution.html"},{"name":"prob.ExtremeValueDistribution","type":"object","refpurpose":"极值概率分布对象","href":"prob.extremevaluedistribution.html"},{"name":"prob.ExtremeValueDistribution.mu","type":"property","refpurpose":"位置参量","href":"prob.extremevaluedistribution.html"},{"name":"prob.ExtremeValueDistribution.sigma","type":"property","refpurpose":"尺度参数","href":"prob.extremevaluedistribution.html"},{"name":"prob.ExtremeValueDistribution.IsTruncated","type":"property","refpurpose":"截尾分布的逻辑标志","href":"prob.extremevaluedistribution.html"},{"name":"prob.ExtremeValueDistribution.NumParameters","type":"property","refpurpose":"参数数目","href":"prob.extremevaluedistribution.html"},{"name":"prob.ExtremeValueDistribution.ParameterCovariance","type":"property","refpurpose":"参数估计值的协方差矩阵","href":"prob.extremevaluedistribution.html"},{"name":"prob.ExtremeValueDistribution.ParameterIsFixed","type":"property","refpurpose":"固定参数的逻辑标志","href":"prob.extremevaluedistribution.html"},{"name":"prob.ExtremeValueDistribution.ParameterValues","type":"property","refpurpose":"分布参数值","href":"prob.extremevaluedistribution.html"},{"name":"prob.ExtremeValueDistribution.Truncation","type":"property","refpurpose":"截尾区间","href":"prob.extremevaluedistribution.html"},{"name":"prob.ExtremeValueDistribution.DistributionName","type":"property","refpurpose":"概率分布名称","href":"prob.extremevaluedistribution.html"},{"name":"prob.ExtremeValueDistribution.InputData","type":"property","refpurpose":"用于分布拟合的数据","href":"prob.extremevaluedistribution.html"},{"name":"prob.ExtremeValueDistribution.ParameterDescription","type":"property","refpurpose":"分布参数描述","href":"prob.extremevaluedistribution.html"},{"name":"prob.ExtremeValueDistribution.ParameterNames","type":"property","refpurpose":"分布参数名称","href":"prob.extremevaluedistribution.html"},{"name":"prob.GammaDistribution","type":"object","refpurpose":"gamma 概率分布对象","href":"prob.gammadistribution.html"},{"name":"prob.GammaDistribution.a","type":"property","refpurpose":"形状参数","href":"prob.gammadistribution.html"},{"name":"prob.GammaDistribution.b","type":"property","refpurpose":"尺度参数","href":"prob.gammadistribution.html"},{"name":"prob.GammaDistribution.IsTruncated","type":"property","refpurpose":"截尾分布的逻辑标志","href":"prob.gammadistribution.html"},{"name":"prob.GammaDistribution.NumParameters","type":"property","refpurpose":"参数数目","href":"prob.gammadistribution.html"},{"name":"prob.GammaDistribution.ParameterCovariance","type":"property","refpurpose":"参数估计值的协方差矩阵","href":"prob.gammadistribution.html"},{"name":"prob.GammaDistribution.ParameterIsFixed","type":"property","refpurpose":"固定参数的逻辑标志","href":"prob.gammadistribution.html"},{"name":"prob.GammaDistribution.ParameterValues","type":"property","refpurpose":"分布参数值","href":"prob.gammadistribution.html"},{"name":"prob.GammaDistribution.Truncation","type":"property","refpurpose":"截尾区间","href":"prob.gammadistribution.html"},{"name":"prob.GammaDistribution.DistributionName","type":"property","refpurpose":"概率分布名称","href":"prob.gammadistribution.html"},{"name":"prob.GammaDistribution.InputData","type":"property","refpurpose":"用于分布拟合的数据","href":"prob.gammadistribution.html"},{"name":"prob.GammaDistribution.ParameterDescription","type":"property","refpurpose":"分布参数描述","href":"prob.gammadistribution.html"},{"name":"prob.GammaDistribution.ParameterNames","type":"property","refpurpose":"分布参数名称","href":"prob.gammadistribution.html"},{"name":"prob.GeneralizedParetoDistribution","type":"object","refpurpose":"广义帕累托概率分布对象","href":"prob.generalizedparetodistribution.html"},{"name":"prob.GeneralizedParetoDistribution.k","type":"property","refpurpose":"形状参数","href":"prob.generalizedparetodistribution.html"},{"name":"prob.GeneralizedParetoDistribution.sigma","type":"property","refpurpose":"尺度参数","href":"prob.generalizedparetodistribution.html"},{"name":"prob.GeneralizedParetoDistribution.theta","type":"property","refpurpose":"位置（阈值）参数","href":"prob.generalizedparetodistribution.html"},{"name":"prob.GeneralizedParetoDistribution.IsTruncated","type":"property","refpurpose":"截尾分布的逻辑标志","href":"prob.generalizedparetodistribution.html"},{"name":"prob.GeneralizedParetoDistribution.NumParameters","type":"property","refpurpose":"参数数目","href":"prob.generalizedparetodistribution.html"},{"name":"prob.GeneralizedParetoDistribution.ParameterCovariance","type":"property","refpurpose":"参数估计值的协方差矩阵","href":"prob.generalizedparetodistribution.html"},{"name":"prob.GeneralizedParetoDistribution.ParameterIsFixed","type":"property","refpurpose":"固定参数的逻辑标志","href":"prob.generalizedparetodistribution.html"},{"name":"prob.GeneralizedParetoDistribution.ParameterValues","type":"property","refpurpose":"分布参数值","href":"prob.generalizedparetodistribution.html"},{"name":"prob.GeneralizedParetoDistribution.Truncation","type":"property","refpurpose":"截尾区间","href":"prob.generalizedparetodistribution.html"},{"name":"prob.GeneralizedParetoDistribution.DistributionName","type":"property","refpurpose":"概率分布名称","href":"prob.generalizedparetodistribution.html"},{"name":"prob.GeneralizedParetoDistribution.InputData","type":"property","refpurpose":"用于分布拟合的数据","href":"prob.generalizedparetodistribution.html"},{"name":"prob.GeneralizedParetoDistribution.ParameterDescription","type":"property","refpurpose":"分布参数描述","href":"prob.generalizedparetodistribution.html"},{"name":"prob.GeneralizedParetoDistribution.ParameterNames","type":"property","refpurpose":"分布参数名称","href":"prob.generalizedparetodistribution.html"},{"name":"prob.InverseGaussianDistribution","type":"object","refpurpose":"逆高斯概率分布对象","href":"prob.inversegaussiandistribution.html"},{"name":"prob.InverseGaussianDistribution.mu","type":"property","refpurpose":"尺度参数","href":"prob.inversegaussiandistribution.html"},{"name":"prob.InverseGaussianDistribution.lambda","type":"property","refpurpose":"形状参数","href":"prob.inversegaussiandistribution.html"},{"name":"prob.InverseGaussianDistribution.IsTruncated","type":"property","refpurpose":"截尾分布的逻辑标志","href":"prob.inversegaussiandistribution.html"},{"name":"prob.InverseGaussianDistribution.NumParameters","type":"property","refpurpose":"参数数目","href":"prob.inversegaussiandistribution.html"},{"name":"prob.InverseGaussianDistribution.ParameterCovariance","type":"property","refpurpose":"参数估计值的协方差矩阵","href":"prob.inversegaussiandistribution.html"},{"name":"prob.InverseGaussianDistribution.ParameterIsFixed","type":"property","refpurpose":"固定参数的逻辑标志","href":"prob.inversegaussiandistribution.html"},{"name":"prob.InverseGaussianDistribution.ParameterValues","type":"property","refpurpose":"分布参数值","href":"prob.inversegaussiandistribution.html"},{"name":"prob.InverseGaussianDistribution.Truncation","type":"property","refpurpose":"截尾区间","href":"prob.inversegaussiandistribution.html"},{"name":"prob.InverseGaussianDistribution.DistributionName","type":"property","refpurpose":"概率分布名称","href":"prob.inversegaussiandistribution.html"},{"name":"prob.InverseGaussianDistribution.InputData","type":"property","refpurpose":"用于分布拟合的数据","href":"prob.inversegaussiandistribution.html"},{"name":"prob.InverseGaussianDistribution.ParameterDescription","type":"property","refpurpose":"分布参数描述","href":"prob.inversegaussiandistribution.html"},{"name":"prob.InverseGaussianDistribution.ParameterNames","type":"property","refpurpose":"分布参数名称","href":"prob.inversegaussiandistribution.html"},{"name":"prob.KernelDistribution","type":"object","refpurpose":"核概率分布对象","href":"prob.kerneldistribution.html"},{"name":"prob.KernelDistribution.Kernel","type":"property","refpurpose":"核平滑器类型","href":"prob.kerneldistribution.html"},{"name":"prob.KernelDistribution.Bandwidth","type":"property","refpurpose":"核平滑窗的带宽","href":"prob.kerneldistribution.html"},{"name":"prob.KernelDistribution.IsTruncated","type":"property","refpurpose":"截尾分布的逻辑标志","href":"prob.kerneldistribution.html"},{"name":"prob.KernelDistribution.Truncation","type":"property","refpurpose":"截尾区间","href":"prob.kerneldistribution.html"},{"name":"prob.KernelDistribution.DistributionName","type":"property","refpurpose":"概率分布名称","href":"prob.kerneldistribution.html"},{"name":"prob.KernelDistribution.InputData","type":"property","refpurpose":"用于分布拟合的数据","href":"prob.kerneldistribution.html"},{"name":"prob.LogisticDistribution","type":"object","refpurpose":"逻辑概率分布对象","href":"prob.logisticdistribution.html"},{"name":"prob.LogisticDistribution.mu","type":"property","refpurpose":"均值","href":"prob.logisticdistribution.html"},{"name":"prob.LogisticDistribution.sigma","type":"property","refpurpose":"尺度参数","href":"prob.logisticdistribution.html"},{"name":"prob.LogisticDistribution.IsTruncated","type":"property","refpurpose":"截尾分布的逻辑标志","href":"prob.logisticdistribution.html"},{"name":"prob.LogisticDistribution.NumParameters","type":"property","refpurpose":"参数数目","href":"prob.logisticdistribution.html"},{"name":"prob.LogisticDistribution.ParameterCovariance","type":"property","refpurpose":"参数估计值的协方差矩阵","href":"prob.logisticdistribution.html"},{"name":"prob.LogisticDistribution.ParameterIsFixed","type":"property","refpurpose":"固定参数的逻辑标志","href":"prob.logisticdistribution.html"},{"name":"prob.LogisticDistribution.ParameterValues","type":"property","refpurpose":"分布参数值","href":"prob.logisticdistribution.html"},{"name":"prob.LogisticDistribution.Truncation","type":"property","refpurpose":"截尾区间","href":"prob.logisticdistribution.html"},{"name":"prob.LogisticDistribution.DistributionName","type":"property","refpurpose":"概率分布名称","href":"prob.logisticdistribution.html"},{"name":"prob.LogisticDistribution.InputData","type":"property","refpurpose":"用于分布拟合的数据","href":"prob.logisticdistribution.html"},{"name":"prob.LogisticDistribution.ParameterDescription","type":"property","refpurpose":"分布参数描述","href":"prob.logisticdistribution.html"},{"name":"prob.LogisticDistribution.ParameterNames","type":"property","refpurpose":"分布参数名称","href":"prob.logisticdistribution.html"},{"name":"prob.LognormalDistribution","type":"object","refpurpose":"对数正态概率分布对象","href":"prob.lognormaldistribution.html"},{"name":"prob.LognormalDistribution.mu","type":"property","refpurpose":"对数值的均值","href":"prob.lognormaldistribution.html"},{"name":"prob.LognormalDistribution.sigma","type":"property","refpurpose":"对数值的标准差","href":"prob.lognormaldistribution.html"},{"name":"prob.LognormalDistribution.IsTruncated","type":"property","refpurpose":"截尾分布的逻辑标志","href":"prob.lognormaldistribution.html"},{"name":"prob.LognormalDistribution.NumParameters","type":"property","refpurpose":"参数数目","href":"prob.lognormaldistribution.html"},{"name":"prob.LognormalDistribution.ParameterCovariance","type":"property","refpurpose":"参数估计值的协方差矩阵","href":"prob.lognormaldistribution.html"},{"name":"prob.LognormalDistribution.ParameterIsFixed","type":"property","refpurpose":"固定参数的逻辑标志","href":"prob.lognormaldistribution.html"},{"name":"prob.LognormalDistribution.ParameterValues","type":"property","refpurpose":"分布参数值","href":"prob.lognormaldistribution.html"},{"name":"prob.LognormalDistribution.Truncation","type":"property","refpurpose":"截尾区间","href":"prob.lognormaldistribution.html"},{"name":"prob.LognormalDistribution.DistributionName","type":"property","refpurpose":"概率分布名称","href":"prob.lognormaldistribution.html"},{"name":"prob.LognormalDistribution.InputData","type":"property","refpurpose":"用于分布拟合的数据","href":"prob.lognormaldistribution.html"},{"name":"prob.LognormalDistribution.ParameterDescription","type":"property","refpurpose":"分布参数描述","href":"prob.lognormaldistribution.html"},{"name":"prob.LognormalDistribution.ParameterNames","type":"property","refpurpose":"分布参数名称","href":"prob.lognormaldistribution.html"},{"name":"prob.NakagamiDistribution","type":"object","refpurpose":"Nakagami 概率分布对象","href":"prob.nakagamidistribution.html"},{"name":"prob.NakagamiDistribution.mu","type":"property","refpurpose":"形状参数","href":"prob.nakagamidistribution.html"},{"name":"prob.NakagamiDistribution.omega","type":"property","refpurpose":"尺度参数","href":"prob.nakagamidistribution.html"},{"name":"prob.NakagamiDistribution.IsTruncated","type":"property","refpurpose":"截尾分布的逻辑标志","href":"prob.nakagamidistribution.html"},{"name":"prob.NakagamiDistribution.NumParameters","type":"property","refpurpose":"参数数目","href":"prob.nakagamidistribution.html"},{"name":"prob.NakagamiDistribution.ParameterCovariance","type":"property","refpurpose":"参数估计值的协方差矩阵","href":"prob.nakagamidistribution.html"},{"name":"prob.NakagamiDistribution.ParameterIsFixed","type":"property","refpurpose":"固定参数的逻辑标志","href":"prob.nakagamidistribution.html"},{"name":"prob.NakagamiDistribution.ParameterValues","type":"property","refpurpose":"分布参数值","href":"prob.nakagamidistribution.html"},{"name":"prob.NakagamiDistribution.Truncation","type":"property","refpurpose":"截尾区间","href":"prob.nakagamidistribution.html"},{"name":"prob.NakagamiDistribution.DistributionName","type":"property","refpurpose":"概率分布名称","href":"prob.nakagamidistribution.html"},{"name":"prob.NakagamiDistribution.InputData","type":"property","refpurpose":"用于分布拟合的数据","href":"prob.nakagamidistribution.html"},{"name":"prob.NakagamiDistribution.ParameterDescription","type":"property","refpurpose":"分布参数描述","href":"prob.nakagamidistribution.html"},{"name":"prob.NakagamiDistribution.ParameterNames","type":"property","refpurpose":"分布参数名称","href":"prob.nakagamidistribution.html"},{"name":"prob.NegativeBinomialDistribution","type":"object","refpurpose":"负二项分布对象","href":"prob.negativebinomialdistribution.html"},{"name":"prob.NegativeBinomialDistribution.R","type":"property","refpurpose":"成功次数","href":"prob.negativebinomialdistribution.html"},{"name":"prob.NegativeBinomialDistribution.P","type":"property","refpurpose":"成功概率","href":"prob.negativebinomialdistribution.html"},{"name":"prob.NegativeBinomialDistribution.IsTruncated","type":"property","refpurpose":"截尾分布的逻辑标志","href":"prob.negativebinomialdistribution.html"},{"name":"prob.NegativeBinomialDistribution.NumParameters","type":"property","refpurpose":"参数数目","href":"prob.negativebinomialdistribution.html"},{"name":"prob.NegativeBinomialDistribution.ParameterCovariance","type":"property","refpurpose":"参数估计值的协方差矩阵","href":"prob.negativebinomialdistribution.html"},{"name":"prob.NegativeBinomialDistribution.ParameterIsFixed","type":"property","refpurpose":"固定参数的逻辑标志","href":"prob.negativebinomialdistribution.html"},{"name":"prob.NegativeBinomialDistribution.ParameterValues","type":"property","refpurpose":"分布参数值","href":"prob.negativebinomialdistribution.html"},{"name":"prob.NegativeBinomialDistribution.Truncation","type":"property","refpurpose":"截尾区间","href":"prob.negativebinomialdistribution.html"},{"name":"prob.NegativeBinomialDistribution.DistributionName","type":"property","refpurpose":"概率分布名称","href":"prob.negativebinomialdistribution.html"},{"name":"prob.NegativeBinomialDistribution.InputData","type":"property","refpurpose":"用于分布拟合的数据","href":"prob.negativebinomialdistribution.html"},{"name":"prob.NegativeBinomialDistribution.ParameterDescription","type":"property","refpurpose":"分布参数描述","href":"prob.negativebinomialdistribution.html"},{"name":"prob.NegativeBinomialDistribution.ParameterNames","type":"property","refpurpose":"分布参数名称","href":"prob.negativebinomialdistribution.html"},{"name":"cdf","type":"function","fcntype":"instancemethod","refpurpose":"累积分布函数","href":"prob.normaldistribution.cdf.html"},{"name":"prob.NormalDistribution.cdf","type":"method","fcntype":"instancemethod","refpurpose":"累积分布函数","href":"prob.normaldistribution.cdf.html"},{"name":"prob.PearsonDistribution.cdf","type":"method","fcntype":"instancemethod","refpurpose":"累积分布函数","href":"prob.normaldistribution.cdf.html"},{"name":"prob.EmpiricalDistribution.cdf","type":"method","fcntype":"instancemethod","refpurpose":"累积分布函数","href":"prob.normaldistribution.cdf.html"},{"name":"prob.KernelDistribution.cdf","type":"method","fcntype":"instancemethod","refpurpose":"累积分布函数","href":"prob.normaldistribution.cdf.html"},{"name":"prob.MultinomialDistribution.cdf","type":"method","fcntype":"instancemethod","refpurpose":"累积分布函数","href":"prob.normaldistribution.cdf.html"},{"name":"prob.PiecewiseLinearDistribution.cdf","type":"method","fcntype":"instancemethod","refpurpose":"累积分布函数","href":"prob.normaldistribution.cdf.html"},{"name":"prob.TriangularDistribution.cdf","type":"method","fcntype":"instancemethod","refpurpose":"累积分布函数","href":"prob.normaldistribution.cdf.html"},{"name":"prob.UniformDistribution.cdf","type":"method","fcntype":"instancemethod","refpurpose":"累积分布函数","href":"prob.normaldistribution.cdf.html"},{"name":"prob.BetaDistribution.cdf","type":"method","fcntype":"instancemethod","refpurpose":"累积分布函数","href":"prob.normaldistribution.cdf.html"},{"name":"prob.BinomialDistribution.cdf","type":"method","fcntype":"instancemethod","refpurpose":"累积分布函数","href":"prob.normaldistribution.cdf.html"},{"name":"prob.BurrDistribution.cdf","type":"method","fcntype":"instancemethod","refpurpose":"累积分布函数","href":"prob.normaldistribution.cdf.html"},{"name":"prob.BirnbaumSaundersDistribution.cdf","type":"method","fcntype":"instancemethod","refpurpose":"累积分布函数","href":"prob.normaldistribution.cdf.html"},{"name":"prob.ExponentialDistribution.cdf","type":"method","fcntype":"instancemethod","refpurpose":"累积分布函数","href":"prob.normaldistribution.cdf.html"},{"name":"prob.GammaDistribution.cdf","type":"method","fcntype":"instancemethod","refpurpose":"累积分布函数","href":"prob.normaldistribution.cdf.html"},{"name":"prob.ExtremeValueDistribution.cdf","type":"method","fcntype":"instancemethod","refpurpose":"累积分布函数","href":"prob.normaldistribution.cdf.html"},{"name":"prob.GeneralizedExtremeValueDistribution.cdf","type":"method","fcntype":"instancemethod","refpurpose":"累积分布函数","href":"prob.normaldistribution.cdf.html"},{"name":"prob.GeneralizedParetoDistribution.cdf","type":"method","fcntype":"instancemethod","refpurpose":"累积分布函数","href":"prob.normaldistribution.cdf.html"},{"name":"prob.HalfNormalDistribution.cdf","type":"method","fcntype":"instancemethod","refpurpose":"累积分布函数","href":"prob.normaldistribution.cdf.html"},{"name":"prob.InverseGaussianDistribution.cdf","type":"method","fcntype":"instancemethod","refpurpose":"累积分布函数","href":"prob.normaldistribution.cdf.html"},{"name":"prob.LogisticDistribution.cdf","type":"method","fcntype":"instancemethod","refpurpose":"累积分布函数","href":"prob.normaldistribution.cdf.html"},{"name":"prob.LoglogisticDistribution.cdf","type":"method","fcntype":"instancemethod","refpurpose":"累积分布函数","href":"prob.normaldistribution.cdf.html"},{"name":"prob.LognormalDistribution.cdf","type":"method","fcntype":"instancemethod","refpurpose":"累积分布函数","href":"prob.normaldistribution.cdf.html"},{"name":"prob.LoguniformDistribution.cdf","type":"method","fcntype":"instancemethod","refpurpose":"累积分布函数","href":"prob.normaldistribution.cdf.html"},{"name":"prob.NakagamiDistribution.cdf","type":"method","fcntype":"instancemethod","refpurpose":"累积分布函数","href":"prob.normaldistribution.cdf.html"},{"name":"prob.NegativeBinomialDistribution.cdf","type":"method","fcntype":"instancemethod","refpurpose":"累积分布函数","href":"prob.normaldistribution.cdf.html"},{"name":"prob.PoissonDistribution.cdf","type":"method","fcntype":"instancemethod","refpurpose":"累积分布函数","href":"prob.normaldistribution.cdf.html"},{"name":"prob.RayleighDistribution.cdf","type":"method","fcntype":"instancemethod","refpurpose":"累积分布函数","href":"prob.normaldistribution.cdf.html"},{"name":"prob.RicianDistribution.cdf","type":"method","fcntype":"instancemethod","refpurpose":"累积分布函数","href":"prob.normaldistribution.cdf.html"},{"name":"prob.tLocationScaleDistribution.cdf","type":"method","fcntype":"instancemethod","refpurpose":"累积分布函数","href":"prob.normaldistribution.cdf.html"},{"name":"prob.StableDistribution.cdf","type":"method","fcntype":"instancemethod","refpurpose":"累积分布函数","href":"prob.normaldistribution.cdf.html"},{"name":"prob.WeibullDistribution.cdf","type":"method","fcntype":"instancemethod","refpurpose":"累积分布函数","href":"prob.normaldistribution.cdf.html"},{"name":"paretotails.cdf","type":"method","fcntype":"instancemethod","refpurpose":"累积分布函数","href":"prob.normaldistribution.cdf.html"},{"name":"icdf","type":"function","fcntype":"instancemethod","refpurpose":"逆累积分布函数","href":"prob.normaldistribution.icdf.html"},{"name":"prob.NormalDistribution.icdf","type":"method","fcntype":"instancemethod","refpurpose":"逆累积分布函数","href":"prob.normaldistribution.icdf.html"},{"name":"prob.PearsonDistribution.icdf","type":"method","fcntype":"instancemethod","refpurpose":"逆累积分布函数","href":"prob.normaldistribution.icdf.html"},{"name":"prob.EmpiricalDistribution.icdf","type":"method","fcntype":"instancemethod","refpurpose":"逆累积分布函数","href":"prob.normaldistribution.icdf.html"},{"name":"prob.KernelDistribution.icdf","type":"method","fcntype":"instancemethod","refpurpose":"逆累积分布函数","href":"prob.normaldistribution.icdf.html"},{"name":"prob.MultinomialDistribution.icdf","type":"method","fcntype":"instancemethod","refpurpose":"逆累积分布函数","href":"prob.normaldistribution.icdf.html"},{"name":"prob.PiecewiseLinearDistribution.icdf","type":"method","fcntype":"instancemethod","refpurpose":"逆累积分布函数","href":"prob.normaldistribution.icdf.html"},{"name":"prob.TriangularDistribution.icdf","type":"method","fcntype":"instancemethod","refpurpose":"逆累积分布函数","href":"prob.normaldistribution.icdf.html"},{"name":"prob.UniformDistribution.icdf","type":"method","fcntype":"instancemethod","refpurpose":"逆累积分布函数","href":"prob.normaldistribution.icdf.html"},{"name":"prob.BetaDistribution.icdf","type":"method","fcntype":"instancemethod","refpurpose":"逆累积分布函数","href":"prob.normaldistribution.icdf.html"},{"name":"prob.BinomialDistribution.icdf","type":"method","fcntype":"instancemethod","refpurpose":"逆累积分布函数","href":"prob.normaldistribution.icdf.html"},{"name":"prob.BurrDistribution.icdf","type":"method","fcntype":"instancemethod","refpurpose":"逆累积分布函数","href":"prob.normaldistribution.icdf.html"},{"name":"prob.BirnbaumSaundersDistribution.icdf","type":"method","fcntype":"instancemethod","refpurpose":"逆累积分布函数","href":"prob.normaldistribution.icdf.html"},{"name":"prob.ExponentialDistribution.icdf","type":"method","fcntype":"instancemethod","refpurpose":"逆累积分布函数","href":"prob.normaldistribution.icdf.html"},{"name":"prob.GammaDistribution.icdf","type":"method","fcntype":"instancemethod","refpurpose":"逆累积分布函数","href":"prob.normaldistribution.icdf.html"},{"name":"prob.ExtremeValueDistribution.icdf","type":"method","fcntype":"instancemethod","refpurpose":"逆累积分布函数","href":"prob.normaldistribution.icdf.html"},{"name":"prob.GeneralizedExtremeValueDistribution.icdf","type":"method","fcntype":"instancemethod","refpurpose":"逆累积分布函数","href":"prob.normaldistribution.icdf.html"},{"name":"prob.GeneralizedParetoDistribution.icdf","type":"method","fcntype":"instancemethod","refpurpose":"逆累积分布函数","href":"prob.normaldistribution.icdf.html"},{"name":"prob.HalfNormalDistribution.icdf","type":"method","fcntype":"instancemethod","refpurpose":"逆累积分布函数","href":"prob.normaldistribution.icdf.html"},{"name":"prob.InverseGaussianDistribution.icdf","type":"method","fcntype":"instancemethod","refpurpose":"逆累积分布函数","href":"prob.normaldistribution.icdf.html"},{"name":"prob.LogisticDistribution.icdf","type":"method","fcntype":"instancemethod","refpurpose":"逆累积分布函数","href":"prob.normaldistribution.icdf.html"},{"name":"prob.LoglogisticDistribution.icdf","type":"method","fcntype":"instancemethod","refpurpose":"逆累积分布函数","href":"prob.normaldistribution.icdf.html"},{"name":"prob.LognormalDistribution.icdf","type":"method","fcntype":"instancemethod","refpurpose":"逆累积分布函数","href":"prob.normaldistribution.icdf.html"},{"name":"prob.LoguniformDistribution.icdf","type":"method","fcntype":"instancemethod","refpurpose":"逆累积分布函数","href":"prob.normaldistribution.icdf.html"},{"name":"prob.NakagamiDistribution.icdf","type":"method","fcntype":"instancemethod","refpurpose":"逆累积分布函数","href":"prob.normaldistribution.icdf.html"},{"name":"prob.NegativeBinomialDistribution.icdf","type":"method","fcntype":"instancemethod","refpurpose":"逆累积分布函数","href":"prob.normaldistribution.icdf.html"},{"name":"prob.PoissonDistribution.icdf","type":"method","fcntype":"instancemethod","refpurpose":"逆累积分布函数","href":"prob.normaldistribution.icdf.html"},{"name":"prob.RayleighDistribution.icdf","type":"method","fcntype":"instancemethod","refpurpose":"逆累积分布函数","href":"prob.normaldistribution.icdf.html"},{"name":"prob.RicianDistribution.icdf","type":"method","fcntype":"instancemethod","refpurpose":"逆累积分布函数","href":"prob.normaldistribution.icdf.html"},{"name":"prob.tLocationScaleDistribution.icdf","type":"method","fcntype":"instancemethod","refpurpose":"逆累积分布函数","href":"prob.normaldistribution.icdf.html"},{"name":"prob.StableDistribution.icdf","type":"method","fcntype":"instancemethod","refpurpose":"逆累积分布函数","href":"prob.normaldistribution.icdf.html"},{"name":"prob.WeibullDistribution.icdf","type":"method","fcntype":"instancemethod","refpurpose":"逆累积分布函数","href":"prob.normaldistribution.icdf.html"},{"name":"paretotails.icdf","type":"method","fcntype":"instancemethod","refpurpose":"逆累积分布函数","href":"prob.normaldistribution.icdf.html"},{"name":"mean","type":"function","fcntype":"instancemethod","refpurpose":"概率分布的均值","href":"prob.normaldistribution.mean.html"},{"name":"prob.NormalDistribution.mean","type":"method","fcntype":"instancemethod","refpurpose":"概率分布的均值","href":"prob.normaldistribution.mean.html"},{"name":"prob.PearsonDistribution.mean","type":"method","fcntype":"instancemethod","refpurpose":"概率分布的均值","href":"prob.normaldistribution.mean.html"},{"name":"prob.EmpiricalDistribution.mean","type":"method","fcntype":"instancemethod","refpurpose":"概率分布的均值","href":"prob.normaldistribution.mean.html"},{"name":"prob.KernelDistribution.mean","type":"method","fcntype":"instancemethod","refpurpose":"概率分布的均值","href":"prob.normaldistribution.mean.html"},{"name":"prob.MultinomialDistribution.mean","type":"method","fcntype":"instancemethod","refpurpose":"概率分布的均值","href":"prob.normaldistribution.mean.html"},{"name":"prob.PiecewiseLinearDistribution.mean","type":"method","fcntype":"instancemethod","refpurpose":"概率分布的均值","href":"prob.normaldistribution.mean.html"},{"name":"prob.TriangularDistribution.mean","type":"method","fcntype":"instancemethod","refpurpose":"概率分布的均值","href":"prob.normaldistribution.mean.html"},{"name":"prob.UniformDistribution.mean","type":"method","fcntype":"instancemethod","refpurpose":"概率分布的均值","href":"prob.normaldistribution.mean.html"},{"name":"prob.BetaDistribution.mean","type":"method","fcntype":"instancemethod","refpurpose":"概率分布的均值","href":"prob.normaldistribution.mean.html"},{"name":"prob.BinomialDistribution.mean","type":"method","fcntype":"instancemethod","refpurpose":"概率分布的均值","href":"prob.normaldistribution.mean.html"},{"name":"prob.BurrDistribution.mean","type":"method","fcntype":"instancemethod","refpurpose":"概率分布的均值","href":"prob.normaldistribution.mean.html"},{"name":"prob.BirnbaumSaundersDistribution.mean","type":"method","fcntype":"instancemethod","refpurpose":"概率分布的均值","href":"prob.normaldistribution.mean.html"},{"name":"prob.ExponentialDistribution.mean","type":"method","fcntype":"instancemethod","refpurpose":"概率分布的均值","href":"prob.normaldistribution.mean.html"},{"name":"prob.GammaDistribution.mean","type":"method","fcntype":"instancemethod","refpurpose":"概率分布的均值","href":"prob.normaldistribution.mean.html"},{"name":"prob.ExtremeValueDistribution.mean","type":"method","fcntype":"instancemethod","refpurpose":"概率分布的均值","href":"prob.normaldistribution.mean.html"},{"name":"prob.GeneralizedExtremeValueDistribution.mean","type":"method","fcntype":"instancemethod","refpurpose":"概率分布的均值","href":"prob.normaldistribution.mean.html"},{"name":"prob.GeneralizedParetoDistribution.mean","type":"method","fcntype":"instancemethod","refpurpose":"概率分布的均值","href":"prob.normaldistribution.mean.html"},{"name":"prob.HalfNormalDistribution.mean","type":"method","fcntype":"instancemethod","refpurpose":"概率分布的均值","href":"prob.normaldistribution.mean.html"},{"name":"prob.InverseGaussianDistribution.mean","type":"method","fcntype":"instancemethod","refpurpose":"概率分布的均值","href":"prob.normaldistribution.mean.html"},{"name":"prob.LogisticDistribution.mean","type":"method","fcntype":"instancemethod","refpurpose":"概率分布的均值","href":"prob.normaldistribution.mean.html"},{"name":"prob.LoglogisticDistribution.mean","type":"method","fcntype":"instancemethod","refpurpose":"概率分布的均值","href":"prob.normaldistribution.mean.html"},{"name":"prob.LognormalDistribution.mean","type":"method","fcntype":"instancemethod","refpurpose":"概率分布的均值","href":"prob.normaldistribution.mean.html"},{"name":"prob.LoguniformDistribution.mean","type":"method","fcntype":"instancemethod","refpurpose":"概率分布的均值","href":"prob.normaldistribution.mean.html"},{"name":"prob.NakagamiDistribution.mean","type":"method","fcntype":"instancemethod","refpurpose":"概率分布的均值","href":"prob.normaldistribution.mean.html"},{"name":"prob.NegativeBinomialDistribution.mean","type":"method","fcntype":"instancemethod","refpurpose":"概率分布的均值","href":"prob.normaldistribution.mean.html"},{"name":"prob.PoissonDistribution.mean","type":"method","fcntype":"instancemethod","refpurpose":"概率分布的均值","href":"prob.normaldistribution.mean.html"},{"name":"prob.RayleighDistribution.mean","type":"method","fcntype":"instancemethod","refpurpose":"概率分布的均值","href":"prob.normaldistribution.mean.html"},{"name":"prob.RicianDistribution.mean","type":"method","fcntype":"instancemethod","refpurpose":"概率分布的均值","href":"prob.normaldistribution.mean.html"},{"name":"prob.tLocationScaleDistribution.mean","type":"method","fcntype":"instancemethod","refpurpose":"概率分布的均值","href":"prob.normaldistribution.mean.html"},{"name":"prob.StableDistribution.mean","type":"method","fcntype":"instancemethod","refpurpose":"概率分布的均值","href":"prob.normaldistribution.mean.html"},{"name":"prob.WeibullDistribution.mean","type":"method","fcntype":"instancemethod","refpurpose":"概率分布的均值","href":"prob.normaldistribution.mean.html"},{"name":"pdf","type":"function","fcntype":"instancemethod","refpurpose":"概率密度函数","href":"prob.normaldistribution.pdf.html"},{"name":"prob.NormalDistribution.pdf","type":"method","fcntype":"instancemethod","refpurpose":"概率密度函数","href":"prob.normaldistribution.pdf.html"},{"name":"prob.PearsonDistribution.pdf","type":"method","fcntype":"instancemethod","refpurpose":"概率密度函数","href":"prob.normaldistribution.pdf.html"},{"name":"prob.EmpiricalDistribution.pdf","type":"method","fcntype":"instancemethod","refpurpose":"概率密度函数","href":"prob.normaldistribution.pdf.html"},{"name":"prob.KernelDistribution.pdf","type":"method","fcntype":"instancemethod","refpurpose":"概率密度函数","href":"prob.normaldistribution.pdf.html"},{"name":"prob.MultinomialDistribution.pdf","type":"method","fcntype":"instancemethod","refpurpose":"概率密度函数","href":"prob.normaldistribution.pdf.html"},{"name":"prob.PiecewiseLinearDistribution.pdf","type":"method","fcntype":"instancemethod","refpurpose":"概率密度函数","href":"prob.normaldistribution.pdf.html"},{"name":"prob.TriangularDistribution.pdf","type":"method","fcntype":"instancemethod","refpurpose":"概率密度函数","href":"prob.normaldistribution.pdf.html"},{"name":"prob.UniformDistribution.pdf","type":"method","fcntype":"instancemethod","refpurpose":"概率密度函数","href":"prob.normaldistribution.pdf.html"},{"name":"prob.BetaDistribution.pdf","type":"method","fcntype":"instancemethod","refpurpose":"概率密度函数","href":"prob.normaldistribution.pdf.html"},{"name":"prob.BinomialDistribution.pdf","type":"method","fcntype":"instancemethod","refpurpose":"概率密度函数","href":"prob.normaldistribution.pdf.html"},{"name":"prob.BurrDistribution.pdf","type":"method","fcntype":"instancemethod","refpurpose":"概率密度函数","href":"prob.normaldistribution.pdf.html"},{"name":"prob.BirnbaumSaundersDistribution.pdf","type":"method","fcntype":"instancemethod","refpurpose":"概率密度函数","href":"prob.normaldistribution.pdf.html"},{"name":"prob.ExponentialDistribution.pdf","type":"method","fcntype":"instancemethod","refpurpose":"概率密度函数","href":"prob.normaldistribution.pdf.html"},{"name":"prob.GammaDistribution.pdf","type":"method","fcntype":"instancemethod","refpurpose":"概率密度函数","href":"prob.normaldistribution.pdf.html"},{"name":"prob.ExtremeValueDistribution.pdf","type":"method","fcntype":"instancemethod","refpurpose":"概率密度函数","href":"prob.normaldistribution.pdf.html"},{"name":"prob.GeneralizedExtremeValueDistribution.pdf","type":"method","fcntype":"instancemethod","refpurpose":"概率密度函数","href":"prob.normaldistribution.pdf.html"},{"name":"prob.GeneralizedParetoDistribution.pdf","type":"method","fcntype":"instancemethod","refpurpose":"概率密度函数","href":"prob.normaldistribution.pdf.html"},{"name":"prob.HalfNormalDistribution.pdf","type":"method","fcntype":"instancemethod","refpurpose":"概率密度函数","href":"prob.normaldistribution.pdf.html"},{"name":"prob.InverseGaussianDistribution.pdf","type":"method","fcntype":"instancemethod","refpurpose":"概率密度函数","href":"prob.normaldistribution.pdf.html"},{"name":"prob.LogisticDistribution.pdf","type":"method","fcntype":"instancemethod","refpurpose":"概率密度函数","href":"prob.normaldistribution.pdf.html"},{"name":"prob.LoglogisticDistribution.pdf","type":"method","fcntype":"instancemethod","refpurpose":"概率密度函数","href":"prob.normaldistribution.pdf.html"},{"name":"prob.LognormalDistribution.pdf","type":"method","fcntype":"instancemethod","refpurpose":"概率密度函数","href":"prob.normaldistribution.pdf.html"},{"name":"prob.LoguniformDistribution.pdf","type":"method","fcntype":"instancemethod","refpurpose":"概率密度函数","href":"prob.normaldistribution.pdf.html"},{"name":"prob.NakagamiDistribution.pdf","type":"method","fcntype":"instancemethod","refpurpose":"概率密度函数","href":"prob.normaldistribution.pdf.html"},{"name":"prob.NegativeBinomialDistribution.pdf","type":"method","fcntype":"instancemethod","refpurpose":"概率密度函数","href":"prob.normaldistribution.pdf.html"},{"name":"prob.PoissonDistribution.pdf","type":"method","fcntype":"instancemethod","refpurpose":"概率密度函数","href":"prob.normaldistribution.pdf.html"},{"name":"prob.RayleighDistribution.pdf","type":"method","fcntype":"instancemethod","refpurpose":"概率密度函数","href":"prob.normaldistribution.pdf.html"},{"name":"prob.RicianDistribution.pdf","type":"method","fcntype":"instancemethod","refpurpose":"概率密度函数","href":"prob.normaldistribution.pdf.html"},{"name":"prob.tLocationScaleDistribution.pdf","type":"method","fcntype":"instancemethod","refpurpose":"概率密度函数","href":"prob.normaldistribution.pdf.html"},{"name":"prob.StableDistribution.pdf","type":"method","fcntype":"instancemethod","refpurpose":"概率密度函数","href":"prob.normaldistribution.pdf.html"},{"name":"prob.WeibullDistribution.pdf","type":"method","fcntype":"instancemethod","refpurpose":"概率密度函数","href":"prob.normaldistribution.pdf.html"},{"name":"paretotails.pdf","type":"method","fcntype":"instancemethod","refpurpose":"概率密度函数","href":"prob.normaldistribution.pdf.html"},{"name":"random","type":"function","fcntype":"instancemethod","refpurpose":"随机数","href":"prob.normaldistribution.random.html"},{"name":"prob.NormalDistribution.random","type":"method","fcntype":"instancemethod","refpurpose":"随机数","href":"prob.normaldistribution.random.html"},{"name":"prob.PearsonDistribution.random","type":"method","fcntype":"instancemethod","refpurpose":"随机数","href":"prob.normaldistribution.random.html"},{"name":"prob.EmpiricalDistribution.random","type":"method","fcntype":"instancemethod","refpurpose":"随机数","href":"prob.normaldistribution.random.html"},{"name":"prob.KernelDistribution.random","type":"method","fcntype":"instancemethod","refpurpose":"随机数","href":"prob.normaldistribution.random.html"},{"name":"prob.MultinomialDistribution.random","type":"method","fcntype":"instancemethod","refpurpose":"随机数","href":"prob.normaldistribution.random.html"},{"name":"prob.PiecewiseLinearDistribution.random","type":"method","fcntype":"instancemethod","refpurpose":"随机数","href":"prob.normaldistribution.random.html"},{"name":"prob.TriangularDistribution.random","type":"method","fcntype":"instancemethod","refpurpose":"随机数","href":"prob.normaldistribution.random.html"},{"name":"prob.UniformDistribution.random","type":"method","fcntype":"instancemethod","refpurpose":"随机数","href":"prob.normaldistribution.random.html"},{"name":"prob.BetaDistribution.random","type":"method","fcntype":"instancemethod","refpurpose":"随机数","href":"prob.normaldistribution.random.html"},{"name":"prob.BinomialDistribution.random","type":"method","fcntype":"instancemethod","refpurpose":"随机数","href":"prob.normaldistribution.random.html"},{"name":"prob.BurrDistribution.random","type":"method","fcntype":"instancemethod","refpurpose":"随机数","href":"prob.normaldistribution.random.html"},{"name":"prob.BirnbaumSaundersDistribution.random","type":"method","fcntype":"instancemethod","refpurpose":"随机数","href":"prob.normaldistribution.random.html"},{"name":"prob.ExponentialDistribution.random","type":"method","fcntype":"instancemethod","refpurpose":"随机数","href":"prob.normaldistribution.random.html"},{"name":"prob.GammaDistribution.random","type":"method","fcntype":"instancemethod","refpurpose":"随机数","href":"prob.normaldistribution.random.html"},{"name":"prob.ExtremeValueDistribution.random","type":"method","fcntype":"instancemethod","refpurpose":"随机数","href":"prob.normaldistribution.random.html"},{"name":"prob.GeneralizedExtremeValueDistribution.random","type":"method","fcntype":"instancemethod","refpurpose":"随机数","href":"prob.normaldistribution.random.html"},{"name":"prob.GeneralizedParetoDistribution.random","type":"method","fcntype":"instancemethod","refpurpose":"随机数","href":"prob.normaldistribution.random.html"},{"name":"prob.HalfNormalDistribution.random","type":"method","fcntype":"instancemethod","refpurpose":"随机数","href":"prob.normaldistribution.random.html"},{"name":"prob.InverseGaussianDistribution.random","type":"method","fcntype":"instancemethod","refpurpose":"随机数","href":"prob.normaldistribution.random.html"},{"name":"prob.LogisticDistribution.random","type":"method","fcntype":"instancemethod","refpurpose":"随机数","href":"prob.normaldistribution.random.html"},{"name":"prob.LoglogisticDistribution.random","type":"method","fcntype":"instancemethod","refpurpose":"随机数","href":"prob.normaldistribution.random.html"},{"name":"prob.LognormalDistribution.random","type":"method","fcntype":"instancemethod","refpurpose":"随机数","href":"prob.normaldistribution.random.html"},{"name":"prob.LoguniformDistribution.random","type":"method","fcntype":"instancemethod","refpurpose":"随机数","href":"prob.normaldistribution.random.html"},{"name":"prob.NakagamiDistribution.random","type":"method","fcntype":"instancemethod","refpurpose":"随机数","href":"prob.normaldistribution.random.html"},{"name":"prob.NegativeBinomialDistribution.random","type":"method","fcntype":"instancemethod","refpurpose":"随机数","href":"prob.normaldistribution.random.html"},{"name":"prob.PoissonDistribution.random","type":"method","fcntype":"instancemethod","refpurpose":"随机数","href":"prob.normaldistribution.random.html"},{"name":"prob.RayleighDistribution.random","type":"method","fcntype":"instancemethod","refpurpose":"随机数","href":"prob.normaldistribution.random.html"},{"name":"prob.RicianDistribution.random","type":"method","fcntype":"instancemethod","refpurpose":"随机数","href":"prob.normaldistribution.random.html"},{"name":"prob.tLocationScaleDistribution.random","type":"method","fcntype":"instancemethod","refpurpose":"随机数","href":"prob.normaldistribution.random.html"},{"name":"prob.StableDistribution.random","type":"method","fcntype":"instancemethod","refpurpose":"随机数","href":"prob.normaldistribution.random.html"},{"name":"prob.WeibullDistribution.random","type":"method","fcntype":"instancemethod","refpurpose":"随机数","href":"prob.normaldistribution.random.html"},{"name":"paretotails.random","type":"method","fcntype":"instancemethod","refpurpose":"随机数","href":"prob.normaldistribution.random.html"},{"name":"std","type":"function","fcntype":"instancemethod","refpurpose":"概率分布的标准差","href":"prob.normaldistribution.std.html"},{"name":"prob.NormalDistribution.std","type":"method","fcntype":"instancemethod","refpurpose":"概率分布的标准差","href":"prob.normaldistribution.std.html"},{"name":"prob.PearsonDistribution.std","type":"method","fcntype":"instancemethod","refpurpose":"概率分布的标准差","href":"prob.normaldistribution.std.html"},{"name":"prob.EmpiricalDistribution.std","type":"method","fcntype":"instancemethod","refpurpose":"概率分布的标准差","href":"prob.normaldistribution.std.html"},{"name":"prob.KernelDistribution.std","type":"method","fcntype":"instancemethod","refpurpose":"概率分布的标准差","href":"prob.normaldistribution.std.html"},{"name":"prob.MultinomialDistribution.std","type":"method","fcntype":"instancemethod","refpurpose":"概率分布的标准差","href":"prob.normaldistribution.std.html"},{"name":"prob.PiecewiseLinearDistribution.std","type":"method","fcntype":"instancemethod","refpurpose":"概率分布的标准差","href":"prob.normaldistribution.std.html"},{"name":"prob.TriangularDistribution.std","type":"method","fcntype":"instancemethod","refpurpose":"概率分布的标准差","href":"prob.normaldistribution.std.html"},{"name":"prob.UniformDistribution.std","type":"method","fcntype":"instancemethod","refpurpose":"概率分布的标准差","href":"prob.normaldistribution.std.html"},{"name":"prob.BetaDistribution.std","type":"method","fcntype":"instancemethod","refpurpose":"概率分布的标准差","href":"prob.normaldistribution.std.html"},{"name":"prob.BinomialDistribution.std","type":"method","fcntype":"instancemethod","refpurpose":"概率分布的标准差","href":"prob.normaldistribution.std.html"},{"name":"prob.BurrDistribution.std","type":"method","fcntype":"instancemethod","refpurpose":"概率分布的标准差","href":"prob.normaldistribution.std.html"},{"name":"prob.BirnbaumSaundersDistribution.std","type":"method","fcntype":"instancemethod","refpurpose":"概率分布的标准差","href":"prob.normaldistribution.std.html"},{"name":"prob.ExponentialDistribution.std","type":"method","fcntype":"instancemethod","refpurpose":"概率分布的标准差","href":"prob.normaldistribution.std.html"},{"name":"prob.GammaDistribution.std","type":"method","fcntype":"instancemethod","refpurpose":"概率分布的标准差","href":"prob.normaldistribution.std.html"},{"name":"prob.ExtremeValueDistribution.std","type":"method","fcntype":"instancemethod","refpurpose":"概率分布的标准差","href":"prob.normaldistribution.std.html"},{"name":"prob.GeneralizedExtremeValueDistribution.std","type":"method","fcntype":"instancemethod","refpurpose":"概率分布的标准差","href":"prob.normaldistribution.std.html"},{"name":"prob.GeneralizedParetoDistribution.std","type":"method","fcntype":"instancemethod","refpurpose":"概率分布的标准差","href":"prob.normaldistribution.std.html"},{"name":"prob.HalfNormalDistribution.std","type":"method","fcntype":"instancemethod","refpurpose":"概率分布的标准差","href":"prob.normaldistribution.std.html"},{"name":"prob.InverseGaussianDistribution.std","type":"method","fcntype":"instancemethod","refpurpose":"概率分布的标准差","href":"prob.normaldistribution.std.html"},{"name":"prob.LogisticDistribution.std","type":"method","fcntype":"instancemethod","refpurpose":"概率分布的标准差","href":"prob.normaldistribution.std.html"},{"name":"prob.LoglogisticDistribution.std","type":"method","fcntype":"instancemethod","refpurpose":"概率分布的标准差","href":"prob.normaldistribution.std.html"},{"name":"prob.LognormalDistribution.std","type":"method","fcntype":"instancemethod","refpurpose":"概率分布的标准差","href":"prob.normaldistribution.std.html"},{"name":"prob.LoguniformDistribution.std","type":"method","fcntype":"instancemethod","refpurpose":"概率分布的标准差","href":"prob.normaldistribution.std.html"},{"name":"prob.NakagamiDistribution.std","type":"method","fcntype":"instancemethod","refpurpose":"概率分布的标准差","href":"prob.normaldistribution.std.html"},{"name":"prob.NegativeBinomialDistribution.std","type":"method","fcntype":"instancemethod","refpurpose":"概率分布的标准差","href":"prob.normaldistribution.std.html"},{"name":"prob.PoissonDistribution.std","type":"method","fcntype":"instancemethod","refpurpose":"概率分布的标准差","href":"prob.normaldistribution.std.html"},{"name":"prob.RayleighDistribution.std","type":"method","fcntype":"instancemethod","refpurpose":"概率分布的标准差","href":"prob.normaldistribution.std.html"},{"name":"prob.RicianDistribution.std","type":"method","fcntype":"instancemethod","refpurpose":"概率分布的标准差","href":"prob.normaldistribution.std.html"},{"name":"prob.tLocationScaleDistribution.std","type":"method","fcntype":"instancemethod","refpurpose":"概率分布的标准差","href":"prob.normaldistribution.std.html"},{"name":"prob.StableDistribution.std","type":"method","fcntype":"instancemethod","refpurpose":"概率分布的标准差","href":"prob.normaldistribution.std.html"},{"name":"prob.WeibullDistribution.std","type":"method","fcntype":"instancemethod","refpurpose":"概率分布的标准差","href":"prob.normaldistribution.std.html"},{"name":"var","type":"function","fcntype":"instancemethod","refpurpose":"概率分布的方差","href":"prob.normaldistribution.var.html"},{"name":"prob.NormalDistribution.var","type":"method","fcntype":"instancemethod","refpurpose":"概率分布的方差","href":"prob.normaldistribution.var.html"},{"name":"prob.PearsonDistribution.var","type":"method","fcntype":"instancemethod","refpurpose":"概率分布的方差","href":"prob.normaldistribution.var.html"},{"name":"prob.EmpiricalDistribution.var","type":"method","fcntype":"instancemethod","refpurpose":"概率分布的方差","href":"prob.normaldistribution.var.html"},{"name":"prob.KernelDistribution.var","type":"method","fcntype":"instancemethod","refpurpose":"概率分布的方差","href":"prob.normaldistribution.var.html"},{"name":"prob.MultinomialDistribution.var","type":"method","fcntype":"instancemethod","refpurpose":"概率分布的方差","href":"prob.normaldistribution.var.html"},{"name":"prob.PiecewiseLinearDistribution.var","type":"method","fcntype":"instancemethod","refpurpose":"概率分布的方差","href":"prob.normaldistribution.var.html"},{"name":"prob.TriangularDistribution.var","type":"method","fcntype":"instancemethod","refpurpose":"概率分布的方差","href":"prob.normaldistribution.var.html"},{"name":"prob.UniformDistribution.var","type":"method","fcntype":"instancemethod","refpurpose":"概率分布的方差","href":"prob.normaldistribution.var.html"},{"name":"prob.BetaDistribution.var","type":"method","fcntype":"instancemethod","refpurpose":"概率分布的方差","href":"prob.normaldistribution.var.html"},{"name":"prob.BinomialDistribution.var","type":"method","fcntype":"instancemethod","refpurpose":"概率分布的方差","href":"prob.normaldistribution.var.html"},{"name":"prob.BurrDistribution.var","type":"method","fcntype":"instancemethod","refpurpose":"概率分布的方差","href":"prob.normaldistribution.var.html"},{"name":"prob.BirnbaumSaundersDistribution.var","type":"method","fcntype":"instancemethod","refpurpose":"概率分布的方差","href":"prob.normaldistribution.var.html"},{"name":"prob.ExponentialDistribution.var","type":"method","fcntype":"instancemethod","refpurpose":"概率分布的方差","href":"prob.normaldistribution.var.html"},{"name":"prob.GammaDistribution.var","type":"method","fcntype":"instancemethod","refpurpose":"概率分布的方差","href":"prob.normaldistribution.var.html"},{"name":"prob.ExtremeValueDistribution.var","type":"method","fcntype":"instancemethod","refpurpose":"概率分布的方差","href":"prob.normaldistribution.var.html"},{"name":"prob.GeneralizedExtremeValueDistribution.var","type":"method","fcntype":"instancemethod","refpurpose":"概率分布的方差","href":"prob.normaldistribution.var.html"},{"name":"prob.GeneralizedParetoDistribution.var","type":"method","fcntype":"instancemethod","refpurpose":"概率分布的方差","href":"prob.normaldistribution.var.html"},{"name":"prob.HalfNormalDistribution.var","type":"method","fcntype":"instancemethod","refpurpose":"概率分布的方差","href":"prob.normaldistribution.var.html"},{"name":"prob.InverseGaussianDistribution.var","type":"method","fcntype":"instancemethod","refpurpose":"概率分布的方差","href":"prob.normaldistribution.var.html"},{"name":"prob.LogisticDistribution.var","type":"method","fcntype":"instancemethod","refpurpose":"概率分布的方差","href":"prob.normaldistribution.var.html"},{"name":"prob.LoglogisticDistribution.var","type":"method","fcntype":"instancemethod","refpurpose":"概率分布的方差","href":"prob.normaldistribution.var.html"},{"name":"prob.LognormalDistribution.var","type":"method","fcntype":"instancemethod","refpurpose":"概率分布的方差","href":"prob.normaldistribution.var.html"},{"name":"prob.LoguniformDistribution.var","type":"method","fcntype":"instancemethod","refpurpose":"概率分布的方差","href":"prob.normaldistribution.var.html"},{"name":"prob.NakagamiDistribution.var","type":"method","fcntype":"instancemethod","refpurpose":"概率分布的方差","href":"prob.normaldistribution.var.html"},{"name":"prob.NegativeBinomialDistribution.var","type":"method","fcntype":"instancemethod","refpurpose":"概率分布的方差","href":"prob.normaldistribution.var.html"},{"name":"prob.PoissonDistribution.var","type":"method","fcntype":"instancemethod","refpurpose":"概率分布的方差","href":"prob.normaldistribution.var.html"},{"name":"prob.RayleighDistribution.var","type":"method","fcntype":"instancemethod","refpurpose":"概率分布的方差","href":"prob.normaldistribution.var.html"},{"name":"prob.RicianDistribution.var","type":"method","fcntype":"instancemethod","refpurpose":"概率分布的方差","href":"prob.normaldistribution.var.html"},{"name":"prob.tLocationScaleDistribution.var","type":"method","fcntype":"instancemethod","refpurpose":"概率分布的方差","href":"prob.normaldistribution.var.html"},{"name":"prob.StableDistribution.var","type":"method","fcntype":"instancemethod","refpurpose":"概率分布的方差","href":"prob.normaldistribution.var.html"},{"name":"prob.WeibullDistribution.var","type":"method","fcntype":"instancemethod","refpurpose":"概率分布的方差","href":"prob.normaldistribution.var.html"},{"name":"prob.NormalDistribution","type":"object","refpurpose":"正态概率分布对象","href":"prob.normaldistribution.html"},{"name":"prob.NormalDistribution.mu","type":"property","refpurpose":"均值","href":"prob.normaldistribution.html"},{"name":"prob.NormalDistribution.sigma","type":"property","refpurpose":"标准差","href":"prob.normaldistribution.html"},{"name":"prob.NormalDistribution.IsTruncated","type":"property","refpurpose":"截尾分布的逻辑标志","href":"prob.normaldistribution.html"},{"name":"prob.NormalDistribution.NumParameters","type":"property","refpurpose":"参数数目","href":"prob.normaldistribution.html"},{"name":"prob.NormalDistribution.ParameterCovariance","type":"property","refpurpose":"参数估计值的协方差矩阵","href":"prob.normaldistribution.html"},{"name":"prob.NormalDistribution.ParameterIsFixed","type":"property","refpurpose":"固定参数的逻辑标志","href":"prob.normaldistribution.html"},{"name":"prob.NormalDistribution.ParameterValues","type":"property","refpurpose":"分布参数值","href":"prob.normaldistribution.html"},{"name":"prob.NormalDistribution.Truncation","type":"property","refpurpose":"截尾区间","href":"prob.normaldistribution.html"},{"name":"prob.NormalDistribution.DistributionName","type":"property","refpurpose":"概率分布名称","href":"prob.normaldistribution.html"},{"name":"prob.NormalDistribution.InputData","type":"property","refpurpose":"用于分布拟合的数据","href":"prob.normaldistribution.html"},{"name":"prob.NormalDistribution.ParameterDescription","type":"property","refpurpose":"分布参数描述","href":"prob.normaldistribution.html"},{"name":"prob.NormalDistribution.ParameterNames","type":"property","refpurpose":"分布参数名称","href":"prob.normaldistribution.html"},{"name":"prob.PiecewiseLinearDistribution","type":"object","refpurpose":"分段线性概率分布对象","href":"prob.piecewiselineardistribution.html"},{"name":"prob.PiecewiseLinearDistribution.x","type":"property","refpurpose":"数据值","href":"prob.piecewiselineardistribution.html"},{"name":"prob.PiecewiseLinearDistribution.Fx","type":"property","refpurpose":"cdf 值","href":"prob.piecewiselineardistribution.html"},{"name":"prob.PiecewiseLinearDistribution.IsTruncated","type":"property","refpurpose":"截尾分布的逻辑标志","href":"prob.piecewiselineardistribution.html"},{"name":"prob.PiecewiseLinearDistribution.NumParameters","type":"property","refpurpose":"参数数目","href":"prob.piecewiselineardistribution.html"},{"name":"prob.PiecewiseLinearDistribution.ParameterValues","type":"property","refpurpose":"分布参数值","href":"prob.piecewiselineardistribution.html"},{"name":"prob.PiecewiseLinearDistribution.Truncation","type":"property","refpurpose":"截尾区间","href":"prob.piecewiselineardistribution.html"},{"name":"prob.PiecewiseLinearDistribution.DistributionName","type":"property","refpurpose":"概率分布名称","href":"prob.piecewiselineardistribution.html"},{"name":"prob.PiecewiseLinearDistribution.ParameterDescription","type":"property","refpurpose":"分布参数描述","href":"prob.piecewiselineardistribution.html"},{"name":"prob.PiecewiseLinearDistribution.ParameterNames","type":"property","refpurpose":"分布参数名称","href":"prob.piecewiselineardistribution.html"},{"name":"prob.PoissonDistribution","type":"object","refpurpose":"泊松概率分布对象","href":"prob.poissondistribution.html"},{"name":"prob.PoissonDistribution.lambda","type":"property","refpurpose":"均值","href":"prob.poissondistribution.html"},{"name":"prob.PoissonDistribution.IsTruncated","type":"property","refpurpose":"截尾分布的逻辑标志","href":"prob.poissondistribution.html"},{"name":"prob.PoissonDistribution.NumParameters","type":"property","refpurpose":"参数数目","href":"prob.poissondistribution.html"},{"name":"prob.PoissonDistribution.ParameterCovariance","type":"property","refpurpose":"参数估计值的协方差矩阵","href":"prob.poissondistribution.html"},{"name":"prob.PoissonDistribution.ParameterIsFixed","type":"property","refpurpose":"固定参数的逻辑标志","href":"prob.poissondistribution.html"},{"name":"prob.PoissonDistribution.ParameterValues","type":"property","refpurpose":"分布参数值","href":"prob.poissondistribution.html"},{"name":"prob.PoissonDistribution.Truncation","type":"property","refpurpose":"截尾区间","href":"prob.poissondistribution.html"},{"name":"prob.PoissonDistribution.DistributionName","type":"property","refpurpose":"概率分布名称","href":"prob.poissondistribution.html"},{"name":"prob.PoissonDistribution.InputData","type":"property","refpurpose":"用于分布拟合的数据","href":"prob.poissondistribution.html"},{"name":"prob.PoissonDistribution.ParameterDescription","type":"property","refpurpose":"分布参数描述","href":"prob.poissondistribution.html"},{"name":"prob.PoissonDistribution.ParameterNames","type":"property","refpurpose":"分布参数名称","href":"prob.poissondistribution.html"},{"name":"prob.RayleighDistribution","type":"object","refpurpose":"瑞利概率分布对象","href":"prob.rayleighdistribution.html"},{"name":"prob.RayleighDistribution.B","type":"property","refpurpose":"定义参数","href":"prob.rayleighdistribution.html"},{"name":"prob.RayleighDistribution.IsTruncated","type":"property","refpurpose":"截尾分布的逻辑标志","href":"prob.rayleighdistribution.html"},{"name":"prob.RayleighDistribution.NumParameters","type":"property","refpurpose":"参数数目","href":"prob.rayleighdistribution.html"},{"name":"prob.RayleighDistribution.ParameterCovariance","type":"property","refpurpose":"参数估计值的协方差矩阵","href":"prob.rayleighdistribution.html"},{"name":"prob.RayleighDistribution.ParameterIsFixed","type":"property","refpurpose":"固定参数的逻辑标志","href":"prob.rayleighdistribution.html"},{"name":"prob.RayleighDistribution.ParameterValues","type":"property","refpurpose":"分布参数值","href":"prob.rayleighdistribution.html"},{"name":"prob.RayleighDistribution.Truncation","type":"property","refpurpose":"截尾区间","href":"prob.rayleighdistribution.html"},{"name":"prob.RayleighDistribution.DistributionName","type":"property","refpurpose":"概率分布名称","href":"prob.rayleighdistribution.html"},{"name":"prob.RayleighDistribution.InputData","type":"property","refpurpose":"用于分布拟合的数据","href":"prob.rayleighdistribution.html"},{"name":"prob.RayleighDistribution.ParameterDescription","type":"property","refpurpose":"分布参数描述","href":"prob.rayleighdistribution.html"},{"name":"prob.RayleighDistribution.ParameterNames","type":"property","refpurpose":"分布参数名称","href":"prob.rayleighdistribution.html"},{"name":"prob.RicianDistribution","type":"object","refpurpose":"莱斯概率分布对象","href":"prob.riciandistribution.html"},{"name":"prob.RicianDistribution.s","type":"property","refpurpose":"非中心参数","href":"prob.riciandistribution.html"},{"name":"prob.RicianDistribution.sigma","type":"property","refpurpose":"尺度参数","href":"prob.riciandistribution.html"},{"name":"prob.RicianDistribution.IsTruncated","type":"property","refpurpose":"截尾分布的逻辑标志","href":"prob.riciandistribution.html"},{"name":"prob.RicianDistribution.NumParameters","type":"property","refpurpose":"参数数目","href":"prob.riciandistribution.html"},{"name":"prob.RicianDistribution.ParameterCovariance","type":"property","refpurpose":"参数估计值的协方差矩阵","href":"prob.riciandistribution.html"},{"name":"prob.RicianDistribution.ParameterIsFixed","type":"property","refpurpose":"固定参数的逻辑标志","href":"prob.riciandistribution.html"},{"name":"prob.RicianDistribution.ParameterValues","type":"property","refpurpose":"分布参数值","href":"prob.riciandistribution.html"},{"name":"prob.RicianDistribution.Truncation","type":"property","refpurpose":"截尾区间","href":"prob.riciandistribution.html"},{"name":"prob.RicianDistribution.DistributionName","type":"property","refpurpose":"概率分布名称","href":"prob.riciandistribution.html"},{"name":"prob.RicianDistribution.InputData","type":"property","refpurpose":"用于分布拟合的数据","href":"prob.riciandistribution.html"},{"name":"prob.RicianDistribution.ParameterDescription","type":"property","refpurpose":"分布参数描述","href":"prob.riciandistribution.html"},{"name":"prob.RicianDistribution.ParameterNames","type":"property","refpurpose":"分布参数名称","href":"prob.riciandistribution.html"},{"name":"prob.StableDistribution","type":"object","refpurpose":"稳定概率分布对象","href":"prob.stabledistribution.html"},{"name":"prob.StableDistribution.alpha","type":"property","refpurpose":"第一个形状参数","href":"prob.stabledistribution.html"},{"name":"prob.StableDistribution.beta","type":"property","refpurpose":"第二个形状参数","href":"prob.stabledistribution.html"},{"name":"prob.StableDistribution.gam","type":"property","refpurpose":"尺度参数","href":"prob.stabledistribution.html"},{"name":"prob.StableDistribution.delta","type":"property","refpurpose":"位置参量","href":"prob.stabledistribution.html"},{"name":"prob.StableDistribution.IsTruncated","type":"property","refpurpose":"截尾分布的逻辑标志","href":"prob.stabledistribution.html"},{"name":"prob.StableDistribution.NumParameters","type":"property","refpurpose":"参数数目","href":"prob.stabledistribution.html"},{"name":"prob.StableDistribution.ParameterCovariance","type":"property","refpurpose":"参数估计值的协方差矩阵","href":"prob.stabledistribution.html"},{"name":"prob.StableDistribution.ParameterIsFixed","type":"property","refpurpose":"固定参数的逻辑标志","href":"prob.stabledistribution.html"},{"name":"prob.StableDistribution.ParameterValues","type":"property","refpurpose":"分布参数值","href":"prob.stabledistribution.html"},{"name":"prob.StableDistribution.Truncation","type":"property","refpurpose":"截尾区间","href":"prob.stabledistribution.html"},{"name":"prob.StableDistribution.DistributionName","type":"property","refpurpose":"概率分布名称","href":"prob.stabledistribution.html"},{"name":"prob.StableDistribution.InputData","type":"property","refpurpose":"用于分布拟合的数据","href":"prob.stabledistribution.html"},{"name":"prob.StableDistribution.ParameterDescription","type":"property","refpurpose":"分布参数描述","href":"prob.stabledistribution.html"},{"name":"prob.StableDistribution.ParameterNames","type":"property","refpurpose":"分布参数名称","href":"prob.stabledistribution.html"},{"name":"prob.tLocationScaleDistribution","type":"object","refpurpose":"t 位置尺度概率分布对象","href":"prob.tlocationscaledistribution.html"},{"name":"prob.tLocationScaleDistribution.mu","type":"property","refpurpose":"位置参量","href":"prob.tlocationscaledistribution.html"},{"name":"prob.tLocationScaleDistribution.sigma","type":"property","refpurpose":"尺度参数","href":"prob.tlocationscaledistribution.html"},{"name":"prob.tLocationScaleDistribution.nu","type":"property","refpurpose":"自由度","href":"prob.tlocationscaledistribution.html"},{"name":"prob.tLocationScaleDistribution.IsTruncated","type":"property","refpurpose":"截尾分布的逻辑标志","href":"prob.tlocationscaledistribution.html"},{"name":"prob.tLocationScaleDistribution.NumParameters","type":"property","refpurpose":"参数数目","href":"prob.tlocationscaledistribution.html"},{"name":"prob.tLocationScaleDistribution.ParameterCovariance","type":"property","refpurpose":"参数估计值的协方差矩阵","href":"prob.tlocationscaledistribution.html"},{"name":"prob.tLocationScaleDistribution.ParameterIsFixed","type":"property","refpurpose":"固定参数的逻辑标志","href":"prob.tlocationscaledistribution.html"},{"name":"prob.tLocationScaleDistribution.ParameterValues","type":"property","refpurpose":"分布参数值","href":"prob.tlocationscaledistribution.html"},{"name":"prob.tLocationScaleDistribution.Truncation","type":"property","refpurpose":"截尾区间","href":"prob.tlocationscaledistribution.html"},{"name":"prob.tLocationScaleDistribution.DistributionName","type":"property","refpurpose":"概率分布名称","href":"prob.tlocationscaledistribution.html"},{"name":"prob.tLocationScaleDistribution.InputData","type":"property","refpurpose":"用于分布拟合的数据","href":"prob.tlocationscaledistribution.html"},{"name":"prob.tLocationScaleDistribution.ParameterDescription","type":"property","refpurpose":"分布参数描述","href":"prob.tlocationscaledistribution.html"},{"name":"prob.tLocationScaleDistribution.ParameterNames","type":"property","refpurpose":"分布参数名称","href":"prob.tlocationscaledistribution.html"},{"name":"prob.TriangularDistribution","type":"object","refpurpose":"三角概率分布对象","href":"prob.triangulardistribution.html"},{"name":"prob.TriangularDistribution.A","type":"property","refpurpose":"下限","href":"prob.triangulardistribution.html"},{"name":"prob.TriangularDistribution.B","type":"property","refpurpose":"峰值位置","href":"prob.triangulardistribution.html"},{"name":"prob.TriangularDistribution.C","type":"property","refpurpose":"上限","href":"prob.triangulardistribution.html"},{"name":"prob.TriangularDistribution.IsTruncated","type":"property","refpurpose":"截尾分布的逻辑标志","href":"prob.triangulardistribution.html"},{"name":"prob.TriangularDistribution.NumParameters","type":"property","refpurpose":"参数数目","href":"prob.triangulardistribution.html"},{"name":"prob.TriangularDistribution.ParameterValues","type":"property","refpurpose":"分布参数值","href":"prob.triangulardistribution.html"},{"name":"prob.TriangularDistribution.Truncation","type":"property","refpurpose":"截尾区间","href":"prob.triangulardistribution.html"},{"name":"prob.TriangularDistribution.DistributionName","type":"property","refpurpose":"概率分布名称","href":"prob.triangulardistribution.html"},{"name":"prob.TriangularDistribution.ParameterDescription","type":"property","refpurpose":"分布参数描述","href":"prob.triangulardistribution.html"},{"name":"prob.TriangularDistribution.ParameterNames","type":"property","refpurpose":"分布参数名称","href":"prob.triangulardistribution.html"},{"name":"prob.UniformDistribution","type":"object","refpurpose":"均匀概率分布对象","href":"prob.uniformdistribution.html"},{"name":"prob.UniformDistribution.Lower","type":"property","refpurpose":"下限","href":"prob.uniformdistribution.html"},{"name":"prob.UniformDistribution.Upper","type":"property","refpurpose":"上限","href":"prob.uniformdistribution.html"},{"name":"prob.UniformDistribution.IsTruncated","type":"property","refpurpose":"截尾分布的逻辑标志","href":"prob.uniformdistribution.html"},{"name":"prob.UniformDistribution.NumParameters","type":"property","refpurpose":"参数数目","href":"prob.uniformdistribution.html"},{"name":"prob.UniformDistribution.ParameterValues","type":"property","refpurpose":"分布参数值","href":"prob.uniformdistribution.html"},{"name":"prob.UniformDistribution.Truncation","type":"property","refpurpose":"截尾区间","href":"prob.uniformdistribution.html"},{"name":"prob.UniformDistribution.DistributionName","type":"property","refpurpose":"概率分布名称","href":"prob.uniformdistribution.html"},{"name":"prob.UniformDistribution.ParameterDescription","type":"property","refpurpose":"分布参数描述","href":"prob.uniformdistribution.html"},{"name":"prob.UniformDistribution.ParameterNames","type":"property","refpurpose":"分布参数名称","href":"prob.uniformdistribution.html"},{"name":"prob.WeibullDistribution","type":"object","refpurpose":"威布尔概率分布对象","href":"prob.weibulldistribution.html"},{"name":"prob.WeibullDistribution.A","type":"property","refpurpose":"尺度参数","href":"prob.weibulldistribution.html"},{"name":"prob.WeibullDistribution.B","type":"property","refpurpose":"形状参数","href":"prob.weibulldistribution.html"},{"name":"prob.WeibullDistribution.IsTruncated","type":"property","refpurpose":"截尾分布的逻辑标志","href":"prob.weibulldistribution.html"},{"name":"prob.WeibullDistribution.NumParameters","type":"property","refpurpose":"参数数目","href":"prob.weibulldistribution.html"},{"name":"prob.WeibullDistribution.ParameterCovariance","type":"property","refpurpose":"参数估计值的协方差矩阵","href":"prob.weibulldistribution.html"},{"name":"prob.WeibullDistribution.ParameterIsFixed","type":"property","refpurpose":"固定参数的逻辑标志","href":"prob.weibulldistribution.html"},{"name":"prob.WeibullDistribution.ParameterValues","type":"property","refpurpose":"分布参数值","href":"prob.weibulldistribution.html"},{"name":"prob.WeibullDistribution.Truncation","type":"property","refpurpose":"截尾区间","href":"prob.weibulldistribution.html"},{"name":"prob.WeibullDistribution.DistributionName","type":"property","refpurpose":"概率分布名称","href":"prob.weibulldistribution.html"},{"name":"prob.WeibullDistribution.InputData","type":"property","refpurpose":"用于分布拟合的数据","href":"prob.weibulldistribution.html"},{"name":"prob.WeibullDistribution.ParameterDescription","type":"property","refpurpose":"分布参数描述","href":"prob.weibulldistribution.html"},{"name":"prob.WeibullDistribution.ParameterNames","type":"property","refpurpose":"分布参数名称","href":"prob.weibulldistribution.html"},{"name":"randsample","type":"function","fcntype":"simple","refpurpose":"随机样本","href":"randsample.html"},{"name":"range","type":"function","fcntype":"simple","refpurpose":"值的范围","href":"range.html"},{"name":"ranksum","type":"function","fcntype":"simple","refpurpose":"威尔科克森秩和检验","href":"ranksum.html"},{"name":"raylcdf","type":"function","fcntype":"simple","refpurpose":"瑞利累积分布函数","href":"raylcdf.html"},{"name":"raylfit","type":"function","fcntype":"simple","refpurpose":"瑞利参数估计值","href":"raylfit.html"},{"name":"raylpdf","type":"function","fcntype":"simple","refpurpose":"瑞利概率密度函数","href":"raylpdf.html"},{"name":"raylrnd","type":"function","fcntype":"simple","refpurpose":"瑞利随机数","href":"raylrnd.html"},{"name":"rcoplot","type":"function","fcntype":"simple","refpurpose":"残差观测顺序图","href":"rcoplot.html"},{"name":"refline","type":"function","fcntype":"simple","refpurpose":"将参考线添加到绘图中","href":"refline.html"},{"name":"regress","type":"function","fcntype":"simple","refpurpose":"多重线性回归","href":"regress.html"},{"name":"Regression Learner","type":"app","refpurpose":"使用有监督机器学习训练回归模型来预测数据","href":"regressionlearner-app.html"},{"name":"regressionLearner","type":"function","fcntype":"applauncher","refpurpose":"使用有监督机器学习训练回归模型来预测数据","href":"regressionlearner-app.html"},{"name":"RegressionLinear Predict","type":"block","refpurpose":"使用线性回归模型预测响应","href":"regressionlinearpredict.html"},{"name":"RegressionSVM Predict","type":"block","refpurpose":"使用支持向量机 (SVM) 回归模型预测响应","href":"regressionsvmpredict.html"},{"name":"RegressionTree Predict","type":"block","refpurpose":"使用回归树模型预测响应","href":"regressiontreepredict.html"},{"name":"skewness","type":"function","fcntype":"simple","refpurpose":"偏度","href":"skewness.html"},{"name":"squareform","type":"function","fcntype":"simple","refpurpose":"格式化距离矩阵","href":"squareform.html"},{"name":"tabulate","type":"function","fcntype":"simple","refpurpose":"频数表","href":"tabulate.html"},{"name":"tcdf","type":"function","fcntype":"simple","refpurpose":"Student t 累积分布函数","href":"tcdf.html"},{"name":"tiedrank","type":"function","fcntype":"simple","refpurpose":"针对结值而调整的秩","href":"tiedrank.html"},{"name":"tinv","type":"function","fcntype":"simple","refpurpose":"Student t 逆累积分布函数","href":"tinv.html"},{"name":"tpdf","type":"function","fcntype":"simple","refpurpose":"Student t 概率密度函数","href":"tpdf.html"},{"name":"TreeBagger.margin","type":"method","fcntype":"instancemethod","refpurpose":"分类间隔","href":"treebagger.margin.html"},{"name":"trnd","type":"function","fcntype":"simple","refpurpose":"Student t 随机数","href":"trnd.html"},{"name":"ttest2","type":"function","fcntype":"simple","refpurpose":"双样本 t 检验","href":"ttest2.html"},{"name":"ttest","type":"function","fcntype":"simple","refpurpose":"单样本和配对样本 t 检验","href":"ttest.html"},{"name":"unidpdf","type":"function","fcntype":"simple","refpurpose":"离散均匀概率密度函数","href":"unidpdf.html"},{"name":"unidrnd","type":"function","fcntype":"simple","refpurpose":"来自离散均匀分布的随机数","href":"unidrnd.html"},{"name":"unidstat","type":"function","fcntype":"simple","refpurpose":"离散均匀均值和方差","href":"unidstat.html"},{"name":"unifcdf","type":"function","fcntype":"simple","refpurpose":"连续均匀累积分布函数","href":"unifcdf.html"},{"name":"unifrnd","type":"function","fcntype":"simple","refpurpose":"连续均匀随机数","href":"unifrnd.html"},{"name":"unifstat","type":"function","fcntype":"simple","refpurpose":"连续均匀均值和方差","href":"unifstat.html"},{"name":"wblrnd","type":"function","fcntype":"simple","refpurpose":"威布尔随机数","href":"wblrnd.html"},{"name":"wblstat","type":"function","fcntype":"simple","refpurpose":"威布尔均值和方差","href":"wblstat.html"},{"name":"zscore","type":"function","fcntype":"simple","refpurpose":"标准化 z 分数","href":"zscore.html"},{"name":"ztest","type":"function","fcntype":"simple","refpurpose":"z 检验","href":"ztest.html"}]}