{"schema":"referenceapi_lookup_schema.json","schemaVersion":"1.0","docVersion":"doc25a.2968260.Bdoc25a.2967890.pass.r2025a","productName":"Symbolic Math Toolbox","baseCode":"SM","helpFolder":"symbolic","helpLocation":"symbolic",  "refItems" : [{"name":"argnames","type":"function","fcntype":"instancemethod","refpurpose":"符号函数或矩阵函数的输入变量","href":"sym.argnames.html"},{"name":"sym.argnames","type":"method","fcntype":"instancemethod","refpurpose":"符号函数或矩阵函数的输入变量","href":"sym.argnames.html"},{"name":"jacobian","type":"function","fcntype":"instancemethod","refpurpose":"符号函数的雅可比矩阵","href":"sym.jacobian.html"},{"name":"sym.jacobian","type":"method","fcntype":"instancemethod","refpurpose":"符号函数的雅可比矩阵","href":"sym.jacobian.html"},{"name":"limit","type":"function","fcntype":"instancemethod","refpurpose":"符号表达式的极限","href":"sym.limit.html"},{"name":"sym.limit","type":"method","fcntype":"instancemethod","refpurpose":"符号表达式的极限","href":"sym.limit.html"},{"name":"pretty","type":"function","fcntype":"instancemethod","refpurpose":"使用 pretty 打印符号表达式","deprecated":"true","href":"sym.pretty.html"},{"name":"sym.pretty","type":"method","fcntype":"instancemethod","refpurpose":"使用 pretty 打印符号表达式","deprecated":"true","href":"sym.pretty.html"},{"name":"sym2poly","type":"function","fcntype":"instancemethod","refpurpose":"从符号多项式中提取所有数值系数（包括零）的向量","href":"sym.sym2poly.html"},{"name":"sym.sym2poly","type":"method","fcntype":"instancemethod","refpurpose":"从符号多项式中提取所有数值系数（包括零）的向量","href":"sym.sym2poly.html"},{"name":"symfun","type":"function","fcntype":"simple","refpurpose":"创建符号函数","href":"symfun.html"},{"name":"syms","type":"function","fcntype":"simple","refpurpose":"创建符号标量变量和函数以及矩阵变量和函数","href":"syms.html"}]}