{"schema":"referenceapi_lookup_schema.json","schemaVersion":"1.0","docVersion":"doc25a.2968260.Bdoc25a.2967890.pass.r2025a","productName":"Text Analytics Toolbox","baseCode":"TA","helpFolder":"textanalytics","helpLocation":"textanalytics",  "refItems" : [{"name":"abbreviations","type":"function","fcntype":"simple","refpurpose":"一般的な略語の table","href":"ref\/abbreviations.html"},{"name":"bagOfNGrams","type":"function","fcntype":"simple","refpurpose":"bag-of-n-grams モデル","href":"ref\/bagofngrams.html"},{"name":"bagOfNgrams","type":"object","refpurpose":"bag-of-n-grams モデル","href":"ref\/bagofngrams.html"},{"name":"bagOfNgrams.Counts","type":"property","refpurpose":"文書ごとの n-gram のカウント","href":"ref\/bagofngrams.html"},{"name":"bagOfNgrams.Ngrams","type":"property","refpurpose":"モデル内の一意の n-gram","href":"ref\/bagofngrams.html"},{"name":"bagOfNgrams.NgramLengths","type":"property","refpurpose":"n-gram の長さ","href":"ref\/bagofngrams.html"},{"name":"bagOfNgrams.Vocabulary","type":"property","refpurpose":"モデル内の一意の単語","href":"ref\/bagofngrams.html"},{"name":"bagOfNgrams.NumNgrams","type":"property","refpurpose":"可視にする n-gram の数","href":"ref\/bagofngrams.html"},{"name":"bagOfNgrams.NumDocuments","type":"property","refpurpose":"可視にする文書の数","href":"ref\/bagofngrams.html"},{"name":"removeInfrequentWords","type":"function","fcntype":"instancemethod","refpurpose":"bag-of-words モデルからカウント数の少ない単語を削除する","href":"ref\/bagofwords.removeinfrequentwords.html"},{"name":"bagOfWords.removeInfrequentWords","type":"method","fcntype":"instancemethod","refpurpose":"bag-of-words モデルからカウント数の少ない単語を削除する","href":"ref\/bagofwords.removeinfrequentwords.html"},{"name":"tfidf","type":"function","fcntype":"instancemethod","refpurpose":"単語頻度-逆文書頻度 (tf-idf) 行列","href":"ref\/bagofwords.tfidf.html"},{"name":"bagOfWords.tfidf","type":"method","fcntype":"instancemethod","refpurpose":"単語頻度-逆文書頻度 (tf-idf) 行列","href":"ref\/bagofwords.tfidf.html"},{"name":"bagOfNgrams.tfidf","type":"method","fcntype":"instancemethod","refpurpose":"単語頻度-逆文書頻度 (tf-idf) 行列","href":"ref\/bagofwords.tfidf.html"},{"name":"bagOfWords","type":"function","fcntype":"constructor","refpurpose":"bag-of-words モデル","href":"ref\/bagofwords.html"},{"name":"bagOfWords","type":"object","refpurpose":"bag-of-words モデル","href":"ref\/bagofwords.html"},{"name":"bagOfWords.Counts","type":"property","refpurpose":"文書ごとの単語カウント","href":"ref\/bagofwords.html"},{"name":"bagOfWords.NumDocuments","type":"property","refpurpose":"可視にする文書の数","href":"ref\/bagofwords.html"},{"name":"bagOfWords.NumWords","type":"property","refpurpose":"モデル内の一意の単語の数","href":"ref\/bagofwords.html"},{"name":"bagOfWords.Vocabulary","type":"property","refpurpose":"モデル内の一意の単語","href":"ref\/bagofwords.html"},{"name":"bert","type":"function","fcntype":"simple","refpurpose":"事前学習済みの BERT モデル","href":"ref\/bert.html"},{"name":"classify","type":"function","fcntype":"instancemethod","refpurpose":"BERT 文書分類器を使用して文書を分類する","href":"ref\/bertdocumentclassifier.classify.html"},{"name":"bertDocumentClassifier.classify","type":"method","fcntype":"instancemethod","refpurpose":"BERT 文書分類器を使用して文書を分類する","href":"ref\/bertdocumentclassifier.classify.html"},{"name":"corpusLanguage","type":"function","fcntype":"simple","refpurpose":"テキストの言語の検出","href":"ref\/corpuslanguage.html"},{"name":"cosineSimilarity","type":"function","fcntype":"simple","refpurpose":"コサイン類似度を使用した文書の類似度","href":"ref\/cosinesimilarity.html"},{"name":"decodeHTMLEntities","type":"function","fcntype":"simple","refpurpose":"HTML および XML のエンティティから文字への変換","href":"ref\/decodehtmlentities.html"},{"name":"documentEmbedding","type":"function","fcntype":"constructor","refpurpose":"文書をベクトルにマッピングする文書埋め込みモデル","href":"ref\/documentembedding.html"},{"name":"documentEmbedding","type":"object","refpurpose":"文書をベクトルにマッピングする文書埋め込みモデル","href":"ref\/documentembedding.html"},{"name":"eraseTags","type":"function","fcntype":"simple","refpurpose":"テキストからの HTML および XML のタグの消去","href":"ref\/erasetags.html"},{"name":"eraseURLs","type":"function","fcntype":"simple","refpurpose":"テキストからの HTTP および HTTPS の URL の消去","href":"ref\/eraseurls.html"},{"name":"extractFileText","type":"function","fcntype":"simple","refpurpose":"PDF、Microsoft Word、HTML、およびプレーン テキスト ファイルからのテキストの読み取り","href":"ref\/extractfiletext.html"},{"name":"fastTextWordEmbedding","type":"function","fcntype":"simple","refpurpose":"事前学習済みの fastText 単語埋め込み","href":"ref\/fasttextwordembedding.html"},{"name":"extractHTMLText","type":"function","fcntype":"instancemethod","refpurpose":"HTML からのテキストの抽出","href":"ref\/htmltree.extracthtmltext.html"},{"name":"htmlTree.extractHTMLText","type":"method","fcntype":"instancemethod","refpurpose":"HTML からのテキストの抽出","href":"ref\/htmltree.extracthtmltext.html"},{"name":"findElement","type":"function","fcntype":"instancemethod","refpurpose":"HTML ツリー内の要素の検出","href":"ref\/htmltree.findelement.html"},{"name":"htmlTree.findElement","type":"method","fcntype":"instancemethod","refpurpose":"HTML ツリー内の要素の検出","href":"ref\/htmltree.findelement.html"},{"name":"getAttribute","type":"function","fcntype":"instancemethod","refpurpose":"HTML ツリーのルート ノードの HTML 属性の読み取り","href":"ref\/htmltree.getattribute.html"},{"name":"htmlTree.getAttribute","type":"method","fcntype":"instancemethod","refpurpose":"HTML ツリーのルート ノードの HTML 属性の読み取り","href":"ref\/htmltree.getattribute.html"},{"name":"htmlTree","type":"function","fcntype":"constructor","refpurpose":"解析された HTML ツリー","href":"ref\/htmltree.html"},{"name":"htmlTree","type":"object","refpurpose":"解析された HTML ツリー","href":"ref\/htmltree.html"},{"name":"htmlTree.Children","type":"property","refpurpose":"要素の直系の子孫","href":"ref\/htmltree.html"},{"name":"htmlTree.Parent","type":"property","refpurpose":"親ノード","href":"ref\/htmltree.html"},{"name":"htmlTree.Name","type":"property","refpurpose":"HTML 要素名","href":"ref\/htmltree.html"},{"name":"knnsearch","type":"function","fcntype":"simple","refpurpose":"編集距離による最近傍の検出","href":"ref\/knnsearch.html"},{"name":"ldaModel","type":"object","refpurpose":"潜在的ディリクレ配分 (LDA) モデル","href":"ref\/ldamodel.html"},{"name":"ldaModel.NumTopics","type":"property","refpurpose":"トピック数","href":"ref\/ldamodel.html"},{"name":"ldaModel.TopicConcentration","type":"property","refpurpose":"トピックの集中度","href":"ref\/ldamodel.html"},{"name":"ldaModel.WordConcentration","type":"property","refpurpose":"単語の集中度","href":"ref\/ldamodel.html"},{"name":"ldaModel.CorpusTopicProbabilities","type":"property","refpurpose":"入力文書セットのトピック確率","href":"ref\/ldamodel.html"},{"name":"ldaModel.DocumentTopicProbabilities","type":"property","refpurpose":"入力文書ごとのトピック確率","href":"ref\/ldamodel.html"},{"name":"ldaModel.TopicWordProbabilities","type":"property","refpurpose":"トピックごとの単語確率","href":"ref\/ldamodel.html"},{"name":"ldaModel.TopicOrder","type":"property","refpurpose":"トピックの順序","href":"ref\/ldamodel.html"},{"name":"ldaModel.FitInfo","type":"property","refpurpose":"LDA モデルを当てはめる時に記録される情報","href":"ref\/ldamodel.html"},{"name":"ldaModel.Vocabulary","type":"property","refpurpose":"モデル内の単語のリスト","href":"ref\/ldamodel.html"},{"name":"wordEmbeddingLayer","type":"function","fcntype":"simple","refpurpose":"深層学習ニューラル ネットワーク用の単語埋め込み層","href":"ref\/nnet.cnn.layer.wordembeddinglayer.html"},{"name":"nnet.cnn.layer.WordEmbeddingLayer","type":"object","refpurpose":"深層学習ニューラル ネットワーク用の単語埋め込み層","href":"ref\/nnet.cnn.layer.wordembeddinglayer.html"},{"name":"nnet.cnn.layer.WordEmbeddingLayer.Dimension","type":"property","refpurpose":"単語埋め込みの次元","href":"ref\/nnet.cnn.layer.wordembeddinglayer.html"},{"name":"nnet.cnn.layer.WordEmbeddingLayer.NumWords","type":"property","refpurpose":"モデル内の単語数","href":"ref\/nnet.cnn.layer.wordembeddinglayer.html"},{"name":"nnet.cnn.layer.WordEmbeddingLayer.OOVMode","type":"property","refpurpose":"Out-of-vocabulary の単語処理モード","href":"ref\/nnet.cnn.layer.wordembeddinglayer.html"},{"name":"nnet.cnn.layer.WordEmbeddingLayer.WeightsInitializer","type":"property","refpurpose":"重みを初期化する関数","href":"ref\/nnet.cnn.layer.wordembeddinglayer.html"},{"name":"nnet.cnn.layer.WordEmbeddingLayer.Weights","type":"property","refpurpose":"層の重み","href":"ref\/nnet.cnn.layer.wordembeddinglayer.html"},{"name":"nnet.cnn.layer.WordEmbeddingLayer.WeightLearnRateFactor","type":"property","refpurpose":"重みの学習率係数","href":"ref\/nnet.cnn.layer.wordembeddinglayer.html"},{"name":"nnet.cnn.layer.WordEmbeddingLayer.WeightL2Factor","type":"property","refpurpose":"重みの L_{2} 正則化係数","href":"ref\/nnet.cnn.layer.wordembeddinglayer.html"},{"name":"nnet.cnn.layer.WordEmbeddingLayer.Name","type":"property","refpurpose":"層の名前","href":"ref\/nnet.cnn.layer.wordembeddinglayer.html"},{"name":"nnet.cnn.layer.WordEmbeddingLayer.NumInputs","type":"property","refpurpose":"入力の数","href":"ref\/nnet.cnn.layer.wordembeddinglayer.html"},{"name":"nnet.cnn.layer.WordEmbeddingLayer.InputNames","type":"property","refpurpose":"入力名","href":"ref\/nnet.cnn.layer.wordembeddinglayer.html"},{"name":"nnet.cnn.layer.WordEmbeddingLayer.NumOutputs","type":"property","refpurpose":"出力の数","href":"ref\/nnet.cnn.layer.wordembeddinglayer.html"},{"name":"nnet.cnn.layer.WordEmbeddingLayer.OutputNames","type":"property","refpurpose":"出力名","href":"ref\/nnet.cnn.layer.wordembeddinglayer.html"},{"name":"normalizeWords","type":"function","fcntype":"simple","refpurpose":"単語のステミングまたはレンマ化","href":"ref\/normalizewords.html"},{"name":"pdfinfo","type":"function","fcntype":"simple","refpurpose":"PDF ファイルの情報","href":"ref\/pdfinfo.html"},{"name":"readPDFFormData","type":"function","fcntype":"simple","refpurpose":"PDF フォームからのデータの読み取り","href":"ref\/readpdfformdata.html"},{"name":"readWordEmbedding","type":"function","fcntype":"simple","refpurpose":"ファイルからの単語埋め込みの読み取り","href":"ref\/readwordembedding.html"},{"name":"replaceWords","type":"function","fcntype":"simple","refpurpose":"文書内の単語の置き換え","href":"ref\/replacewords.html"},{"name":"stopWords","type":"function","fcntype":"simple","refpurpose":"ストップ ワードのリスト","href":"ref\/stopwords.html"},{"name":"hex","type":"function","fcntype":"instancemethod","refpurpose":"UTF-32 表現から 16 進数値への変換","href":"ref\/textanalytics.unicode.utf32.hex.html"},{"name":"textanalytics.unicode.UTF32.hex","type":"method","fcntype":"instancemethod","refpurpose":"UTF-32 表現から 16 進数値への変換","href":"ref\/textanalytics.unicode.utf32.hex.html"},{"name":"string","type":"function","fcntype":"instancemethod","refpurpose":"UTF-32 表現から string への変換","href":"ref\/textanalytics.unicode.utf32.string.html"},{"name":"textanalytics.unicode.UTF32.string","type":"method","fcntype":"instancemethod","refpurpose":"UTF-32 表現から string への変換","href":"ref\/textanalytics.unicode.utf32.string.html"},{"name":"textscatter3","type":"function","fcntype":"simple","refpurpose":"テキストの 3 次元散布図","href":"ref\/textscatter3.html"},{"name":"textscatter","type":"function","fcntype":"simple","refpurpose":"テキストの 2 次元散布図","href":"ref\/textscatter.html"},{"name":"addDependencyDetails","type":"function","fcntype":"instancemethod","refpurpose":"文書への文法的依存関係の詳細の追加","href":"ref\/tokenizeddocument.adddependencydetails.html"},{"name":"tokenizedDocument.addDependencyDetails","type":"method","fcntype":"instancemethod","refpurpose":"文書への文法的依存関係の詳細の追加","href":"ref\/tokenizeddocument.adddependencydetails.html"},{"name":"doc2cell","type":"function","fcntype":"instancemethod","refpurpose":"文書から string ベクトルの cell 配列への変換","href":"ref\/tokenizeddocument.doc2cell.html"},{"name":"tokenizedDocument.doc2cell","type":"method","fcntype":"instancemethod","refpurpose":"文書から string ベクトルの cell 配列への変換","href":"ref\/tokenizeddocument.doc2cell.html"},{"name":"doclength","type":"function","fcntype":"instancemethod","refpurpose":"文書配列内の文書の長さ","href":"ref\/tokenizeddocument.doclength.html"},{"name":"tokenizedDocument.doclength","type":"method","fcntype":"instancemethod","refpurpose":"文書配列内の文書の長さ","href":"ref\/tokenizeddocument.doclength.html"},{"name":"erasePunctuation","type":"function","fcntype":"instancemethod","refpurpose":"テキストや文書からの句読点の消去","href":"ref\/tokenizeddocument.erasepunctuation.html"},{"name":"tokenizedDocument.erasePunctuation","type":"method","fcntype":"instancemethod","refpurpose":"テキストや文書からの句読点の消去","href":"ref\/tokenizeddocument.erasepunctuation.html"},{"name":"joinWords","type":"function","fcntype":"instancemethod","refpurpose":"単語連結による文書から string への変換","href":"ref\/tokenizeddocument.joinwords.html"},{"name":"tokenizedDocument.joinWords","type":"method","fcntype":"instancemethod","refpurpose":"単語連結による文書から string への変換","href":"ref\/tokenizeddocument.joinwords.html"},{"name":"lower","type":"function","fcntype":"instancemethod","refpurpose":"小文字への文書の変換","href":"ref\/tokenizeddocument.lower.html"},{"name":"tokenizedDocument.lower","type":"method","fcntype":"instancemethod","refpurpose":"小文字への文書の変換","href":"ref\/tokenizeddocument.lower.html"},{"name":"plus","type":"function","fcntype":"instancemethod","refpurpose":"文書の追加","href":"ref\/tokenizeddocument.plus.html"},{"name":"+","type":"function","fcntype":"instancemethod","refpurpose":"文書の追加","href":"ref\/tokenizeddocument.plus.html"},{"name":"tokenizedDocument.plus","type":"method","fcntype":"instancemethod","refpurpose":"文書の追加","href":"ref\/tokenizeddocument.plus.html"},{"name":"removeShortWords","type":"function","fcntype":"instancemethod","refpurpose":"文書または bag-of-words モデルからの短い単語の削除","href":"ref\/tokenizeddocument.removeshortwords.html"},{"name":"tokenizedDocument.removeShortWords","type":"method","fcntype":"instancemethod","refpurpose":"文書または bag-of-words モデルからの短い単語の削除","href":"ref\/tokenizeddocument.removeshortwords.html"},{"name":"bagOfWords.removeShortWords","type":"method","fcntype":"instancemethod","refpurpose":"文書または bag-of-words モデルからの短い単語の削除","href":"ref\/tokenizeddocument.removeshortwords.html"},{"name":"removeStopWords","type":"function","fcntype":"instancemethod","refpurpose":"文書からのストップ ワードの削除","href":"ref\/tokenizeddocument.removestopwords.html"},{"name":"tokenizedDocument.removeStopWords","type":"method","fcntype":"instancemethod","refpurpose":"文書からのストップ ワードの削除","href":"ref\/tokenizeddocument.removestopwords.html"},{"name":"removeWords","type":"function","fcntype":"instancemethod","refpurpose":"文書または bag-of-words モデルからの選択単語の削除","href":"ref\/tokenizeddocument.removewords.html"},{"name":"tokenizedDocument.removeWords","type":"method","fcntype":"instancemethod","refpurpose":"文書または bag-of-words モデルからの選択単語の削除","href":"ref\/tokenizeddocument.removewords.html"},{"name":"bagOfWords.removeWords","type":"method","fcntype":"instancemethod","refpurpose":"文書または bag-of-words モデルからの選択単語の削除","href":"ref\/tokenizeddocument.removewords.html"},{"name":"replace","type":"function","fcntype":"instancemethod","refpurpose":"文書内の部分文字列の置き換え","href":"ref\/tokenizeddocument.replace.html"},{"name":"tokenizedDocument.replace","type":"method","fcntype":"instancemethod","refpurpose":"文書内の部分文字列の置き換え","href":"ref\/tokenizeddocument.replace.html"},{"name":"splitParagraphs","type":"function","fcntype":"instancemethod","refpurpose":"テキストを段落に分割する","href":"ref\/tokenizeddocument.splitparagraphs.html"},{"name":"tokenizedDocument.splitParagraphs","type":"method","fcntype":"instancemethod","refpurpose":"テキストを段落に分割する","href":"ref\/tokenizeddocument.splitparagraphs.html"},{"name":"splitSentences","type":"function","fcntype":"instancemethod","refpurpose":"テキストから文への分割","href":"ref\/tokenizeddocument.splitsentences.html"},{"name":"tokenizedDocument.splitSentences","type":"method","fcntype":"instancemethod","refpurpose":"テキストから文への分割","href":"ref\/tokenizeddocument.splitsentences.html"},{"name":"string","type":"function","fcntype":"instancemethod","refpurpose":"スカラー文書から string ベクトルへの変換","href":"ref\/tokenizeddocument.string.html"},{"name":"tokenizedDocument.string","type":"method","fcntype":"instancemethod","refpurpose":"スカラー文書から string ベクトルへの変換","href":"ref\/tokenizeddocument.string.html"},{"name":"tokenDetails","type":"function","fcntype":"instancemethod","refpurpose":"トークン化された文書の配列内のトークンの詳細","href":"ref\/tokenizeddocument.tokendetails.html"},{"name":"tokenizedDocument.tokenDetails","type":"method","fcntype":"instancemethod","refpurpose":"トークン化された文書の配列内のトークンの詳細","href":"ref\/tokenizeddocument.tokendetails.html"},{"name":"upper","type":"function","fcntype":"instancemethod","refpurpose":"大文字への文書の変換","href":"ref\/tokenizeddocument.upper.html"},{"name":"tokenizedDocument.upper","type":"method","fcntype":"instancemethod","refpurpose":"大文字への文書の変換","href":"ref\/tokenizeddocument.upper.html"},{"name":"writeTextDocument","type":"function","fcntype":"instancemethod","refpurpose":"テキスト ファイルへの文書の書き込み","href":"ref\/tokenizeddocument.writetextdocument.html"},{"name":"tokenizedDocument.writeTextDocument","type":"method","fcntype":"instancemethod","refpurpose":"テキスト ファイルへの文書の書き込み","href":"ref\/tokenizeddocument.writetextdocument.html"},{"name":"tokenizedDocument","type":"function","fcntype":"constructor","refpurpose":"テキスト解析用のトークン化された文書の配列","href":"ref\/tokenizeddocument.html"},{"name":"tokenizedDocument","type":"object","refpurpose":"テキスト解析用のトークン化された文書の配列","href":"ref\/tokenizeddocument.html"},{"name":"tokenizedDocument.Vocabulary","type":"property","refpurpose":"文書内の一意の単語","href":"ref\/tokenizeddocument.html"},{"name":"topLevelDomains","type":"function","fcntype":"simple","refpurpose":"トップレベル ドメインのリスト","href":"ref\/topleveldomains.html"},{"name":"trainBERTDocumentClassifier","type":"function","fcntype":"simple","refpurpose":"BERT 文書分類器の学習","href":"ref\/trainbertdocumentclassifier.html"},{"name":"wordCloudCounts","type":"function","fcntype":"simple","refpurpose":"ワード クラウド作成のための単語数のカウント","href":"ref\/wordcloudcounts.html"},{"name":"vec2word","type":"function","fcntype":"instancemethod","refpurpose":"単語への埋め込みベクトルのマッピング","href":"ref\/wordembedding.vec2word.html"},{"name":"wordEmbedding.vec2word","type":"method","fcntype":"instancemethod","refpurpose":"単語への埋め込みベクトルのマッピング","href":"ref\/wordembedding.vec2word.html"},{"name":"word2vec","type":"function","fcntype":"instancemethod","refpurpose":"埋め込みベクトルへの単語のマッピング","href":"ref\/wordembedding.word2vec.html"},{"name":"wordEmbedding.word2vec","type":"method","fcntype":"instancemethod","refpurpose":"埋め込みベクトルへの単語のマッピング","href":"ref\/wordembedding.word2vec.html"},{"name":"writeWordEmbedding","type":"function","fcntype":"instancemethod","refpurpose":"単語埋め込みファイルの書き込み","href":"ref\/wordembedding.writewordembedding.html"},{"name":"wordEmbedding.writeWordEmbedding","type":"method","fcntype":"instancemethod","refpurpose":"単語埋め込みファイルの書き込み","href":"ref\/wordembedding.writewordembedding.html"},{"name":"wordEmbedding","type":"object","refpurpose":"ベクトルへの単語のマッピングとその逆変換のための単語埋め込みモデル","href":"ref\/wordembedding.html"},{"name":"wordEmbedding.Dimension","type":"property","refpurpose":"単語埋め込みの次元","href":"ref\/wordembedding.html"},{"name":"wordEmbedding.Vocabulary","type":"property","refpurpose":"モデル内の一意の単語","href":"ref\/wordembedding.html"}]}