{"schema":"referenceapi_lookup_schema.json","schemaVersion":"1.0","docVersion":"doc25a.2968260.Bdoc25a.2967890.pass.r2025a","productName":"ThingSpeak","baseCode":"TSP","helpFolder":"thingspeak","helpLocation":"thingspeak",  "refItems" : [{"name":"Add TalkBack Command","type":"nonstandard","refpurpose":"Add TalkBack command to TalkBack queue","href":"addtalkbackcommand.html"},{"name":"Bulk-Write CSV Data","type":"nonstandard","refpurpose":"Write many entries to channel in CSV format with single HTTP POST","href":"bulkwritecsvdata.html"},{"name":"Bulk-Write JSON Data","type":"nonstandard","refpurpose":"Write many entries to channel in JSON format with single HTTP POST","href":"bulkwritejsondata.html"},{"name":"Clear Channel","type":"nonstandard","refpurpose":"Clear all data from channel with HTTP DELETE","href":"clearchannel.html"},{"name":"Create Channel","type":"nonstandard","refpurpose":"Create new channel with HTTP POST","href":"createchannel.html"},{"name":"Create Chart","type":"nonstandard","refpurpose":"Generate chart with HTTP GET","href":"createchart.html"},{"name":"Delete All TalkBack Commands","type":"nonstandard","refpurpose":"Delete all TalkBack commands in TalkBack queue","href":"deletealltalkbackcommands.html"},{"name":"Delete Channel","type":"nonstandard","refpurpose":"Delete channel with HTTP DELETE","href":"deletechannel.html"},{"name":"Delete Image","type":"nonstandard","refpurpose":"Delete image from channel with HTTP DELETE","href":"deleteimage.html"},{"name":"Delete TalkBack Command","type":"nonstandard","refpurpose":"Delete TalkBack command from TalkBack queue","href":"deletetalkbackcommand.html"},{"name":"Execute TalkBack Command","type":"nonstandard","refpurpose":"Execute next TalkBack command in TalkBack queue","href":"executetalkbackcommand.html"},{"name":"Get Alert History","type":"nonstandard","refpurpose":"Get alerts history with HTTP GET","href":"getalerthistory.html"},{"name":"Get All TalkBack Commands","type":"nonstandard","refpurpose":"Get all TalkBack commands from TalkBack queue","href":"getalltalkbackcommands.html"},{"name":"Get Last Executed TalkBack Command","type":"nonstandard","refpurpose":"Get last executed TalkBack command from TalkBack queue","href":"getlastexecutedtalkbackcommand.html"},{"name":"Get TalkBack Command","type":"nonstandard","refpurpose":"Get TalkBack command from TalkBack queue","href":"gettalkbackcommand.html"},{"name":"List Channels","type":"nonstandard","refpurpose":"List public channels with HTTP GET","href":"listchannels.html"},{"name":"List Your Channels","type":"nonstandard","refpurpose":"List your channels with HTTP GET","href":"listyourchannels.html"},{"name":"List Your Public Channels","type":"nonstandard","refpurpose":"List channels for username with HTTP GET","href":"listyourpublicchannels.html"},{"name":"Publish to a Channel Feed","type":"nonstandard","refpurpose":"Publish message to update multiple channel fields simultaneously with MQTT","href":"publishtoachannelfeed.html"},{"name":"Publish to a Channel Field Feed","type":"nonstandard","refpurpose":"Publish message to update single channel field with MQTT","href":"publishtoachannelfieldfeed.html"},{"name":"Read Data","type":"nonstandard","refpurpose":"Read data from all fields in channel with HTTP GET","href":"readdata.html"},{"name":"Read Field","type":"nonstandard","refpurpose":"Read data from single field of channel with HTTP GET","href":"readfield.html"},{"name":"Read Last Entry","type":"nonstandard","refpurpose":"Read last entry in channel with HTTP GET","href":"readlastentry.html"},{"name":"Read Last Entry Age","type":"nonstandard","refpurpose":"Read number of seconds since last entry in channel with HTTP GET","href":"readlastentryage.html"},{"name":"Read Last Entry ID","type":"nonstandard","refpurpose":"Read entry ID number for last entry with HTTP GET","href":"readlastentryid.html"},{"name":"Read Last Field Entry","type":"nonstandard","refpurpose":"Read last entry in channel field with HTTP GET","href":"readlastfieldentry.html"},{"name":"Read Last Field Entry Age","type":"nonstandard","refpurpose":"Read number of seconds since last entry in field with HTTP GET","href":"readlastfieldentryage.html"},{"name":"Read Last Status","type":"nonstandard","refpurpose":"Read last status of channel with HTTP GET","href":"readlaststatus.html"},{"name":"Read Settings","type":"nonstandard","refpurpose":"Read channel settings with HTTP GET","href":"readsettings.html"},{"name":"Read Specific Entry ID","type":"nonstandard","refpurpose":"Read specific entry ID with HTTP GET","href":"readspecificentryid.html"},{"name":"Read Status","type":"nonstandard","refpurpose":"Read status field of channel with HTTP GET","href":"readstatus.html"},{"name":"Read Status of Image Request","type":"nonstandard","refpurpose":"Read status of image request with HTTP GET","href":"readstatusofimagerequest.html"},{"name":"Send Alert","type":"nonstandard","refpurpose":"Create email alert with HTTP POST","href":"sendalert.html"},{"name":"Show Channel Map","type":"nonstandard","refpurpose":"Show channel location on map","href":"showchannelmap.html"},{"name":"Subscribe to a Channel Feed","type":"nonstandard","refpurpose":"Subscribe to updates from channel feed with MQTT","href":"subscribetoachannelfeed.html"},{"name":"Subscribe to a Channel Field Feed","type":"nonstandard","refpurpose":"Subscribe to channel updates from specific field of channel with MQTT","href":"subscribetoachannelfieldfeed.html"},{"name":"thingSpeakRead","type":"function","fcntype":"simple","refpurpose":"Read data stored in ThingSpeak channel","href":"thingspeakread.html"},{"name":"thingSpeakWrite","type":"function","fcntype":"simple","refpurpose":"Write data to ThingSpeak channel","href":"thingspeakwrite.html"},{"name":"Update TalkBack Command","type":"nonstandard","refpurpose":"Update command in TalkBack queue","href":"updatetalkbackcommand.html"},{"name":"Write Data","type":"nonstandard","refpurpose":"Update channel data with HTTP GET or POST","href":"writedata.html"},{"name":"Write Data and Execute TalkBack Command","type":"nonstandard","refpurpose":"Update channel data with HTTP GET or POST and execute TalkBack command","href":"writedataandexecutetalkbackcommand.html"},{"name":"Write Image","type":"nonstandard","refpurpose":"Write channel image with HTTP POST","href":"writeimage.html"},{"name":"Write Settings","type":"nonstandard","refpurpose":"Update channel settings with HTTP PUT","href":"writesettings.html"}]}