{"schema":"referenceapi_lookup_schema.json","schemaVersion":"1.0","docVersion":"doc25a.2968260.Bdoc25a.2967890.pass.r2025a","productName":"ThingSpeak","baseCode":"TSP","helpFolder":"thingspeak","helpLocation":"thingspeak",  "refItems" : [{"name":"Add TalkBack Command","type":"nonstandard","refpurpose":"Aggiungi il comando TalkBack alla coda TalkBack","href":"addtalkbackcommand.html"},{"name":"Bulk-Write CSV Data","type":"nonstandard","refpurpose":"Scrivere molte voci sul canale in formato CSV con un singolo POST HTTP","href":"bulkwritecsvdata.html"},{"name":"Bulk-Write JSON Data","type":"nonstandard","refpurpose":"Scrivi molte voci sul canale in formato JSON con un singolo POST HTTP","href":"bulkwritejsondata.html"},{"name":"Clear Channel","type":"nonstandard","refpurpose":"Cancella tutti i dati dal canale con HTTP DELETE","href":"clearchannel.html"},{"name":"Create Channel","type":"nonstandard","refpurpose":"Crea un nuovo canale con HTTP POST","href":"createchannel.html"},{"name":"Crea grafico","type":"nonstandard","refpurpose":"Genera grafico con HTTP GET","href":"createchart.html"},{"name":"Delete All TalkBack Commands","type":"nonstandard","refpurpose":"Elimina tutti i comandi TalkBack nella coda TalkBack","href":"deletealltalkbackcommands.html"},{"name":"Delete Channel","type":"nonstandard","refpurpose":"Elimina il canale con HTTP DELETE","href":"deletechannel.html"},{"name":"Delete Image","type":"nonstandard","refpurpose":"Elimina l'immagine dal canale con HTTP DELETE","href":"deleteimage.html"},{"name":"Delete TalkBack Command","type":"nonstandard","refpurpose":"Elimina il comando TalkBack dalla coda TalkBack","href":"deletetalkbackcommand.html"},{"name":"Execute TalkBack Command","type":"nonstandard","refpurpose":"Esegui il comando TalkBack successivo nella coda TalkBack","href":"executetalkbackcommand.html"},{"name":"Get Alert History","type":"nonstandard","refpurpose":"Ottieni la cronologia degli avvisi con HTTP GET","href":"getalerthistory.html"},{"name":"Get All TalkBack Commands","type":"nonstandard","refpurpose":"Ottieni tutti i comandi TalkBack dalla coda TalkBack","href":"getalltalkbackcommands.html"},{"name":"Get Last Executed TalkBack Command","type":"nonstandard","refpurpose":"Ottieni l'ultimo comando TalkBack eseguito dalla coda TalkBack","href":"getlastexecutedtalkbackcommand.html"},{"name":"Get TalkBack Command","type":"nonstandard","refpurpose":"Ottieni il comando TalkBack dalla coda TalkBack","href":"gettalkbackcommand.html"},{"name":"List Channels","type":"nonstandard","refpurpose":"Elenca i canali pubblici con HTTP GET","href":"listchannels.html"},{"name":"List Your Channels","type":"nonstandard","refpurpose":"Elenca i tuoi canali con HTTP GET","href":"listyourchannels.html"},{"name":"List Your Public Channels","type":"nonstandard","refpurpose":"Elenca i canali per il nome utente con HTTP GET","href":"listyourpublicchannels.html"},{"name":"Publish to a Channel Feed","type":"nonstandard","refpurpose":"Pubblica un messaggio per aggiornare più campi del canale contemporaneamente con MQTT","href":"publishtoachannelfeed.html"},{"name":"Publish to a Channel Field Feed","type":"nonstandard","refpurpose":"Pubblica un messaggio per aggiornare il campo del canale singolo con MQTT","href":"publishtoachannelfieldfeed.html"},{"name":"Read Data","type":"nonstandard","refpurpose":"Leggi i dati da tutti i campi nel canale con HTTP GET","href":"readdata.html"},{"name":"Read Field","type":"nonstandard","refpurpose":"Leggi i dati dal singolo campo del canale con HTTP GET","href":"readfield.html"},{"name":"Read Last Entry","type":"nonstandard","refpurpose":"Leggi l'ultima voce nel canale con HTTP GET","href":"readlastentry.html"},{"name":"Read Last Entry Age","type":"nonstandard","refpurpose":"Leggi il numero di secondi dall'ultima voce nel canale con HTTP GET","href":"readlastentryage.html"},{"name":"Read Last Entry ID","type":"nonstandard","refpurpose":"Leggere il numero ID della voce per l'ultima voce con HTTP GET","href":"readlastentryid.html"},{"name":"Read Last Field Entry","type":"nonstandard","refpurpose":"Leggi l'ultima voce nel campo del canale con HTTP GET","href":"readlastfieldentry.html"},{"name":"Read Last Field Entry Age","type":"nonstandard","refpurpose":"Leggi il numero di secondi dall'ultima immissione nel campo con HTTP GET","href":"readlastfieldentryage.html"},{"name":"Read Last Status","type":"nonstandard","refpurpose":"Leggi l'ultimo stato del canale con HTTP GET","href":"readlaststatus.html"},{"name":"Read Settings","type":"nonstandard","refpurpose":"Leggi le impostazioni del canale con HTTP GET","href":"readsettings.html"},{"name":"Read Specific Entry ID","type":"nonstandard","refpurpose":"Leggere l'ID voce specifico con HTTP GET","href":"readspecificentryid.html"},{"name":"Read Status","type":"nonstandard","refpurpose":"Leggi il campo di stato del canale con HTTP GET","href":"readstatus.html"},{"name":"Read Status of Image Request","type":"nonstandard","refpurpose":"Leggi lo stato della richiesta di immagine con HTTP GET","href":"readstatusofimagerequest.html"},{"name":"Send Alert","type":"nonstandard","refpurpose":"Crea avviso e-mail con HTTP POST","href":"sendalert.html"},{"name":"Show Channel Map","type":"nonstandard","refpurpose":"Mostra la posizione del canale sulla mappa","href":"showchannelmap.html"},{"name":"Subscribe to a Channel Feed","type":"nonstandard","refpurpose":"Iscriviti agli aggiornamenti dal feed del canale con MQTT","href":"subscribetoachannelfeed.html"},{"name":"Subscribe to a Channel Field Feed","type":"nonstandard","refpurpose":"Iscriviti agli aggiornamenti del canale dal campo specifico del canale con MQTT","href":"subscribetoachannelfieldfeed.html"},{"name":"thingSpeakRead","type":"function","fcntype":"simple","refpurpose":"Leggi i dati memorizzati nel canale ThingSpeak","href":"thingspeakread.html"},{"name":"thingSpeakWrite","type":"function","fcntype":"simple","refpurpose":"Scrive i dati sul canale ThingSpeak","href":"thingspeakwrite.html"},{"name":"Update TalkBack Command","type":"nonstandard","refpurpose":"Aggiorna il comando nella coda TalkBack","href":"updatetalkbackcommand.html"},{"name":"Write Data","type":"nonstandard","refpurpose":"Aggiorna i dati del canale con HTTP GET o POST","href":"writedata.html"},{"name":"Write Data and Execute TalkBack Command","type":"nonstandard","refpurpose":"Aggiorna i dati del canale con HTTP GET o POST ed esegui il comando TalkBack","href":"writedataandexecutetalkbackcommand.html"},{"name":"Write Image","type":"nonstandard","refpurpose":"Scrivi l'immagine del canale con HTTP POST","href":"writeimage.html"},{"name":"Write Settings","type":"nonstandard","refpurpose":"Aggiorna le impostazioni del canale con HTTP PUT","href":"writesettings.html"}]}