{"schema":"referenceapi_lookup_schema.json","schemaVersion":"1.0","docVersion":"doc25a.2968260.Bdoc25a.2967890.pass.r2025a","productName":"ThingSpeak","baseCode":"TSP","helpFolder":"thingspeak","helpLocation":"thingspeak",  "refItems" : [{"name":"Add TalkBack Command","type":"nonstandard","refpurpose":"TalkBackコマンドをTalkBackキューに追加する","href":"addtalkbackcommand.html"},{"name":"Bulk-Write CSV Data","type":"nonstandard","refpurpose":"単一の HTTP POST で多数のエントリを CSV 形式でチャネルに書き込みます","href":"bulkwritecsvdata.html"},{"name":"Bulk-Write JSON Data","type":"nonstandard","refpurpose":"単一の HTTP POST で多数のエントリを JSON 形式でチャネルに書き込みます","href":"bulkwritejsondata.html"},{"name":"Clear Channel","type":"nonstandard","refpurpose":"HTTP DELETEを使用してチャネルからすべてのデータをクリアします","href":"clearchannel.html"},{"name":"Create Channel","type":"nonstandard","refpurpose":"HTTP POST を使用して新しいチャネルを作成する","href":"createchannel.html"},{"name":"チャートの作成","type":"nonstandard","refpurpose":"HTTP GETでチャートを生成する","href":"createchart.html"},{"name":"Delete All TalkBack Commands","type":"nonstandard","refpurpose":"TalkBackキュー内のすべてのTalkBackコマンドを削除します","href":"deletealltalkbackcommands.html"},{"name":"Delete Channel","type":"nonstandard","refpurpose":"HTTP DELETEでチャネルを削除する","href":"deletechannel.html"},{"name":"Delete Image","type":"nonstandard","refpurpose":"HTTP DELETEを使用してチャネルから画像を削除します","href":"deleteimage.html"},{"name":"Delete TalkBack Command","type":"nonstandard","refpurpose":"TalkBackコマンドをTalkBackキューから削除します","href":"deletetalkbackcommand.html"},{"name":"Execute TalkBack Command","type":"nonstandard","refpurpose":"TalkBackキュー内の次のTalkBackコマンドを実行します","href":"executetalkbackcommand.html"},{"name":"Get Alert History","type":"nonstandard","refpurpose":"HTTP GETでアラート履歴を取得する","href":"getalerthistory.html"},{"name":"Get All TalkBack Commands","type":"nonstandard","refpurpose":"TalkBackキューからすべてのTalkBackコマンドを取得する","href":"getalltalkbackcommands.html"},{"name":"Get Last Executed TalkBack Command","type":"nonstandard","refpurpose":"最後に実行されたTalkBackコマンドをTalkBackキューから取得する","href":"getlastexecutedtalkbackcommand.html"},{"name":"Get TalkBack Command","type":"nonstandard","refpurpose":"TalkBackキューからTalkBackコマンドを取得する","href":"gettalkbackcommand.html"},{"name":"List Channels","type":"nonstandard","refpurpose":"HTTP GETを使用してパブリックチャネルを一覧表示する","href":"listchannels.html"},{"name":"List Your Channels","type":"nonstandard","refpurpose":"HTTP GETを使用してチャネルをリストする","href":"listyourchannels.html"},{"name":"List Your Public Channels","type":"nonstandard","refpurpose":"HTTP GETを使用してユーザー名のチャネルを一覧表示する","href":"listyourpublicchannels.html"},{"name":"Publish to a Channel Feed","type":"nonstandard","refpurpose":"MQTT で複数のチャネルフィールドを同時に更新するメッセージをパブリッシュする","href":"publishtoachannelfeed.html"},{"name":"Publish to a Channel Field Feed","type":"nonstandard","refpurpose":"MQTT で単一チャネルフィールドを更新するメッセージをパブリッシュする","href":"publishtoachannelfieldfeed.html"},{"name":"Read Data","type":"nonstandard","refpurpose":"HTTP GETを使用してチャネル内のすべてのフィールドからデータを読み取ります","href":"readdata.html"},{"name":"Read Field","type":"nonstandard","refpurpose":"HTTP GETを使用してチャネルの単一フィールドからデータを読み取る","href":"readfield.html"},{"name":"Read Last Entry","type":"nonstandard","refpurpose":"HTTP GETを使用してチャネル内の最後のエントリを読み取ります","href":"readlastentry.html"},{"name":"Read Last Entry Age","type":"nonstandard","refpurpose":"HTTP GETによるチャネルへの最後のエントリからの秒数の読み取り","href":"readlastentryage.html"},{"name":"Read Last Entry ID","type":"nonstandard","refpurpose":"HTTP GETで最後のエントリのエントリID番号を読み取る","href":"readlastentryid.html"},{"name":"Read Last Field Entry","type":"nonstandard","refpurpose":"HTTP GETを使用してチャネルフィールドの最後のエントリを読み取ります","href":"readlastfieldentry.html"},{"name":"Read Last Field Entry Age","type":"nonstandard","refpurpose":"HTTP GETを使用してフィールドに最後に入力してからの秒数を読み取ります","href":"readlastfieldentryage.html"},{"name":"Read Last Status","type":"nonstandard","refpurpose":"HTTP GETでチャネルの最終ステータスを読み取る","href":"readlaststatus.html"},{"name":"Read Settings","type":"nonstandard","refpurpose":"HTTP GETでチャネル設定を読み取る","href":"readsettings.html"},{"name":"Read Specific Entry ID","type":"nonstandard","refpurpose":"HTTP GETで特定のエントリIDを読み取る","href":"readspecificentryid.html"},{"name":"Read Status","type":"nonstandard","refpurpose":"HTTP GETでチャネルのステータスフィールドを読み取る","href":"readstatus.html"},{"name":"Read Status of Image Request","type":"nonstandard","refpurpose":"HTTP GETで画像要求のステータスを読み取る","href":"readstatusofimagerequest.html"},{"name":"Send Alert","type":"nonstandard","refpurpose":"HTTP POST を使用して電子メール アラートを作成する","href":"sendalert.html"},{"name":"Show Channel Map","type":"nonstandard","refpurpose":"チャネルの位置を地図上に表示","href":"showchannelmap.html"},{"name":"Subscribe to a Channel Feed","type":"nonstandard","refpurpose":"MQTT を使用してチャネルフィードから更新を購読する","href":"subscribetoachannelfeed.html"},{"name":"Subscribe to a Channel Field Feed","type":"nonstandard","refpurpose":"MQTT を使用してチャネルの特定のフィールドからチャネル更新をサブスクライブします","href":"subscribetoachannelfieldfeed.html"},{"name":"thingSpeakRead","type":"function","fcntype":"simple","refpurpose":"ThingSpeak チャネルに格納されたデータの読み取り","href":"thingspeakread.html"},{"name":"thingSpeakWrite","type":"function","fcntype":"simple","refpurpose":"ThingSpeak チャネルへのデータの書き込み","href":"thingspeakwrite.html"},{"name":"Update TalkBack Command","type":"nonstandard","refpurpose":"TalkBackキューのコマンドを更新する","href":"updatetalkbackcommand.html"},{"name":"Write Data","type":"nonstandard","refpurpose":"HTTP GETまたは POST を使用してチャネルデータを更新します","href":"writedata.html"},{"name":"Write Data and Execute TalkBack Command","type":"nonstandard","refpurpose":"HTTP GETまたはPOSTでチャネルデータを更新し、 TalkBackコマンドを実行します","href":"writedataandexecutetalkbackcommand.html"},{"name":"Write Image","type":"nonstandard","refpurpose":"HTTP POSTでチャネルイメージを書き込む","href":"writeimage.html"},{"name":"Write Settings","type":"nonstandard","refpurpose":"HTTP PUT を使用してチャネル設定を更新する","href":"writesettings.html"}]}