{"schema":"referenceapi_lookup_schema.json","schemaVersion":"1.0","docVersion":"doc25a.2968260.Bdoc25a.2967890.pass.r2025a","productName":"ThingSpeak","baseCode":"TSP","helpFolder":"thingspeak","helpLocation":"thingspeak",  "refItems" : [{"name":"Add TalkBack Command","type":"nonstandard","refpurpose":"Ajouter la commande Talkback à la file d'attente Talkback","href":"addtalkbackcommand.html"},{"name":"Bulk-Write CSV Data","type":"nonstandard","refpurpose":"Écrivez de nombreuses entrées sur le canal au format CSV avec un seul HTTP POST","href":"bulkwritecsvdata.html"},{"name":"Bulk-Write JSON Data","type":"nonstandard","refpurpose":"Écrivez de nombreuses entrées sur le canal au format JSON avec un seul HTTP POST","href":"bulkwritejsondata.html"},{"name":"Clear Channel","type":"nonstandard","refpurpose":"Effacer toutes les données du canal avec HTTP DELETE","href":"clearchannel.html"},{"name":"Create Channel","type":"nonstandard","refpurpose":"Créer un nouveau canal avec HTTP POST","href":"createchannel.html"},{"name":"Créer un graphique","type":"nonstandard","refpurpose":"Générer un diagramme avec HTTP GET","href":"createchart.html"},{"name":"Delete All TalkBack Commands","type":"nonstandard","refpurpose":"Supprimer toutes les commandes Talkback dans la file d'attente Talkback","href":"deletealltalkbackcommands.html"},{"name":"Delete Channel","type":"nonstandard","refpurpose":"Supprimer le canal avec HTTP DELETE","href":"deletechannel.html"},{"name":"Delete Image","type":"nonstandard","refpurpose":"Supprimer l'image du canal avec HTTP DELETE","href":"deleteimage.html"},{"name":"Delete TalkBack Command","type":"nonstandard","refpurpose":"Supprimer la commande Talkback de la file d'attente Talkback","href":"deletetalkbackcommand.html"},{"name":"Execute TalkBack Command","type":"nonstandard","refpurpose":"Exécuter la prochaine commande Talkback dans la file d'attente Talkback","href":"executetalkbackcommand.html"},{"name":"Get Alert History","type":"nonstandard","refpurpose":"Obtenir l'historique des alertes avec HTTP GET","href":"getalerthistory.html"},{"name":"Get All TalkBack Commands","type":"nonstandard","refpurpose":"Obtenir toutes les commandes Talkback de la file d'attente Talkback","href":"getalltalkbackcommands.html"},{"name":"Get Last Executed TalkBack Command","type":"nonstandard","refpurpose":"Obtenir la dernière commande Talkback exécutée à partir de la file d'attente Talkback","href":"getlastexecutedtalkbackcommand.html"},{"name":"Get TalkBack Command","type":"nonstandard","refpurpose":"Obtenir la commande Talkback de la file d'attente Talkback","href":"gettalkbackcommand.html"},{"name":"List Channels","type":"nonstandard","refpurpose":"Lister les canaux publics avec HTTP GET","href":"listchannels.html"},{"name":"List Your Channels","type":"nonstandard","refpurpose":"Listez vos canaux avec HTTP GET","href":"listyourchannels.html"},{"name":"List Your Public Channels","type":"nonstandard","refpurpose":"Liste des canaux pour le nom d'utilisateur avec HTTP GET","href":"listyourpublicchannels.html"},{"name":"Publish to a Channel Feed","type":"nonstandard","refpurpose":"Publier un message pour mettre à jour plusieurs champs de canal simultanément avec MQTT","href":"publishtoachannelfeed.html"},{"name":"Publish to a Channel Field Feed","type":"nonstandard","refpurpose":"Publier un message pour mettre à jour le champ de canal unique avec MQTT","href":"publishtoachannelfieldfeed.html"},{"name":"Read Data","type":"nonstandard","refpurpose":"Lire les données de tous les champs du canal avec HTTP GET","href":"readdata.html"},{"name":"Read Field","type":"nonstandard","refpurpose":"Lire les données d'un seul champ de canal avec HTTP GET","href":"readfield.html"},{"name":"Read Last Entry","type":"nonstandard","refpurpose":"Lire la dernière entrée du canal avec HTTP GET","href":"readlastentry.html"},{"name":"Read Last Entry Age","type":"nonstandard","refpurpose":"Lire le nombre de secondes depuis la dernière entrée dans le canal avec HTTP GET","href":"readlastentryage.html"},{"name":"Read Last Entry ID","type":"nonstandard","refpurpose":"Lire le numéro d'identification de l'entrée pour la dernière entrée avec HTTP GET","href":"readlastentryid.html"},{"name":"Read Last Field Entry","type":"nonstandard","refpurpose":"Lire la dernière entrée dans le champ du canal avec HTTP GET","href":"readlastfieldentry.html"},{"name":"Read Last Field Entry Age","type":"nonstandard","refpurpose":"Lire le nombre de secondes depuis la dernière entrée dans le champ avec HTTP GET","href":"readlastfieldentryage.html"},{"name":"Read Last Status","type":"nonstandard","refpurpose":"Lire le dernier statut du canal avec HTTP GET","href":"readlaststatus.html"},{"name":"Read Settings","type":"nonstandard","refpurpose":"Lire les paramètres du canal avec HTTP GET","href":"readsettings.html"},{"name":"Read Specific Entry ID","type":"nonstandard","refpurpose":"Lire l'ID d'entrée spécifique avec HTTP GET","href":"readspecificentryid.html"},{"name":"Read Status","type":"nonstandard","refpurpose":"Lire le champ d'état du canal avec HTTP GET","href":"readstatus.html"},{"name":"Read Status of Image Request","type":"nonstandard","refpurpose":"Lire l'état de la requête d'image avec HTTP GET","href":"readstatusofimagerequest.html"},{"name":"Send Alert","type":"nonstandard","refpurpose":"Créer une alerte email avec HTTP POST","href":"sendalert.html"},{"name":"Show Channel Map","type":"nonstandard","refpurpose":"Afficher l'emplacement du canal sur la carte","href":"showchannelmap.html"},{"name":"Subscribe to a Channel Feed","type":"nonstandard","refpurpose":"Abonnez-vous aux mises à jour du flux du canal avec MQTT","href":"subscribetoachannelfeed.html"},{"name":"Subscribe to a Channel Field Feed","type":"nonstandard","refpurpose":"Abonnez-vous aux mises à jour du canal à partir d'un champ spécifique du canal avec MQTT","href":"subscribetoachannelfieldfeed.html"},{"name":"thingSpeakRead","type":"function","fcntype":"simple","refpurpose":"Lire les données stockées dans le canal ThingSpeak","href":"thingspeakread.html"},{"name":"thingSpeakWrite","type":"function","fcntype":"simple","refpurpose":"Écrire des données sur le canal ThingSpeak","href":"thingspeakwrite.html"},{"name":"Update TalkBack Command","type":"nonstandard","refpurpose":"Commande de mise à jour dans la file d'attente Talkback","href":"updatetalkbackcommand.html"},{"name":"Write Data","type":"nonstandard","refpurpose":"Mettre à jour les données du canal avec HTTP GET ou POST","href":"writedata.html"},{"name":"Write Data and Execute TalkBack Command","type":"nonstandard","refpurpose":"Mettez à jour les données du canal avec HTTP GET ou POST et exécutez la commande Talkback","href":"writedataandexecutetalkbackcommand.html"},{"name":"Write Image","type":"nonstandard","refpurpose":"Écrire l'image du canal avec HTTP POST","href":"writeimage.html"},{"name":"Write Settings","type":"nonstandard","refpurpose":"Mettre à jour les paramètres du canal avec HTTP PUT","href":"writesettings.html"}]}