{"schema":"referenceapi_lookup_schema.json","schemaVersion":"1.0","docVersion":"doc25a.2968260.Bdoc25a.2967890.pass.r2025a","productName":"Vehicle Dynamics Blockset","baseCode":"VE","helpFolder":"vdynblks","helpLocation":"vdynblks","addons":"VDYNTIRE",  "refItems" : [{"name":"3D Engine","type":"block","refpurpose":"Configure scenes in reference applications","href":"ref\/3dengine.html"},{"name":"Acceleration and Braking","type":"block","refpurpose":"Generate steering, accelerator, and brake commands","href":"ref\/accelerationandbraking.html"},{"name":"Active Differential","type":"block","refpurpose":"Spur or planetary active differential gear","href":"ref\/activedifferential.html"},{"name":"ReadSimulation3DMessage","type":"function","fcntype":"instancemethod","refpurpose":"Receives message from Simulink model using a message reader object","href":"ref\/asim3dactor.readsimulation3dmessage.html"},{"name":"ASim3dActor.ReadSimulation3DMessage","type":"method","fcntype":"instancemethod","refpurpose":"Receives message from Simulink model using a message reader object","href":"ref\/asim3dactor.readsimulation3dmessage.html"},{"name":"Sim3dRelease","type":"function","fcntype":"instancemethod","refpurpose":"C++ method that releases actor in Unreal Engine 3D simulation","href":"ref\/asim3dactor.sim3drelease.html"},{"name":"ASim3dActor.Sim3dRelease","type":"method","fcntype":"instancemethod","refpurpose":"C++ method that releases actor in Unreal Engine 3D simulation","href":"ref\/asim3dactor.sim3drelease.html"},{"name":"Sim3dSetup","type":"function","fcntype":"instancemethod","refpurpose":"C++ method that sets up actor in Unreal Engine 3D simulation","href":"ref\/asim3dactor.sim3dsetup.html"},{"name":"ASim3dActor.Sim3dSetup","type":"method","fcntype":"instancemethod","refpurpose":"C++ method that sets up actor in Unreal Engine 3D simulation","href":"ref\/asim3dactor.sim3dsetup.html"},{"name":"Sim3dStep","type":"function","fcntype":"instancemethod","refpurpose":"C++ method that steps actor in Unreal Engine 3D simulation","href":"ref\/asim3dactor.sim3dstep.html"},{"name":"ASim3dActor.Sim3dStep","type":"method","fcntype":"instancemethod","refpurpose":"C++ method that steps actor in Unreal Engine 3D simulation","href":"ref\/asim3dactor.sim3dstep.html"},{"name":"StartSimulation3DMessageReader","type":"function","fcntype":"instancemethod","refpurpose":"Constructs a message reader object in the Unreal Editor","href":"ref\/asim3dactor.startsimulation3dmessagereader.html"},{"name":"ASim3dActor.StartSimulation3DMessageReader","type":"method","fcntype":"instancemethod","refpurpose":"Constructs a message reader object in the Unreal Editor","href":"ref\/asim3dactor.startsimulation3dmessagereader.html"},{"name":"StartSimulation3DMessageWriter","type":"function","fcntype":"instancemethod","refpurpose":"Constructs a message writer object in the Unreal Editor","href":"ref\/asim3dactor.startsimulation3dmessagewriter.html"},{"name":"ASim3dActor.StartSimulation3DMessageWriter","type":"method","fcntype":"instancemethod","refpurpose":"Constructs a message writer object in the Unreal Editor","href":"ref\/asim3dactor.startsimulation3dmessagewriter.html"},{"name":"StopSimulation3DMessageReader","type":"function","fcntype":"instancemethod","refpurpose":"Deletes message reader object in the Unreal Editor","href":"ref\/asim3dactor.stopsimulation3dmessagereader.html"},{"name":"ASim3dActor.StopSimulation3DMessageReader","type":"method","fcntype":"instancemethod","refpurpose":"Deletes message reader object in the Unreal Editor","href":"ref\/asim3dactor.stopsimulation3dmessagereader.html"},{"name":"StopSimulation3DMessageWriter","type":"function","fcntype":"instancemethod","refpurpose":"Deletes message writer object in the Unreal Editor","href":"ref\/asim3dactor.stopsimulation3dmessagewriter.html"},{"name":"ASim3dActor.StopSimulation3DMessageWriter","type":"method","fcntype":"instancemethod","refpurpose":"Deletes message writer object in the Unreal Editor","href":"ref\/asim3dactor.stopsimulation3dmessagewriter.html"},{"name":"WriteSimulation3DMessage","type":"function","fcntype":"instancemethod","refpurpose":"Sends message to Simulink model using a message writer object","href":"ref\/asim3dactor.writesimulation3dmessage.html"},{"name":"ASim3dActor.WriteSimulation3DMessage","type":"method","fcntype":"instancemethod","refpurpose":"Sends message to Simulink model using a message writer object","href":"ref\/asim3dactor.writesimulation3dmessage.html"},{"name":"ASim3dActor","type":"object","refpurpose":"Abstract class to use as a base class for user-defined Unreal Engine C++ or blueprint actors","href":"ref\/asim3dactor.html"},{"name":"ASim3dActor.Translation","type":"property","refpurpose":"Actor translation","href":"ref\/asim3dactor.html"},{"name":"ASim3dActor.Rotation","type":"property","refpurpose":"Actor rotation","href":"ref\/asim3dactor.html"},{"name":"ASim3dActor.Scale","type":"property","refpurpose":"Actor scale","href":"ref\/asim3dactor.html"},{"name":"Bicycle Model","type":"block","refpurpose":"Implement a single track 3DOF rigid vehicle body to calculate longitudinal, lateral, and yaw motion","href":"ref\/bicyclemodel.html"},{"name":"Box Truck","type":"nonstandard","refpurpose":"Box truck vehicle dimensions","href":"ref\/boxtruck.html"},{"name":"Cab-Over Tractor","type":"nonstandard","refpurpose":"Cab-over tractor dimensions","href":"ref\/cabovertractor.html"},{"name":"Combined Slip Wheel 2DOF","type":"block","refpurpose":"Combined slip 2DOF wheel with disc, drum, or mapped brake","href":"ref\/combinedslipwheel2dof.html"},{"name":"Combined Slip Wheel CPI","type":"block","refpurpose":"Combined slip wheel compliant with CPI Tydex standard","href":"ref\/combinedslipwheelcpi.html"},{"name":"Combined Slip Wheel STI","type":"block","refpurpose":"Combined slip wheel compliant with STI Tydex standard","href":"ref\/combinedslipwheelsti.html"},{"name":"Constant Radius","type":"block","refpurpose":"Generate commands for tracking constant radius path","href":"ref\/constantradius.html"},{"name":"Conventional Tractor","type":"nonstandard","refpurpose":"Conventional tractor dimensions","href":"ref\/conventionaltractor.html"},{"name":"sim3d.utils.sim3d.utils.copyExampleSim3dProject","type":"method","fcntype":"instancemethod","refpurpose":"Copy support package files and plugins to specified folders","href":"ref\/copyexamplesim3dproject.html"},{"name":"Curved Road","type":"scene","refpurpose":"Curved road 3D environment","href":"ref\/curvedroad.html"},{"name":"Double Lane Change","type":"scene","refpurpose":"Double lane change 3D environment","href":"ref\/doublelanechange.html"},{"name":"Drive Cycle Source","type":"block","refpurpose":"Standard or specified longitudinal drive cycle","href":"ref\/drivecyclesource.html"},{"name":"Driver Commands","type":"block","refpurpose":"Configure driver","href":"ref\/drivercommands.html"},{"name":"Driver Commands (Virtual Vehicle Models)","type":"block","refpurpose":"Configure driver in configured virtual vehicle models and Powertrain Blockset reference applications","href":"ref\/drivercommandsvirtualvehiclemodels.html"},{"name":"Dugoff Wheel 2DOF","type":"block","refpurpose":"Dugoff Wheel 2DOF wheel with disc, drum, or mapped brake","href":"ref\/dugoffwheel2dof.html"},{"name":"Dynamic Steering","type":"block","refpurpose":"(Removed) Dynamic steering for Ackerman, rack-and-pinion, and parallel steering mechanisms","deprecated":"true","href":"ref\/dynamicsteering.html"},{"name":"Empty Grass","type":"scene","refpurpose":"Empty grass 3D environment","href":"ref\/emptygrass.html"},{"name":"Environment","type":"block","refpurpose":"Configure environment","href":"ref\/environment.html"},{"name":"Fiala Wheel 2DOF","type":"block","refpurpose":"Fiala wheel 2DOF wheel with disc, drum, or mapped brake","href":"ref\/fialawheel2dof.html"},{"name":"Fishhook","type":"block","refpurpose":"Generate commands to conduct fishhook maneuver","href":"ref\/fishhook.html"},{"name":"Formula Student Vehicle","type":"nonstandard","refpurpose":"Formula student vehicle dimensions","href":"ref\/formulastudentvehicle.html"},{"name":"Gearbox","type":"block","refpurpose":"Ideal rotational gearbox","href":"ref\/gearbox.html"},{"name":"Hatchback","type":"nonstandard","refpurpose":"Hatchback vehicle dimensions","href":"ref\/hatchback.html"},{"name":"Ideal Fixed Gear Transmission","type":"block","refpurpose":"Ideal fixed gear transmission without clutch or synchronization","href":"ref\/idealfixedgeartransmission.html"},{"name":"Independent Suspension - Air Spring","type":"block","refpurpose":"Air spring independent suspension","href":"ref\/independentsuspensionairspring.html"},{"name":"Independent Suspension - Double Wishbone","type":"block","refpurpose":"Double wishbone independent suspension","href":"ref\/independentsuspensiondoublewishbone.html"},{"name":"Independent Suspension - K and C","type":"block","refpurpose":"Independent kinematics and compliance test suspension","href":"ref\/independentsuspensionkandc.html"},{"name":"Independent Suspension - MacPherson","type":"block","refpurpose":"MacPherson independent suspension","href":"ref\/independentsuspensionmacpherson.html"},{"name":"Independent Suspension - Mapped","type":"block","refpurpose":"Mapped independent suspension","href":"ref\/independentsuspensionmapped.html"},{"name":"Kinematic Steering","type":"block","refpurpose":"Kinematic steering for Ackerman, rack-and-pinion, and parallel steering mechanisms","href":"ref\/kinematicsteering.html"},{"name":"Lane Change","type":"block","refpurpose":"Generate commands to conduct lane change maneuvers","href":"ref\/lanechange.html"},{"name":"Lane Change Reference Generator","type":"block","refpurpose":"Generate double-lane change maneuver reference signals","href":"ref\/lanechangereferencegenerator.html"},{"name":"Large Parking Lot","type":"scene","refpurpose":"Large parking lot 3D environment","href":"ref\/largeparkinglot.html"},{"name":"Lateral Driver","type":"block","refpurpose":"Lateral path-tracking controller","href":"ref\/lateraldriver.html"},{"name":"Limited Slip Differential","type":"block","refpurpose":"Limited differential as a planetary bevel gear","href":"ref\/limitedslipdifferential.html"},{"name":"Longitudinal Driver","type":"block","refpurpose":"Longitudinal speed-tracking controller","href":"ref\/longitudinaldriver.html"},{"name":"Longitudinal Wheel","type":"block","refpurpose":"Longitudinal wheel with disc, drum, or mapped brake","href":"ref\/longitudinalwheel.html"},{"name":"Mapped CI Engine","type":"block","refpurpose":"Compression-ignition engine model using lookup tables","href":"ref\/mappedciengine.html"},{"name":"Mapped Motor","type":"block","refpurpose":"Mapped motor and drive electronics operating in torque-control mode","href":"ref\/mappedmotor.html"},{"name":"Mapped SI Engine","type":"block","refpurpose":"Spark-ignition engine model using lookup tables","href":"ref\/mappedsiengine.html"},{"name":"Mapped Steering","type":"block","refpurpose":"Mapped steering with speed-dependent option","href":"ref\/mappedsteering.html"},{"name":"Motor Bike","type":"nonstandard","refpurpose":"Motor bike dimensions","href":"ref\/motorbike.html"},{"name":"Motorcycle Body Longitudinal In-Plane","type":"block","refpurpose":"Longitudinal in-plane motorcycle vehicle motion","href":"ref\/motorcyclebodylongitudinalinplane.html"},{"name":"Motorcycle Chain","type":"block","refpurpose":"Implement motorcycle chain","href":"ref\/motorcyclechain.html"},{"name":"Muscle Car","type":"nonstandard","refpurpose":"Muscle car vehicle dimensions","href":"ref\/musclecar.html"},{"name":"One-Axle Dolly","type":"nonstandard","refpurpose":"One-axle dolly dimensions","href":"ref\/oneaxledolly.html"},{"name":"One-Axle Trailer","type":"nonstandard","refpurpose":"One-axle trailer dimensions","href":"ref\/oneaxletrailer.html"},{"name":"Open Differential","type":"block","refpurpose":"Differential as a planetary bevel gear","href":"ref\/opendifferential.html"},{"name":"Open Surface","type":"scene","refpurpose":"Open surface 3D environment","href":"ref\/opensurface.html"},{"name":"Parking Lot","type":"scene","refpurpose":"Parking lot 3D environment","href":"ref\/parkinglot.html"},{"name":"Predictive Driver","type":"block","refpurpose":"Predictive driver controller to track longitudinal speed and lateral path","href":"ref\/predictivedriver.html"},{"name":"Reference Generator","type":"block","refpurpose":"Generate maneuver reference signals","href":"ref\/referencegenerator.html"},{"name":"Road Track Friction","type":"block","refpurpose":"Configure road for braking test","href":"ref\/roadtrackfriction.html"},{"name":"Rotational Brake","type":"block","refpurpose":"Rotational brake with disc, drum, mapped, or external torque modes","href":"ref\/rotationalbrake.html"},{"name":"Rotational Inertia","type":"block","refpurpose":"Ideal mechanical rotational inertia","href":"ref\/rotationalinertia.html"},{"name":"Scenarios","type":"block","refpurpose":"Configure scenarios","href":"ref\/scenarios.html"},{"name":"Scooter","type":"nonstandard","refpurpose":"Scooter dimensions","href":"ref\/scooter.html"},{"name":"Sedan","type":"nonstandard","refpurpose":"Sedan vehicle dimensions","href":"ref\/sedan.html"},{"name":"open","type":"function","fcntype":"instancemethod","refpurpose":"Open the Unreal Editor","href":"ref\/sim3d.editor.open.html"},{"name":"sim3d.Editor.open","type":"method","fcntype":"instancemethod","refpurpose":"Open the Unreal Editor","href":"ref\/sim3d.editor.open.html"},{"name":"sim3d.Editor","type":"function","fcntype":"constructor","refpurpose":"Interface to the Unreal Engine project","href":"ref\/sim3d.editor.html"},{"name":"sim3d.Editor","type":"object","refpurpose":"Interface to the Unreal Engine project","href":"ref\/sim3d.editor.html"},{"name":"sim3d.Editor.Uproject","type":"property","refpurpose":"Project path and name","href":"ref\/sim3d.editor.html"},{"name":"sim3d.maps.Map.delete","type":"function","fcntype":"simple","refpurpose":"Delete local maps downloaded from the server","href":"ref\/sim3d.maps.map.delete.html"},{"name":"sim3d.maps.Map.download","type":"function","fcntype":"simple","refpurpose":"Download maps from the server","href":"ref\/sim3d.maps.map.download.html"},{"name":"sim3d.maps.Map.local","type":"function","fcntype":"simple","refpurpose":"List of locally available maps","href":"ref\/sim3d.maps.map.local.html"},{"name":"sim3d.maps.Map.server","type":"function","fcntype":"simple","refpurpose":"List of maps available for download from the server","href":"ref\/sim3d.maps.map.server.html"},{"name":"sim3d.maps.Map","type":"object","refpurpose":"Access additional scenes from the server","href":"ref\/sim3d.maps.map.html"},{"name":"Simple Engine","type":"block","refpurpose":"Simplified engine model using lookup tables","href":"ref\/simpleengine.html"},{"name":"Simulation 3D Actor Transform Get","type":"block","refpurpose":"Get actor translation, rotation, scale","href":"ref\/simulation3dactortransformget.html"},{"name":"Simulation 3D Actor Transform Set","type":"block","refpurpose":"Set actor translation, rotation, scale","href":"ref\/simulation3dactortransformset.html"},{"name":"Simulation 3D Camera Get","type":"block","refpurpose":"Camera image","href":"ref\/simulation3dcameraget.html"},{"name":"Simulation 3D Dolly","type":"block","refpurpose":"Implement dolly in 3D environment","href":"ref\/simulation3ddolly.html"},{"name":"Simulation 3D Message Get","type":"block","refpurpose":"Retrieve data from Unreal Engine visualization environment","href":"ref\/simulation3dmessageget.html"},{"name":"Simulation 3D Message Set","type":"block","refpurpose":"Send data to Unreal Engine visualization environment","href":"ref\/simulation3dmessageset.html"},{"name":"Simulation 3D Motorcycle","type":"block","refpurpose":"Implement motorcycle in 3D environment","href":"ref\/simulation3dmotorcycle.html"},{"name":"Simulation 3D Physics Vehicle","type":"block","refpurpose":"Implement controllable 6DOF vehicle 3D environment","href":"ref\/simulation3dphysicsvehicle.html"},{"name":"Simulation 3D Ray Tracer","type":"block","refpurpose":"Implement ray tracing in 3D environment","href":"ref\/simulation3draytracer.html"},{"name":"Simulation 3D Scene Configuration","type":"block","refpurpose":"Scene configuration for 3D simulation environment","href":"ref\/simulation3dsceneconfiguration.html"},{"name":"Simulation 3D Terrain Sensor","type":"block","refpurpose":"Implement multipoint terrain sensor in 3D environment","href":"ref\/simulation3dterrainsensor.html"},{"name":"Simulation 3D Three-Wheeled Vehicle","type":"block","refpurpose":"Implement three-wheeled vehicle in 3D environment","href":"ref\/simulation3dthreewheeledvehicle.html"},{"name":"Simulation 3D Tractor","type":"block","refpurpose":"Implement tractor in 3D environment","href":"ref\/simulation3dtractor.html"},{"name":"Simulation 3D Trailer","type":"block","refpurpose":"Implement trailer in 3D environment","href":"ref\/simulation3dtrailer.html"},{"name":"Simulation 3D Vehicle","type":"block","refpurpose":"Implement vehicle in 3D environment","href":"ref\/simulation3dvehicle.html"},{"name":"Simulation 3D Vehicle with Ground Following","type":"block","refpurpose":"Implement vehicle that follows ground in 3D environment","href":"ref\/simulation3dvehiclewithgroundfollowing.html"},{"name":"Sine With Dwell","type":"block","refpurpose":"Generate single sinusoidal steering command","href":"ref\/sinewithdwell.html"},{"name":"Slowly Increasing Steer","type":"block","refpurpose":"Generate commands to conduct linearly increasing steering maneuver","href":"ref\/slowlyincreasingsteer.html"},{"name":"Slowly Increasing Steer Reference Generator","type":"block","refpurpose":"Generate slowly increasing steer maneuver reference signals","href":"ref\/slowlyincreasingsteerreferencegenerator.html"},{"name":"Small Pickup Truck","type":"nonstandard","refpurpose":"Small pickup truck vehicle dimensions","href":"ref\/smallpickuptruck.html"},{"name":"Solid Axle Suspension","type":"block","refpurpose":"Solid axle suspension for multiple axles","href":"ref\/solidaxlesuspension.html"},{"name":"Solid Axle Suspension - Air Spring","type":"block","refpurpose":"Air spring solid axle suspension","href":"ref\/solidaxlesuspensionairspring.html"},{"name":"Solid Axle Suspension - Coil Spring","type":"block","refpurpose":"Solid axle suspension with coil spring","href":"ref\/solidaxlesuspensioncoilspring.html"},{"name":"Solid Axle Suspension - Leaf Spring","type":"block","refpurpose":"Solid axle suspension with leaf spring","href":"ref\/solidaxlesuspensionleafspring.html"},{"name":"Solid Axle Suspension - Mapped","type":"block","refpurpose":"Mapped solid axle suspension","href":"ref\/solidaxlesuspensionmapped.html"},{"name":"Split Torsional Compliance","type":"block","refpurpose":"Split torsional coupler","href":"ref\/splittorsionalcompliance.html"},{"name":"Sports Bike","type":"nonstandard","refpurpose":"Sports bike dimensions","href":"ref\/sportsbike.html"},{"name":"Sport Utility Vehicle","type":"nonstandard","refpurpose":"Sport utility vehicle dimensions","href":"ref\/sportutilityvehicle.html"},{"name":"Steering System","type":"block","refpurpose":"Steering system for Ackermann and rack-and-pinion steering mechanisms","href":"ref\/steeringsystem.html"},{"name":"Straight Maneuver Reference Generator","type":"block","refpurpose":"Generate straight maneuver reference signals","href":"ref\/straightmaneuverreferencegenerator.html"},{"name":"Straight Road","type":"scene","refpurpose":"Straight road 3D environment","href":"ref\/straightroad.html"},{"name":"Swept Sine","type":"block","refpurpose":"Generate commands to conduct swept sine maneuver","href":"ref\/sweptsine.html"},{"name":"Swept Sine Reference Generator","type":"block","refpurpose":"Generate swept-sine maneuver reference signals","href":"ref\/sweptsinereferencegenerator.html"},{"name":"Three-axis Inertial Measurement Unit","type":"block","refpurpose":"Implement three-axis inertial measurement unit (IMU)","href":"ref\/threeaxisinertialmeasurementunit.html"},{"name":"Three-Axle Dolly","type":"nonstandard","refpurpose":"Three-axle dolly dimensions","href":"ref\/threeaxledolly.html"},{"name":"Three-Axle Trailer","type":"nonstandard","refpurpose":"Three-axle trailer dimensions","href":"ref\/threeaxletrailer.html"},{"name":"Torsional Compliance","type":"block","refpurpose":"Parallel spring-damper","href":"ref\/torsionalcompliance.html"},{"name":"Trailer Body 3DOF","type":"block","refpurpose":"Trailer body with longitudinal, lateral, and yaw motion","href":"ref\/trailerbody3dof.html"},{"name":"Trailer Body 6DOF","type":"block","refpurpose":"Trailer body with translational and rotational motion","href":"ref\/trailerbody6dof.html"},{"name":"Transfer Case","type":"block","refpurpose":"Differential as a planetary bevel gear","href":"ref\/transfercase.html"},{"name":"Tuk tuk","type":"nonstandard","refpurpose":"Tuk tuk vehicle dimensions","href":"ref\/tuktuk.html"},{"name":"Twist-Beam Suspension - K and C","type":"block","refpurpose":"Twist-beam kinematics and compliance test suspension","href":"ref\/twistbeamsuspensionkandc.html"},{"name":"Two-Axle Dolly","type":"nonstandard","refpurpose":"Two-axle dolly dimensions","href":"ref\/twoaxledolly.html"},{"name":"Two-Axle Trailer","type":"nonstandard","refpurpose":"Two-axle trailer dimensions","href":"ref\/twoaxletrailer.html"},{"name":"US City Block","type":"scene","refpurpose":"US city block 3D environment","href":"ref\/uscityblock.html"},{"name":"US Highway","type":"scene","refpurpose":"US highway 3D environment","href":"ref\/ushighway.html"},{"name":"Vehicle Body 1DOF Longitudinal","type":"block","refpurpose":"Two-axle vehicle in forward and reverse motion","href":"ref\/vehiclebody1doflongitudinal.html"},{"name":"Vehicle Body 3DOF","type":"block","refpurpose":"3DOF rigid vehicle body to calculate longitudinal, lateral, and yaw motion","href":"ref\/vehiclebody3dof.html"},{"name":"Vehicle Body 3DOF Longitudinal","type":"block","refpurpose":"3DOF rigid vehicle body to calculate longitudinal, vertical, and pitch motion","href":"ref\/vehiclebody3doflongitudinal.html"},{"name":"Vehicle Body 3DOF Three Axles","type":"block","refpurpose":"Three-axle vehicle body with longitudinal, lateral, and yaw motion","href":"ref\/vehiclebody3dofthreeaxles.html"},{"name":"Vehicle Body 6DOF","type":"block","refpurpose":"Two-axle vehicle body with translational and rotational motion","href":"ref\/vehiclebody6dof.html"},{"name":"Vehicle Body 6DOF Three Axles","type":"block","refpurpose":"Three-axle vehicle tractor body with translational and rotational motion","href":"ref\/vehiclebody6dofthreeaxles.html"},{"name":"Vehicle Body Total Road Load","type":"block","refpurpose":"Vehicle motion using coast-down testing coefficients","href":"ref\/vehiclebodytotalroadload.html"},{"name":"Vehicle Terrain Sensor","type":"block","refpurpose":"Vehicle and tire distances to objects","href":"ref\/vehicleterrainsensor.html"},{"name":"Virtual Mcity","type":"scene","refpurpose":"Virtual Mcity 3D environment","href":"ref\/virtualmcity.html"},{"name":"Virtual Vehicle Composer","type":"app","refpurpose":"Configure, build, and analyze a virtual automotive vehicle","href":"ref\/virtualvehiclecomposer-app.html"},{"name":"virtualVehicleComposer","type":"function","fcntype":"applauncher","refpurpose":"Configure, build, and analyze a virtual automotive vehicle","href":"ref\/virtualvehiclecomposer-app.html"},{"name":"Visualization","type":"block","refpurpose":"Configure visualization","href":"ref\/visualization.html"},{"name":"ZalaZONE Automotive Proving Ground High-Speed Handling Course","type":"scene","refpurpose":"High-speed handling course 3D environment","href":"ref\/zalazoneautomotiveprovinggroundhighspeedhandlingcourse.html"},{"name":"ZalaZONE Automotive Proving Ground Hill Tracks","type":"scene","refpurpose":"Climbs with varying gradients 3D environment","href":"ref\/zalazoneautomotiveprovinggroundhilltracks.html"},{"name":"coordinateTransform","type":"function","fcntype":"instancemethod","refpurpose":"Perform coordinate transformation on tire data channels","href":"ug\/tiredata.coordinatetransform.html"},{"name":"tireData.coordinateTransform","type":"method","fcntype":"instancemethod","refpurpose":"Perform coordinate transformation on tire data channels","href":"ug\/tiredata.coordinatetransform.html"},{"name":"crop","type":"function","fcntype":"instancemethod","refpurpose":"Remove data from tireData object","href":"ug\/tiredata.crop.html"},{"name":"tireData.crop","type":"method","fcntype":"instancemethod","refpurpose":"Remove data from tireData object","href":"ug\/tiredata.crop.html"},{"name":"downsample","type":"function","fcntype":"instancemethod","refpurpose":"Decrease sample rate of tireData object by integer factor","href":"ug\/tiredata.downsample.html"},{"name":"tireData.downsample","type":"method","fcntype":"instancemethod","refpurpose":"Decrease sample rate of tireData object by integer factor","href":"ug\/tiredata.downsample.html"},{"name":"filter","type":"function","fcntype":"instancemethod","refpurpose":"Apply filter to tireData object data channels","href":"ug\/tiredata.filter.html"},{"name":"tireData.filter","type":"method","fcntype":"instancemethod","refpurpose":"Apply filter to tireData object data channels","href":"ug\/tiredata.filter.html"},{"name":"tireData.import","type":"function","fcntype":"staticmethod","refpurpose":"Create tireData object from file","href":"ug\/tiredata.import.html"},{"name":"mean","type":"function","fcntype":"instancemethod","refpurpose":"Assign mean value of tire data channel in tireData object to entire tire data channel array","href":"ug\/tiredata.mean.html"},{"name":"tireData.mean","type":"method","fcntype":"instancemethod","refpurpose":"Assign mean value of tire data channel in tireData object to entire tire data channel array","href":"ug\/tiredata.mean.html"},{"name":"median","type":"function","fcntype":"instancemethod","refpurpose":"Assign median value of tire data channel in tireData objects to entire tire data channel array","href":"ug\/tiredata.median.html"},{"name":"tireData.median","type":"method","fcntype":"instancemethod","refpurpose":"Assign median value of tire data channel in tireData objects to entire tire data channel array","href":"ug\/tiredata.median.html"},{"name":"plot","type":"function","fcntype":"instancemethod","refpurpose":"Plot tire data","href":"ug\/tiredata.plot.html"},{"name":"tireData.plot","type":"method","fcntype":"instancemethod","refpurpose":"Plot tire data","href":"ug\/tiredata.plot.html"},{"name":"split","type":"function","fcntype":"instancemethod","refpurpose":"Split single tireData object into array of tireData objects","href":"ug\/tiredata.split.html"},{"name":"tireData.split","type":"method","fcntype":"instancemethod","refpurpose":"Split single tireData object into array of tireData objects","href":"ug\/tiredata.split.html"},{"name":"struct","type":"function","fcntype":"instancemethod","refpurpose":"Convert tire data to structure","href":"ug\/tiredata.struct.html"},{"name":"tireData.struct","type":"method","fcntype":"instancemethod","refpurpose":"Convert tire data to structure","href":"ug\/tiredata.struct.html"},{"name":"summaryTable","type":"function","fcntype":"instancemethod","refpurpose":"Applies statistical measure to each data channel in tire data","href":"ug\/tiredata.summarytable.html"},{"name":"tireData.summaryTable","type":"method","fcntype":"instancemethod","refpurpose":"Applies statistical measure to each data channel in tire data","href":"ug\/tiredata.summarytable.html"},{"name":"table","type":"function","fcntype":"instancemethod","refpurpose":"Create table from tire data","href":"ug\/tiredata.table.html"},{"name":"tireData.table","type":"method","fcntype":"instancemethod","refpurpose":"Create table from tire data","href":"ug\/tiredata.table.html"},{"name":"tireData.generate","type":"function","fcntype":"staticmethod","refpurpose":"Create tireData objects with synthetic data","href":"ug\/tiredata.tiredata.generate.html"},{"name":"tireData.tireData.generate","type":"method","fcntype":"staticmethod","refpurpose":"Create tireData objects with synthetic data","href":"ug\/tiredata.tiredata.generate.html"},{"name":"tireModel.builtin","type":"method","fcntype":"staticmethod","refpurpose":"Create new tire model object from built-in tire model","href":"ug\/tiremodel.builtin.html"},{"name":"tireModel.compute","type":"method","fcntype":"instancemethod","refpurpose":"Perform model computation on tire data channels","href":"ug\/tiremodel.compute.html"},{"name":"tireModel.convert","type":"method","fcntype":"instancemethod","refpurpose":"Convert tire model to another tire model type","href":"ug\/tiremodel.convert.html"},{"name":"tireModel.diff","type":"method","fcntype":"instancemethod","refpurpose":"Create table of tire parameters that differ between two tire models","href":"ug\/tiremodel.diff.html"},{"name":"tireModel.disp","type":"method","fcntype":"instancemethod","refpurpose":"Display tireModel object properties","href":"ug\/tiremodel.disp.html"},{"name":"tireModel.export","type":"method","fcntype":"instancemethod","refpurpose":"Write tire model parameter values to external file","href":"ug\/tiremodel.export.html"},{"name":"tireModel.fit","type":"method","fcntype":"instancemethod","refpurpose":"Optimize model parameter values to achieve model best fit to the input data","href":"ug\/tiremodel.fit.html"},{"name":"tireModel.get","type":"method","fcntype":"staticmethod","refpurpose":"Import tire model parameter values from supported Simulink or Simscape tire blocks","href":"ug\/tiremodel.get.html"},{"name":"tireModel.import","type":"method","fcntype":"staticmethod","refpurpose":"Create new tire model object with parameters from external file or MATLAB structure","href":"ug\/tiremodel.import.html"},{"name":"tireModel.new","type":"method","fcntype":"staticmethod","refpurpose":"Create new tire model object","href":"ug\/tiremodel.new.html"},{"name":"tireModel.plot","type":"method","fcntype":"instancemethod","refpurpose":"Plot response of tire models","href":"ug\/tiremodel.plot.html"},{"name":"tireModel.set","type":"method","fcntype":"instancemethod","refpurpose":"Export tire model parameter values to supported Simulink or Simscape tire blocks","href":"ug\/tiremodel.set.html"},{"name":"tireModel.struct","type":"method","fcntype":"instancemethod","refpurpose":"Create structure from tire model","href":"ug\/tiremodel.struct.html"},{"name":"tireModel.table","type":"method","fcntype":"instancemethod","refpurpose":"Create table from tire model","href":"ug\/tiremodel.table.html"}],"supportPackages":[{"productName":"Extended Tire Features for Vehicle Dynamics Blockset","baseCode":"VDYNTIRE","helpFolder":"vdynblks","helpLocation":"vdynblks",  "refItems" : [{"name":"tireData","type":"properties","refpurpose":"Properties for tireData object","href":"ug\/tiredata-properties.html","addon":"VDYNTIRE"},{"name":"tireData.CoordinateSystem","type":"property","refpurpose":"Coordinate system","href":"ug\/tiredata-properties.html","addon":"VDYNTIRE"},{"name":"tireData.Filename","type":"property","refpurpose":"Data file name","href":"ug\/tiredata-properties.html","addon":"VDYNTIRE"},{"name":"tireData.Filepath","type":"property","refpurpose":"Data file path","href":"ug\/tiredata-properties.html","addon":"VDYNTIRE"},{"name":"tireData.et","type":"property","refpurpose":"Elapsed time","href":"ug\/tiredata-properties.html","addon":"VDYNTIRE"},{"name":"tireData.seget","type":"property","refpurpose":"Segment elapsed time","href":"ug\/tiredata-properties.html","addon":"VDYNTIRE"},{"name":"tireData.segment","type":"property","refpurpose":"Test segment number","href":"ug\/tiredata-properties.html","addon":"VDYNTIRE"},{"name":"tireData.measnumb","type":"property","refpurpose":"Measurement number","href":"ug\/tiredata-properties.html","addon":"VDYNTIRE"},{"name":"tireData.Fx","type":"property","refpurpose":"Longitudinal force","href":"ug\/tiredata-properties.html","addon":"VDYNTIRE"},{"name":"tireData.Fy","type":"property","refpurpose":"Lateral force","href":"ug\/tiredata-properties.html","addon":"VDYNTIRE"},{"name":"tireData.Fz","type":"property","refpurpose":"Normal force","href":"ug\/tiredata-properties.html","addon":"VDYNTIRE"},{"name":"tireData.Mx","type":"property","refpurpose":"Overturning moment","href":"ug\/tiredata-properties.html","addon":"VDYNTIRE"},{"name":"tireData.My","type":"property","refpurpose":"Rolling moment","href":"ug\/tiredata-properties.html","addon":"VDYNTIRE"},{"name":"tireData.Mz","type":"property","refpurpose":"Self-aligning moment","href":"ug\/tiredata-properties.html","addon":"VDYNTIRE"},{"name":"tireData.Tw","type":"property","refpurpose":"Wheel torque","href":"ug\/tiredata-properties.html","addon":"VDYNTIRE"},{"name":"tireData.IP","type":"property","refpurpose":"Inflation pressure","href":"ug\/tiredata-properties.html","addon":"VDYNTIRE"},{"name":"tireData.alpha","type":"property","refpurpose":"Slip angle","href":"ug\/tiredata-properties.html","addon":"VDYNTIRE"},{"name":"tireData.gamma","type":"property","refpurpose":"Inclination angle","href":"ug\/tiredata-properties.html","addon":"VDYNTIRE"},{"name":"tireData.kappa","type":"property","refpurpose":"Longitudinal slip","href":"ug\/tiredata-properties.html","addon":"VDYNTIRE"},{"name":"tireData.phi","type":"property","refpurpose":"Total tire spin","href":"ug\/tiredata-properties.html","addon":"VDYNTIRE"},{"name":"tireData.phit","type":"property","refpurpose":"Turn slip","href":"ug\/tiredata-properties.html","addon":"VDYNTIRE"},{"name":"tireData.Vx","type":"property","refpurpose":"Longitudinal velocity","href":"ug\/tiredata-properties.html","addon":"VDYNTIRE"},{"name":"tireData.Vy","type":"property","refpurpose":"Lateral velocity","href":"ug\/tiredata-properties.html","addon":"VDYNTIRE"},{"name":"tireData.V","type":"property","refpurpose":"Total velocity","href":"ug\/tiredata-properties.html","addon":"VDYNTIRE"},{"name":"tireData.omega","type":"property","refpurpose":"Wheel spin velocity","href":"ug\/tiredata-properties.html","addon":"VDYNTIRE"},{"name":"tireData.psidot","type":"property","refpurpose":"Turn slip velocity","href":"ug\/tiredata-properties.html","addon":"VDYNTIRE"},{"name":"tireData.RL","type":"property","refpurpose":"Loaded radius","href":"ug\/tiredata-properties.html","addon":"VDYNTIRE"},{"name":"tireData.Re","type":"property","refpurpose":"Effective radius","href":"ug\/tiredata-properties.html","addon":"VDYNTIRE"},{"name":"tireData.Rdyn","type":"property","refpurpose":"Dynamic rolling radius","href":"ug\/tiredata-properties.html","addon":"VDYNTIRE"},{"name":"tireData.rhoz","type":"property","refpurpose":"Radial deflection","href":"ug\/tiredata-properties.html","addon":"VDYNTIRE"},{"name":"tireData.dist","type":"property","refpurpose":"Travel distance","href":"ug\/tiredata-properties.html","addon":"VDYNTIRE"},{"name":"tireData.sig_x","type":"property","refpurpose":"Longitudinal relaxation length","href":"ug\/tiredata-properties.html","addon":"VDYNTIRE"},{"name":"tireData.sig_y","type":"property","refpurpose":"Lateral relaxation length","href":"ug\/tiredata-properties.html","addon":"VDYNTIRE"},{"name":"tireData.patch_a","type":"property","refpurpose":"Half the contact patch length","href":"ug\/tiredata-properties.html","addon":"VDYNTIRE"},{"name":"tireData.patch_b","type":"property","refpurpose":"Half the contact patch width","href":"ug\/tiredata-properties.html","addon":"VDYNTIRE"},{"name":"tireData.Ta","type":"property","refpurpose":"Ambient temperature","href":"ug\/tiredata-properties.html","addon":"VDYNTIRE"},{"name":"tireData.Tsurface","type":"property","refpurpose":"Test surface temperature","href":"ug\/tiredata-properties.html","addon":"VDYNTIRE"},{"name":"tireData.TtreadI","type":"property","refpurpose":"Tread surface temperature (inside shoulder)","href":"ug\/tiredata-properties.html","addon":"VDYNTIRE"},{"name":"tireData.TtreadC","type":"property","refpurpose":"Tread surface temperature (center rib)","href":"ug\/tiredata-properties.html","addon":"VDYNTIRE"},{"name":"tireData.TtreadO","type":"property","refpurpose":"Tread surface temperature (outside shoulder)","href":"ug\/tiredata-properties.html","addon":"VDYNTIRE"},{"name":"tireData.Tsidewall","type":"property","refpurpose":"Sidewall surface temperature","href":"ug\/tiredata-properties.html","addon":"VDYNTIRE"},{"name":"tireData.Tinnerliner","type":"property","refpurpose":"Innerliner surface temperature","href":"ug\/tiredata-properties.html","addon":"VDYNTIRE"},{"name":"tireData.Tcavity","type":"property","refpurpose":"Tire cavity air temperature","href":"ug\/tiredata-properties.html","addon":"VDYNTIRE"},{"name":"tireData.UserData","type":"property","refpurpose":"User data channel to store user-defined data","href":"ug\/tiredata-properties.html","addon":"VDYNTIRE"},{"name":"tireData.label","type":"property","refpurpose":"Non-numeric data","href":"ug\/tiredata-properties.html","addon":"VDYNTIRE"},{"name":"tireData.Manufacturer","type":"property","refpurpose":"Tire manufacturer","href":"ug\/tiredata-properties.html","addon":"VDYNTIRE"},{"name":"tireData.TireLine","type":"property","refpurpose":"Tire line","href":"ug\/tiredata-properties.html","addon":"VDYNTIRE"},{"name":"tireData.TireCategory","type":"property","refpurpose":"Tire category","href":"ug\/tiredata-properties.html","addon":"VDYNTIRE"},{"name":"tireData.ConstructionNumber","type":"property","refpurpose":"Tire construction number","href":"ug\/tiredata-properties.html","addon":"VDYNTIRE"},{"name":"tireData.SerialNumber","type":"property","refpurpose":"Tire serial number","href":"ug\/tiredata-properties.html","addon":"VDYNTIRE"},{"name":"tireData.TireSize","type":"property","refpurpose":"Tire size","href":"ug\/tiredata-properties.html","addon":"VDYNTIRE"},{"name":"tireData.SectionWidth","type":"property","refpurpose":"Section width","href":"ug\/tiredata-properties.html","addon":"VDYNTIRE"},{"name":"tireData.AspectRatio","type":"property","refpurpose":"Aspect ratio","href":"ug\/tiredata-properties.html","addon":"VDYNTIRE"},{"name":"tireData.RimDiameter","type":"property","refpurpose":"Rim diameter","href":"ug\/tiredata-properties.html","addon":"VDYNTIRE"},{"name":"tireData.OverallDiameter","type":"property","refpurpose":"Overall diameter","href":"ug\/tiredata-properties.html","addon":"VDYNTIRE"},{"name":"tireData.LoadIndex","type":"property","refpurpose":"Load index","href":"ug\/tiredata-properties.html","addon":"VDYNTIRE"},{"name":"tireData.SpeedSymbol","type":"property","refpurpose":"Speed symbol","href":"ug\/tiredata-properties.html","addon":"VDYNTIRE"},{"name":"tireData.StampedMaxLoad","type":"property","refpurpose":"Stamped max load","href":"ug\/tiredata-properties.html","addon":"VDYNTIRE"},{"name":"tireData.DOTcode","type":"property","refpurpose":"DOT tire identification number","href":"ug\/tiredata-properties.html","addon":"VDYNTIRE"},{"name":"tireData.Mass","type":"property","refpurpose":"Tire mass","href":"ug\/tiredata-properties.html","addon":"VDYNTIRE"},{"name":"tireData.Ix","type":"property","refpurpose":"Tire rotational inertia about x-axis","href":"ug\/tiredata-properties.html","addon":"VDYNTIRE"},{"name":"tireData.Iy","type":"property","refpurpose":"Tire rotational inertia about y-axis","href":"ug\/tiredata-properties.html","addon":"VDYNTIRE"},{"name":"tireData.Iz","type":"property","refpurpose":"Tire rotational inertia about z-axis","href":"ug\/tiredata-properties.html","addon":"VDYNTIRE"},{"name":"tireData.TestDate","type":"property","refpurpose":"Test data and time","href":"ug\/tiredata-properties.html","addon":"VDYNTIRE"},{"name":"tireData.TestFacility","type":"property","refpurpose":"Test facility","href":"ug\/tiredata-properties.html","addon":"VDYNTIRE"},{"name":"tireData.TestMachine","type":"property","refpurpose":"Test machine","href":"ug\/tiredata-properties.html","addon":"VDYNTIRE"},{"name":"tireData.TestRequest","type":"property","refpurpose":"Test request identifier","href":"ug\/tiredata-properties.html","addon":"VDYNTIRE"},{"name":"tireData.TestMethod","type":"property","refpurpose":"Test method","href":"ug\/tiredata-properties.html","addon":"VDYNTIRE"},{"name":"tireData.RimWidth","type":"property","refpurpose":"Test rim width","href":"ug\/tiredata-properties.html","addon":"VDYNTIRE"},{"name":"tireData.RimType","type":"property","refpurpose":"Test rim type","href":"ug\/tiredata-properties.html","addon":"VDYNTIRE"},{"name":"tireData.NominalFz","type":"property","refpurpose":"Nominal test load","href":"ug\/tiredata-properties.html","addon":"VDYNTIRE"},{"name":"tireData.NominalIP","type":"property","refpurpose":"Nominal inflation pressure","href":"ug\/tiredata-properties.html","addon":"VDYNTIRE"},{"name":"tireData.NominalAlpha","type":"property","refpurpose":"Nominal slip angle","href":"ug\/tiredata-properties.html","addon":"VDYNTIRE"},{"name":"tireData.NominalGamma","type":"property","refpurpose":"Nominal inclination angle","href":"ug\/tiredata-properties.html","addon":"VDYNTIRE"},{"name":"tireData.NominalKappa","type":"property","refpurpose":"Nominal longitudinal slip","href":"ug\/tiredata-properties.html","addon":"VDYNTIRE"},{"name":"tireData.PressureRegulation","type":"property","refpurpose":"Inflation pressure regulation method","href":"ug\/tiredata-properties.html","addon":"VDYNTIRE"},{"name":"tireData.Surface","type":"property","refpurpose":"Test surface description","href":"ug\/tiredata-properties.html","addon":"VDYNTIRE"},{"name":"tireData.SurfaceCondition","type":"property","refpurpose":"Test surface condition description","href":"ug\/tiredata-properties.html","addon":"VDYNTIRE"},{"name":"tireData.SurfaceCurvature","type":"property","refpurpose":"Test surface curvature","href":"ug\/tiredata-properties.html","addon":"VDYNTIRE"},{"name":"tireData.TireWheelAssembly","type":"property","refpurpose":"Tire and wheel assembly notes","href":"ug\/tiredata-properties.html","addon":"VDYNTIRE"},{"name":"tireData.RunNumber","type":"property","refpurpose":"Run number","href":"ug\/tiredata-properties.html","addon":"VDYNTIRE"},{"name":"tireData.SweepNumber","type":"property","refpurpose":"Sweep number","href":"ug\/tiredata-properties.html","addon":"VDYNTIRE"},{"name":"tireData.Comments","type":"property","refpurpose":"Comments about test","href":"ug\/tiredata-properties.html","addon":"VDYNTIRE"},{"name":"tireData","type":"function","fcntype":"constructor","refpurpose":"Import and store tire measurement data","href":"ug\/tiredata.html","addon":"VDYNTIRE"},{"name":"tireData","type":"object","refpurpose":"Import and store tire measurement data","href":"ug\/tiredata.html","addon":"VDYNTIRE"},{"name":"tireModel","type":"class","refpurpose":"Use tireModel superclass to interact with tire model type subclasses","href":"ug\/tiremodel-class.html","addon":"VDYNTIRE"},{"name":"tireModel.Name","type":"property","refpurpose":"Model name","href":"ug\/tiremodel-class.html","addon":"VDYNTIRE"},{"name":"tireModel.Description","type":"property","refpurpose":"Model description","href":"ug\/tiremodel-class.html","addon":"VDYNTIRE"},{"name":"tireModel.PRESMIN","type":"property","refpurpose":"Minimum valid tire inflation pressure","href":"ug\/tiremodel-class.html","addon":"VDYNTIRE"},{"name":"tireModel.PRESMAX","type":"property","refpurpose":"Maximum valid tire inflation pressure","href":"ug\/tiremodel-class.html","addon":"VDYNTIRE"},{"name":"tireModel.FZMIN","type":"property","refpurpose":"Minimum allowed wheel load","href":"ug\/tiremodel-class.html","addon":"VDYNTIRE"},{"name":"tireModel.FZMAX","type":"property","refpurpose":"Maximum allowed wheel load","href":"ug\/tiremodel-class.html","addon":"VDYNTIRE"},{"name":"tireModel.KPUMIN","type":"property","refpurpose":"Minimum valid wheel slip","href":"ug\/tiremodel-class.html","addon":"VDYNTIRE"},{"name":"tireModel.KPUMAX","type":"property","refpurpose":"Maximum valid wheel slip","href":"ug\/tiremodel-class.html","addon":"VDYNTIRE"},{"name":"tireModel.ALPMIN","type":"property","refpurpose":"Minimum valid slip angle","href":"ug\/tiremodel-class.html","addon":"VDYNTIRE"},{"name":"tireModel.ALPMAX","type":"property","refpurpose":"Maximum valid slip angle","href":"ug\/tiremodel-class.html","addon":"VDYNTIRE"},{"name":"tireModel.CAMMIN","type":"property","refpurpose":"Minimum valid camber angle","href":"ug\/tiremodel-class.html","addon":"VDYNTIRE"},{"name":"tireModel.CAMMAX","type":"property","refpurpose":"Maximum valid camber angle","href":"ug\/tiremodel-class.html","addon":"VDYNTIRE"},{"name":"tireModel.VXLOW","type":"property","refpurpose":"Minimum valid longitudinal velocity","href":"ug\/tiremodel-class.html","addon":"VDYNTIRE"},{"name":"tireModel.Manufacturer","type":"property","refpurpose":"Tire manufacturer","href":"ug\/tiremodel-class.html","addon":"VDYNTIRE"},{"name":"tireModel.TireLine","type":"property","refpurpose":"Tire line","href":"ug\/tiremodel-class.html","addon":"VDYNTIRE"},{"name":"tireModel.TireCategory","type":"property","refpurpose":"Tire category","href":"ug\/tiremodel-class.html","addon":"VDYNTIRE"},{"name":"tireModel.ConstructionNumber","type":"property","refpurpose":"Tire construction number","href":"ug\/tiremodel-class.html","addon":"VDYNTIRE"},{"name":"tireModel.SerialNumber","type":"property","refpurpose":"Tire serial number","href":"ug\/tiremodel-class.html","addon":"VDYNTIRE"},{"name":"tireModel.TireSize","type":"property","refpurpose":"Tire size","href":"ug\/tiremodel-class.html","addon":"VDYNTIRE"},{"name":"tireModel.SectionWidth","type":"property","refpurpose":"Section width","href":"ug\/tiremodel-class.html","addon":"VDYNTIRE"},{"name":"tireModel.AspectRatio","type":"property","refpurpose":"Aspect ratio","href":"ug\/tiremodel-class.html","addon":"VDYNTIRE"},{"name":"tireModel.RimDiameter","type":"property","refpurpose":"Rim diameter","href":"ug\/tiremodel-class.html","addon":"VDYNTIRE"},{"name":"tireModel.OverallDiameter","type":"property","refpurpose":"Overall diameter","href":"ug\/tiremodel-class.html","addon":"VDYNTIRE"},{"name":"tireModel.LoadIndex","type":"property","refpurpose":"Load index","href":"ug\/tiremodel-class.html","addon":"VDYNTIRE"},{"name":"tireModel.SpeedSymbol","type":"property","refpurpose":"Speed symbol","href":"ug\/tiremodel-class.html","addon":"VDYNTIRE"},{"name":"tireModel.StampedMaxLoad","type":"property","refpurpose":"Stamped max load","href":"ug\/tiremodel-class.html","addon":"VDYNTIRE"},{"name":"tireModel.DOTcode","type":"property","refpurpose":"DOT tire identification number","href":"ug\/tiremodel-class.html","addon":"VDYNTIRE"},{"name":"tireModel.Type","type":"property","refpurpose":"Model type","href":"ug\/tiremodel-class.html","addon":"VDYNTIRE"}]}]}