{"schema":"referenceapi_lookup_schema.json","schemaVersion":"1.0","docVersion":"doc25a.2968260.Bdoc25a.2967890.pass.r2025a","productName":"Computer Vision Toolbox","baseCode":"VP","helpFolder":"vision","helpLocation":"vision","addons":"CVT_AVIL RD_VIDEO CVST_OPENCV_INTERFACE INFLATED_3D_VIDEO SLOWFAST_VIDEO FACEDETECTION",  "refItems" : [{"name":"bagOfFeatures","type":"function","fcntype":"constructor","refpurpose":"Bag-of-visual-words 객체","href":"ref\/bagoffeatures.html"},{"name":"bagOfFeatures","type":"object","refpurpose":"Bag-of-visual-words 객체","href":"ref\/bagoffeatures.html"},{"name":"bagOfFeatures.CustomExtractor","type":"property","refpurpose":"사용자 지정 추출 함수","href":"ref\/bagoffeatures.html"},{"name":"bagOfFeatures.TreeProperties","type":"property","refpurpose":"단어집 트리 속성","href":"ref\/bagoffeatures.html"},{"name":"bagOfFeatures.StrongestFeatures","type":"property","refpurpose":"가장 강한 특징의 비율","href":"ref\/bagoffeatures.html"},{"name":"bagOfFeatures.Verbose","type":"property","refpurpose":"화면에 진행률 표시 활성화","href":"ref\/bagoffeatures.html"},{"name":"bagOfFeatures.PointSelection","type":"property","refpurpose":"점 위치를 선택하기 위한 선택 방법","href":"ref\/bagoffeatures.html"},{"name":"bagOfFeatures.GridStep","type":"property","refpurpose":"그리드 스텝 크기","href":"ref\/bagoffeatures.html"},{"name":"bagOfFeatures.BlockWidth","type":"property","refpurpose":"수직 방향 SURF 설명자를 추출할 패치 크기","href":"ref\/bagoffeatures.html"},{"name":"bagOfFeatures.Upright","type":"property","refpurpose":"SURF 특징 벡터의 방향","href":"ref\/bagoffeatures.html"},{"name":"BRISKPoints","type":"function","fcntype":"constructor","refpurpose":"BRISK 관심점을 저장하기 위한 객체","href":"ref\/briskpoints.html"},{"name":"BRISKPoints","type":"object","refpurpose":"BRISK 관심점을 저장하기 위한 객체","href":"ref\/briskpoints.html"},{"name":"BRISKPoints.Count","type":"property","refpurpose":"점 개수","href":"ref\/briskpoints.html"},{"name":"BRISKPoints.Location","type":"property","refpurpose":"점 위치","href":"ref\/briskpoints.html"},{"name":"Camera Calibrator","type":"app","refpurpose":"단일 카메라의 기하 파라미터 추정","href":"ref\/cameracalibrator-app.html"},{"name":"cameraCalibrator","type":"function","fcntype":"applauncher","refpurpose":"단일 카메라의 기하 파라미터 추정","href":"ref\/cameracalibrator-app.html"},{"name":"cameraPose","type":"function","fcntype":"simple","refpurpose":"카메라 자세 간 상대적 회전 및 평행 이동 계산","href":"ref\/camerapose.html"},{"name":"plot","type":"function","fcntype":"instancemethod","refpurpose":"점 플로팅","href":"ref\/cornerpoints.plot.html"},{"name":"cornerPoints.plot","type":"method","fcntype":"instancemethod","refpurpose":"점 플로팅","href":"ref\/cornerpoints.plot.html"},{"name":"deeplabv3plus","type":"function","fcntype":"simple","refpurpose":"의미론적 영상 분할을 위한 DeepLab v3+ 컨벌루션 신경망 생성","deprecated":"true","href":"ref\/deeplabv3plus.html"},{"name":"Deep Learning Object Detector","type":"block","refpurpose":"훈련된 딥러닝 객체 검출기를 사용하여 객체 검출","href":"ref\/deeplearningobjectdetector.html"},{"name":"detectBRISKFeatures","type":"function","fcntype":"simple","refpurpose":"BRISK 특징 검출","href":"ref\/detectbriskfeatures.html"},{"name":"detectFASTFeatures","type":"function","fcntype":"simple","refpurpose":"FAST 알고리즘을 사용하여 코너 검출","deprecated":"true","href":"ref\/detectfastfeatures.html"},{"name":"detectHarrisFeatures","type":"function","fcntype":"simple","refpurpose":"Harris–Stephens 알고리즘을 사용하여 코너 검출","href":"ref\/detectharrisfeatures.html"},{"name":"detectMinEigenFeatures","type":"function","fcntype":"simple","refpurpose":"최소 고유값 알고리즘을 사용하여 코너 검출","href":"ref\/detectmineigenfeatures.html"},{"name":"detectSIFTFeatures","type":"function","fcntype":"simple","refpurpose":"SIFT(Scale-Invariant Feature Transform) 특징 검출","href":"ref\/detectsiftfeatures.html"},{"name":"detectSURFFeatures","type":"function","fcntype":"simple","refpurpose":"SURF 특징 검출","href":"ref\/detectsurffeatures.html"},{"name":"fisheyeIntrinsics","type":"function","fcntype":"constructor","refpurpose":"어안 카메라의 내부 파라미터를 저장하기 위한 객체","href":"ref\/fisheyeintrinsics.html"},{"name":"fisheyeIntrinsics","type":"object","refpurpose":"어안 카메라의 내부 파라미터를 저장하기 위한 객체","href":"ref\/fisheyeintrinsics.html"},{"name":"fisheyeIntrinsics.MappingCoefficients","type":"property","refpurpose":"투영 함수의 다항식 계수","href":"ref\/fisheyeintrinsics.html"},{"name":"fisheyeIntrinsics.DistortionCenter","type":"property","refpurpose":"왜곡의 중심(단위: 픽셀)","href":"ref\/fisheyeintrinsics.html"},{"name":"fisheyeIntrinsics.Stretchmatrix","type":"property","refpurpose":"센서 평면에서 카메라 영상 평면의 픽셀로의 변환","href":"ref\/fisheyeintrinsics.html"},{"name":"fisheyeIntrinsics.ImageSize","type":"property","refpurpose":"영상 크기","href":"ref\/fisheyeintrinsics.html"},{"name":"FromOpenCV","type":"block","refpurpose":"OpenCV 데이터형을 Simulink 데이터형으로 변환","href":"ref\/fromopencv.html"},{"name":"Image Labeler","type":"app","refpurpose":"컴퓨터 비전 응용 분야에서 영상에 레이블 지정","href":"ref\/imagelabeler-app.html"},{"name":"imageLabeler","type":"function","fcntype":"applauncher","refpurpose":"컴퓨터 비전 응용 분야에서 영상에 레이블 지정","href":"ref\/imagelabeler-app.html"},{"name":"insertMarker","type":"function","fcntype":"simple","refpurpose":"영상 또는 비디오에 마커 삽입","href":"ref\/insertmarker.html"},{"name":"insertShape","type":"function","fcntype":"simple","refpurpose":"영상 또는 비디오에 형태 삽입","href":"ref\/insertshape.html"},{"name":"insertText","type":"function","fcntype":"simple","refpurpose":"영상 또는 비디오에 텍스트 삽입","href":"ref\/inserttext.html"},{"name":"transpose","type":"function","fcntype":"instancemethod","refpurpose":"적분 커널 전치","href":"ref\/integralkernel.transpose.html"},{"name":"integralKernel.transpose","type":"method","fcntype":"instancemethod","refpurpose":"적분 커널 전치","href":"ref\/integralkernel.transpose.html"},{"name":"plot","type":"function","fcntype":"instancemethod","refpurpose":"점 플로팅","href":"ref\/kazepoints.plot.html"},{"name":"KAZEPoints.plot","type":"method","fcntype":"instancemethod","refpurpose":"점 플로팅","href":"ref\/kazepoints.plot.html"},{"name":"BRISKPoints.plot","type":"method","fcntype":"instancemethod","refpurpose":"점 플로팅","href":"ref\/kazepoints.plot.html"},{"name":"SURFPoints.plot","type":"method","fcntype":"instancemethod","refpurpose":"점 플로팅","href":"ref\/kazepoints.plot.html"},{"name":"ORBPoints.plot","type":"method","fcntype":"instancemethod","refpurpose":"점 플로팅","href":"ref\/kazepoints.plot.html"},{"name":"SIFTPoints.plot","type":"method","fcntype":"instancemethod","refpurpose":"점 플로팅","href":"ref\/kazepoints.plot.html"},{"name":"matchFeatures","type":"function","fcntype":"simple","refpurpose":"매칭되는 특징 찾기","href":"ref\/matchfeatures.html"},{"name":"pcdenoise","type":"function","fcntype":"simple","refpurpose":"3차원 포인트 클라우드에서 잡음 제거","href":"ref\/pcdenoise.html"},{"name":"pcfitplane","type":"function","fcntype":"simple","refpurpose":"3차원 포인트 클라우드에 평면 피팅","href":"ref\/pcfitplane.html"},{"name":"pcfitsphere","type":"function","fcntype":"simple","refpurpose":"3차원 포인트 클라우드에 구 피팅","href":"ref\/pcfitsphere.html"},{"name":"pcnormals","type":"function","fcntype":"simple","refpurpose":"포인트 클라우드의 법선 추정","href":"ref\/pcnormals.html"},{"name":"pcread","type":"function","fcntype":"simple","refpurpose":"PLY 또는 PCD 파일에서 3차원 포인트 클라우드 읽어 들이기","href":"ref\/pcread.html"},{"name":"pctransform","type":"function","fcntype":"simple","refpurpose":"3차원 포인트 클라우드 변환","href":"ref\/pctransform.html"},{"name":"pcwrite","type":"function","fcntype":"simple","refpurpose":"PLY 또는 PCD 파일에 3차원 포인트 클라우드 쓰기","href":"ref\/pcwrite.html"},{"name":"planeModel","type":"function","fcntype":"constructor","refpurpose":"파라미터 평면 모델을 저장하기 위한 객체","href":"ref\/planemodel.html"},{"name":"planeModel","type":"object","refpurpose":"파라미터 평면 모델을 저장하기 위한 객체","href":"ref\/planemodel.html"},{"name":"planeModel.Parameters","type":"property","refpurpose":"평면 모델 파라미터","href":"ref\/planemodel.html"},{"name":"planeModel.Normal","type":"property","refpurpose":"평면의 법선 벡터","href":"ref\/planemodel.html"},{"name":"pointCloud","type":"function","fcntype":"constructor","refpurpose":"3차원 포인트 클라우드를 저장하기 위한 객체","href":"ref\/pointcloud.html"},{"name":"pointCloud","type":"object","refpurpose":"3차원 포인트 클라우드를 저장하기 위한 객체","href":"ref\/pointcloud.html"},{"name":"pointCloud.Location","type":"property","refpurpose":"3차원 좌표 공간에서 점들의 위치","href":"ref\/pointcloud.html"},{"name":"pointCloud.Count","type":"property","refpurpose":"점 개수","href":"ref\/pointcloud.html"},{"name":"pointCloud.XLimits","type":"property","refpurpose":"x 좌표의 범위","href":"ref\/pointcloud.html"},{"name":"pointCloud.YLimits","type":"property","refpurpose":"y 좌표의 범위","href":"ref\/pointcloud.html"},{"name":"pointCloud.ZLimits","type":"property","refpurpose":"z 좌표의 범위","href":"ref\/pointcloud.html"},{"name":"PSNR","type":"block","refpurpose":"영상 간 피크 신호 대 잡음비(PSNR) 계산","href":"ref\/psnr.html"},{"name":"rotationMatrixToVector","type":"function","fcntype":"simple","refpurpose":"(권장되지 않음) 3차원 회전 행렬을 회전 벡터로 변환","deprecated":"true","href":"ref\/rotationmatrixtovector.html"},{"name":"rotationVectorToMatrix","type":"function","fcntype":"simple","refpurpose":"(권장되지 않음) 3차원 회전 벡터를 회전 행렬로 변환","deprecated":"true","href":"ref\/rotationvectortomatrix.html"},{"name":"rotmat2vec3d","type":"function","fcntype":"simple","refpurpose":"3차원 회전 행렬을 회전 벡터로 변환","href":"ref\/rotmat2vec3d.html"},{"name":"rotvec2mat3d","type":"function","fcntype":"simple","refpurpose":"3차원 회전 벡터를 회전 행렬로 변환","href":"ref\/rotvec2mat3d.html"},{"name":"showPointCloud","type":"function","fcntype":"simple","refpurpose":"3차원 포인트 클라우드 플로팅","href":"ref\/showpointcloud.html"},{"name":"Stereo Camera Calibrator","type":"app","refpurpose":"스테레오 카메라의 기하 파라미터 추정","href":"ref\/stereocameracalibrator-app.html"},{"name":"stereoCameraCalibrator","type":"function","fcntype":"applauncher","refpurpose":"스테레오 카메라의 기하 파라미터 추정","href":"ref\/stereocameracalibrator-app.html"},{"name":"undistortFisheyeImage","type":"function","fcntype":"simple","refpurpose":"렌즈 왜곡에 대해 어안 영상 보정","href":"ref\/undistortfisheyeimage.html"},{"name":"undistortImage","type":"function","fcntype":"simple","refpurpose":"영상에서 렌즈 왜곡 보정","href":"ref\/undistortimage.html"},{"name":"visionSupportPackages","type":"function","fcntype":"simple","refpurpose":"인스톨러를 시작하여 Computer Vision Toolbox 데이터 다운로드, 설치 또는 제거","href":"ref\/visionsupportpackages.html"},{"name":"visionTransformer","type":"function","fcntype":"simple","refpurpose":"사전 훈련된 ViT(Vision Transformer) 신경망","href":"ref\/visiontransformer.html"}]}