{"schema":"referenceapi_lookup_schema.json","schemaVersion":"1.0","docVersion":"doc25a.2968260.Bdoc25a.2967890.pass.r2025a","productName":"Vision HDL Toolbox","baseCode":"VT","helpFolder":"visionhdl","helpLocation":"visionhdl",  "refItems" : [{"name":"Bilateral Filter","type":"block","refpurpose":"2-D bilateral filtering","href":"ref\/bilateralfilter.html"},{"name":"Birds-Eye View","type":"block","refpurpose":"Transform front-facing camera image into top-down view","href":"ref\/birdseyeview.html"},{"name":"Chroma Resampler","type":"block","refpurpose":"Downsample or upsample chrominance component","href":"ref\/chromaresampler.html"},{"name":"Closing","type":"block","refpurpose":"Morphological closing of binary pixel data","href":"ref\/closing.html"},{"name":"Color Space Converter","type":"block","refpurpose":"Convert color information between color spaces","href":"ref\/colorspaceconverter.html"},{"name":"Corner Detector","type":"block","refpurpose":"Find corners using FAST or Harris algorithm","href":"ref\/cornerdetector.html"},{"name":"Demosaic Interpolator","type":"block","refpurpose":"Construct RGB pixel data from Bayer pattern pixel stream","href":"ref\/demosaicinterpolator.html"},{"name":"Dilation","type":"block","refpurpose":"Morphological dilation of binary pixel data","href":"ref\/dilation.html"},{"name":"Edge Detector","type":"block","refpurpose":"Find edges of objects in grayscale pixel stream","href":"ref\/edgedetector.html"},{"name":"Erosion","type":"block","refpurpose":"Morphological erosion of binary pixel data","href":"ref\/erosion.html"},{"name":"FIL Frame To Pixels","type":"block","refpurpose":"Convert frame-based video to pixel stream for FPGA-in-the-loop","href":"ref\/filframetopixels.html"},{"name":"FIL Pixels To Frame","type":"block","refpurpose":"Convert pixel stream from FPGA-in-the-loop to frame-based video","href":"ref\/filpixelstoframe.html"},{"name":"Frame To Pixels","type":"block","refpurpose":"Convert frame-based video to pixel stream","href":"ref\/frametopixels.html"},{"name":"Gamma Corrector","type":"block","refpurpose":"Apply or remove gamma correction of pixel stream","href":"ref\/gammacorrector.html"},{"name":"getparamfromfrm2pix","type":"function","fcntype":"simple","refpurpose":"Get frame format parameters","href":"ref\/getparamfromfrm2pix.html"},{"name":"Grayscale Closing","type":"block","refpurpose":"Morphological closing of grayscale pixel data","href":"ref\/grayscaleclosing.html"},{"name":"Grayscale Dilation","type":"block","refpurpose":"Morphological dilation of grayscale pixel data","href":"ref\/grayscaledilation.html"},{"name":"Grayscale Erosion","type":"block","refpurpose":"Morphological erosion of grayscale pixel data","href":"ref\/grayscaleerosion.html"},{"name":"Grayscale Opening","type":"block","refpurpose":"Morphological opening of grayscale pixel data","href":"ref\/grayscaleopening.html"},{"name":"Histogram","type":"block","refpurpose":"Frequency distribution of pixel values in video stream","href":"ref\/histogram.html"},{"name":"HV Counter","type":"block","refpurpose":"Count active dimensions of pixel stream","href":"ref\/hvcounter.html"},{"name":"Image Filter","type":"block","refpurpose":"2-D FIR filtering","href":"ref\/imagefilter.html"},{"name":"Image Resizer","type":"block","refpurpose":"Change dimensions of image in pixel stream","href":"ref\/imageresizer.html"},{"name":"Image Statistics","type":"block","refpurpose":"Calculate mean, variance, and standard deviation","href":"ref\/imagestatistics.html"},{"name":"Line Buffer","type":"block","refpurpose":"Store video lines and return neighborhood pixels","href":"ref\/linebuffer.html"},{"name":"Lookup Table","type":"block","refpurpose":"Map input pixel to output pixel using custom rule","href":"ref\/lookuptable.html"},{"name":"Measure Timing","type":"block","refpurpose":"Measure timing of pixel control bus input","href":"ref\/measuretiming.html"},{"name":"Median Filter","type":"block","refpurpose":"2-D median filtering","href":"ref\/medianfilter.html"},{"name":"Opening","type":"block","refpurpose":"Morphological opening of binary pixel data","href":"ref\/opening.html"},{"name":"pixelcontrolbus","type":"function","fcntype":"simple","refpurpose":"Create pixel-streaming control bus instance","href":"ref\/pixelcontrolbus.html"},{"name":"Pixel Control Bus Creator","type":"block","refpurpose":"Create control signal bus for use with Vision HDL Toolbox blocks","href":"ref\/pixelcontrolbuscreator.html"},{"name":"Pixel Control Bus Selector","type":"block","refpurpose":"Select signals from control signal bus used by Vision HDL Toolbox blocks","href":"ref\/pixelcontrolbusselector.html"},{"name":"pixelcontrolsignals","type":"function","fcntype":"simple","refpurpose":"Extract signals from pixel-streaming control signal structure","href":"ref\/pixelcontrolsignals.html"},{"name":"pixelcontrolstruct","type":"function","fcntype":"simple","refpurpose":"Create pixel-streaming control signal structure","href":"ref\/pixelcontrolstruct.html"},{"name":"Pixels To Frame","type":"block","refpurpose":"Convert pixel stream to frame-based video","href":"ref\/pixelstoframe.html"},{"name":"Pixel Stream Aligner","type":"block","refpurpose":"Align two streams of pixel data","href":"ref\/pixelstreamaligner.html"},{"name":"Pixel Stream FIFO","type":"block","refpurpose":"Buffer input stream to create image lines that have contiguous valid pixels","href":"ref\/pixelstreamfifo.html"},{"name":"ROI Selector","type":"block","refpurpose":"Select a region of interest (ROI) from pixel stream","href":"ref\/roiselector.html"},{"name":"Simulation Data Inspector","type":"tool","refpurpose":"Inspect and compare data and simulation results to validate and iterate model designs","href":"ref\/simulationdatainspector.html"},{"name":"Simulink.sdi.compareRuns","type":"function","fcntype":"simple","refpurpose":"Compare data in two simulation runs","href":"ref\/simulink.sdi.compareruns.html"},{"name":"visionhdl.BilateralFilter","type":"function","fcntype":"constructor","refpurpose":"Perform 2-D filtering of a pixel stream","href":"ref\/visionhdl.bilateralfilter-system-object.html"},{"name":"visionhdl.BilateralFilter","type":"sysobj","refpurpose":"Perform 2-D filtering of a pixel stream","href":"ref\/visionhdl.bilateralfilter-system-object.html"},{"name":"visionhdl.BilateralFilter.NeighborhoodSize","type":"property","refpurpose":"Size of image region to average","href":"ref\/visionhdl.bilateralfilter-system-object.html"},{"name":"visionhdl.BilateralFilter.SpatialStdDev","type":"property","refpurpose":"Spatial standard deviation target","href":"ref\/visionhdl.bilateralfilter-system-object.html"},{"name":"visionhdl.BilateralFilter.IntensityStdDev","type":"property","refpurpose":"Intensity standard deviation target","href":"ref\/visionhdl.bilateralfilter-system-object.html"},{"name":"visionhdl.BilateralFilter.PaddingMethod","type":"property","refpurpose":"Method for padding boundary of input image","href":"ref\/visionhdl.bilateralfilter-system-object.html"},{"name":"visionhdl.BilateralFilter.PaddingValue","type":"property","refpurpose":"Value used to pad boundary of input image","href":"ref\/visionhdl.bilateralfilter-system-object.html"},{"name":"visionhdl.BilateralFilter.LineBufferSize","type":"property","refpurpose":"Size of line memory buffer","href":"ref\/visionhdl.bilateralfilter-system-object.html"},{"name":"visionhdl.BilateralFilter.RoundingMethod","type":"property","refpurpose":"Rounding mode for fixed-point operations","href":"ref\/visionhdl.bilateralfilter-system-object.html"},{"name":"visionhdl.BilateralFilter.OverflowAction","type":"property","refpurpose":"Overflow mode used for fixed-point operations","href":"ref\/visionhdl.bilateralfilter-system-object.html"},{"name":"visionhdl.BilateralFilter.CoefficientsDataType","type":"property","refpurpose":"Method to determine data type of filter coefficients","href":"ref\/visionhdl.bilateralfilter-system-object.html"},{"name":"visionhdl.BilateralFilter.CustomCoefficientsDataType","type":"property","refpurpose":"Data type for the filter coefficients","href":"ref\/visionhdl.bilateralfilter-system-object.html"},{"name":"visionhdl.BilateralFilter.OutputDataType","type":"property","refpurpose":"Method to determine data type of output pixels","href":"ref\/visionhdl.bilateralfilter-system-object.html"},{"name":"visionhdl.BilateralFilter.CustomOutputDataType","type":"property","refpurpose":"Data type for the output pixels","href":"ref\/visionhdl.bilateralfilter-system-object.html"},{"name":"visionhdl.BirdsEyeView","type":"function","fcntype":"constructor","refpurpose":"Transform front-facing camera image into top-down view","href":"ref\/visionhdl.birdseyeview-system-object.html"},{"name":"visionhdl.BirdsEyeView","type":"sysobj","refpurpose":"Transform front-facing camera image into top-down view","href":"ref\/visionhdl.birdseyeview-system-object.html"},{"name":"visionhdl.BirdsEyeView.HomographyMatrix","type":"property","refpurpose":"Transfer function derived from camera parameters","href":"ref\/visionhdl.birdseyeview-system-object.html"},{"name":"visionhdl.BirdsEyeView.MaxBufferSize","type":"property","refpurpose":"Number of input pixels to buffer","href":"ref\/visionhdl.birdseyeview-system-object.html"},{"name":"visionhdl.BirdsEyeView.MaxSourceLinesBuffered","type":"property","refpurpose":"Number of lines to transform","href":"ref\/visionhdl.birdseyeview-system-object.html"},{"name":"visionhdl.BirdsEyeView.BirdEyeActivePixels","type":"property","refpurpose":"Horizontal size of output frame","href":"ref\/visionhdl.birdseyeview-system-object.html"},{"name":"visionhdl.BirdsEyeView.BirdEyeActiveLines","type":"property","refpurpose":"Vertical size of output frame","href":"ref\/visionhdl.birdseyeview-system-object.html"},{"name":"visionhdl.ChromaResampler","type":"function","fcntype":"constructor","refpurpose":"Downsample or upsample chrominance component","href":"ref\/visionhdl.chromaresampler-system-object.html"},{"name":"visionhdl.ChromaResampler","type":"sysobj","refpurpose":"Downsample or upsample chrominance component","href":"ref\/visionhdl.chromaresampler-system-object.html"},{"name":"visionhdl.ChromaResampler.Resampling","type":"property","refpurpose":"Type of resampling","href":"ref\/visionhdl.chromaresampler-system-object.html"},{"name":"visionhdl.ChromaResampler.AntialiasingFilterSource","type":"property","refpurpose":"Lowpass filter to follow downsample operation","href":"ref\/visionhdl.chromaresampler-system-object.html"},{"name":"visionhdl.ChromaResampler.HorizontalFilterCoefficients","type":"property","refpurpose":"Coefficients for the antialiasing filter","href":"ref\/visionhdl.chromaresampler-system-object.html"},{"name":"visionhdl.ChromaResampler.InterpolationFilter","type":"property","refpurpose":"Interpolation method for an upsample operation","href":"ref\/visionhdl.chromaresampler-system-object.html"},{"name":"visionhdl.ChromaResampler.RoundingMethod","type":"property","refpurpose":"Rounding mode for fixed-point operations","href":"ref\/visionhdl.chromaresampler-system-object.html"},{"name":"visionhdl.ChromaResampler.OverflowAction","type":"property","refpurpose":"Overflow mode used for fixed-point operations","href":"ref\/visionhdl.chromaresampler-system-object.html"},{"name":"visionhdl.ChromaResampler.CustomCoefficientsDataType","type":"property","refpurpose":"Data type for antialiasing filter coefficients","href":"ref\/visionhdl.chromaresampler-system-object.html"},{"name":"visionhdl.Closing","type":"function","fcntype":"constructor","refpurpose":"Morphologically closes binary pixel stream","href":"ref\/visionhdl.closing-system-object.html"},{"name":"visionhdl.Closing","type":"sysobj","refpurpose":"Morphologically closes binary pixel stream","href":"ref\/visionhdl.closing-system-object.html"},{"name":"visionhdl.Closing.Neighborhood","type":"property","refpurpose":"Pixel neighborhood","href":"ref\/visionhdl.closing-system-object.html"},{"name":"visionhdl.Closing.LineBufferSize","type":"property","refpurpose":"Size of line memory buffer","href":"ref\/visionhdl.closing-system-object.html"},{"name":"visionhdl.Closing.PaddingMethod","type":"property","refpurpose":"Method for padding boundary of input image","href":"ref\/visionhdl.closing-system-object.html"},{"name":"visionhdl.ColorSpaceConverter","type":"function","fcntype":"constructor","refpurpose":"Convert color information between color spaces","href":"ref\/visionhdl.colorspaceconverter-system-object.html"},{"name":"visionhdl.ColorSpaceConverter","type":"sysobj","refpurpose":"Convert color information between color spaces","href":"ref\/visionhdl.colorspaceconverter-system-object.html"},{"name":"visionhdl.ColorSpaceConverter.Conversion","type":"property","refpurpose":"Type of color space conversion","href":"ref\/visionhdl.colorspaceconverter-system-object.html"},{"name":"visionhdl.ColorSpaceConverter.ConversionStandard","type":"property","refpurpose":"Conversion equation","href":"ref\/visionhdl.colorspaceconverter-system-object.html"},{"name":"visionhdl.ColorSpaceConverter.ScanningStandard","type":"property","refpurpose":"HDTV scanning standard","href":"ref\/visionhdl.colorspaceconverter-system-object.html"},{"name":"visionhdl.CornerDetector","type":"function","fcntype":"constructor","refpurpose":"Finds corners using FAST or Harris algorithm","href":"ref\/visionhdl.cornerdetector-system-object.html"},{"name":"visionhdl.CornerDetector","type":"sysobj","refpurpose":"Finds corners using FAST or Harris algorithm","href":"ref\/visionhdl.cornerdetector-system-object.html"},{"name":"visionhdl.CornerDetector.Method","type":"property","refpurpose":"Detection method","href":"ref\/visionhdl.cornerdetector-system-object.html"},{"name":"visionhdl.CornerDetector.MinContrastSource","type":"property","refpurpose":"Source for threshold that indicates corner for FAST algorithm","href":"ref\/visionhdl.cornerdetector-system-object.html"},{"name":"visionhdl.CornerDetector.MinContrast","type":"property","refpurpose":"Threshold that indicates corner for FAST algorithm","href":"ref\/visionhdl.cornerdetector-system-object.html"},{"name":"visionhdl.CornerDetector.ThresholdSource","type":"property","refpurpose":"Source for threshold that indicates corner for Harris algorithm","href":"ref\/visionhdl.cornerdetector-system-object.html"},{"name":"visionhdl.CornerDetector.Threshold","type":"property","refpurpose":"Threshold that indicates corner for Harris algorithm","href":"ref\/visionhdl.cornerdetector-system-object.html"},{"name":"visionhdl.CornerDetector.LineBufferSize","type":"property","refpurpose":"Size of line buffer","href":"ref\/visionhdl.cornerdetector-system-object.html"},{"name":"visionhdl.CornerDetector.PaddingMethod","type":"property","refpurpose":"Method for padding","href":"ref\/visionhdl.cornerdetector-system-object.html"},{"name":"visionhdl.CornerDetector.RoundingMethod","type":"property","refpurpose":"Rounding mode for fixed-point operations","href":"ref\/visionhdl.cornerdetector-system-object.html"},{"name":"visionhdl.CornerDetector.OverflowAction","type":"property","refpurpose":"Overflow mode used for fixed-point operations","href":"ref\/visionhdl.cornerdetector-system-object.html"},{"name":"visionhdl.CornerDetector.OutputDataType","type":"property","refpurpose":"Method to determine data type of output corner metric","href":"ref\/visionhdl.cornerdetector-system-object.html"},{"name":"visionhdl.CornerDetector.CustomOutputDataType","type":"property","refpurpose":"Data type for the output corner metric","href":"ref\/visionhdl.cornerdetector-system-object.html"},{"name":"visionhdl.DemosaicInterpolator","type":"function","fcntype":"constructor","refpurpose":"Construct full RGB pixel data from Bayer pattern pixel stream","href":"ref\/visionhdl.demosaicinterpolator-system-object.html"},{"name":"visionhdl.DemosaicInterpolator","type":"sysobj","refpurpose":"Construct full RGB pixel data from Bayer pattern pixel stream","href":"ref\/visionhdl.demosaicinterpolator-system-object.html"},{"name":"visionhdl.DemosaicInterpolator.Algorithm","type":"property","refpurpose":"Algorithm to calculate the missing pixel values","href":"ref\/visionhdl.demosaicinterpolator-system-object.html"},{"name":"visionhdl.DemosaicInterpolator.SensorAlignment","type":"property","refpurpose":"Color sequence of the input pixels","href":"ref\/visionhdl.demosaicinterpolator-system-object.html"},{"name":"visionhdl.DemosaicInterpolator.LineBufferSize","type":"property","refpurpose":"Size of line memory buffer","href":"ref\/visionhdl.demosaicinterpolator-system-object.html"},{"name":"visionhdl.Dilation","type":"function","fcntype":"constructor","refpurpose":"Morphologically dilate binary pixel stream","href":"ref\/visionhdl.dilation-system-object.html"},{"name":"visionhdl.Dilation","type":"sysobj","refpurpose":"Morphologically dilate binary pixel stream","href":"ref\/visionhdl.dilation-system-object.html"},{"name":"visionhdl.Dilation.Neighborhood","type":"property","refpurpose":"Pixel neighborhood","href":"ref\/visionhdl.dilation-system-object.html"},{"name":"visionhdl.Dilation.LineBufferSize","type":"property","refpurpose":"Size of line memory buffer","href":"ref\/visionhdl.dilation-system-object.html"},{"name":"visionhdl.Dilation.PaddingMethod","type":"property","refpurpose":"Method for padding boundary of input image","href":"ref\/visionhdl.dilation-system-object.html"},{"name":"visionhdl.EdgeDetector","type":"function","fcntype":"constructor","refpurpose":"Find edges of objects","href":"ref\/visionhdl.edgedetector-system-object.html"},{"name":"visionhdl.EdgeDetector","type":"sysobj","refpurpose":"Find edges of objects","href":"ref\/visionhdl.edgedetector-system-object.html"},{"name":"visionhdl.EdgeDetector.Method","type":"property","refpurpose":"Edge detection algorithm","href":"ref\/visionhdl.edgedetector-system-object.html"},{"name":"visionhdl.EdgeDetector.BinaryImageOutputPort","type":"property","refpurpose":"Enable edge output argument","href":"ref\/visionhdl.edgedetector-system-object.html"},{"name":"visionhdl.EdgeDetector.GradientComponentOutputPorts","type":"property","refpurpose":"Enable gradient output arguments","href":"ref\/visionhdl.edgedetector-system-object.html"},{"name":"visionhdl.EdgeDetector.ThresholdSource","type":"property","refpurpose":"Source for gradient threshold that indicates an edge","href":"ref\/visionhdl.edgedetector-system-object.html"},{"name":"visionhdl.EdgeDetector.Threshold","type":"property","refpurpose":"Gradient threshold value that indicates an edge","href":"ref\/visionhdl.edgedetector-system-object.html"},{"name":"visionhdl.EdgeDetector.LineBufferSize","type":"property","refpurpose":"Size of line memory buffer","href":"ref\/visionhdl.edgedetector-system-object.html"},{"name":"visionhdl.EdgeDetector.PaddingMethod","type":"property","refpurpose":"Method for padding","href":"ref\/visionhdl.edgedetector-system-object.html"},{"name":"visionhdl.EdgeDetector.RoundingMethod","type":"property","refpurpose":"Rounding mode for fixed-point operations","href":"ref\/visionhdl.edgedetector-system-object.html"},{"name":"visionhdl.EdgeDetector.OverflowAction","type":"property","refpurpose":"Overflow mode for fixed-point operations","href":"ref\/visionhdl.edgedetector-system-object.html"},{"name":"visionhdl.EdgeDetector.GradientDataType","type":"property","refpurpose":"Method to determine data type for gradient output arguments","href":"ref\/visionhdl.edgedetector-system-object.html"},{"name":"visionhdl.EdgeDetector.CustomGradientDataType","type":"property","refpurpose":"Data type for gradient outputs","href":"ref\/visionhdl.edgedetector-system-object.html"},{"name":"visionhdl.Erosion","type":"function","fcntype":"constructor","refpurpose":"Morphologically erode binary pixel stream","href":"ref\/visionhdl.erosion-system-object.html"},{"name":"visionhdl.Erosion","type":"sysobj","refpurpose":"Morphologically erode binary pixel stream","href":"ref\/visionhdl.erosion-system-object.html"},{"name":"visionhdl.Erosion.Neighborhood","type":"property","refpurpose":"Pixel neighborhood","href":"ref\/visionhdl.erosion-system-object.html"},{"name":"visionhdl.Erosion.LineBufferSize","type":"property","refpurpose":"Size of line memory buffer","href":"ref\/visionhdl.erosion-system-object.html"},{"name":"visionhdl.Erosion.PaddingMethod","type":"property","refpurpose":"Method for padding boundary of input image","href":"ref\/visionhdl.erosion-system-object.html"},{"name":"visionhdl.FrameToPixels","type":"function","fcntype":"constructor","refpurpose":"Convert frame-based video to pixel stream","href":"ref\/visionhdl.frametopixels-system-object.html"},{"name":"visionhdl.FrameToPixels","type":"sysobj","refpurpose":"Convert frame-based video to pixel stream","href":"ref\/visionhdl.frametopixels-system-object.html"},{"name":"visionhdl.FrameToPixels.NumComponents","type":"property","refpurpose":"Number of values used to represent each pixel","href":"ref\/visionhdl.frametopixels-system-object.html"},{"name":"visionhdl.FrameToPixels.NumPixels","type":"property","refpurpose":"Number of pixels streamed per time step","href":"ref\/visionhdl.frametopixels-system-object.html"},{"name":"visionhdl.FrameToPixels.VideoFormat","type":"property","refpurpose":"Dimensions of active and inactive regions in video frame","href":"ref\/visionhdl.frametopixels-system-object.html"},{"name":"visionhdl.GammaCorrector","type":"function","fcntype":"constructor","refpurpose":"Apply or remove gamma correction","href":"ref\/visionhdl.gammacorrector-system-object.html"},{"name":"visionhdl.GammaCorrector","type":"sysobj","refpurpose":"Apply or remove gamma correction","href":"ref\/visionhdl.gammacorrector-system-object.html"},{"name":"visionhdl.GammaCorrector.Correction","type":"property","refpurpose":"Direction of intensity curve adjustment","href":"ref\/visionhdl.gammacorrector-system-object.html"},{"name":"visionhdl.GammaCorrector.Gamma","type":"property","refpurpose":"Target or current gamma value","href":"ref\/visionhdl.gammacorrector-system-object.html"},{"name":"visionhdl.GammaCorrector.LinearSegment","type":"property","refpurpose":"Option to include a linear segment in the gamma curve","href":"ref\/visionhdl.gammacorrector-system-object.html"},{"name":"visionhdl.GammaCorrector.BreakPoint","type":"property","refpurpose":"Point where the gamma curve and linear segment meet","href":"ref\/visionhdl.gammacorrector-system-object.html"},{"name":"visionhdl.GrayscaleClosing","type":"function","fcntype":"constructor","refpurpose":"Morphologically close grayscale pixel stream","href":"ref\/visionhdl.grayscaleclosing-system-object.html"},{"name":"visionhdl.GrayscaleClosing","type":"sysobj","refpurpose":"Morphologically close grayscale pixel stream","href":"ref\/visionhdl.grayscaleclosing-system-object.html"},{"name":"visionhdl.GrayscaleClosing.Neighborhood","type":"property","refpurpose":"Pixel neighborhood","href":"ref\/visionhdl.grayscaleclosing-system-object.html"},{"name":"visionhdl.GrayscaleClosing.LineBufferSize","type":"property","refpurpose":"Size of line memory buffer","href":"ref\/visionhdl.grayscaleclosing-system-object.html"},{"name":"visionhdl.GrayscaleDilation","type":"function","fcntype":"constructor","refpurpose":"Morphologically dilate grayscale pixel stream","href":"ref\/visionhdl.grayscaledilation-system-object.html"},{"name":"visionhdl.GrayscaleDilation","type":"sysobj","refpurpose":"Morphologically dilate grayscale pixel stream","href":"ref\/visionhdl.grayscaledilation-system-object.html"},{"name":"visionhdl.GrayscaleDilation.Neighborhood","type":"property","refpurpose":"Pixel neighborhood","href":"ref\/visionhdl.grayscaledilation-system-object.html"},{"name":"visionhdl.GrayscaleDilation.LineBufferSize","type":"property","refpurpose":"Size of line memory buffer","href":"ref\/visionhdl.grayscaledilation-system-object.html"},{"name":"visionhdl.GrayscaleErosion","type":"function","fcntype":"constructor","refpurpose":"Morphologically erode grayscale pixel stream","href":"ref\/visionhdl.grayscaleerosion-system-object.html"},{"name":"visionhdl.GrayscaleErosion","type":"sysobj","refpurpose":"Morphologically erode grayscale pixel stream","href":"ref\/visionhdl.grayscaleerosion-system-object.html"},{"name":"visionhdl.GrayscaleErosion.Neighborhood","type":"property","refpurpose":"Pixel neighborhood","href":"ref\/visionhdl.grayscaleerosion-system-object.html"},{"name":"visionhdl.GrayscaleErosion.LineBufferSize","type":"property","refpurpose":"Size of line memory buffer","href":"ref\/visionhdl.grayscaleerosion-system-object.html"},{"name":"visionhdl.GrayscaleOpening","type":"function","fcntype":"constructor","refpurpose":"Morphologically open grayscale pixel stream","href":"ref\/visionhdl.grayscaleopening-system-object.html"},{"name":"visionhdl.GrayscaleOpening","type":"sysobj","refpurpose":"Morphologically open grayscale pixel stream","href":"ref\/visionhdl.grayscaleopening-system-object.html"},{"name":"visionhdl.GrayscaleOpening.Neighborhood","type":"property","refpurpose":"Pixel neighborhood","href":"ref\/visionhdl.grayscaleopening-system-object.html"},{"name":"visionhdl.GrayscaleOpening.LineBufferSize","type":"property","refpurpose":"Size of line memory buffer","href":"ref\/visionhdl.grayscaleopening-system-object.html"},{"name":"visionhdl.Histogram","type":"function","fcntype":"constructor","refpurpose":"Frequency distribution","href":"ref\/visionhdl.histogram-system-object.html"},{"name":"visionhdl.Histogram","type":"sysobj","refpurpose":"Frequency distribution","href":"ref\/visionhdl.histogram-system-object.html"},{"name":"visionhdl.Histogram.NumBins","type":"property","refpurpose":"Number of histogram bins","href":"ref\/visionhdl.histogram-system-object.html"},{"name":"visionhdl.Histogram.OutputDataType","type":"property","refpurpose":"Data type of histogram values","href":"ref\/visionhdl.histogram-system-object.html"},{"name":"visionhdl.Histogram.OutputWordLength","type":"property","refpurpose":"Histogram bin word length","href":"ref\/visionhdl.histogram-system-object.html"},{"name":"visionhdl.HVCounter","type":"function","fcntype":"constructor","refpurpose":"Counts active pixel dimensions of streaming video","href":"ref\/visionhdl.hvcounter-system-object.html"},{"name":"visionhdl.HVCounter","type":"sysobj","refpurpose":"Counts active pixel dimensions of streaming video","href":"ref\/visionhdl.hvcounter-system-object.html"},{"name":"visionhdl.HVCounter.ActivePixelsPerLine","type":"property","refpurpose":"Maximum pixels per line","href":"ref\/visionhdl.hvcounter-system-object.html"},{"name":"visionhdl.HVCounter.ActiveVideoLines","type":"property","refpurpose":"Maximum lines per frame","href":"ref\/visionhdl.hvcounter-system-object.html"},{"name":"visionhdl.ImageFilter","type":"function","fcntype":"constructor","refpurpose":"2-D FIR filtering","href":"ref\/visionhdl.imagefilter-system-object.html"},{"name":"visionhdl.ImageFilter","type":"sysobj","refpurpose":"2-D FIR filtering","href":"ref\/visionhdl.imagefilter-system-object.html"},{"name":"visionhdl.ImageFilter.CoefficientsSource","type":"property","refpurpose":"Source to provide filter coefficients","href":"ref\/visionhdl.imagefilter-system-object.html"},{"name":"visionhdl.ImageFilter.Coefficients","type":"property","refpurpose":"Coefficients of filter","href":"ref\/visionhdl.imagefilter-system-object.html"},{"name":"visionhdl.ImageFilter.PaddingMethod","type":"property","refpurpose":"Method for padding","href":"ref\/visionhdl.imagefilter-system-object.html"},{"name":"visionhdl.ImageFilter.PaddingValue","type":"property","refpurpose":"Value used to pad boundary of input image","href":"ref\/visionhdl.imagefilter-system-object.html"},{"name":"visionhdl.ImageFilter.LineBufferSize","type":"property","refpurpose":"Size of line buffer","href":"ref\/visionhdl.imagefilter-system-object.html"},{"name":"visionhdl.ImageFilter.CoefficientsDataType","type":"property","refpurpose":"Method to determine data type of filter coefficients","href":"ref\/visionhdl.imagefilter-system-object.html"},{"name":"visionhdl.ImageFilter.CustomCoefficientsDataType","type":"property","refpurpose":"Data type for the filter coefficients","href":"ref\/visionhdl.imagefilter-system-object.html"},{"name":"visionhdl.ImageFilter.OutputDataType","type":"property","refpurpose":"Method to determine data type of output pixels","href":"ref\/visionhdl.imagefilter-system-object.html"},{"name":"visionhdl.ImageFilter.CustomOutputDataType","type":"property","refpurpose":"Data type for the filter coefficients","href":"ref\/visionhdl.imagefilter-system-object.html"},{"name":"visionhdl.ImageFilter.RoundingMethod","type":"property","refpurpose":"Rounding mode for fixed-point operations","href":"ref\/visionhdl.imagefilter-system-object.html"},{"name":"visionhdl.ImageFilter.OverflowAction","type":"property","refpurpose":"Overflow mode used for fixed-point operations","href":"ref\/visionhdl.imagefilter-system-object.html"},{"name":"visionhdl.ImageResizer","type":"function","fcntype":"constructor","refpurpose":"Change dimensions of image in a pixel stream","href":"ref\/visionhdl.imageresizer-system-object.html"},{"name":"visionhdl.ImageResizer","type":"sysobj","refpurpose":"Change dimensions of image in a pixel stream","href":"ref\/visionhdl.imageresizer-system-object.html"},{"name":"visionhdl.ImageResizer.InputSize","type":"property","refpurpose":"Dimensions of active frame in input stream","href":"ref\/visionhdl.imageresizer-system-object.html"},{"name":"visionhdl.ImageResizer.InputSizeSource","type":"property","refpurpose":"Source of input active frame size","href":"ref\/visionhdl.imageresizer-system-object.html"},{"name":"visionhdl.ImageResizer.MaxInputSize","type":"property","refpurpose":"Active frame size that accommodates the largest anticipated input size","href":"ref\/visionhdl.imageresizer-system-object.html"},{"name":"visionhdl.ImageResizer.OutputSize","type":"property","refpurpose":"Dimensions of active frame in output stream","href":"ref\/visionhdl.imageresizer-system-object.html"},{"name":"visionhdl.ImageResizer.OutputSizeSource","type":"property","refpurpose":"Source of output active frame size","href":"ref\/visionhdl.imageresizer-system-object.html"},{"name":"visionhdl.ImageResizer.MaxOutputSize","type":"property","refpurpose":"Active frame size that accommodates the largest anticipated output size","href":"ref\/visionhdl.imageresizer-system-object.html"},{"name":"visionhdl.ImageResizer.InsertHorizontalBlanking","type":"property","refpurpose":"Add invalid cycles between active lines","href":"ref\/visionhdl.imageresizer-system-object.html"},{"name":"visionhdl.ImageResizer.MinOutputHorizontalBlanking","type":"property","refpurpose":"Number of invalid cycles to insert between output lines","href":"ref\/visionhdl.imageresizer-system-object.html"},{"name":"visionhdl.ImageResizer.InterpolationMethod","type":"property","refpurpose":"Method of interpolating pixel values","href":"ref\/visionhdl.imageresizer-system-object.html"},{"name":"visionhdl.ImageResizer.HasAntialiasingFilter","type":"property","refpurpose":"Apply an antialiasing filter before resizing","href":"ref\/visionhdl.imageresizer-system-object.html"},{"name":"visionhdl.ImageResizer.RoundingMethod","type":"property","refpurpose":"Rounding mode for fixed-point operations","href":"ref\/visionhdl.imageresizer-system-object.html"},{"name":"visionhdl.ImageResizer.OverflowAction","type":"property","refpurpose":"Overflow mode used for fixed-point operations","href":"ref\/visionhdl.imageresizer-system-object.html"},{"name":"visionhdl.ImageResizer.CoefficientsDataType","type":"property","refpurpose":"Data type of filter coefficients","href":"ref\/visionhdl.imageresizer-system-object.html"},{"name":"visionhdl.ImageResizer.OutputDataType","type":"property","refpurpose":"Method to determine data type of output pixels","href":"ref\/visionhdl.imageresizer-system-object.html"},{"name":"visionhdl.ImageStatistics","type":"function","fcntype":"constructor","refpurpose":"Mean, variance, and standard deviation","href":"ref\/visionhdl.imagestatistics-system-object.html"},{"name":"visionhdl.ImageStatistics","type":"sysobj","refpurpose":"Mean, variance, and standard deviation","href":"ref\/visionhdl.imagestatistics-system-object.html"},{"name":"visionhdl.ImageStatistics.mean","type":"property","refpurpose":"Calculate mean of each input frame","href":"ref\/visionhdl.imagestatistics-system-object.html"},{"name":"visionhdl.ImageStatistics.variance","type":"property","refpurpose":"Calculate variance of each input frame","href":"ref\/visionhdl.imagestatistics-system-object.html"},{"name":"visionhdl.ImageStatistics.stdDev","type":"property","refpurpose":"Calculate standard deviation of each input frame","href":"ref\/visionhdl.imagestatistics-system-object.html"},{"name":"visionhdl.LineBuffer","type":"function","fcntype":"constructor","refpurpose":"Store video lines and return neighborhood pixels","href":"ref\/visionhdl.linebuffer-system-object.html"},{"name":"visionhdl.LineBuffer","type":"sysobj","refpurpose":"Store video lines and return neighborhood pixels","href":"ref\/visionhdl.linebuffer-system-object.html"},{"name":"visionhdl.LineBuffer.NeighborhoodSize","type":"property","refpurpose":"Size of output neighborhood","href":"ref\/visionhdl.linebuffer-system-object.html"},{"name":"visionhdl.LineBuffer.PaddingMethod","type":"property","refpurpose":"Method for padding the boundary of input image","href":"ref\/visionhdl.linebuffer-system-object.html"},{"name":"visionhdl.LineBuffer.PaddingValue","type":"property","refpurpose":"Value used to pad boundary of input image","href":"ref\/visionhdl.linebuffer-system-object.html"},{"name":"visionhdl.LineBuffer.LineBufferSize","type":"property","refpurpose":"Size of line memory buffer","href":"ref\/visionhdl.linebuffer-system-object.html"},{"name":"visionhdl.LookupTable","type":"function","fcntype":"constructor","refpurpose":"Map input pixel to output pixel using custom rule","href":"ref\/visionhdl.lookuptable-system-object.html"},{"name":"visionhdl.LookupTable","type":"sysobj","refpurpose":"Map input pixel to output pixel using custom rule","href":"ref\/visionhdl.lookuptable-system-object.html"},{"name":"visionhdl.LookupTable.Table","type":"property","refpurpose":"Map between input pixel and output pixel","href":"ref\/visionhdl.lookuptable-system-object.html"},{"name":"visionhdl.MeasureTiming","type":"function","fcntype":"constructor","refpurpose":"Measure timing of pixel control structure input","href":"ref\/visionhdl.measuretiming-system-object.html"},{"name":"visionhdl.MeasureTiming","type":"sysobj","refpurpose":"Measure timing of pixel control structure input","href":"ref\/visionhdl.measuretiming-system-object.html"},{"name":"visionhdl.MedianFilter","type":"function","fcntype":"constructor","refpurpose":"2-D median filtering","href":"ref\/visionhdl.medianfilter-system-object.html"},{"name":"visionhdl.MedianFilter","type":"sysobj","refpurpose":"2-D median filtering","href":"ref\/visionhdl.medianfilter-system-object.html"},{"name":"visionhdl.MedianFilter.NeighborhoodSize","type":"property","refpurpose":"Size of image region used to compute median","href":"ref\/visionhdl.medianfilter-system-object.html"},{"name":"visionhdl.MedianFilter.LineBufferSize","type":"property","refpurpose":"Size of line buffer","href":"ref\/visionhdl.medianfilter-system-object.html"},{"name":"visionhdl.MedianFilter.PaddingMethod","type":"property","refpurpose":"Method for padding boundary of input image","href":"ref\/visionhdl.medianfilter-system-object.html"},{"name":"visionhdl.MedianFilter.PaddingValue","type":"property","refpurpose":"Value used to pad boundary of input image","href":"ref\/visionhdl.medianfilter-system-object.html"},{"name":"visionhdl.Opening","type":"function","fcntype":"constructor","refpurpose":"Morphologically open binary pixel stream","href":"ref\/visionhdl.opening-system-object.html"},{"name":"visionhdl.Opening","type":"sysobj","refpurpose":"Morphologically open binary pixel stream","href":"ref\/visionhdl.opening-system-object.html"},{"name":"visionhdl.Opening.Neighborhood","type":"property","refpurpose":"Pixel neighborhood","href":"ref\/visionhdl.opening-system-object.html"},{"name":"visionhdl.Opening.LineBufferSize","type":"property","refpurpose":"Size of line memory buffer","href":"ref\/visionhdl.opening-system-object.html"},{"name":"visionhdl.Opening.PaddingMethod","type":"property","refpurpose":"Method for padding boundary of input image","href":"ref\/visionhdl.opening-system-object.html"},{"name":"visionhdl.PixelsToFrame","type":"function","fcntype":"constructor","refpurpose":"Convert pixel stream to frame-based video","href":"ref\/visionhdl.pixelstoframe-system-object.html"},{"name":"visionhdl.PixelsToFrame","type":"sysobj","refpurpose":"Convert pixel stream to frame-based video","href":"ref\/visionhdl.pixelstoframe-system-object.html"},{"name":"visionhdl.PixelsToFrame.NumComponents","type":"property","refpurpose":"Number of values used to represent each pixel","href":"ref\/visionhdl.pixelstoframe-system-object.html"},{"name":"visionhdl.PixelsToFrame.NumPixels","type":"property","refpurpose":"Number of pixels streamed per time step","href":"ref\/visionhdl.pixelstoframe-system-object.html"},{"name":"visionhdl.PixelsToFrame.VideoFormat","type":"property","refpurpose":"Dimensions of active and inactive regions in video frame","href":"ref\/visionhdl.pixelstoframe-system-object.html"},{"name":"visionhdl.PixelStreamAligner","type":"function","fcntype":"constructor","refpurpose":"Align two streams of pixel data","href":"ref\/visionhdl.pixelstreamaligner-system-object.html"},{"name":"visionhdl.PixelStreamAligner","type":"sysobj","refpurpose":"Align two streams of pixel data","href":"ref\/visionhdl.pixelstreamaligner-system-object.html"},{"name":"visionhdl.PixelStreamAligner.LineBufferSize","type":"property","refpurpose":"Size of the line memory buffer","href":"ref\/visionhdl.pixelstreamaligner-system-object.html"},{"name":"visionhdl.PixelStreamAligner.MaxNumberOfLines","type":"property","refpurpose":"Buffer depth that accommodates the timing offset between input streams","href":"ref\/visionhdl.pixelstreamaligner-system-object.html"},{"name":"visionhdl.ROISelector","type":"function","fcntype":"constructor","refpurpose":"Select region of interest (ROI) from pixel stream","href":"ref\/visionhdl.roiselector-system-object.html"},{"name":"visionhdl.ROISelector","type":"sysobj","refpurpose":"Select region of interest (ROI) from pixel stream","href":"ref\/visionhdl.roiselector-system-object.html"},{"name":"visionhdl.ROISelector.VerticalReuse","type":"property","refpurpose":"Option to return one pixel stream for each column of regions","href":"ref\/visionhdl.roiselector-system-object.html"},{"name":"visionhdl.ROISelector.RegionsSource","type":"property","refpurpose":"Location of output region definitions","href":"ref\/visionhdl.roiselector-system-object.html"},{"name":"visionhdl.ROISelector.Regions","type":"property","refpurpose":"Rectangular ROIs to select from input frame","href":"ref\/visionhdl.roiselector-system-object.html"},{"name":"visionhdl.ROISelector.NumberOfRegions","type":"property","refpurpose":"Number of region input arguments","href":"ref\/visionhdl.roiselector-system-object.html"},{"name":"visionhdlframetoregions","type":"function","fcntype":"simple","refpurpose":"Convert video frame dimensions into tiled regions of interest","href":"ref\/visionhdlframetoregions.html"},{"name":"visionhdlsetup","type":"function","fcntype":"simple","refpurpose":"Set up model parameters for HDL code generation for streaming video","href":"ref\/visionhdlsetup.html"}]}