{"schema":"referenceapi_lookup_schema.json","schemaVersion":"1.0","docVersion":"doc25a.2968260.Bdoc25a.2967890.pass.r2025a","productName":"Wavelet Toolbox","baseCode":"WA","helpFolder":"wavelet","helpLocation":"wavelet",  "refItems" : [{"name":"appcoef","type":"function","fcntype":"simple","refpurpose":"1차원 근사 계수","href":"ref\/appcoef.html"},{"name":"coifwavf","type":"function","fcntype":"simple","refpurpose":"Coiflet 웨이블릿 필터","href":"ref\/coifwavf.html"},{"name":"cwt","type":"function","fcntype":"simple","refpurpose":"연속 1차원 웨이블릿 변환","href":"ref\/cwt.html"},{"name":"dbwavf","type":"function","fcntype":"simple","refpurpose":"Daubechies 웨이블릿 필터","href":"ref\/dbwavf.html"},{"name":"detcoef2","type":"function","fcntype":"simple","refpurpose":"2차원 세부성분 계수","href":"ref\/detcoef2.html"},{"name":"detcoef","type":"function","fcntype":"simple","refpurpose":"1차원 세부성분 계수","href":"ref\/detcoef.html"},{"name":"dwt2","type":"function","fcntype":"simple","refpurpose":"단일 레벨 2차원 이산 웨이블릿 변환","href":"ref\/dwt2.html"},{"name":"dwt","type":"function","fcntype":"simple","refpurpose":"단일 레벨 1차원 이산 웨이블릿 변환","href":"ref\/dwt.html"},{"name":"wavelets","type":"function","fcntype":"instancemethod","refpurpose":"DWT 필터 뱅크 시간 영역 웨이블릿","href":"ref\/dwtfilterbank.wavelets.html"},{"name":"dwtfilterbank.wavelets","type":"method","fcntype":"instancemethod","refpurpose":"DWT 필터 뱅크 시간 영역 웨이블릿","href":"ref\/dwtfilterbank.wavelets.html"},{"name":"emd","type":"function","fcntype":"simple","refpurpose":"경험적 모드 분해","href":"ref\/emd.html"},{"name":"hht","type":"function","fcntype":"simple","refpurpose":"힐베르트-황 변환(Hilbert-Huang Transform)","href":"ref\/hht.html"},{"name":"det","type":"function","fcntype":"instancemethod","refpurpose":"로랑 행렬의 행렬식","href":"ref\/laurentmatrix.det.html"},{"name":"laurentMatrix.det","type":"method","fcntype":"instancemethod","refpurpose":"로랑 행렬의 행렬식","href":"ref\/laurentmatrix.det.html"},{"name":"inverse","type":"function","fcntype":"instancemethod","refpurpose":"로랑 역행렬","href":"ref\/laurentmatrix.inverse.html"},{"name":"laurentMatrix.inverse","type":"method","fcntype":"instancemethod","refpurpose":"로랑 역행렬","href":"ref\/laurentmatrix.inverse.html"},{"name":"mexihat","type":"function","fcntype":"simple","refpurpose":"멕시코 모자(Ricker) 웨이블릿","href":"ref\/mexihat.html"},{"name":"morlet","type":"function","fcntype":"simple","refpurpose":"Morlet 웨이블릿","href":"ref\/morlet.html"},{"name":"Signal Multiresolution Analyzer","type":"app","refpurpose":"신호를 시간으로 정렬된 성분으로 분해","href":"ref\/signalmultiresolutionanalyzer-app.html"},{"name":"signalMultiresolutionAnalyzer","type":"function","fcntype":"applauncher","refpurpose":"신호를 시간으로 정렬된 성분으로 분해","href":"ref\/signalmultiresolutionanalyzer-app.html"},{"name":"swt","type":"function","fcntype":"simple","refpurpose":"이산 정상 웨이블릿 변환 1차원","href":"ref\/swt.html"},{"name":"symwavf","type":"function","fcntype":"simple","refpurpose":"Symlet 웨이블릿 필터","href":"ref\/symwavf.html"},{"name":"wavedec2","type":"function","fcntype":"simple","refpurpose":"멀티레벨 2차원 이산 웨이블릿 변환","href":"ref\/wavedec2.html"},{"name":"wavedec","type":"function","fcntype":"simple","refpurpose":"멀티레벨 1차원 이산 웨이블릿 변환","href":"ref\/wavedec.html"},{"name":"waveinfo","type":"function","fcntype":"simple","refpurpose":"웨이블릿 정보","href":"ref\/waveinfo.html"},{"name":"Wavelet Analyzer","type":"app","refpurpose":"(제거됨) 웨이블릿을 사용하여 신호 및 영상 분석","deprecated":"true","href":"ref\/waveletanalyzer-app.html"},{"name":"waveletAnalyzer","type":"function","fcntype":"applauncher","refpurpose":"(제거됨) 웨이블릿을 사용하여 신호 및 영상 분석","deprecated":"true","href":"ref\/waveletanalyzer-app.html"},{"name":"waveletfamilies","type":"function","fcntype":"simple","refpurpose":"웨이블릿 패밀리 및 패밀리 멤버","href":"ref\/waveletfamilies.html"},{"name":"Wavelet Image Analyzer","type":"app","refpurpose":"영상 분해 및 시각화","href":"ref\/waveletimageanalyzer-app.html"},{"name":"waveletImageAnalyzer","type":"function","fcntype":"applauncher","refpurpose":"영상 분해 및 시각화","href":"ref\/waveletimageanalyzer-app.html"},{"name":"Wavelet Signal Analyzer","type":"app","refpurpose":"웨이블릿을 사용하여 신호 분석 및 압축","href":"ref\/waveletsignalanalyzer-app.html"},{"name":"waveletSignalAnalyzer","type":"function","fcntype":"applauncher","refpurpose":"웨이블릿을 사용하여 신호 분석 및 압축","href":"ref\/waveletsignalanalyzer-app.html"},{"name":"Wavelet Signal Denoiser","type":"app","refpurpose":"시계열 데이터 시각화 및 잡음 제거","href":"ref\/waveletsignaldenoiser-app.html"},{"name":"waveletSignalDenoiser","type":"function","fcntype":"applauncher","refpurpose":"시계열 데이터 시각화 및 잡음 제거","href":"ref\/waveletsignaldenoiser-app.html"},{"name":"Wavelet Time-Frequency Analyzer","type":"app","refpurpose":"신호의 스케일로그램 시각화","href":"ref\/wavelettimefrequencyanalyzer-app.html"},{"name":"waveletTimeFrequencyAnalyzer","type":"function","fcntype":"applauncher","refpurpose":"신호의 스케일로그램 시각화","href":"ref\/wavelettimefrequencyanalyzer-app.html"},{"name":"waverec2","type":"function","fcntype":"simple","refpurpose":"멀티레벨 2차원 이산 웨이블릿 변환 복원","href":"ref\/waverec2.html"},{"name":"waverec","type":"function","fcntype":"simple","refpurpose":"멀티레벨 1차원 이산 웨이블릿 변환 복원","href":"ref\/waverec.html"},{"name":"wdenoise","type":"function","fcntype":"simple","refpurpose":"웨이블릿 신호 잡음 제거","href":"ref\/wdenoise.html"},{"name":"wenergy","type":"function","fcntype":"simple","refpurpose":"1차원 웨이블릿 또는 웨이블릿 패킷 분해를 위한 에너지","href":"ref\/wenergy.html"},{"name":"wfilters","type":"function","fcntype":"simple","refpurpose":"웨이블릿 필터","href":"ref\/wfilters.html"},{"name":"wpdec","type":"function","fcntype":"simple","refpurpose":"웨이블릿 패킷 분해 1차원","href":"ref\/wpdec.html"},{"name":"wpcoef","type":"function","fcntype":"instancemethod","refpurpose":"웨이블릿 패킷 계수","href":"ref\/wptree.wpcoef.html"},{"name":"wptree.wpcoef","type":"method","fcntype":"instancemethod","refpurpose":"웨이블릿 패킷 계수","href":"ref\/wptree.wpcoef.html"},{"name":"wprcoef","type":"function","fcntype":"instancemethod","refpurpose":"웨이블릿 패킷 계수 복원","href":"ref\/wptree.wprcoef.html"},{"name":"wptree.wprcoef","type":"method","fcntype":"instancemethod","refpurpose":"웨이블릿 패킷 계수 복원","href":"ref\/wptree.wprcoef.html"},{"name":"wprec","type":"function","fcntype":"instancemethod","refpurpose":"웨이블릿 패킷 복원 1차원","href":"ref\/wptree.wprec.html"},{"name":"wptree.wprec","type":"method","fcntype":"instancemethod","refpurpose":"웨이블릿 패킷 복원 1차원","href":"ref\/wptree.wprec.html"},{"name":"wrcoef","type":"function","fcntype":"simple","refpurpose":"1차원 웨이블릿 계수에서 단일 분기 복원하기","href":"ref\/wrcoef.html"},{"name":"wrev","type":"function","fcntype":"simple","refpurpose":"벡터 반전","href":"ref\/wrev.html"},{"name":"wthresh","type":"function","fcntype":"simple","refpurpose":"소프트 또는 하드 임계값 적용","href":"ref\/wthresh.html"},{"name":"wvd","type":"function","fcntype":"simple","refpurpose":"위그너-빌 분포 및 평활화된 유사 위그너-빌 분포","href":"ref\/wvd.html"}]}