{"schema":"referenceapi_lookup_schema.json","schemaVersion":"1.0","docVersion":"doc25a.2968260.Bdoc25a.2967890.pass.r2025a","productName":"Wireless HDL Toolbox","baseCode":"LH","helpFolder":"wireless-hdl","helpLocation":"wireless-hdl",  "refItems" : [{"name":"APP Decoder","type":"block","refpurpose":"Decode convolutionally-coded LLR values using MAP algorithm","href":"ref\/appdecoder.html"},{"name":"CCSDS LDPC Decoder","type":"block","refpurpose":"Decode LDPC code according to CCSDS standard","href":"ref\/ccsdsldpcdecoder.html"},{"name":"CCSDS LDPC Encoder","type":"block","refpurpose":"Encode data with (8160,7136) LDPC code specified in CCSDS telemetry standard","href":"ref\/ccsdsldpcencoder.html"},{"name":"CCSDS RS Decoder","type":"block","refpurpose":"Decode and recover message from RS codeword according to CCSDS standard","href":"ref\/ccsdsrsdecoder.html"},{"name":"CCSDS RS Encoder","type":"block","refpurpose":"Encode message into RS codeword according to CCSDS standard","href":"ref\/ccsdsrsencoder.html"},{"name":"Convolutional Encoder","type":"block","refpurpose":"Encode data bits using convolution coding — optimized for HDL code generation","href":"ref\/convolutionalencoder.html"},{"name":"Depuncturer","type":"block","refpurpose":"Reverse puncturing scheme to prepare for decoding","href":"ref\/depuncturer.html"},{"name":"DVB-S2 BCH Decoder","type":"block","refpurpose":"Decode and recover message from BCH codeword according to DVB-S2 standard","href":"ref\/dvbs2bchdecoder.html"},{"name":"DVB-S2 LDPC Decoder","type":"block","refpurpose":"Decode LDPC code according to DVB-S2 standard","href":"ref\/dvbs2ldpcdecoder.html"},{"name":"DVB-S2 Symbol Demodulator","type":"block","refpurpose":"Demodulate complex constellation symbol to set of LLR values or data bits according to DVB-S2 standard","href":"ref\/dvbs2symboldemodulator.html"},{"name":"DVB-S2 Symbol Modulator","type":"block","refpurpose":"Modulate data bits to complex constellation symbols according to DVB-S2 standard","href":"ref\/dvbs2symbolmodulator.html"},{"name":"FFT 1536","type":"block","refpurpose":"Computes fast-fourier-transform (FFT) for LTE standard transmission bandwidth of 15 MHz","href":"ref\/fft1536.html"},{"name":"FIL Frame To Samples","type":"block","refpurpose":"Convert frame-based data to sample stream for FPGA-in-the-loop","href":"ref\/filframetosamples.html"},{"name":"FIL Samples To Frame","type":"block","refpurpose":"Convert sample stream from FPGA-in-the-loop to frame-based data","href":"ref\/filsamplestoframe.html"},{"name":"Frame To Samples","type":"block","refpurpose":"Convert frame-based data to sample stream","href":"ref\/frametosamples.html"},{"name":"GMSK Modulator","type":"block","refpurpose":"Modulate data bits using Gaussian minimum shift keying (GMSK) method","href":"ref\/gmskmodulator.html"},{"name":"LDPC Decoder","type":"block","refpurpose":"Decode quasi-cyclic low-density parity-check code","href":"ref\/ldpcdecoder.html"},{"name":"LDPC Encoder","type":"block","refpurpose":"Encode data with quasi-cyclic low-density parity-check code","href":"ref\/ldpcencoder.html"},{"name":"LTE Convolutional Decoder","type":"block","refpurpose":"Decode convolutional-encoded samples using Viterbi algorithm","href":"ref\/lteconvolutionaldecoder.html"},{"name":"LTE Convolutional Encoder","type":"block","refpurpose":"Encode binary samples using tail-biting convolutional algorithm","href":"ref\/lteconvolutionalencoder.html"},{"name":"LTE CRC Decoder","type":"block","refpurpose":"Detect errors in input samples using checksum","href":"ref\/ltecrcdecoder.html"},{"name":"LTE CRC Encoder","type":"block","refpurpose":"Generate checksum and append to input sample stream","href":"ref\/ltecrcencoder.html"},{"name":"LTE Gold Sequence Generator","type":"block","refpurpose":"Generate Gold sequence","href":"ref\/ltegoldsequencegenerator.html"},{"name":"LTE OFDM Demodulator","type":"block","refpurpose":"Demodulate time-domain OFDM samples and return LTE resource grid","href":"ref\/lteofdmdemodulator.html"},{"name":"LTE OFDM Modulator","type":"block","refpurpose":"Modulate LTE resource grid and return time-domain OFDM samples","href":"ref\/lteofdmmodulator.html"},{"name":"LTE Symbol Demodulator","type":"block","refpurpose":"Demodulate complex LTE data symbols to data bits or LLR values","href":"ref\/ltesymboldemodulator.html"},{"name":"LTE Symbol Modulator","type":"block","refpurpose":"Modulate data bits to complex LTE data symbols","href":"ref\/ltesymbolmodulator.html"},{"name":"LTE Turbo Decoder","type":"block","refpurpose":"Decode turbo-encoded samples","href":"ref\/lteturbodecoder.html"},{"name":"LTE Turbo Encoder","type":"block","refpurpose":"Encode binary samples using turbo algorithm","href":"ref\/lteturboencoder.html"},{"name":"NR CRC Decoder","type":"block","refpurpose":"Detect errors in input data using CRC","href":"ref\/nrcrcdecoder.html"},{"name":"NR CRC Encoder","type":"block","refpurpose":"Generate CRC code bits and append them to input data","href":"ref\/nrcrcencoder.html"},{"name":"NR LDPC Decoder","type":"block","refpurpose":"Decode LDPC code according to 5G NR standard","href":"ref\/nrldpcdecoder.html"},{"name":"NR LDPC Encoder","type":"block","refpurpose":"Perform LDPC encoding according to 5G NR standard","href":"ref\/nrldpcencoder.html"},{"name":"NR Polar Decoder","type":"block","refpurpose":"Perform polar decoding according to 5G NR standard","href":"ref\/nrpolardecoder.html"},{"name":"NR Polar Encoder","type":"block","refpurpose":"Perform polar encoding according to 5G NR standard","href":"ref\/nrpolarencoder.html"},{"name":"NR Symbol Demodulator","type":"block","refpurpose":"Demodulate complex NR data symbols to data bits or LLR values","href":"ref\/nrsymboldemodulator.html"},{"name":"NR Symbol Modulator","type":"block","refpurpose":"Modulate data bits to complex NR data symbols","href":"ref\/nrsymbolmodulator.html"},{"name":"OFDM Channel Estimator","type":"block","refpurpose":"Estimate channel using input data and reference subcarriers","href":"ref\/ofdmchannelestimator.html"},{"name":"OFDM Demodulator","type":"block","refpurpose":"Demodulate time-domain OFDM samples and return subcarriers for custom communication protocols","href":"ref\/ofdmdemodulator.html"},{"name":"OFDM Equalizer","type":"block","refpurpose":"Equalize OFDM data using channel estimates","href":"ref\/ofdmequalizer.html"},{"name":"OFDM Modulator","type":"block","refpurpose":"Modulate frequency-domain OFDM subcarriers to time-domain samples for custom communication protocols","href":"ref\/ofdmmodulator.html"},{"name":"Puncturer","type":"block","refpurpose":"Punctures data according to puncture vector","href":"ref\/puncturer.html"},{"name":"RS Decoder","type":"block","refpurpose":"Decode and recover message from RS codeword","href":"ref\/rsdecoder.html"},{"name":"RS Encoder","type":"block","refpurpose":"Encode message to RS codeword","href":"ref\/rsencoder.html"},{"name":"samplecontrolbus","type":"function","fcntype":"simple","refpurpose":"Create sample-streaming control bus","href":"ref\/samplecontrolbus.html"},{"name":"Sample Control Bus Creator","type":"block","refpurpose":"Create control signal bus for use with Wireless HDL Toolbox blocks","href":"ref\/samplecontrolbuscreator.html"},{"name":"Sample Control Bus Selector","type":"block","refpurpose":"Select signals from the control signal bus used with Wireless HDL Toolbox blocks","href":"ref\/samplecontrolbusselector.html"},{"name":"Samples To Frame","type":"block","refpurpose":"Convert sample stream to frame-based data","href":"ref\/samplestoframe.html"},{"name":"Symbol Demodulator","type":"block","refpurpose":"Demodulate complex constellation symbol to set of LLR values or data bits","href":"ref\/symboldemodulator.html"},{"name":"Symbol Modulator","type":"block","refpurpose":"Modulate data bits to complex data symbols","href":"ref\/symbolmodulator.html"},{"name":"Viterbi Decoder","type":"block","refpurpose":"Decode convolutionally encoded data using Viterbi algorithm","href":"ref\/viterbidecoder.html"},{"name":"whdlFramesToSamples","type":"function","fcntype":"simple","refpurpose":"Convert frame-based data to sample stream","href":"ref\/whdlframestosamples.html"},{"name":"whdlSamplesToFrames","type":"function","fcntype":"simple","refpurpose":"Convert sample stream to frame-based data","href":"ref\/whdlsamplestoframes.html"},{"name":"WLAN LDPC Decoder","type":"block","refpurpose":"Decode LDPC code according to WLAN standard","href":"ref\/wlanldpcdecoder.html"}]}